locus_tag	chrom	start	end	strand	product
PMG11_00001	CDHK01000001.1	6134	6559	-	hypothetical protein
PMG11_00002	CDHK01000001.1	31426	33840	-	hypothetical protein
PMG11_00003	CDHK01000001.1	36470	37947	-	hypothetical protein
PMG11_00004	CDHK01000001.1	39169	40887	+	hypothetical protein
PMG11_00005	CDHK01000001.1	42565	43425	-	hypothetical protein
PMG11_00006	CDHK01000001.1	44121	46083	+	hypothetical protein
PMG11_00007	CDHK01000001.1	47044	47808	-	Putative Extracellular proline-serine rich protein
PMG11_00008	CDHK01000001.1	50036	50977	-	hypothetical protein
PMG11_00009	CDHK01000001.1	53768	55100	-	Putative N,O-diacetylmuramidase
PMG11_00010	CDHK01000001.1	56044	59059	+	hypothetical protein
PMG11_00011	CDHK01000001.1	59300	65542	-	Putative Small oligopeptide transporter, OPT family
PMG11_00012	CDHK01000001.1	59306	61105	+	hypothetical protein
PMG11_00013	CDHK01000001.1	65278	66499	+	Putative FAD dependent oxidoreductase superfamily
PMG11_00014	CDHK01000001.1	66782	67357	-	Putative Glutathione-dependent formaldehyde-activating enzyme
PMG11_00015	CDHK01000001.1	69260	69990	+	hypothetical protein
PMG11_00016	CDHK01000001.1	70116	71397	-	hypothetical protein
PMG11_00017	CDHK01000001.1	77809	79815	-	hypothetical protein
PMG11_00018	CDHK01000001.1	80843	81270	+	hypothetical protein
PMG11_00019	CDHK01000001.1	91940	92939	-	hypothetical protein
PMG11_00020	CDHK01000001.1	93506	95381	+	hypothetical protein
PMG11_00021	CDHK01000001.1	95628	98151	+	hypothetical protein
PMG11_00022	CDHK01000001.1	98210	99868	-	Putative Nonspecific lipid-transfer protein, mitochondrial
PMG11_00023	CDHK01000001.1	100362	101066	-	hypothetical protein
PMG11_00024	CDHK01000001.1	102371	103780	-	hypothetical protein
PMG11_00025	CDHK01000001.1	104021	107369	-	hypothetical protein
PMG11_00026	CDHK01000001.1	106783	108532	+	hypothetical protein
PMG11_00027	CDHK01000001.1	108542	110733	-	Putative Aldo/keto reductase family protein
PMG11_00028	CDHK01000001.1	111713	113913	-	Putative Tripeptidyl-peptidase sed1
PMG11_00029	CDHK01000001.1	116742	118883	-	Putative Sensor histidine kinase/response regulator Fos-1/TcsA
PMG11_00030	CDHK01000001.1	120155	123725	-	hypothetical protein
PMG11_00031	CDHK01000001.1	124405	125064	+	hypothetical protein
PMG11_00032	CDHK01000001.1	126814	127783	+	hypothetical protein
PMG11_00033	CDHK01000001.1	128336	129434	+	Putative D-isomer specific 2-hydroxyacid dehydrogenase family protein
PMG11_00034	CDHK01000001.1	130200	130691	+	hypothetical protein
PMG11_00035	CDHK01000001.1	130962	131744	-	hypothetical protein
PMG11_00036	CDHK01000001.1	132894	134164	-	hypothetical protein
PMG11_00037	CDHK01000001.1	135968	136594	+	Putative Function: aphA-6 of A. baumannii phosphorylates
PMG11_00038	CDHK01000001.1	138080	139433	-	Putative F-actin-capping protein subunit alpha
PMG11_00039	CDHK01000001.1	139892	141922	-	hypothetical protein
PMG11_00040	CDHK01000001.1	142507	144222	-	hypothetical protein
PMG11_00041	CDHK01000001.1	146195	146804	-	hypothetical protein
PMG11_00042	CDHK01000001.1	147221	147936	+	hypothetical protein
PMG11_00043	CDHK01000001.1	148549	150660	+	hypothetical protein
PMG11_00044	CDHK01000001.1	151403	152543	-	Putative PAP2 domain protein
PMG11_00045	CDHK01000001.1	152666	154147	+	hypothetical protein
PMG11_00046	CDHK01000001.1	154577	156881	-	hypothetical protein
PMG11_00047	CDHK01000001.1	158060	162273	-	Putative Karyopherin (Importin) beta 3
PMG11_00048	CDHK01000001.1	162580	167245	-	Putative Patched sphingolipid transporter
PMG11_00049	CDHK01000001.1	167612	170255	-	hypothetical protein
PMG11_00050	CDHK01000001.1	170434	174048	+	Putative BZIP transcription factor AP-1-like protein (Fragment)
PMG11_00051	CDHK01000001.1	174276	177500	-	Putative Ser/Thr protein phosphatase family protein
PMG11_00052	CDHK01000001.1	177944	180537	-	hypothetical protein
PMG11_00053	CDHK01000001.1	181061	182195	-	Putative NAD-binding Rossmann fold oxidoreductase family protein
PMG11_00054	CDHK01000001.1	183489	186559	+	hypothetical protein
PMG11_00055	CDHK01000001.1	185009	186888	-	Putative Apoptosis antagonizing transcription factor/protein transport protein
PMG11_00056	CDHK01000001.1	187065	188653	+	Putative ATPases involved in chromosome partitioning
PMG11_00057	CDHK01000001.1	188786	192090	-	Putative Lipase esterase family protein
PMG11_00058	CDHK01000001.1	192719	193876	-	hypothetical protein
PMG11_00059	CDHK01000001.1	195692	197639	-	hypothetical protein
PMG11_00060	CDHK01000001.1	199516	202624	-	Putative NADPH:adrenodoxin oxidoreductase, mitochondrial
PMG11_00061	CDHK01000001.1	200215	200670	+	hypothetical protein
PMG11_00062	CDHK01000001.1	202773	207189	+	hypothetical protein
PMG11_00063	CDHK01000001.1	202803	207465	-	hypothetical protein
PMG11_00064	CDHK01000001.1	207601	208946	+	Putative Translocation protein sec62 (Eurofung)
PMG11_00065	CDHK01000001.1	209750	212206	-	hypothetical protein
PMG11_00066	CDHK01000001.1	213101	214360	-	Putative Pterin-4-alpha-carbinolamine dehydratase family protein
PMG11_00067	CDHK01000001.1	215245	219070	-	Putative Synaptic vesicle transporter SVOP
PMG11_00068	CDHK01000001.1	221149	222345	+	hypothetical protein
PMG11_00069	CDHK01000001.1	222211	225946	-	Putative Carnitine acetyl transferase
PMG11_00070	CDHK01000001.1	226343	231299	-	hypothetical protein
PMG11_00071	CDHK01000001.1	231897	232872	-	hypothetical protein
PMG11_00072	CDHK01000001.1	233684	235484	-	hypothetical protein
PMG11_00073	CDHK01000001.1	237051	238533	+	hypothetical protein
PMG11_00074	CDHK01000001.1	239246	239734	-	Putative TPR repeat protein
PMG11_00075	CDHK01000001.1	246049	248203	+	hypothetical protein
PMG11_00076	CDHK01000001.1	248775	251604	-	hypothetical protein
PMG11_00077	CDHK01000001.1	251720	253745	-	Putative Protein btn1
PMG11_00078	CDHK01000001.1	254010	255578	-	Putative Acetylornithine aminotransferase
PMG11_00079	CDHK01000001.1	255746	257374	+	Putative Fmp21-like protein
PMG11_00080	CDHK01000001.1	256568	257701	-	Putative Hydroxymethylglutaryl-CoA lyase
PMG11_00081	CDHK01000001.1	257918	260579	+	Putative Diphthamide biosynthesis protein 1
PMG11_00082	CDHK01000001.1	259648	260544	-	Putative Shikimate / quinate 5-dehydrogenase, protein
PMG11_00083	CDHK01000001.1	260644	261823	+	Putative Shikimate / quinate 5-dehydrogenase, protein
PMG11_00084	CDHK01000001.1	262066	262824	+	Putative Pathogenesis associated protein pep2
PMG11_00085	CDHK01000001.1	262920	264141	-	hypothetical protein
PMG11_00086	CDHK01000001.1	264427	268474	-	hypothetical protein
PMG11_00087	CDHK01000001.1	267250	269279	+	hypothetical protein
PMG11_00088	CDHK01000001.1	269447	273043	-	hypothetical protein
PMG11_00089	CDHK01000001.1	269465	269908	+	Putative Catabolic 3-dehydroquinase 2
PMG11_00090	CDHK01000001.1	274541	275156	+	hypothetical protein
PMG11_00091	CDHK01000001.1	276181	279789	+	Putative Cytoplasm protein
PMG11_00092	CDHK01000001.1	280109	281387	-	Putative ATP synthase oligomycin sensitivity conferral protein
PMG11_00093	CDHK01000001.1	281477	283284	-	Putative Protein kinase regulator
PMG11_00094	CDHK01000001.1	283642	285940	-	hypothetical protein
PMG11_00095	CDHK01000001.1	286256	289348	-	hypothetical protein
PMG11_00096	CDHK01000001.1	289624	290642	-	hypothetical protein
PMG11_00097	CDHK01000001.1	290896	293410	-	hypothetical protein
PMG11_00098	CDHK01000001.1	293758	294829	+	Putative Deoxyribose-phosphate aldolase
PMG11_00099	CDHK01000001.1	295020	299461	+	hypothetical protein
PMG11_00100	CDHK01000001.1	299506	300592	-	hypothetical protein
PMG11_00101	CDHK01000001.1	300749	303276	-	hypothetical protein
PMG11_00102	CDHK01000001.1	303289	305923	-	Putative Zn cluster transcription factor (Fragment)
PMG11_00103	CDHK01000001.1	306223	308202	-	hypothetical protein
PMG11_00104	CDHK01000001.1	309434	310808	-	Putative HLH transcription factor
PMG11_00105	CDHK01000001.1	311334	314434	+	Putative Integral membrane protein
PMG11_00106	CDHK01000001.1	314577	315778	+	Putative Cytochrome c oxidase assembly protein COX11, mitochondrial
PMG11_00107	CDHK01000001.1	315918	317662	+	Putative Replication factor C subunit 5
PMG11_00108	CDHK01000001.1	317813	319144	+	hypothetical protein
PMG11_00109	CDHK01000001.1	318258	319410	-	Putative Mitochondrial large ribosomal subunit protein L16
PMG11_00110	CDHK01000001.1	319536	323033	+	hypothetical protein
PMG11_00111	CDHK01000001.1	323662	325520	-	Putative Mfs transporter
PMG11_00112	CDHK01000001.1	328708	330413	+	Putative Polygalacturonase 2
PMG11_00113	CDHK01000001.1	331053	334245	+	hypothetical protein
PMG11_00114	CDHK01000001.1	334422	336239	+	hypothetical protein
PMG11_00115	CDHK01000001.1	336334	337589	-	Putative Lectin family integral membrane protein
PMG11_00116	CDHK01000001.1	338040	338417	+	hypothetical protein
PMG11_00117	CDHK01000001.1	338221	340548	-	Putative AGC/PKA protein kinase
PMG11_00118	CDHK01000001.1	340641	342633	+	hypothetical protein
PMG11_00119	CDHK01000001.1	342762	357706	-	hypothetical protein
PMG11_00120	CDHK01000001.1	357914	360801	+	Putative Cl-channel CLC-3 and related proteins
PMG11_00121	CDHK01000001.1	361220	362452	+	hypothetical protein
PMG11_00122	CDHK01000001.1	362755	364102	+	hypothetical protein
PMG11_00123	CDHK01000001.1	364205	366654	+	Putative YagE family protein
PMG11_00124	CDHK01000001.1	366860	367928	+	hypothetical protein
PMG11_00125	CDHK01000001.1	369253	370135	-	hypothetical protein
PMG11_00126	CDHK01000001.1	370628	371828	-	Putative Mitochondrial phosphate carrier protein
PMG11_00127	CDHK01000001.1	373151	375617	-	hypothetical protein
PMG11_00128	CDHK01000001.1	375685	376408	+	hypothetical protein
PMG11_00129	CDHK01000001.1	376467	378688	-	Putative F-box and WD repeat-containing protein
PMG11_00130	CDHK01000001.1	380289	381621	-	Putative Zinc-regulated zinc transporter protein
PMG11_00131	CDHK01000001.1	382642	384646	-	Putative Integral membrane protein
PMG11_00132	CDHK01000001.1	388140	389600	+	hypothetical protein
PMG11_00133	CDHK01000001.1	389836	390889	-	hypothetical protein
PMG11_00134	CDHK01000001.1	391547	393289	+	hypothetical protein
PMG11_00135	CDHK01000001.1	393480	395131	+	Putative Histone acetyltransferase type B catalytic subunit
PMG11_00136	CDHK01000001.1	395427	396397	+	Putative Small nuclear ribonucleoprotein
PMG11_00137	CDHK01000001.1	396561	398708	+	hypothetical protein
PMG11_00138	CDHK01000001.1	399667	400080	+	hypothetical protein
PMG11_00139	CDHK01000001.1	400679	402551	+	hypothetical protein
PMG11_00140	CDHK01000001.1	403054	405447	-	hypothetical protein
PMG11_00141	CDHK01000001.1	405757	407775	+	Putative Exocyst component protein
PMG11_00142	CDHK01000001.1	408079	410095	+	Putative Adenylosuccinate lyase
PMG11_00143	CDHK01000001.1	411697	412002	-	hypothetical protein
PMG11_00144	CDHK01000001.1	414270	415885	+	Putative
PMG11_00145	CDHK01000001.1	415898	416367	+	hypothetical protein
PMG11_00146	CDHK01000001.1	416822	417995	-	hypothetical protein
PMG11_00147	CDHK01000001.1	418796	421142	-	hypothetical protein
PMG11_00148	CDHK01000001.1	422413	423808	-	hypothetical protein
PMG11_00149	CDHK01000001.1	423954	425688	-	Putative 60S ribosomal protein L3
PMG11_00150	CDHK01000001.1	426594	430903	-	Putative Transcriptional corepressor Cyc8
PMG11_00151	CDHK01000001.1	440958	443276	+	hypothetical protein
PMG11_00152	CDHK01000001.1	443925	445070	+	hypothetical protein
PMG11_00153	CDHK01000001.1	445122	446329	-	hypothetical protein
PMG11_00154	CDHK01000001.1	446857	449730	+	hypothetical protein
PMG11_00155	CDHK01000001.1	449775	451250	-	hypothetical protein
PMG11_00156	CDHK01000001.1	451636	452598	-	hypothetical protein
PMG11_00157	CDHK01000001.1	464906	467047	-	hypothetical protein
PMG11_00158	CDHK01000001.1	467700	469299	-	hypothetical protein
PMG11_00159	CDHK01000001.1	471294	472439	+	hypothetical protein
PMG11_00160	CDHK01000001.1	476006	477178	-	hypothetical protein
PMG11_00161	CDHK01000001.1	478328	479063	-	hypothetical protein
PMG11_00162	CDHK01000001.1	489897	492035	+	Putative DNA-binding protein creA
PMG11_00163	CDHK01000001.1	493284	494261	+	hypothetical protein
PMG11_00164	CDHK01000001.1	495217	496746	+	Putative Small nuclear ribonucleoprotein
PMG11_00165	CDHK01000001.1	496825	501438	+	Putative Pre-rRNA processing protein Rrp12
PMG11_00166	CDHK01000001.1	502728	503789	-	hypothetical protein
PMG11_00167	CDHK01000001.1	504660	505385	+	hypothetical protein
PMG11_00168	CDHK01000001.1	506718	510417	-	Putative Vacuolar protein-sorting protein bro-1
PMG11_00169	CDHK01000001.1	510828	512615	-	Putative Molecular chaperone
PMG11_00170	CDHK01000001.1	512799	517039	+	Putative Lon protease homolog, mitochondrial
PMG11_00171	CDHK01000001.1	517471	519901	+	hypothetical protein
PMG11_00172	CDHK01000001.1	520500	524900	+	Putative Protein kinase domain-containing protein
PMG11_00173	CDHK01000001.1	525142	526841	-	Putative CobW domain protein
PMG11_00174	CDHK01000001.1	526964	528833	+	Putative Mob1 family protein
PMG11_00175	CDHK01000001.1	528848	530584	+	Putative Bis(5'-nucleosyl)-tetraphosphatase
PMG11_00176	CDHK01000001.1	529245	530738	-	Putative HD family hydrolase
PMG11_00177	CDHK01000001.1	530870	533070	+	hypothetical protein
PMG11_00178	CDHK01000001.1	533860	536502	-	hypothetical protein
PMG11_00179	CDHK01000001.1	536836	537365	+	hypothetical protein
PMG11_00180	CDHK01000001.1	537549	541349	-	hypothetical protein
PMG11_00181	CDHK01000001.1	537831	538883	+	hypothetical protein
PMG11_00182	CDHK01000001.1	543161	544847	-	hypothetical protein
PMG11_00183	CDHK01000001.1	545615	547108	-	Putative Very-long-chain 3-oxoacyl-CoA reductase
PMG11_00184	CDHK01000001.1	547144	547609	+	hypothetical protein
PMG11_00185	CDHK01000001.1	548170	549534	+	Putative Related to GLY1-L-threonine aldolase, low-specific
PMG11_00186	CDHK01000001.1	549686	551345	-	hypothetical protein
PMG11_00187	CDHK01000001.1	551490	553826	-	hypothetical protein
PMG11_00188	CDHK01000001.1	554126	555593	-	hypothetical protein
PMG11_00189	CDHK01000001.1	555638	557565	-	Putative Galactose-1-phosphate uridylyltransferase
PMG11_00190	CDHK01000001.1	558158	559281	+	hypothetical protein
PMG11_00191	CDHK01000001.1	560954	562786	+	Putative MFS multidrug transporter
PMG11_00192	CDHK01000001.1	562921	564226	+	hypothetical protein
PMG11_00193	CDHK01000001.1	564665	565663	+	Putative 6-phosphogluconate dehydrogenase family protein
PMG11_00194	CDHK01000001.1	566235	568068	-	hypothetical protein
PMG11_00195	CDHK01000001.1	571780	572646	-	hypothetical protein
PMG11_00196	CDHK01000001.1	573416	575605	+	hypothetical protein
PMG11_00197	CDHK01000001.1	575937	576876	-	hypothetical protein
PMG11_00198	CDHK01000001.1	578613	581355	-	Putative Nucleolar GTP-binding protein 1
PMG11_00199	CDHK01000001.1	581522	583623	-	Putative Acetyltransferase, GNAT family
PMG11_00200	CDHK01000001.1	585004	587564	+	Putative Amino-acid acetyltransferase, mitochondrial
PMG11_00201	CDHK01000001.1	587721	589359	+	Putative Arv1-like family protein
PMG11_00202	CDHK01000001.1	589664	590227	-	hypothetical protein
PMG11_00203	CDHK01000001.1	590843	592134	-	Putative BAR domain protein
PMG11_00204	CDHK01000001.1	592427	593971	-	hypothetical protein
PMG11_00205	CDHK01000001.1	594480	597888	-	Putative Transcription factor
PMG11_00206	CDHK01000001.1	598166	600436	+	hypothetical protein
PMG11_00207	CDHK01000001.1	601016	601486	+	hypothetical protein
PMG11_00208	CDHK01000001.1	601702	604506	-	hypothetical protein
PMG11_00209	CDHK01000001.1	605014	606349	-	Putative Proteasome subunit alpha type
PMG11_00210	CDHK01000001.1	606493	609349	+	Putative Gamma-tubulin complex protein 2 (Eurofung)
PMG11_00211	CDHK01000001.1	610390	611391	+	hypothetical protein
PMG11_00212	CDHK01000001.1	611959	612147	+	hypothetical protein
PMG11_00213	CDHK01000001.1	617450	618965	+	Putative UMTA methyltransferase family protein
PMG11_00214	CDHK01000001.1	621083	622550	+	Putative KRR1 small subunit processome component
PMG11_00215	CDHK01000001.1	622758	624574	-	hypothetical protein
PMG11_00216	CDHK01000001.1	625413	627330	-	hypothetical protein
PMG11_00217	CDHK01000001.1	627712	629944	-	Putative Autophagy-related protein Atg22B1 (Eurofung)
PMG11_00218	CDHK01000001.1	632094	634011	+	hypothetical protein
PMG11_00219	CDHK01000001.1	633957	637654	+	Putative MIP transporter
PMG11_00220	CDHK01000001.1	637727	639260	-	hypothetical protein
PMG11_00221	CDHK01000001.1	641130	642108	+	hypothetical protein
PMG11_00222	CDHK01000001.1	642341	644935	-	hypothetical protein
PMG11_00223	CDHK01000001.1	645242	647583	-	Putative Pantothenate transporter
PMG11_00224	CDHK01000001.1	647783	650623	-	Putative Acyl-CoA synthetases
PMG11_00225	CDHK01000001.1	650838	652837	+	Putative Catalytic activity: Acyl-CoA acetyl-CoA <=> CoA 3-oxoacyl-CoA
PMG11_00226	CDHK01000001.1	653549	656289	+	Putative GPI-anchored cell wall beta-1,3-endoglucanase EglC
PMG11_00227	CDHK01000001.1	656882	658678	-	hypothetical protein
PMG11_00228	CDHK01000001.1	659846	661045	+	hypothetical protein
PMG11_00229	CDHK01000001.1	662109	663227	+	hypothetical protein
PMG11_00230	CDHK01000001.1	663364	664326	-	Putative V-type proton ATPase subunit F
PMG11_00231	CDHK01000001.1	664556	665987	+	hypothetical protein
PMG11_00232	CDHK01000001.1	666822	669850	+	hypothetical protein
PMG11_00233	CDHK01000001.1	671337	673298	-	Putative Methylenetetrahydrofolate reductase
PMG11_00234	CDHK01000001.1	673994	675798	+	Putative Orotate phosphoribosyltransferase
PMG11_00235	CDHK01000001.1	678126	685684	+	Putative 3-isopropylmalate dehydratase
PMG11_00236	CDHK01000001.1	685847	688765	-	Putative 3-isopropylmalate dehydratase
PMG11_00237	CDHK01000001.1	689713	691160	-	hypothetical protein
PMG11_00238	CDHK01000001.1	692843	694470	+	Putative DUF895 domain membrane protein
PMG11_00239	CDHK01000001.1	694542	696259	-	Putative UDP-N-acetyl-glucosamine-1-P transferase Alg7
PMG11_00240	CDHK01000001.1	696531	697798	+	Putative Nuclear pore complex subunit
PMG11_00241	CDHK01000001.1	698205	699743	+	hypothetical protein
PMG11_00242	CDHK01000001.1	700061	706246	+	hypothetical protein
PMG11_00243	CDHK01000001.1	707078	708886	+	hypothetical protein
PMG11_00244	CDHK01000001.1	709029	711283	+	Putative RNA polymerase II assessory factor Cdc73p
PMG11_00245	CDHK01000001.1	712496	716887	-	Putative Developmental regulator flbA
PMG11_00246	CDHK01000001.1	728998	732100	-	hypothetical protein
PMG11_00247	CDHK01000001.1	732380	733285	+	Putative Thioesterase family protein
PMG11_00248	CDHK01000001.1	733401	735552	-	Putative FAD/NAD(P)-binding protein
PMG11_00249	CDHK01000001.1	735651	736902	-	Putative 54S ribosomal protein L4, mitochondrial
PMG11_00250	CDHK01000001.1	736882	737864	+	hypothetical protein
PMG11_00251	CDHK01000001.1	738250	741016	+	Putative NOT2 family protein
PMG11_00252	CDHK01000001.1	741035	742749	-	hypothetical protein
PMG11_00253	CDHK01000001.1	742891	747376	+	Putative Structural maintenance of chromosomes protein
PMG11_00254	CDHK01000001.1	747407	748772	+	Putative AMFR protein
PMG11_00255	CDHK01000001.1	748776	749704	-	Putative DNA replication complex GINS protein PSF2
PMG11_00256	CDHK01000001.1	749923	752003	+	hypothetical protein
PMG11_00257	CDHK01000001.1	752767	755772	-	hypothetical protein
PMG11_00258	CDHK01000001.1	756242	758843	+	hypothetical protein
PMG11_00259	CDHK01000001.1	759030	761391	+	hypothetical protein
PMG11_00260	CDHK01000001.1	761640	762180	-	hypothetical protein
PMG11_00261	CDHK01000001.1	762642	763703	-	hypothetical protein
PMG11_00262	CDHK01000001.1	764453	764941	-	Putative Ribose/galactose isomerase
PMG11_00263	CDHK01000001.1	767129	767962	-	hypothetical protein
PMG11_00264	CDHK01000001.1	768806	769657	+	Putative Triosephosphate isomerase
PMG11_00265	CDHK01000001.1	770816	772435	-	Putative Dihydroorotate dehydrogenase
PMG11_00266	CDHK01000001.1	773083	775146	-	hypothetical protein
PMG11_00267	CDHK01000001.1	775248	778038	-	Putative Chromatin remodeling complex subunit
PMG11_00268	CDHK01000001.1	778087	779483	+	Putative GTP-binding ADP-ribosylation factor-like protein
PMG11_00269	CDHK01000001.1	779631	781538	+	Putative Alcohol dehydrogenase
PMG11_00270	CDHK01000001.1	788602	790187	-	hypothetical protein
PMG11_00271	CDHK01000001.1	791775	794658	+	Putative Myo-inositol-1-phosphate synthase
PMG11_00272	CDHK01000001.1	794731	795934	-	Putative 1-aminocyclopropane-1-carboxylate deaminase
PMG11_00273	CDHK01000001.1	796784	798739	-	Putative Glutathione-dependent formaldehyde dehydrogenase
PMG11_00274	CDHK01000001.1	801517	806191	+	Putative Rho-GTPase-activating protein 5
PMG11_00275	CDHK01000001.1	806753	807752	+	hypothetical protein
PMG11_00276	CDHK01000001.1	808070	808894	-	Putative Enoyl-CoA hydratase/carnithine racemase
PMG11_00277	CDHK01000001.1	809043	811131	+	hypothetical protein
PMG11_00278	CDHK01000001.1	811091	812363	-	hypothetical protein
PMG11_00279	CDHK01000001.1	812631	814698	-	hypothetical protein
PMG11_00280	CDHK01000001.1	815234	817412	+	hypothetical protein
PMG11_00281	CDHK01000001.1	817513	819744	-	hypothetical protein
PMG11_00282	CDHK01000001.1	820076	821387	-	Putative Chitinase
PMG11_00283	CDHK01000001.1	823843	825063	+	hypothetical protein
PMG11_00284	CDHK01000001.1	825277	826662	+	Putative mRNA 3'-end-processing protein yth1
PMG11_00285	CDHK01000001.1	827237	828042	+	Putative Protoplast secreted protein 2
PMG11_00286	CDHK01000001.1	828722	833099	+	Putative Nuclear protein localization protein 4
PMG11_00287	CDHK01000001.1	831672	833323	-	hypothetical protein
PMG11_00288	CDHK01000001.1	834512	837540	+	Putative Protein phosphatase methylesterase 1
PMG11_00289	CDHK01000001.1	835678	840285	-	Putative Transcription initiation factor TFIID subunit
PMG11_00290	CDHK01000001.1	840422	841213	+	hypothetical protein
PMG11_00291	CDHK01000001.1	840691	842616	-	Putative F-actin capping protein beta subunit
PMG11_00292	CDHK01000001.1	842731	846185	-	Putative DEAD-box like helicase
PMG11_00293	CDHK01000001.1	847478	848581	+	hypothetical protein
PMG11_00294	CDHK01000001.1	848992	854624	-	hypothetical protein
PMG11_00295	CDHK01000001.1	848992	850044	+	hypothetical protein
PMG11_00296	CDHK01000001.1	855350	856376	-	Putative Dolichol phosphate-mannose biosynthesis regulatory protein Dpm2
PMG11_00297	CDHK01000001.1	856680	859217	+	Putative MIF4G-like type 3
PMG11_00298	CDHK01000001.1	859553	861253	-	hypothetical protein
PMG11_00299	CDHK01000001.1	861459	865649	-	hypothetical protein
PMG11_00300	CDHK01000001.1	865949	867614	-	hypothetical protein
PMG11_00301	CDHK01000001.1	868202	869002	-	Putative 6-phosphogluconolactonase
PMG11_00302	CDHK01000001.1	873734	874189	+	hypothetical protein
PMG11_00303	CDHK01000001.1	875524	876915	+	Putative RNA binding protein
PMG11_00304	CDHK01000001.1	877399	879035	-	Putative Rab-GAP/TBC domain protein
PMG11_00305	CDHK01000001.1	879277	880239	-	hypothetical protein
PMG11_00306	CDHK01000001.1	880487	884349	+	hypothetical protein
PMG11_00307	CDHK01000001.1	883742	884188	-	hypothetical protein
PMG11_00308	CDHK01000001.1	885571	888860	-	hypothetical protein
PMG11_00309	CDHK01000001.1	885768	886742	+	hypothetical protein
PMG11_00310	CDHK01000001.1	889508	890707	-	hypothetical protein
PMG11_00311	CDHK01000001.1	892050	893346	+	Putative Pyridoxine kinase
PMG11_00312	CDHK01000001.1	893665	894892	-	Putative DUTPase (Dut), putaive
PMG11_00313	CDHK01000001.1	898556	902924	+	Putative Transcriptional regulator prz1
PMG11_00314	CDHK01000001.1	905830	907041	-	Putative C2H2 type zinc finger domain protein
PMG11_00315	CDHK01000001.1	909763	911251	-	hypothetical protein
PMG11_00316	CDHK01000001.1	911406	914699	+	hypothetical protein
PMG11_00317	CDHK01000001.1	914936	915313	-	hypothetical protein
PMG11_00318	CDHK01000001.1	916086	918030	-	hypothetical protein
PMG11_00319	CDHK01000001.1	918149	919000	-	Putative ATP synthase F1 epsilon subunit
PMG11_00320	CDHK01000001.1	919833	920486	+	Putative Complex: S. cerevisiae L29 is part of the 60S subunit of the ribosome
PMG11_00321	CDHK01000001.1	921115	922717	-	hypothetical protein
PMG11_00322	CDHK01000001.1	923079	924457	-	hypothetical protein
PMG11_00323	CDHK01000001.1	927129	929340	+	Putative Complex: B. thermoamyloliquefaciens alpha-glucosidase II is a homohexamer
PMG11_00324	CDHK01000001.1	939677	941397	+	Putative Myb transcription factor
PMG11_00325	CDHK01000001.1	947083	953598	-	Putative UDP-N-acetylglucosaminyltransferase
PMG11_00326	CDHK01000001.1	956717	958072	-	Putative 60S ribosomal protein L12
PMG11_00327	CDHK01000001.1	958230	961259	-	Putative Protein transport protein sec-23
PMG11_00328	CDHK01000001.1	961600	963440	-	Putative DNA primase large subunit
PMG11_00329	CDHK01000001.1	964065	964885	+	Putative Adenylate kinase 2
PMG11_00330	CDHK01000001.1	965210	966162	-	hypothetical protein
PMG11_00331	CDHK01000001.1	966794	969499	-	Putative Peroxisomal carrier protein
PMG11_00332	CDHK01000001.1	968217	971939	+	Putative Calpain-like protease PalBory
PMG11_00333	CDHK01000001.1	972184	973756	+	hypothetical protein
PMG11_00334	CDHK01000001.1	974365	974904	+	hypothetical protein
PMG11_00335	CDHK01000001.1	975119	975742	+	hypothetical protein
PMG11_00336	CDHK01000001.1	976238	978727	+	Putative NAD dependent epimerase/dehydratase family protein
PMG11_00337	CDHK01000001.1	978932	980333	-	hypothetical protein
PMG11_00338	CDHK01000001.1	982104	985957	-	Putative Topoisomerase I
PMG11_00339	CDHK01000001.1	986269	987424	+	Putative ATP synthase subunit gamma
PMG11_00340	CDHK01000001.1	988132	988932	+	hypothetical protein
PMG11_00341	CDHK01000001.1	989406	990923	-	hypothetical protein
PMG11_00342	CDHK01000001.1	991176	992717	+	Putative PDI related protein A
PMG11_00343	CDHK01000001.1	991442	996536	-	Putative Nucleolar atpase
PMG11_00344	CDHK01000001.1	996945	1000764	+	hypothetical protein
PMG11_00345	CDHK01000001.1	1001227	1002541	-	hypothetical protein
PMG11_00346	CDHK01000001.1	1005236	1010504	-	Putative Golgi complex component
PMG11_00347	CDHK01000001.1	1010824	1012602	+	hypothetical protein
PMG11_00348	CDHK01000001.1	1012728	1016112	-	hypothetical protein
PMG11_00349	CDHK01000001.1	1021377	1026342	+	hypothetical protein
PMG11_00350	CDHK01000001.1	1027167	1028531	+	Putative Quinone reductase
PMG11_00351	CDHK01000001.1	1030144	1035269	+	hypothetical protein
PMG11_00352	CDHK01000001.1	1035299	1036707	-	hypothetical protein
PMG11_00353	CDHK01000001.1	1037532	1037826	+	hypothetical protein
PMG11_00354	CDHK01000001.1	1037726	1039064	-	hypothetical protein
PMG11_00355	CDHK01000001.1	1039858	1040301	-	Putative G-protein complex gamma subunit Ste18/GpgA
PMG11_00356	CDHK01000001.1	1041206	1045408	+	Putative Eukaryotic translation initiation factor 3 subunit A
PMG11_00357	CDHK01000001.1	1046732	1048733	-	hypothetical protein
PMG11_00358	CDHK01000001.1	1050919	1052217	+	Putative Uroporphyrinogen decarboxylase
PMG11_00359	CDHK01000001.1	1052413	1053037	-	Putative Cytosine deaminase
PMG11_00360	CDHK01000001.1	1053822	1056937	+	Putative Mitochondrial protein import protein MAS5
PMG11_00361	CDHK01000001.1	1058926	1060855	-	hypothetical protein
PMG11_00362	CDHK01000001.1	1060980	1061994	+	Putative 60S acidic ribosomal protein P0
PMG11_00363	CDHK01000001.1	1062836	1065576	-	hypothetical protein
PMG11_00364	CDHK01000001.1	1065842	1068741	-	hypothetical protein
PMG11_00365	CDHK01000001.1	1068872	1070764	+	Putative COPII-coated vesicle component Erv46
PMG11_00366	CDHK01000001.1	1069823	1076393	-	hypothetical protein
PMG11_00367	CDHK01000001.1	1078668	1080008	-	hypothetical protein
PMG11_00368	CDHK01000001.1	1081180	1082196	+	hypothetical protein
PMG11_00369	CDHK01000001.1	1082353	1084300	-	hypothetical protein
PMG11_00370	CDHK01000001.1	1085653	1087675	+	hypothetical protein
PMG11_00371	CDHK01000001.1	1087819	1089777	-	hypothetical protein
PMG11_00372	CDHK01000001.1	1089895	1090927	+	Putative DNA-directed RNA polymerase I, II, and III subunit Rpb6
PMG11_00373	CDHK01000001.1	1091168	1093498	+	Putative Monocarboxylate transporter
PMG11_00374	CDHK01000001.1	1093661	1094361	-	Putative Acetyltransferase, (GNAT) family
PMG11_00375	CDHK01000001.1	1097447	1101456	+	Putative Sulfate transporter
PMG11_00376	CDHK01000001.1	1102136	1103480	-	hypothetical protein
PMG11_00377	CDHK01000001.1	1103552	1107322	-	Putative SAM domain-containing protein
PMG11_00378	CDHK01000001.1	1103569	1110709	+	hypothetical protein
PMG11_00379	CDHK01000001.1	1111561	1112517	+	hypothetical protein
PMG11_00380	CDHK01000001.1	1112520	1114517	-	hypothetical protein
PMG11_00381	CDHK01000001.1	1114785	1117313	-	hypothetical protein
PMG11_00382	CDHK01000001.1	1125522	1129013	+	hypothetical protein
PMG11_00383	CDHK01000001.1	1129188	1130835	+	Putative Small COPII coat GTPase sar1
PMG11_00384	CDHK01000001.1	1131062	1134278	-	Putative Serine/threonine-protein phosphatase
PMG11_00385	CDHK01000001.1	1134668	1138468	-	Putative Leucine rich repeat domain-containing protein
PMG11_00386	CDHK01000001.1	1144073	1147425	+	Putative Patatin-like phospholipase domain-containing protein ACLA_029670
PMG11_00387	CDHK01000001.1	1149626	1150140	-	hypothetical protein
PMG11_00388	CDHK01000001.1	1150979	1151381	+	hypothetical protein
PMG11_00389	CDHK01000001.1	1151273	1155245	-	hypothetical protein
PMG11_00390	CDHK01000001.1	1155847	1158559	+	Putative Proliferating cell nuclear antigen
PMG11_00391	CDHK01000001.1	1158706	1160894	+	Putative Proliferating cell nuclear antigen
PMG11_00392	CDHK01000001.1	1161079	1162295	-	hypothetical protein
PMG11_00393	CDHK01000001.1	1163168	1165136	-	hypothetical protein
PMG11_00394	CDHK01000001.1	1167469	1170013	+	hypothetical protein
PMG11_00395	CDHK01000001.1	1170327	1170914	+	Putative Translocon protein Sec61beta
PMG11_00396	CDHK01000001.1	1173771	1176950	+	Putative Urea transporter
PMG11_00397	CDHK01000001.1	1176791	1177665	-	Putative Rhodopsin family protein (AFU_orthologue; AFUA_1G04860)
PMG11_00398	CDHK01000001.1	1177872	1178837	-	Putative Dynein light chain, cytoplasmic
PMG11_00399	CDHK01000001.1	1179011	1181915	+	Putative Multiple RNA-binding domain-containing protein
PMG11_00400	CDHK01000001.1	1183030	1185553	+	Putative Abacus
PMG11_00401	CDHK01000001.1	1185866	1186894	-	hypothetical protein
PMG11_00402	CDHK01000001.1	1187840	1189262	+	Putative D-xylose reductase (XyrA)
PMG11_00403	CDHK01000001.1	1189404	1190432	+	hypothetical protein
PMG11_00404	CDHK01000001.1	1190833	1192361	-	Putative Protein phosphatase 1, regulatory subunit
PMG11_00405	CDHK01000001.1	1192748	1196127	-	Putative Phosphatase PSR1
PMG11_00406	CDHK01000001.1	1197909	1200952	+	Putative Peroxisomal ABC transporter
PMG11_00407	CDHK01000001.1	1201579	1205591	+	hypothetical protein
PMG11_00408	CDHK01000001.1	1204721	1205959	-	hypothetical protein
PMG11_00409	CDHK01000001.1	1206246	1208407	-	Putative Lysine--tRNA ligase
PMG11_00410	CDHK01000001.1	1208707	1209100	+	Putative Mitochondrial import inner membrane translocase subunit tim10
PMG11_00411	CDHK01000001.1	1209461	1212025	-	hypothetical protein
PMG11_00412	CDHK01000001.1	1213975	1216070	+	Putative Regulator of gluconeogenesis Rmd5
PMG11_00413	CDHK01000001.1	1216493	1218390	+	hypothetical protein
PMG11_00414	CDHK01000001.1	1217630	1220036	-	Putative Protein CSN12 homolog
PMG11_00415	CDHK01000001.1	1220381	1221421	+	Putative 60S ribosomal protein L20
PMG11_00416	CDHK01000001.1	1222160	1223350	+	Putative NADH-cytochrome b5 reductase 2
PMG11_00417	CDHK01000001.1	1224400	1226427	+	hypothetical protein
PMG11_00418	CDHK01000001.1	1226928	1227732	+	hypothetical protein
PMG11_00419	CDHK01000001.1	1227782	1231716	+	Putative Urease
PMG11_00420	CDHK01000001.1	1231804	1232755	+	hypothetical protein
PMG11_00421	CDHK01000001.1	1232967	1238441	-	hypothetical protein
PMG11_00422	CDHK01000001.1	1236578	1237970	+	hypothetical protein
PMG11_00423	CDHK01000001.1	1238547	1240737	+	hypothetical protein
PMG11_00424	CDHK01000001.1	1240818	1251316	+	hypothetical protein
PMG11_00425	CDHK01000001.1	1248881	1251028	-	hypothetical protein
PMG11_00426	CDHK01000001.1	1252331	1254068	+	hypothetical protein
PMG11_00427	CDHK01000001.1	1254174	1255549	+	Putative Ribosomal protein L15
PMG11_00428	CDHK01000001.1	1255652	1260327	+	hypothetical protein
PMG11_00429	CDHK01000001.1	1262063	1264822	+	hypothetical protein
PMG11_00430	CDHK01000001.1	1265233	1265739	-	hypothetical protein
PMG11_00431	CDHK01000001.1	1266248	1267502	-	hypothetical protein
PMG11_00432	CDHK01000001.1	1269849	1270798	+	hypothetical protein
PMG11_00433	CDHK01000001.1	1271164	1272385	+	Putative Ethanolamine utilization protein
PMG11_00434	CDHK01000001.1	1272769	1273262	-	hypothetical protein
PMG11_00435	CDHK01000001.1	1275956	1277086	+	Putative Alcohol dehydrogenase
PMG11_00436	CDHK01000001.1	1277750	1278631	+	hypothetical protein
PMG11_00437	CDHK01000001.1	1279394	1281860	-	hypothetical protein
PMG11_00438	CDHK01000001.1	1282170	1283691	+	hypothetical protein
PMG11_00439	CDHK01000001.1	1284146	1287069	-	hypothetical protein
PMG11_00440	CDHK01000001.1	1287757	1289361	-	Putative Hexose transporter protein
PMG11_00441	CDHK01000001.1	1290879	1293545	-	hypothetical protein
PMG11_00442	CDHK01000001.1	1297980	1299455	-	Putative NifU-related protein
PMG11_00443	CDHK01000001.1	1301473	1302543	+	hypothetical protein
PMG11_00444	CDHK01000001.1	1302932	1308173	+	hypothetical protein
PMG11_00445	CDHK01000001.1	1308312	1310780	+	hypothetical protein
PMG11_00446	CDHK01000001.1	1309544	1310893	-	Putative ATP-binding domain-containing protein 3
PMG11_00447	CDHK01000001.1	1311076	1312492	-	hypothetical protein
PMG11_00448	CDHK01000001.1	1316132	1316685	+	hypothetical protein
PMG11_00449	CDHK01000001.1	1320020	1321170	+	hypothetical protein
PMG11_00450	CDHK01000001.1	1322151	1325297	-	hypothetical protein
PMG11_00451	CDHK01000001.1	1326087	1329098	+	hypothetical protein
PMG11_00452	CDHK01000001.1	1328671	1329990	-	hypothetical protein
PMG11_00453	CDHK01000001.1	1334088	1334914	-	hypothetical protein
PMG11_00454	CDHK01000001.1	1336945	1337867	+	Putative C-8 sterol isomerase
PMG11_00455	CDHK01000001.1	1338099	1338994	-	hypothetical protein
PMG11_00456	CDHK01000001.1	1339409	1341186	-	hypothetical protein
PMG11_00457	CDHK01000001.1	1341647	1342102	+	hypothetical protein
PMG11_00458	CDHK01000001.1	1342760	1344503	+	Putative Permease of the major facilitator superfamily
PMG11_00459	CDHK01000001.1	1345023	1346378	+	hypothetical protein
PMG11_00460	CDHK01000001.1	1346667	1348293	+	Putative Isopenicillin N synthase and related dioxygenases
PMG11_00461	CDHK01000001.1	1348856	1350358	-	hypothetical protein
PMG11_00462	CDHK01000001.1	1350778	1351798	+	hypothetical protein
PMG11_00463	CDHK01000001.1	1352158	1354109	-	Putative Acyl-CoA synthetase
PMG11_00464	CDHK01000001.1	1355810	1357773	+	hypothetical protein
PMG11_00465	CDHK01000001.1	1359430	1362154	+	Putative C6 zinc finger domain protein
PMG11_00466	CDHK01000001.1	1362403	1367801	+	hypothetical protein
PMG11_00467	CDHK01000001.1	1369848	1370409	-	Putative Efflux pump
PMG11_00468	CDHK01000001.1	1372255	1373662	+	hypothetical protein
PMG11_00469	CDHK01000001.1	1373871	1375325	-	Putative Function: human Crym is a NADP-regulated thyroid hormone receptor
PMG11_00470	CDHK01000001.1	1378748	1379734	+	hypothetical protein
PMG11_00471	CDHK01000001.1	1379914	1381167	-	hypothetical protein
PMG11_00472	CDHK01000001.1	1381716	1384917	-	hypothetical protein
PMG11_00473	CDHK01000001.1	1385398	1386366	+	Putative 37S ribosomal protein Mrp10, mitochondrial
PMG11_00474	CDHK01000001.1	1386448	1388132	-	Putative Cytochrome P450 monooxygenase
PMG11_00475	CDHK01000001.1	1388490	1390865	-	Putative Ca2 /H antiporter VCX1
PMG11_00476	CDHK01000001.1	1391118	1399011	-	hypothetical protein
PMG11_00477	CDHK01000001.1	1399401	1404674	-	hypothetical protein
PMG11_00478	CDHK01000001.1	1404963	1406199	+	Putative SRP40_C-domain-containing protein (Fragment)
PMG11_00479	CDHK01000001.1	1405023	1408708	-	hypothetical protein
PMG11_00480	CDHK01000001.1	1408688	1410179	+	hypothetical protein
PMG11_00481	CDHK01000001.1	1410447	1414327	+	Putative SPX domain protein
PMG11_00482	CDHK01000001.1	1414568	1416254	-	Putative Remark: Protein is rich in proline
PMG11_00483	CDHK01000001.1	1417736	1418303	+	hypothetical protein
PMG11_00484	CDHK01000001.1	1418744	1419951	+	hypothetical protein
PMG11_00485	CDHK01000001.1	1420790	1421575	+	Putative 40S ribosomal protein S8
PMG11_00486	CDHK01000001.1	1421853	1423124	+	hypothetical protein
PMG11_00487	CDHK01000001.1	1423906	1426722	-	hypothetical protein
PMG11_00488	CDHK01000001.1	1428078	1431012	-	hypothetical protein
PMG11_00489	CDHK01000001.1	1431207	1432142	+	hypothetical protein
PMG11_00490	CDHK01000001.1	1432277	1436691	+	hypothetical protein
PMG11_00491	CDHK01000001.1	1437521	1439847	+	Putative Polyadenylate-binding protein
PMG11_00492	CDHK01000001.1	1440676	1443019	+	hypothetical protein
PMG11_00493	CDHK01000001.1	1443481	1444627	-	Putative Tartrate dehydrogenase
PMG11_00494	CDHK01000001.1	1444873	1445874	+	hypothetical protein
PMG11_00495	CDHK01000001.1	1446303	1447759	+	hypothetical protein
PMG11_00496	CDHK01000001.1	1448085	1449771	+	Putative Methionine aminopeptidase
PMG11_00497	CDHK01000001.1	1449716	1452996	+	hypothetical protein
PMG11_00498	CDHK01000001.1	1453004	1453778	-	hypothetical protein
PMG11_00499	CDHK01000001.1	1454933	1455340	+	hypothetical protein
PMG11_00500	CDHK01000001.1	1456287	1458951	-	hypothetical protein
PMG11_00501	CDHK01000001.1	1460309	1461640	+	hypothetical protein
PMG11_00502	CDHK01000001.1	1461869	1464063	+	hypothetical protein
PMG11_00503	CDHK01000001.1	1464542	1465731	+	hypothetical protein
PMG11_00504	CDHK01000001.1	1466385	1468016	+	hypothetical protein
PMG11_00505	CDHK01000001.1	1469842	1470765	-	hypothetical protein
PMG11_00506	CDHK01000001.1	1471584	1472853	+	hypothetical protein
PMG11_00507	CDHK01000001.1	1472955	1474270	-	Putative Succinyl-CoA:3-ketoacid-coenzyme A transferase 1, mitochondrial
PMG11_00508	CDHK01000001.1	1474849	1477462	-	Putative Succinyl-CoA:3-ketoacid-coenzyme A transferase
PMG11_00509	CDHK01000001.1	1478242	1480388	+	Putative Aryl-alcohol oxidase; vanillyl-alcohol oxidase
PMG11_00510	CDHK01000001.1	1480715	1482600	+	hypothetical protein
PMG11_00511	CDHK01000001.1	1483053	1484820	+	Putative Adenylosuccinate lyase
PMG11_00512	CDHK01000001.1	1485228	1487002	+	Putative Homogentisate 1,2-dioxygenase
PMG11_00513	CDHK01000001.1	1487671	1491932	+	hypothetical protein
PMG11_00514	CDHK01000001.1	1489505	1492423	-	Putative NAD dehydrogenase
PMG11_00515	CDHK01000001.1	1492499	1495336	-	Putative Vps52 / Sac2 family protein
PMG11_00516	CDHK01000001.1	1495185	1496040	+	Putative Eukaryotic translation initiation factor 5A
PMG11_00517	CDHK01000001.1	1496586	1498975	+	hypothetical protein
PMG11_00518	CDHK01000001.1	1499194	1500101	+	Putative ZYBA0S16-00628g1_1
PMG11_00519	CDHK01000001.1	1500746	1502153	-	Putative Yip1 domain family
PMG11_00520	CDHK01000001.1	1502327	1505262	-	hypothetical protein
PMG11_00521	CDHK01000001.1	1504765	1508765	+	hypothetical protein
PMG11_00522	CDHK01000001.1	1509364	1512681	+	Putative Eukaryotic translation initiation factor 5B
PMG11_00523	CDHK01000001.1	1513117	1514030	-	hypothetical protein
PMG11_00524	CDHK01000001.1	1516793	1519258	-	Putative Cytochrome P450 61
PMG11_00525	CDHK01000001.1	1520014	1522171	-	Putative Signal recognition particle subunit SRP68
PMG11_00526	CDHK01000001.1	1522238	1526548	+	hypothetical protein
PMG11_00527	CDHK01000001.1	1526725	1530018	+	Putative DNA replication licensing factor MCM3
PMG11_00528	CDHK01000001.1	1530306	1531154	-	Putative Allantoin catabolism protein
PMG11_00529	CDHK01000001.1	1531549	1534134	-	hypothetical protein
PMG11_00530	CDHK01000001.1	1534535	1539254	+	Putative Abhydrolase domain-containing protein
PMG11_00531	CDHK01000001.1	1534535	1536634	-	Putative Spo7-like protein
PMG11_00532	CDHK01000001.1	1539808	1541163	-	hypothetical protein
PMG11_00533	CDHK01000001.1	1541385	1542575	+	hypothetical protein
PMG11_00534	CDHK01000001.1	1542678	1545523	-	Putative Acetamidase regulatory protein
PMG11_00535	CDHK01000001.1	1546474	1547539	-	Putative HAPC
PMG11_00536	CDHK01000001.1	1548958	1550048	-	Putative Prefoldin subunit 2
PMG11_00537	CDHK01000001.1	1550059	1553725	+	Putative Pre-mRNA splicing factor ATP-dependent RNA helicase prp16
PMG11_00538	CDHK01000001.1	1553566	1554226	-	Putative OST2p
PMG11_00539	CDHK01000001.1	1554621	1555426	-	Putative Catalytic activity: An alcohol NAD() = an aldehyde or ketone NADH
PMG11_00540	CDHK01000001.1	1555736	1558747	-	hypothetical protein
PMG11_00541	CDHK01000001.1	1559368	1561335	-	hypothetical protein
PMG11_00542	CDHK01000001.1	1567967	1570407	+	hypothetical protein
PMG11_00543	CDHK01000001.1	1571656	1578927	+	Putative YFL034W (Fragment)
PMG11_00544	CDHK01000001.1	1571967	1573865	-	hypothetical protein
PMG11_00545	CDHK01000001.1	1579292	1580879	+	hypothetical protein
PMG11_00546	CDHK01000001.1	1582068	1584949	+	Putative Protease
PMG11_00547	CDHK01000001.1	1585000	1587422	+	hypothetical protein
PMG11_00548	CDHK01000001.1	1587869	1588283	+	Putative UPF0136 domain protein
PMG11_00549	CDHK01000001.1	1589220	1590647	-	hypothetical protein
PMG11_00550	CDHK01000001.1	1591275	1593773	-	hypothetical protein
PMG11_00551	CDHK01000001.1	1596037	1597057	-	Putative 4-carboxymuconolactone decarboxylase family protein
PMG11_00552	CDHK01000001.1	1597699	1600031	+	hypothetical protein
PMG11_00553	CDHK01000001.1	1599931	1601904	-	hypothetical protein
PMG11_00554	CDHK01000001.1	1602590	1606122	+	hypothetical protein
PMG11_00555	CDHK01000001.1	1606264	1606979	-	hypothetical protein
PMG11_00556	CDHK01000001.1	1608377	1609225	-	hypothetical protein
PMG11_00557	CDHK01000001.1	1614458	1615767	+	Putative Aspartate aminotransferase
PMG11_00558	CDHK01000001.1	1616145	1617822	-	Putative Vanillin dehydrogenase
PMG11_00559	CDHK01000001.1	1618493	1619494	-	hypothetical protein
PMG11_00560	CDHK01000001.1	1621778	1624100	-	Putative (Trans)glycosidase
PMG11_00561	CDHK01000001.1	1626207	1627947	-	hypothetical protein
PMG11_00562	CDHK01000001.1	1628654	1629830	-	hypothetical protein
PMG11_00563	CDHK01000001.1	1630231	1631623	+	Putative Alpha-ketoglutarate dependent xanthine dioxygenase
PMG11_00564	CDHK01000001.1	1633473	1634837	+	hypothetical protein
PMG11_00565	CDHK01000001.1	1635946	1636875	+	hypothetical protein
PMG11_00566	CDHK01000001.1	1636757	1641039	-	Putative Importin 11
PMG11_00567	CDHK01000001.1	1641298	1641975	+	hypothetical protein
PMG11_00568	CDHK01000001.1	1642567	1644288	+	hypothetical protein
PMG11_00569	CDHK01000001.1	1643680	1646648	-	Putative Acid phosphatase PHOa
PMG11_00570	CDHK01000001.1	1648270	1651201	+	Putative Peroxisome biosynthesis protein Peroxin-2
PMG11_00571	CDHK01000001.1	1649040	1650983	-	hypothetical protein
PMG11_00572	CDHK01000001.1	1651519	1653748	+	Putative Dihydroxy acid dehydratase
PMG11_00573	CDHK01000001.1	1653923	1656795	+	hypothetical protein
PMG11_00574	CDHK01000001.1	1657947	1658936	+	Putative 40S ribosomal protein S19
PMG11_00575	CDHK01000001.1	1658638	1660281	-	hypothetical protein
PMG11_00576	CDHK01000001.1	1660678	1663259	-	Putative CAIB/BAIF family enzyme
PMG11_00577	CDHK01000001.1	1663367	1665777	+	hypothetical protein
PMG11_00578	CDHK01000001.1	1665792	1667705	-	hypothetical protein
PMG11_00579	CDHK01000001.1	1672172	1673323	+	hypothetical protein
PMG11_00580	CDHK01000001.1	1674696	1676449	-	hypothetical protein
PMG11_00581	CDHK01000001.1	1678803	1679579	-	hypothetical protein
PMG11_00582	CDHK01000001.1	1680411	1681896	-	Putative ADP,ATP carrier protein
PMG11_00583	CDHK01000001.1	1683561	1685634	-	hypothetical protein
PMG11_00584	CDHK01000001.1	1685711	1691462	+	hypothetical protein
PMG11_00585	CDHK01000001.1	1690771	1691409	-	hypothetical protein
PMG11_00586	CDHK01000001.1	1691991	1693954	+	Putative UDP-Glc/Gal endoplasmic reticulum nucleotide sugar transporter
PMG11_00587	CDHK01000001.1	1693803	1694441	-	Putative Peptidyl-prolyl cis-trans isomerase pin4
PMG11_00588	CDHK01000001.1	1694788	1695735	+	hypothetical protein
PMG11_00589	CDHK01000001.1	1695052	1697750	-	hypothetical protein
PMG11_00590	CDHK01000001.1	1697474	1702971	+	hypothetical protein
PMG11_00591	CDHK01000001.1	1703100	1704511	+	Putative 40S ribosomal protein S12
PMG11_00592	CDHK01000001.1	1704547	1706825	-	hypothetical protein
PMG11_00593	CDHK01000001.1	1707667	1709976	+	hypothetical protein
PMG11_00594	CDHK01000001.1	1711692	1712756	-	hypothetical protein
PMG11_00595	CDHK01000001.1	1712945	1715011	+	hypothetical protein
PMG11_00596	CDHK01000001.1	1715197	1716841	+	hypothetical protein
PMG11_00597	CDHK01000001.1	1717290	1719656	-	Putative Amine oxidase
PMG11_00598	CDHK01000001.1	1719811	1722293	-	hypothetical protein
PMG11_00599	CDHK01000001.1	1724724	1726302	-	hypothetical protein
PMG11_00600	CDHK01000001.1	1726500	1730631	+	hypothetical protein
PMG11_00601	CDHK01000001.1	1731875	1733630	-	hypothetical protein
PMG11_00602	CDHK01000001.1	1741806	1743428	-	Putative GTP binding protein
PMG11_00603	CDHK01000001.1	1743663	1745317	+	Putative Cysteine dioxygenase
PMG11_00604	CDHK01000001.1	1745687	1747753	-	Putative Neutral amino acid permease
PMG11_00605	CDHK01000001.1	1749357	1752026	-	Putative Glycosyl transferase family 8 protein
PMG11_00606	CDHK01000001.1	1753088	1754674	-	hypothetical protein
PMG11_00607	CDHK01000001.1	1755043	1757460	-	hypothetical protein
PMG11_00608	CDHK01000001.1	1758610	1760112	-	hypothetical protein
PMG11_00609	CDHK01000001.1	1760421	1763718	-	Putative Protein phosphatase 2 (Formerly 2A), regulatory subunit A
PMG11_00610	CDHK01000001.1	1763851	1766558	+	Putative Phenylalanyl-tRNA synthetase beta chain
PMG11_00611	CDHK01000001.1	1767163	1768329	-	Putative 40S ribosomal protein S3
PMG11_00612	CDHK01000001.1	1768845	1771231	-	Putative Protein phosphatase
PMG11_00613	CDHK01000001.1	1771727	1773288	-	hypothetical protein
PMG11_00614	CDHK01000001.1	1773468	1773875	+	hypothetical protein
PMG11_00615	CDHK01000001.1	1774987	1775599	-	hypothetical protein
PMG11_00616	CDHK01000001.1	1776564	1778053	+	Putative Class II aldolase adducin domain-containing protein
PMG11_00617	CDHK01000001.1	1778249	1779197	+	hypothetical protein
PMG11_00618	CDHK01000001.1	1782774	1783838	+	hypothetical protein
PMG11_00619	CDHK01000001.1	1785593	1789246	+	hypothetical protein
PMG11_00620	CDHK01000001.1	1788873	1789195	-	Putative Splicing factor 3B subunit 10
PMG11_00621	CDHK01000001.1	1789338	1793192	+	hypothetical protein
PMG11_00622	CDHK01000001.1	1790428	1794180	-	Putative C-14 sterol reductase
PMG11_00623	CDHK01000001.1	1793287	1795218	+	Putative Cation-independent mannose-6-phosphate receptor CI-MPR
PMG11_00624	CDHK01000001.1	1796443	1799298	-	Putative C6 transcription factor
PMG11_00625	CDHK01000001.1	1800261	1801132	-	hypothetical protein
PMG11_00626	CDHK01000001.1	1802036	1803048	+	hypothetical protein
PMG11_00627	CDHK01000001.1	1803110	1804483	-	Putative Arsenical-resistance protein
PMG11_00628	CDHK01000001.1	1807271	1810750	+	Putative Beta-1,4-glucosidase
PMG11_00629	CDHK01000001.1	1810928	1817488	-	hypothetical protein
PMG11_00630	CDHK01000001.1	1810983	1812020	+	hypothetical protein
PMG11_00631	CDHK01000001.1	1820058	1821497	+	hypothetical protein
PMG11_00632	CDHK01000001.1	1821775	1823374	-	hypothetical protein
PMG11_00633	CDHK01000001.1	1825031	1826815	+	hypothetical protein
PMG11_00634	CDHK01000001.1	1826591	1827904	-	hypothetical protein
PMG11_00635	CDHK01000001.1	1828301	1829650	+	hypothetical protein
PMG11_00636	CDHK01000001.1	1830537	1832675	-	hypothetical protein
PMG11_00637	CDHK01000001.1	1833263	1834300	-	Putative Proline racemase
PMG11_00638	CDHK01000001.1	1835182	1836671	+	Putative ZYRO0G12584p
PMG11_00639	CDHK01000001.1	1837004	1838449	-	hypothetical protein
PMG11_00640	CDHK01000001.1	1838767	1841013	-	hypothetical protein
PMG11_00641	CDHK01000001.1	1843506	1845260	+	Putative Amino acid permease
PMG11_00642	CDHK01000001.1	1845721	1846602	-	hypothetical protein
PMG11_00643	CDHK01000001.1	1847159	1849811	+	hypothetical protein
PMG11_00644	CDHK01000001.1	1850553	1857142	-	Putative TBP associated factor
PMG11_00645	CDHK01000001.1	1858119	1858912	-	Putative NADH-ubiquinone oxidoreductase kD subunit
PMG11_00646	CDHK01000001.1	1858968	1862102	+	hypothetical protein
PMG11_00647	CDHK01000001.1	1862887	1864565	-	Putative MAP kinase
PMG11_00648	CDHK01000001.1	1870736	1871352	+	hypothetical protein
PMG11_00649	CDHK01000001.1	1873469	1874287	+	hypothetical protein
PMG11_00650	CDHK01000001.1	1875859	1878077	+	Putative Function: P58
PMG11_00651	CDHK01000001.1	1879467	1881512	-	hypothetical protein
PMG11_00652	CDHK01000001.1	1882660	1888091	+	Putative Serine/threonine-protein kinase ppk30
PMG11_00653	CDHK01000001.1	1887434	1888517	-	hypothetical protein
PMG11_00654	CDHK01000001.1	1889138	1889857	+	Putative Mediator of RNA polymerase II transcription subunit 10
PMG11_00655	CDHK01000001.1	1892623	1893732	+	hypothetical protein
PMG11_00656	CDHK01000001.1	1894575	1897266	+	hypothetical protein
PMG11_00657	CDHK01000001.1	1898445	1899446	+	hypothetical protein
PMG11_00658	CDHK01000001.1	1899727	1902621	-	hypothetical protein
PMG11_00659	CDHK01000001.1	1903193	1905096	-	Putative Ubiquitin ligase complex F-box protein GRR1
PMG11_00660	CDHK01000001.1	1905959	1908015	-	Putative AMP-binding enzyme
PMG11_00661	CDHK01000001.1	1908359	1909963	-	hypothetical protein
PMG11_00662	CDHK01000001.1	1910595	1912447	-	Putative Ribosomal protein L16a
PMG11_00663	CDHK01000001.1	1921764	1923389	+	hypothetical protein
PMG11_00664	CDHK01000001.1	1924350	1927065	-	Putative O-acyltransferase
PMG11_00665	CDHK01000001.1	1927002	1932915	+	Putative Ap-1 complex subunit gamma-1
PMG11_00666	CDHK01000001.1	1931504	1933033	-	Putative Integral membrane protein
PMG11_00667	CDHK01000001.1	1933220	1939503	-	hypothetical protein
PMG11_00668	CDHK01000001.1	1941397	1943952	+	hypothetical protein
PMG11_00669	CDHK01000001.1	1945265	1949697	+	Putative Leucine rich repeat domain-containing protein
PMG11_00670	CDHK01000001.1	1948345	1949737	-	Putative 40S ribosomal protein S26E
PMG11_00671	CDHK01000001.1	1949953	1952819	+	Putative CBS and domain-containing protein
PMG11_00672	CDHK01000001.1	1953078	1958291	+	Putative Karyopherin Sal3
PMG11_00673	CDHK01000001.1	1957510	1958598	-	hypothetical protein
PMG11_00674	CDHK01000001.1	1958841	1960309	-	hypothetical protein
PMG11_00675	CDHK01000001.1	1960598	1962001	-	hypothetical protein
PMG11_00676	CDHK01000001.1	1962604	1964413	-	hypothetical protein
PMG11_00677	CDHK01000001.1	1965530	1966846	+	Putative Ribosomal protein L26
PMG11_00678	CDHK01000001.1	1967242	1968525	+	hypothetical protein
PMG11_00679	CDHK01000001.1	1968855	1969414	-	Putative Glutaredoxin
PMG11_00680	CDHK01000001.1	1971005	1972734	-	hypothetical protein
PMG11_00681	CDHK01000001.1	1974511	1975743	-	hypothetical protein
PMG11_00682	CDHK01000001.1	1976574	1978782	-	hypothetical protein
PMG11_00683	CDHK01000001.1	1979219	1980873	+	hypothetical protein
PMG11_00684	CDHK01000001.1	1981337	1983412	+	Putative T-complex protein 1 subunit eta
PMG11_00685	CDHK01000001.1	1984321	1986839	+	Putative Metacaspase-1
PMG11_00686	CDHK01000001.1	1987605	1988821	+	hypothetical protein
PMG11_00687	CDHK01000001.1	1989139	1991049	+	Putative Protein sds23
PMG11_00688	CDHK01000001.1	1995059	1998742	-	hypothetical protein
PMG11_00689	CDHK01000001.1	2001075	2003486	-	Putative VHS domain protein
PMG11_00690	CDHK01000001.1	2003780	2005038	+	Putative RLI and DUF367 domain protein (AFU_orthologue; AFUA_1G06690)
PMG11_00691	CDHK01000001.1	2007367	2009313	+	hypothetical protein
PMG11_00692	CDHK01000001.1	2009425	2011390	+	hypothetical protein
PMG11_00693	CDHK01000001.1	2011012	2013907	-	Putative Vacuolar protein sorting-associated protein 74
PMG11_00694	CDHK01000001.1	2014315	2015515	-	Putative Acyl carrier protein
PMG11_00695	CDHK01000001.1	2015589	2018851	+	Putative NADH-ubiquinone oxidoreductase 23 kDa subunit mitochondrial
PMG11_00696	CDHK01000001.1	2016090	2019130	-	hypothetical protein
PMG11_00697	CDHK01000001.1	2019295	2021915	-	Putative Efflux pump antibiotic resistance protein
PMG11_00698	CDHK01000001.1	2023034	2025469	-	Putative Sporulation associated protein
PMG11_00699	CDHK01000001.1	2027413	2028570	-	hypothetical protein
PMG11_00700	CDHK01000001.1	2030454	2033838	-	hypothetical protein
PMG11_00701	CDHK01000001.1	2037108	2038539	-	hypothetical protein
PMG11_00702	CDHK01000001.1	2042158	2043737	+	Putative Glutathione-independent formaldehyde dehydrogenase
PMG11_00703	CDHK01000001.1	2044664	2045930	+	hypothetical protein
PMG11_00704	CDHK01000001.1	2046733	2049218	+	hypothetical protein
PMG11_00705	CDHK01000001.1	2049557	2051821	+	hypothetical protein
PMG11_00706	CDHK01000001.1	2052576	2053877	-	hypothetical protein
PMG11_00707	CDHK01000001.1	2054676	2056299	-	hypothetical protein
PMG11_00708	CDHK01000001.1	2057594	2058295	+	Putative 2OG-Fe(II) oxygenase family oxidoreductase
PMG11_00709	CDHK01000001.1	2058402	2059397	-	hypothetical protein
PMG11_00710	CDHK01000001.1	2059994	2061266	-	hypothetical protein
PMG11_00711	CDHK01000001.1	2062942	2064100	-	hypothetical protein
PMG11_00712	CDHK01000001.1	2064774	2066458	+	hypothetical protein
PMG11_00713	CDHK01000001.1	2067079	2067480	-	hypothetical protein
PMG11_00714	CDHK01000001.1	2068007	2068889	-	hypothetical protein
PMG11_00715	CDHK01000001.1	2071534	2072211	+	Putative 37S ribosomal protein MRP4
PMG11_00716	CDHK01000001.1	2072770	2073957	+	Putative 40S ribosomal protein S2
PMG11_00717	CDHK01000001.1	2074260	2078746	-	Putative Alpha-glucosidase
PMG11_00718	CDHK01000001.1	2078077	2080352	+	Putative MFS transporter
PMG11_00719	CDHK01000001.1	2080694	2083474	+	Putative C6 zinc finger domain protein
PMG11_00720	CDHK01000001.1	2083869	2085096	-	Putative Mitochondrial carrier protein
PMG11_00721	CDHK01000001.1	2084640	2089511	+	hypothetical protein
PMG11_00722	CDHK01000001.1	2088851	2089711	-	hypothetical protein
PMG11_00723	CDHK01000001.1	2090080	2091290	-	hypothetical protein
PMG11_00724	CDHK01000001.1	2092161	2093440	+	hypothetical protein
PMG11_00725	CDHK01000001.1	2094469	2096002	+	hypothetical protein
PMG11_00726	CDHK01000001.1	2096490	2097622	+	hypothetical protein
PMG11_00727	CDHK01000001.1	2097927	2098869	+	hypothetical protein
PMG11_00728	CDHK01000001.1	2099582	2101779	+	hypothetical protein
PMG11_00729	CDHK01000001.1	2102134	2104050	-	hypothetical protein
PMG11_00730	CDHK01000001.1	2105065	2107434	-	hypothetical protein
PMG11_00731	CDHK01000001.1	2108233	2110705	+	Putative BCAS2 family protein
PMG11_00732	CDHK01000001.1	2108357	2111914	-	hypothetical protein
PMG11_00733	CDHK01000001.1	2112757	2116622	+	Putative Synaptic vesicle transporter SVOP and related transporters
PMG11_00734	CDHK01000001.1	2116242	2116770	-	hypothetical protein
PMG11_00735	CDHK01000001.1	2116950	2118515	+	Putative Protein involved in glucose derepression and pre-vacuolar endosome protein sorting
PMG11_00736	CDHK01000001.1	2118649	2121709	-	hypothetical protein
PMG11_00737	CDHK01000001.1	2124432	2129394	+	Putative Serine/threonine-protein kinase sck1
PMG11_00738	CDHK01000001.1	2129791	2130252	+	hypothetical protein
PMG11_00739	CDHK01000001.1	2131038	2132516	-	hypothetical protein
PMG11_00740	CDHK01000001.1	2133648	2134529	-	hypothetical protein
PMG11_00741	CDHK01000001.1	2136423	2138342	+	hypothetical protein
PMG11_00742	CDHK01000001.1	2138476	2139955	+	hypothetical protein
PMG11_00743	CDHK01000001.1	2142067	2144463	+	hypothetical protein
PMG11_00744	CDHK01000001.1	2145248	2147206	+	Putative Glutaminyl-tRNA synthetase
PMG11_00745	CDHK01000001.1	2147754	2149738	-	Putative N-acetylglucosamine-phosphate mutase
PMG11_00746	CDHK01000001.1	2150040	2151646	-	Putative Mn2 homeostasis protein
PMG11_00747	CDHK01000001.1	2151981	2153908	+	Putative HNRNP arginine N-methyltransferase
PMG11_00748	CDHK01000001.1	2154163	2155391	+	Putative Remark: the trifunctional protein consists of 2-Enoyl-CoA hydratase
PMG11_00749	CDHK01000001.1	2155592	2158000	+	hypothetical protein
PMG11_00750	CDHK01000001.1	2158141	2160133	+	Putative 26S proteasome subunit P45 family protein
PMG11_00751	CDHK01000001.1	2160822	2162203	+	Putative RNA-binding protein required for 60S ribosomal subunit biogenesis
PMG11_00752	CDHK01000001.1	2162605	2163436	-	Putative Riboflavin synthase alpha chain
PMG11_00753	CDHK01000001.1	2163654	2165326	+	Putative CoA-transferase family III
PMG11_00754	CDHK01000001.1	2165608	2167202	+	hypothetical protein
PMG11_00755	CDHK01000001.1	2167602	2168845	+	hypothetical protein
PMG11_00756	CDHK01000001.1	2168162	2170503	-	Putative U3 small nucleolar RNA associated protein
PMG11_00757	CDHK01000001.1	2170543	2172054	+	Putative Winged helix DNA-binding protein
PMG11_00758	CDHK01000001.1	2172317	2176021	+	Putative SWI-SNF complex subunit (BAF60b)
PMG11_00759	CDHK01000001.1	2174519	2175821	-	hypothetical protein
PMG11_00760	CDHK01000001.1	2176189	2184068	-	hypothetical protein
PMG11_00761	CDHK01000001.1	2184394	2185174	+	Putative 60S ribosomal protein L27
PMG11_00762	CDHK01000001.1	2189298	2190763	+	hypothetical protein
PMG11_00763	CDHK01000001.1	2190818	2192403	+	hypothetical protein
PMG11_00764	CDHK01000001.1	2193831	2195990	-	Putative Elongation factor 1-alpha
PMG11_00765	CDHK01000001.1	2197014	2198103	-	Putative DNA-directed RNA polymerase subunit
PMG11_00766	CDHK01000001.1	2198139	2199380	+	Putative Ankyrin repeat protein
PMG11_00767	CDHK01000001.1	2199506	2200943	-	hypothetical protein
PMG11_00768	CDHK01000001.1	2201068	2203833	-	Putative Aconitate hydratase
PMG11_00769	CDHK01000001.1	2204645	2206731	-	Putative UPF0662 protein
PMG11_00770	CDHK01000001.1	2206988	2207683	+	Putative 60S acidic ribosomal protein P1
PMG11_00771	CDHK01000001.1	2208865	2210165	-	Putative Vacuolar membrane PQ loop repeat protein
PMG11_00772	CDHK01000001.1	2211891	2214314	+	hypothetical protein
PMG11_00773	CDHK01000001.1	2215226	2217594	-	Putative Nulp1-pending protein
PMG11_00774	CDHK01000001.1	2217829	2219749	+	Putative Protein phophatase 2C family protein
PMG11_00775	CDHK01000001.1	2220630	2221646	-	hypothetical protein
PMG11_00776	CDHK01000001.1	2221996	2223776	+	Putative Glycosyltransferase
PMG11_00777	CDHK01000001.1	2224647	2226979	-	Putative Oocyte zinc finger protein XlCOF20
PMG11_00778	CDHK01000001.1	2227733	2229847	-	Putative Arabinogalactan endo-1,4-beta-galactosidase
PMG11_00779	CDHK01000001.1	2230970	2234605	-	Putative Ca2 /calmodulin-dependent protein kinase (Fragment)
PMG11_00780	CDHK01000001.1	2241686	2242918	-	hypothetical protein
PMG11_00781	CDHK01000001.1	2243626	2246511	-	hypothetical protein
PMG11_00782	CDHK01000001.1	2249839	2250804	+	hypothetical protein
PMG11_00783	CDHK01000001.1	2251044	2252749	-	Putative Chorismate synthase
PMG11_00784	CDHK01000001.1	2252870	2254484	+	hypothetical protein
PMG11_00785	CDHK01000001.1	2255508	2258235	+	hypothetical protein
PMG11_00786	CDHK01000001.1	2258396	2262978	-	hypothetical protein
PMG11_00787	CDHK01000001.1	2261775	2262645	+	hypothetical protein
PMG11_00788	CDHK01000001.1	2263178	2264456	+	hypothetical protein
PMG11_00789	CDHK01000001.1	2264622	2265991	-	hypothetical protein
PMG11_00790	CDHK01000001.1	2266177	2268807	+	hypothetical protein
PMG11_00791	CDHK01000001.1	2269287	2271392	-	Putative Rho GTPase Rho1
PMG11_00792	CDHK01000001.1	2273109	2274615	+	hypothetical protein
PMG11_00793	CDHK01000001.1	2274757	2276391	+	hypothetical protein
PMG11_00794	CDHK01000001.1	2277401	2280216	+	hypothetical protein
PMG11_00795	CDHK01000001.1	2280581	2281943	+	hypothetical protein
PMG11_00796	CDHK01000001.1	2282036	2283977	+	hypothetical protein
PMG11_00797	CDHK01000001.1	2285801	2287463	+	Putative CK1/CK1/CK1-G protein kinase
PMG11_00798	CDHK01000001.1	2292174	2293417	+	hypothetical protein
PMG11_00799	CDHK01000001.1	2300105	2302428	+	hypothetical protein
PMG11_00800	CDHK01000001.1	2302551	2304777	-	hypothetical protein
PMG11_00801	CDHK01000001.1	2305549	2306001	-	hypothetical protein
PMG11_00802	CDHK01000001.1	2307502	2308416	+	Putative Mediator of RNA polymerase II transcription subunit 18
PMG11_00803	CDHK01000001.1	2308874	2310729	+	hypothetical protein
PMG11_00804	CDHK01000001.1	2312034	2314142	-	hypothetical protein
PMG11_00805	CDHK01000001.1	2316778	2318335	-	hypothetical protein
PMG11_00806	CDHK01000001.1	2322083	2322476	+	Putative Protein kinase domain protein
PMG11_00807	CDHK01000001.1	2322569	2323138	+	Putative CMGC/CLK protein kinase
PMG11_00808	CDHK01000001.1	2323991	2328474	+	Putative Protein kinase domain protein
PMG11_00809	CDHK01000001.1	2329255	2330023	+	Putative L-fucose permease
PMG11_00810	CDHK01000001.1	2330601	2331445	+	hypothetical protein
PMG11_00811	CDHK01000001.1	2332355	2334127	-	Putative Fucose permease
PMG11_00812	CDHK01000001.1	2335485	2339527	-	Putative Calcium-transporting ATPase sarcoplasmic/endoplasmic reticulum type
PMG11_00813	CDHK01000001.1	2341625	2343717	+	Putative Multifunctional chaperone
PMG11_00814	CDHK01000001.1	2344124	2345785	-	Putative Eukaryotic translation initiation factor 3 subunit J
PMG11_00815	CDHK01000001.1	2345885	2348000	-	Putative Enolase
PMG11_00816	CDHK01000001.1	2348758	2350357	+	Putative 26S protease regulatory subunit
PMG11_00817	CDHK01000001.1	2350613	2355012	+	hypothetical protein
PMG11_00818	CDHK01000001.1	2353596	2354927	-	hypothetical protein
PMG11_00819	CDHK01000001.1	2355905	2358463	+	hypothetical protein
PMG11_00820	CDHK01000001.1	2361173	2362226	-	hypothetical protein
PMG11_00821	CDHK01000001.1	2363406	2366253	-	hypothetical protein
PMG11_00822	CDHK01000001.1	2363560	2364480	+	hypothetical protein
PMG11_00823	CDHK01000001.1	2366349	2368408	+	hypothetical protein
PMG11_00824	CDHK01000001.1	2367248	2368413	-	hypothetical protein
PMG11_00825	CDHK01000001.1	2370112	2374330	+	hypothetical protein
PMG11_00826	CDHK01000001.1	2372918	2374252	-	hypothetical protein
PMG11_00827	CDHK01000001.1	2376422	2379325	+	hypothetical protein
PMG11_00828	CDHK01000001.1	2379823	2383357	+	hypothetical protein
PMG11_00829	CDHK01000001.1	2384085	2385488	+	hypothetical protein
PMG11_00830	CDHK01000001.1	2386303	2387354	-	hypothetical protein
PMG11_00831	CDHK01000001.1	2388685	2389860	-	hypothetical protein
PMG11_00832	CDHK01000001.1	2389887	2390408	-	Putative Prenylated rab acceptor 1
PMG11_00833	CDHK01000001.1	2391022	2392826	+	hypothetical protein
PMG11_00834	CDHK01000001.1	2393559	2394137	-	hypothetical protein
PMG11_00835	CDHK01000001.1	2394888	2396044	+	Putative DnaJ chaperone
PMG11_00836	CDHK01000001.1	2396517	2397608	+	Putative Eukaryotic phosphomannomutase
PMG11_00837	CDHK01000001.1	2398003	2399075	+	Putative DUF1640 domain protein
PMG11_00838	CDHK01000001.1	2400954	2403652	+	hypothetical protein
PMG11_00839	CDHK01000001.1	2404329	2409501	+	hypothetical protein
PMG11_00840	CDHK01000001.1	2411777	2418624	+	hypothetical protein
PMG11_00841	CDHK01000001.1	2421007	2424862	+	hypothetical protein
PMG11_00842	CDHK01000001.1	2425012	2430960	+	Putative WW domain protein
PMG11_00843	CDHK01000001.1	2429789	2431267	-	hypothetical protein
PMG11_00844	CDHK01000001.1	2431415	2434088	+	hypothetical protein
PMG11_00845	CDHK01000001.1	2434967	2438219	-	hypothetical protein
PMG11_00846	CDHK01000001.1	2439311	2441299	+	Putative Mitogen-activated protein kinase HOG1 (Fragment)
PMG11_00847	CDHK01000001.1	2441809	2443228	-	Putative ARP2/3 actin-organizing complex subunit Sop2
PMG11_00848	CDHK01000001.1	2443898	2444574	+	Putative RNA binding domain protein
PMG11_00849	CDHK01000001.1	2444701	2445736	-	hypothetical protein
PMG11_00850	CDHK01000001.1	2446670	2450360	+	hypothetical protein
PMG11_00851	CDHK01000001.1	2451154	2452407	-	hypothetical protein
PMG11_00852	CDHK01000001.1	2452701	2453173	-	hypothetical protein
PMG11_00853	CDHK01000001.1	2453405	2455678	+	Putative Fumarylacetoacetate hydrolase family protein
PMG11_00854	CDHK01000001.1	2454847	2455769	-	Putative Proteasome subunit beta type
PMG11_00855	CDHK01000001.1	2456626	2457826	+	hypothetical protein
PMG11_00856	CDHK01000001.1	2458422	2459868	-	hypothetical protein
PMG11_00857	CDHK01000001.1	2460115	2460955	+	Putative Proteasome component Prs3
PMG11_00858	CDHK01000001.1	2461183	2462072	-	Putative Pre-rRNA-processing protein pno1
PMG11_00859	CDHK01000001.1	2462259	2464936	+	Putative Mitochondrion biogenesis protein
PMG11_00860	CDHK01000001.1	2465124	2470866	+	Putative Rac GTPase-activating protein BCR/ABR
PMG11_00861	CDHK01000001.1	2470238	2471020	-	Putative DUF396 doamin protein
PMG11_00862	CDHK01000001.1	2471237	2472577	+	Putative Bud site selection protein
PMG11_00863	CDHK01000001.1	2473301	2474709	-	hypothetical protein
PMG11_00864	CDHK01000001.1	2474832	2476980	+	Putative Isocitrate dehydrogenase subunit 1
PMG11_00865	CDHK01000001.1	2477154	2478003	-	hypothetical protein
PMG11_00866	CDHK01000001.1	2478625	2480604	+	Putative Proteasome subunit alpha type
PMG11_00867	CDHK01000001.1	2481342	2482475	-	Putative 6,7-dimethyl-8-ribityllumazine synthase
PMG11_00868	CDHK01000001.1	2482530	2485611	-	Putative Glucosamine-fructose-6-phosphate aminotransferase
PMG11_00869	CDHK01000001.1	2487623	2491844	+	Putative SET domain protein
PMG11_00870	CDHK01000001.1	2491909	2492767	-	Putative DUF343 domain protein
PMG11_00871	CDHK01000001.1	2493055	2494691	-	hypothetical protein
PMG11_00872	CDHK01000001.1	2494819	2495178	+	Putative LSM domain-containing protein
PMG11_00873	CDHK01000001.1	2495612	2498511	-	Putative Mannosyl-oligosaccharide 1,2-alpha-mannosidase IB
PMG11_00874	CDHK01000001.1	2499436	2501198	-	hypothetical protein
PMG11_00875	CDHK01000001.1	2501797	2503237	-	hypothetical protein
PMG11_00876	CDHK01000001.1	2503675	2506151	-	Putative ATP-dependent permease MDL1
PMG11_00877	CDHK01000001.1	2506422	2508975	+	Putative Hsp90 co-chaperone Cdc37
PMG11_00878	CDHK01000001.1	2508625	2509593	-	Putative Vesicle coat protein clathrin
PMG11_00879	CDHK01000001.1	2509949	2511800	+	Putative DUF618 domain protein
PMG11_00880	CDHK01000001.1	2510784	2513696	-	Putative SNARE protein TLG2/Syntaxin 16
PMG11_00881	CDHK01000001.1	2515133	2516612	+	Putative Calmodulin
PMG11_00882	CDHK01000001.1	2516759	2517703	+	hypothetical protein
PMG11_00883	CDHK01000001.1	2517989	2518492	+	hypothetical protein
PMG11_00884	CDHK01000001.1	2518592	2520128	-	hypothetical protein
PMG11_00885	CDHK01000001.1	2520416	2523691	-	hypothetical protein
PMG11_00886	CDHK01000001.1	2523908	2526454	-	hypothetical protein
PMG11_00887	CDHK01000001.1	2527258	2530050	+	Putative Mitochondrial distribution and morphology protein 34
PMG11_00888	CDHK01000001.1	2530163	2532011	+	Putative DUF1682 domain protein
PMG11_00889	CDHK01000001.1	2532151	2533007	+	hypothetical protein
PMG11_00890	CDHK01000001.1	2533540	2535239	-	hypothetical protein
PMG11_00891	CDHK01000001.1	2535559	2536873	+	hypothetical protein
PMG11_00892	CDHK01000001.1	2536982	2537590	-	hypothetical protein
PMG11_00893	CDHK01000001.1	2539041	2539613	-	Putative Catalytic activity: biphenyl-2
PMG11_00894	CDHK01000001.1	2540232	2541542	+	hypothetical protein
PMG11_00895	CDHK01000001.1	2541707	2542928	+	hypothetical protein
PMG11_00896	CDHK01000001.1	2543975	2545562	+	Putative Amino acid transporter
PMG11_00897	CDHK01000001.1	2548064	2549164	-	hypothetical protein
PMG11_00898	CDHK01000001.1	2550223	2552113	+	Putative Cell wall biogenesis protein Ecm15
PMG11_00899	CDHK01000001.1	2550881	2552843	-	hypothetical protein
PMG11_00900	CDHK01000001.1	2553291	2555771	-	hypothetical protein
PMG11_00901	CDHK01000001.1	2556008	2556876	+	Putative Remark: Gene structure was modelled according to A. niger EST
PMG11_00902	CDHK01000001.1	2557325	2560548	+	hypothetical protein
PMG11_00903	CDHK01000001.1	2558462	2561913	-	Putative Kynureninase 2
PMG11_00904	CDHK01000001.1	2562553	2564217	+	hypothetical protein
PMG11_00905	CDHK01000001.1	2564542	2565207	-	hypothetical protein
PMG11_00906	CDHK01000001.1	2566071	2567443	-	Putative Transcription initiation factor IIF, auxiliary subunit
PMG11_00907	CDHK01000001.1	2567657	2568741	+	Putative Function: eryBIV of S. erythrae is involved in erythromycin biosynthesis
PMG11_00908	CDHK01000001.1	2568923	2569940	-	Putative Pre-mRNA-splicing factor syf2
PMG11_00909	CDHK01000001.1	2570186	2572117	+	hypothetical protein
PMG11_00910	CDHK01000001.1	2576830	2578493	+	hypothetical protein
PMG11_00911	CDHK01000001.1	2579319	2581217	-	hypothetical protein
PMG11_00912	CDHK01000001.1	2581402	2582575	-	Putative 50S ribosomal protein L12 (AFU_orthologue; AFUA_4G09750)
PMG11_00913	CDHK01000001.1	2582784	2584995	-	Putative T-complex protein 1 theta subunit
PMG11_00914	CDHK01000001.1	2585245	2586996	-	Putative Spap14e8.04 protein
PMG11_00915	CDHK01000001.1	2587107	2592877	-	Putative von Willebrand and RING finger domain protein
PMG11_00916	CDHK01000001.1	2599814	2601192	+	Putative PDA1/pyruvate dehydrogenase E1 component alpha subunit
PMG11_00917	CDHK01000001.1	2601451	2602952	-	hypothetical protein
PMG11_00918	CDHK01000001.1	2604020	2605853	-	hypothetical protein
PMG11_00919	CDHK01000001.1	2609469	2611352	+	hypothetical protein
PMG11_00920	CDHK01000001.1	2612409	2613628	-	hypothetical protein
PMG11_00921	CDHK01000001.1	2614873	2617884	-	hypothetical protein
PMG11_00922	CDHK01000001.1	2616894	2620001	+	Putative Phosphatidate cytidylyltransferase
PMG11_00923	CDHK01000001.1	2620320	2621116	+	hypothetical protein
PMG11_00924	CDHK01000001.1	2621766	2623463	-	hypothetical protein
PMG11_00925	CDHK01000001.1	2623866	2625490	-	Putative Cyclin
PMG11_00926	CDHK01000001.1	2625671	2626659	-	Putative Glutathione-S-transferase theta, GST
PMG11_00927	CDHK01000001.1	2626650	2629078	-	hypothetical protein
PMG11_00928	CDHK01000001.1	2629135	2630443	-	hypothetical protein
PMG11_00929	CDHK01000001.1	2630518	2634632	-	hypothetical protein
PMG11_00930	CDHK01000001.1	2635054	2637182	+	Putative Cyclin
PMG11_00931	CDHK01000001.1	2640811	2641570	-	Putative Hydrophobin (Fragment)
PMG11_00932	CDHK01000001.1	2645475	2646199	-	Putative Hydrophobin
PMG11_00933	CDHK01000001.1	2650131	2651039	+	Putative Rodlet peptide (Fragment)
PMG11_00934	CDHK01000001.1	2656024	2658196	+	hypothetical protein
PMG11_00935	CDHK01000001.1	2656442	2662544	-	hypothetical protein
PMG11_00936	CDHK01000001.1	2662609	2665535	+	hypothetical protein
PMG11_00937	CDHK01000001.1	2665866	2668625	+	Putative C-24(28) sterol reductase
PMG11_00938	CDHK01000001.1	2668768	2670658	+	Putative Dienelactone hydrolase family protein
PMG11_00939	CDHK01000001.1	2671305	2673935	+	Putative Chitin synthase
PMG11_00940	CDHK01000001.1	2675624	2676825	-	hypothetical protein
PMG11_00941	CDHK01000001.1	2676965	2682427	+	hypothetical protein
PMG11_00942	CDHK01000001.1	2683873	2684619	-	hypothetical protein
PMG11_00943	CDHK01000001.1	2686309	2687094	-	hypothetical protein
PMG11_00944	CDHK01000001.1	2688022	2689699	+	hypothetical protein
PMG11_00945	CDHK01000001.1	2689886	2691740	+	Putative Ribonuclease H
PMG11_00946	CDHK01000001.1	2691913	2694508	+	Putative Na/H antiporter
PMG11_00947	CDHK01000001.1	2694720	2696212	-	Putative Endo-1,4-beta-xylanase A
PMG11_00948	CDHK01000001.1	2700387	2701622	+	hypothetical protein
PMG11_00949	CDHK01000001.1	2703936	2704850	-	hypothetical protein
PMG11_00950	CDHK01000001.1	2707498	2708395	+	hypothetical protein
PMG11_00951	CDHK01000001.1	2712409	2713689	-	hypothetical protein
PMG11_00952	CDHK01000001.1	2714464	2718934	-	hypothetical protein
PMG11_00953	CDHK01000001.1	2714598	2715095	+	hypothetical protein
PMG11_00954	CDHK01000001.1	2721998	2724040	+	Putative Sulfite oxidase
PMG11_00955	CDHK01000001.1	2725130	2726905	-	Putative Mitochondrial cytochrome b2
PMG11_00956	CDHK01000001.1	2727482	2727970	+	hypothetical protein
PMG11_00957	CDHK01000001.1	2729477	2731982	+	Putative 6-phosphofructo-2-kinase 1
PMG11_00958	CDHK01000001.1	2734635	2736105	+	hypothetical protein
PMG11_00959	CDHK01000001.1	2737411	2739739	+	hypothetical protein
PMG11_00960	CDHK01000001.1	2740995	2741924	-	Putative NAD dependent epimerase/dehydratase
PMG11_00961	CDHK01000001.1	2743945	2744815	-	hypothetical protein
PMG11_00962	CDHK01000001.1	2747268	2748165	-	hypothetical protein
PMG11_00963	CDHK01000001.1	2751221	2752111	+	hypothetical protein
PMG11_00964	CDHK01000001.1	2752982	2754599	+	hypothetical protein
PMG11_00965	CDHK01000001.1	2762552	2764787	+	hypothetical protein
PMG11_00966	CDHK01000001.1	2765605	2768594	+	Putative Trehalose synthase (Fragment)
PMG11_00967	CDHK01000001.1	2771782	2773484	+	hypothetical protein
PMG11_00968	CDHK01000001.1	2776447	2777456	-	hypothetical protein
PMG11_00969	CDHK01000001.1	2777538	2779381	-	Putative Tetracycline transporter
PMG11_00970	CDHK01000001.1	2780052	2782499	-	hypothetical protein
PMG11_00971	CDHK01000001.1	2782625	2783331	-	hypothetical protein
PMG11_00972	CDHK01000001.1	2783425	2785067	-	hypothetical protein
PMG11_00973	CDHK01000001.1	2786027	2789062	+	Putative SPX domain protein
PMG11_00974	CDHK01000001.1	2789710	2791459	+	Putative FAD dependent oxidoreductase
PMG11_00975	CDHK01000001.1	2791684	2794053	+	Putative Dihydroxy-acid dehydratase
PMG11_00976	CDHK01000001.1	2794402	2797411	+	hypothetical protein
PMG11_00977	CDHK01000001.1	2797523	2798290	-	hypothetical protein
PMG11_00978	CDHK01000001.1	2800007	2803132	+	hypothetical protein
PMG11_00979	CDHK01000001.1	2803273	2804834	+	hypothetical protein
PMG11_00980	CDHK01000001.1	2805184	2805728	-	hypothetical protein
PMG11_00981	CDHK01000001.1	2806837	2808949	+	hypothetical protein
PMG11_00982	CDHK01000001.1	2809728	2810294	+	hypothetical protein
PMG11_00983	CDHK01000001.1	2811013	2813785	-	hypothetical protein
PMG11_00984	CDHK01000001.1	2814481	2819124	-	hypothetical protein
PMG11_00985	CDHK01000001.1	2817569	2818222	+	hypothetical protein
PMG11_00986	CDHK01000001.1	2823196	2830796	+	Putative Glutamate synthase
PMG11_00987	CDHK01000001.1	2832455	2834155	+	hypothetical protein
PMG11_00988	CDHK01000001.1	2834422	2835886	-	Putative Function: BET1 of S. cerevisiae is involved in ER to Golgi transport and retrograde
PMG11_00989	CDHK01000001.1	2836428	2837019	-	hypothetical protein
PMG11_00990	CDHK01000001.1	2837393	2839789	-	hypothetical protein
PMG11_00991	CDHK01000001.1	2840320	2843685	+	Putative Heat shock 70kDa protein 1/8
PMG11_00992	CDHK01000001.1	2844134	2845090	+	hypothetical protein
PMG11_00993	CDHK01000001.1	2845671	2846029	-	hypothetical protein
PMG11_00994	CDHK01000001.1	2846469	2847792	-	Putative Mitochondrial carrier protein
PMG11_00995	CDHK01000001.1	2848949	2849894	+	hypothetical protein
PMG11_00996	CDHK01000001.1	2850802	2853855	+	hypothetical protein
PMG11_00997	CDHK01000001.1	2852649	2853641	-	hypothetical protein
PMG11_00998	CDHK01000001.1	2854290	2854874	-	Putative Autophagy-related protein
PMG11_00999	CDHK01000001.1	2855249	2860842	+	hypothetical protein
PMG11_01000	CDHK01000001.1	2861083	2865992	-	hypothetical protein
PMG11_01001	CDHK01000001.1	2861083	2862838	+	Putative Coproporphyrinogen III oxidase, mitochondrial
PMG11_01002	CDHK01000001.1	2866081	2867019	-	hypothetical protein
PMG11_01003	CDHK01000001.1	2867870	2870036	+	hypothetical protein
PMG11_01004	CDHK01000001.1	2870310	2871666	+	Putative Catalytic activity: dimeric dihydrodiol dehydrogenases
PMG11_01005	CDHK01000001.1	2871907	2873402	-	Putative Adenylate kinase
PMG11_01006	CDHK01000001.1	2873748	2876536	+	Putative Mov34/MPN/PAD-1
PMG11_01007	CDHK01000001.1	2875597	2876499	-	hypothetical protein
PMG11_01008	CDHK01000001.1	2889187	2890201	+	Putative MYB DNA-binding domain protein
PMG11_01009	CDHK01000001.1	2890696	2891733	-	Putative tRNA (Uracil-5-)-methyltransferase Trm9
PMG11_01010	CDHK01000001.1	2892721	2893967	+	hypothetical protein
PMG11_01011	CDHK01000001.1	2893625	2896617	-	hypothetical protein
PMG11_01012	CDHK01000001.1	2896670	2899399	-	Putative Peroxisomal membrane protein PEX16
PMG11_01013	CDHK01000001.1	2896748	2897782	+	Putative Ribonuclease
PMG11_01014	CDHK01000001.1	2899733	2901811	-	hypothetical protein
PMG11_01015	CDHK01000001.1	2902047	2903787	+	hypothetical protein
PMG11_01016	CDHK01000001.1	2904916	2906143	+	Putative Zinc knuckle domain protein
PMG11_01017	CDHK01000001.1	2906849	2909202	-	Putative YdiU domain-containing protein
PMG11_01018	CDHK01000001.1	2909437	2911123	+	hypothetical protein
PMG11_01019	CDHK01000001.1	2911497	2914605	+	hypothetical protein
PMG11_01020	CDHK01000001.1	2915220	2917546	-	hypothetical protein
PMG11_01021	CDHK01000001.1	2917872	2918761	+	Putative Secretion related GTPase SrgD
PMG11_01022	CDHK01000001.1	2919120	2921596	-	Putative Dolichyl-phosphate-mannose-protein mannosyltransferase
PMG11_01023	CDHK01000001.1	2922507	2925899	-	Putative Hexose transporter
PMG11_01024	CDHK01000001.1	2926272	2928569	-	Putative Remark: SFC1 of S. cerevisiae is also called ACR1 or YJR095W
PMG11_01025	CDHK01000001.1	2928650	2933351	+	Putative FACT complex subunit spt16
PMG11_01026	CDHK01000001.1	2932755	2933775	-	Putative Extracellular metalloprotease
PMG11_01027	CDHK01000001.1	2934369	2935923	-	hypothetical protein
PMG11_01028	CDHK01000001.1	2936354	2938890	-	Putative Remark: FUN19 of S. cerevisiae is also called YAL034C
PMG11_01029	CDHK01000001.1	3094186	3095826	-	hypothetical protein
PMG11_01030	CDHK01000001.1	3094605	3095859	-	hypothetical protein
PMG11_01031	CDHK01000001.1	3098903	3100470	-	Putative 40S ribosomal protein S1
PMG11_01032	CDHK01000001.1	3101188	3101796	+	Putative Transcription elongation factor 1
PMG11_01033	CDHK01000001.1	3102172	3103076	-	Putative Cytosine deaminase-uracil phosphoribosyltransferase fusion protein
PMG11_01034	CDHK01000001.1	3103307	3106560	+	hypothetical protein
PMG11_01035	CDHK01000001.1	3106917	3107698	+	Putative Rheb small monomeric GTPase RhbA
PMG11_01036	CDHK01000001.1	3108475	3110347	+	Putative Serine-tRNA ligase
PMG11_01037	CDHK01000001.1	3110766	3114698	+	Putative D-isomer specific 2-hydroxyacid dehydrogenase
PMG11_01038	CDHK01000001.1	3113256	3116537	-	Putative Serine/threonine-protein kinase bur1
PMG11_01039	CDHK01000001.1	3116645	3117439	+	Putative Podospora anserina S mat genomic DNA chromosome 2, supercontig 2
PMG11_01040	CDHK01000001.1	3117188	3122379	-	Putative P-type ATPase
PMG11_01041	CDHK01000001.1	3123576	3125505	+	Putative Nucleosome assembly protein NAP-1
PMG11_01042	CDHK01000001.1	3126546	3131686	+	Putative Myosin-2
PMG11_01043	CDHK01000001.1	3132072	3133054	+	Putative Inosine triphosphate pyrophosphatase
PMG11_01044	CDHK01000001.1	3133185	3133958	-	Putative Essential NTPase (Eurofung)
PMG11_01045	CDHK01000001.1	3134255	3135964	-	hypothetical protein
PMG11_01046	CDHK01000001.1	3137619	3140108	+	Putative Aspartokinase
PMG11_01047	CDHK01000001.1	3141182	3144453	+	Putative YALI0C01463p
PMG11_01048	CDHK01000001.1	3145076	3145803	-	Putative Cell cycle control protein cwf14
PMG11_01049	CDHK01000001.1	3146183	3146575	+	hypothetical protein
PMG11_01050	CDHK01000001.1	3147377	3148397	-	Putative 60S ribosomal protein L23
PMG11_01051	CDHK01000001.1	3148764	3149615	+	hypothetical protein
PMG11_01052	CDHK01000001.1	3149719	3151922	-	hypothetical protein
PMG11_01053	CDHK01000001.1	3152807	3155306	+	Putative Eukaryotic peptide chain release factor subunit 1
PMG11_01054	CDHK01000001.1	3155453	3158077	-	Putative Chorismate mutase/prephenate dehydratase
PMG11_01055	CDHK01000001.1	3155460	3158121	+	hypothetical protein
PMG11_01056	CDHK01000001.1	3158564	3160411	+	hypothetical protein
PMG11_01057	CDHK01000001.1	3160572	3162427	+	Putative Centromere/microtubule-binding protein cbf5
PMG11_01058	CDHK01000001.1	3165805	3168407	+	Putative Protein FYV10
PMG11_01059	CDHK01000001.1	3166863	3169013	-	hypothetical protein
PMG11_01060	CDHK01000001.1	3169161	3171222	-	Putative Golgi GDP-mannose transporter
PMG11_01061	CDHK01000001.1	3171844	3174974	-	hypothetical protein
PMG11_01062	CDHK01000001.1	3175958	3180574	-	hypothetical protein
PMG11_01063	CDHK01000001.1	3175958	3177084	+	hypothetical protein
PMG11_01064	CDHK01000001.1	3181720	3184715	-	hypothetical protein
PMG11_01065	CDHK01000001.1	3185096	3185673	+	Putative SCF ubiquitin ligase, Rbx1 component
PMG11_01066	CDHK01000001.1	3186025	3186551	-	hypothetical protein
PMG11_01067	CDHK01000001.1	3186777	3189345	-	Putative Homoserine kinase
PMG11_01068	CDHK01000001.1	3189747	3193145	+	Putative Mg2 and Co2 transporter
PMG11_01069	CDHK01000001.1	3193232	3195609	+	hypothetical protein
PMG11_01070	CDHK01000001.1	3196514	3197837	-	hypothetical protein
PMG11_01071	CDHK01000001.1	3198093	3199836	-	hypothetical protein
PMG11_01072	CDHK01000001.1	3200441	3204364	-	hypothetical protein
PMG11_01073	CDHK01000001.1	3213611	3214807	-	hypothetical protein
PMG11_01074	CDHK01000001.1	3215412	3216310	+	hypothetical protein
PMG11_01075	CDHK01000001.1	3216530	3218884	-	Putative Sugar transporter STL1
PMG11_01076	CDHK01000001.1	3218927	3220585	+	hypothetical protein
PMG11_01077	CDHK01000001.1	3223544	3226526	-	hypothetical protein
PMG11_01078	CDHK01000001.1	3226986	3227975	+	hypothetical protein
PMG11_01079	CDHK01000001.1	3228026	3232185	-	Putative TPR-containing nuclear phosphoprotein that regulates K() uptake
PMG11_01080	CDHK01000001.1	3232381	3234199	-	Putative Lysophosphatidic acid acyltransferase LPAAT
PMG11_01081	CDHK01000001.1	3235336	3239125	+	Putative Serine/threonine-protein kinase CLA4
PMG11_01082	CDHK01000001.1	3239795	3242251	-	hypothetical protein
PMG11_01083	CDHK01000001.1	3242373	3244771	-	Putative Class II aaRS and biotin synthetase
PMG11_01084	CDHK01000001.1	3244885	3246533	+	Putative Ribosome production factor 1
PMG11_01085	CDHK01000001.1	3247885	3249711	-	hypothetical protein
PMG11_01086	CDHK01000001.1	3253459	3254947	-	Putative Reduced viability upon starvation protein 161
PMG11_01087	CDHK01000001.1	3255517	3256552	-	Putative Potential stress response protein
PMG11_01088	CDHK01000001.1	3261131	3264514	+	hypothetical protein
PMG11_01089	CDHK01000001.1	3265090	3265788	-	hypothetical protein
PMG11_01090	CDHK01000001.1	3268407	3271832	-	Putative Serine/threonine-protein kinase hal4
PMG11_01091	CDHK01000001.1	3277297	3278752	-	Putative Transport protein particle (TRAPP) complex subunit
PMG11_01092	CDHK01000001.1	3278788	3282271	+	Putative CAMKK/META protein kinase
PMG11_01093	CDHK01000001.1	3284480	3285872	-	hypothetical protein
PMG11_01094	CDHK01000001.1	3289258	3294568	+	hypothetical protein
PMG11_01095	CDHK01000001.1	3295210	3296722	-	Putative Translation initiation factor eIF-6
PMG11_01096	CDHK01000001.1	3297222	3301532	-	hypothetical protein
PMG11_01097	CDHK01000001.1	3302455	3303771	-	hypothetical protein
PMG11_01098	CDHK01000001.1	3305229	3307790	+	Putative Nucleotide excision repair protein RAD23
PMG11_01099	CDHK01000001.1	3309214	3311598	-	Putative GPI mannosyltransferase 4
PMG11_01100	CDHK01000001.1	3312133	3313727	+	Putative E3 ubiquitin ligase complex SCF subunit sconC
PMG11_01101	CDHK01000001.1	3316045	3316507	-	Putative 60s ribosomal protein l39
PMG11_01102	CDHK01000001.1	3318835	3324043	+	Putative ABC-transporter
PMG11_01103	CDHK01000001.1	3324041	3324900	-	hypothetical protein
PMG11_01104	CDHK01000001.1	3324778	3327162	+	Putative Integral membrane protein
PMG11_01105	CDHK01000001.1	3327827	3329475	-	Putative SMT3/SUMO-activating complex, AOS1/RAD31 component
PMG11_01106	CDHK01000001.1	3329586	3332617	+	hypothetical protein
PMG11_01107	CDHK01000001.1	3333024	3334790	-	hypothetical protein
PMG11_01108	CDHK01000001.1	3335197	3336826	+	hypothetical protein
PMG11_01109	CDHK01000001.1	3337640	3338861	+	hypothetical protein
PMG11_01110	CDHK01000001.1	3338937	3341144	-	hypothetical protein
PMG11_01111	CDHK01000001.1	3341161	3343801	-	Putative Extracellular serine-threonine rich protein
PMG11_01112	CDHK01000001.1	3349411	3352371	+	Putative Saponin hydrolase (Precursor)
PMG11_01113	CDHK01000001.1	3352852	3355288	-	hypothetical protein
PMG11_01114	CDHK01000001.1	3357299	3359127	+	hypothetical protein
PMG11_01115	CDHK01000001.1	3360075	3361650	+	Putative Beta-glucosidase
PMG11_01116	CDHK01000001.1	3363057	3365988	-	hypothetical protein
PMG11_01117	CDHK01000001.1	3366102	3369821	-	Putative Vacuolar morphogenesis protein AvaB
PMG11_01118	CDHK01000001.1	3366172	3366456	+	hypothetical protein
PMG11_01119	CDHK01000001.1	3370280	3373250	-	Putative Fructose-2,6-bisphosphatase
PMG11_01120	CDHK01000001.1	3373340	3374755	-	hypothetical protein
PMG11_01121	CDHK01000001.1	3375225	3376132	+	hypothetical protein
PMG11_01122	CDHK01000001.1	3376881	3379036	-	Putative Cyclopropane-fatty-acyl-phospholipid synthase
PMG11_01123	CDHK01000001.1	3381306	3382183	-	hypothetical protein
PMG11_01124	CDHK01000001.1	3382356	3382958	-	hypothetical protein
PMG11_01125	CDHK01000001.1	3384060	3385131	+	hypothetical protein
PMG11_01126	CDHK01000001.1	3385880	3386767	-	hypothetical protein
PMG11_01127	CDHK01000001.1	3387522	3388617	+	hypothetical protein
PMG11_01128	CDHK01000001.1	3389097	3389747	+	hypothetical protein
PMG11_01129	CDHK01000001.1	3390664	3393073	+	Putative CTP synthase
PMG11_01130	CDHK01000001.1	3393367	3396287	-	Putative MFS sugar transporter
PMG11_01131	CDHK01000001.1	3397585	3398784	+	hypothetical protein
PMG11_01132	CDHK01000001.1	3400534	3401033	-	hypothetical protein
PMG11_01133	CDHK01000001.1	3404861	3405543	+	Putative Glucosyl glucuronosyl
PMG11_01134	CDHK01000001.1	3405958	3407326	+	hypothetical protein
PMG11_01135	CDHK01000001.1	3408613	3411174	+	hypothetical protein
PMG11_01136	CDHK01000001.1	3411944	3413379	+	hypothetical protein
PMG11_01137	CDHK01000001.1	3416325	3416884	-	hypothetical protein
PMG11_01138	CDHK01000001.1	3424478	3425101	+	Putative Na /K-exchanging ATPase alpha subunit
PMG11_01139	CDHK01000001.1	3425132	3426934	+	hypothetical protein
PMG11_01140	CDHK01000001.1	3428264	3430821	-	hypothetical protein
PMG11_01141	CDHK01000001.1	3431051	3434469	-	hypothetical protein
PMG11_01142	CDHK01000001.1	3440301	3443483	+	hypothetical protein
PMG11_01143	CDHK01000001.1	3447330	3449734	-	hypothetical protein
PMG11_01144	CDHK01000001.1	3452382	3453044	+	hypothetical protein
PMG11_01145	CDHK01000001.1	3455167	3456317	-	hypothetical protein
PMG11_01146	CDHK01000001.1	3457201	3458142	-	hypothetical protein
PMG11_01147	CDHK01000001.1	3459170	3460006	+	hypothetical protein
PMG11_01148	CDHK01000001.1	3460600	3462241	+	Putative 2,3-dihydroxybenzoate decarboxylase
PMG11_01149	CDHK01000001.1	3462171	3463258	-	hypothetical protein
PMG11_01150	CDHK01000001.1	3463260	3464800	-	hypothetical protein
PMG11_01151	CDHK01000001.1	3464942	3466234	+	Putative Proteasome subunit alpha type
PMG11_01152	CDHK01000001.1	3467231	3468853	+	hypothetical protein
PMG11_01153	CDHK01000001.1	3468907	3470088	-	hypothetical protein
PMG11_01154	CDHK01000001.1	3470376	3471674	+	hypothetical protein
PMG11_01155	CDHK01000001.1	3472517	3474944	-	Putative Purine permease
PMG11_01156	CDHK01000001.1	3477270	3478716	+	Putative Delta-9 fatty acid desaturase
PMG11_01157	CDHK01000001.1	3479099	3481741	+	Putative Metallopeptidase
PMG11_01158	CDHK01000001.1	3482851	3486069	+	hypothetical protein
PMG11_01159	CDHK01000001.1	3486200	3487557	-	hypothetical protein
PMG11_01160	CDHK01000001.1	3489316	3490090	+	hypothetical protein
PMG11_01161	CDHK01000001.1	3491569	3493403	+	Putative DNA damage-inducible protein 1
PMG11_01162	CDHK01000001.1	3494017	3495010	-	hypothetical protein
PMG11_01163	CDHK01000001.1	3498478	3506785	-	Putative Nuclear pore complex
PMG11_01164	CDHK01000001.1	3498823	3500502	+	Putative Alpha-ketoglutarate-dependent taurine dioxygenase
PMG11_01165	CDHK01000001.1	3505421	3506424	+	hypothetical protein
PMG11_01166	CDHK01000001.1	3506395	3507278	-	hypothetical protein
PMG11_01167	CDHK01000001.1	3507531	3508378	+	hypothetical protein
PMG11_01168	CDHK01000001.1	3508063	3509839	-	Putative Small nuclear ribonucleoprotein E
PMG11_01169	CDHK01000001.1	3509209	3512475	+	Putative mRNA transport regulator
PMG11_01170	CDHK01000001.1	3513371	3516323	+	Putative Zinc finger, C2H2 type domain containing protein
PMG11_01171	CDHK01000001.1	3516379	3517767	+	Putative EF-hand protein
PMG11_01172	CDHK01000001.1	3517086	3518834	-	hypothetical protein
PMG11_01173	CDHK01000001.1	3522989	3525601	-	hypothetical protein
PMG11_01174	CDHK01000001.1	3530321	3534221	-	hypothetical protein
PMG11_01175	CDHK01000001.1	3535907	3536474	-	hypothetical protein
PMG11_01176	CDHK01000001.1	3540545	3542400	+	hypothetical protein
PMG11_01177	CDHK01000001.1	3542895	3543949	-	Putative Alternative oxidase
PMG11_01178	CDHK01000001.1	3544708	3546273	-	hypothetical protein
PMG11_01179	CDHK01000001.1	3546997	3548615	+	hypothetical protein
PMG11_01180	CDHK01000001.1	3550785	3553364	+	Putative UDP-glucose 6-dehydrogenase
PMG11_01181	CDHK01000001.1	3553797	3555638	+	hypothetical protein
PMG11_01182	CDHK01000001.1	3556166	3557971	-	hypothetical protein
PMG11_01183	CDHK01000001.1	3562933	3565191	+	Putative Sugar transport protein
PMG11_01184	CDHK01000001.1	3565567	3567420	-	Putative Glucose transporter
PMG11_01185	CDHK01000001.1	3568770	3569580	-	hypothetical protein
PMG11_01186	CDHK01000001.1	3570294	3571333	-	hypothetical protein
PMG11_01187	CDHK01000001.1	3572449	3573598	-	hypothetical protein
PMG11_01188	CDHK01000001.1	3574502	3574825	+	hypothetical protein
PMG11_01189	CDHK01000001.1	3575145	3577391	-	Putative Acyl-coenzyme A oxidase
PMG11_01190	CDHK01000001.1	3577532	3580365	-	Putative MFS transporter
PMG11_01191	CDHK01000001.1	3581642	3583452	+	Putative Beta-xylosidase
PMG11_01192	CDHK01000001.1	3583565	3585314	+	Putative UMTA
PMG11_01193	CDHK01000001.1	3585667	3586686	+	hypothetical protein
PMG11_01194	CDHK01000001.1	3587124	3588768	-	Putative Histidinol dehydrogenase
PMG11_01195	CDHK01000001.1	3589781	3591059	+	hypothetical protein
PMG11_01196	CDHK01000001.1	3591156	3595177	-	hypothetical protein
PMG11_01197	CDHK01000001.1	3595188	3596266	+	Putative Aromatic ring-opening dioxygenase family protein
PMG11_01198	CDHK01000001.1	3599507	3599928	-	hypothetical protein
PMG11_01199	CDHK01000001.1	3601994	3603102	+	hypothetical protein
PMG11_01200	CDHK01000001.1	3606494	3608772	+	hypothetical protein
PMG11_01201	CDHK01000001.1	3608341	3612600	-	hypothetical protein
PMG11_01202	CDHK01000001.1	3613980	3615983	-	hypothetical protein
PMG11_01203	CDHK01000001.1	3616302	3619973	+	Putative Phospholipase D1
PMG11_01204	CDHK01000001.1	3621995	3622478	-	hypothetical protein
PMG11_01205	CDHK01000001.1	3625340	3625702	-	hypothetical protein
PMG11_01206	CDHK01000001.1	3626516	3628283	-	Putative Ribose phosphate diphosphokinase Prs1
PMG11_01207	CDHK01000001.1	3628529	3629378	+	Putative Siroheme synthase Met8
PMG11_01208	CDHK01000001.1	3629462	3635920	-	Putative Protein transporter SEC7
PMG11_01209	CDHK01000001.1	3636187	3637886	+	Putative Ribosomal protein
PMG11_01210	CDHK01000001.1	3639325	3640030	+	hypothetical protein
PMG11_01211	CDHK01000001.1	3640618	3641543	+	Putative Protein transport protein BOS1
PMG11_01212	CDHK01000001.1	3642075	3643415	+	Putative Malate dehydrogenase
PMG11_01213	CDHK01000001.1	3643608	3648280	-	Putative AAA family ATPase
PMG11_01214	CDHK01000001.1	3650732	3653374	+	hypothetical protein
PMG11_01215	CDHK01000001.1	3657302	3658381	-	hypothetical protein
PMG11_01216	CDHK01000001.1	3659687	3662290	+	hypothetical protein
PMG11_01217	CDHK01000001.1	3661677	3662733	-	Putative DUF1275 domain protein
PMG11_01218	CDHK01000001.1	3667119	3669947	-	hypothetical protein
PMG11_01219	CDHK01000001.1	3670187	3673197	+	hypothetical protein
PMG11_01220	CDHK01000001.1	3675348	3676773	+	hypothetical protein
PMG11_01221	CDHK01000001.1	3681013	3682497	+	hypothetical protein
PMG11_01222	CDHK01000001.1	3684333	3685280	+	hypothetical protein
PMG11_01223	CDHK01000001.1	3688201	3688908	+	hypothetical protein
PMG11_01224	CDHK01000001.1	3689355	3689966	-	Putative Cupin domain protein
PMG11_01225	CDHK01000001.1	3692740	3694580	-	Putative Glutathione-dependent formaldehyde dehydrogenase
PMG11_01226	CDHK01000001.1	3695958	3697679	+	hypothetical protein
PMG11_01227	CDHK01000001.1	3703361	3704657	-	hypothetical protein
PMG11_01228	CDHK01000001.1	3714547	3716707	-	hypothetical protein
PMG11_01229	CDHK01000001.1	3717739	3719760	-	hypothetical protein
PMG11_01230	CDHK01000001.1	3721704	3724138	-	hypothetical protein
PMG11_01231	CDHK01000001.1	3727647	3728495	+	hypothetical protein
PMG11_01232	CDHK01000001.1	3733271	3733872	-	hypothetical protein
PMG11_01233	CDHK01000001.1	3736326	3737100	+	hypothetical protein
PMG11_01234	CDHK01000001.1	3739358	3740231	-	Putative Chitin binding domain-containing protein
PMG11_01235	CDHK01000001.1	3741687	3743445	+	hypothetical protein
PMG11_01236	CDHK01000001.1	3745023	3748775	+	hypothetical protein
PMG11_01237	CDHK01000001.1	3749361	3749964	-	hypothetical protein
PMG11_01238	CDHK01000001.1	3751838	3752786	-	Putative Cytochrome P450 monooxygenase
PMG11_01239	CDHK01000001.1	3756029	3756795	-	hypothetical protein
PMG11_01240	CDHK01000001.1	3757627	3759183	-	hypothetical protein
PMG11_01241	CDHK01000001.1	3760514	3761822	-	hypothetical protein
PMG11_01242	CDHK01000001.1	3762549	3764109	+	hypothetical protein
PMG11_01243	CDHK01000001.1	3764271	3765502	-	hypothetical protein
PMG11_01244	CDHK01000001.1	3766086	3767435	+	hypothetical protein
PMG11_01245	CDHK01000001.1	3767962	3768696	-	hypothetical protein
PMG11_01246	CDHK01000001.1	3769061	3770387	+	hypothetical protein
PMG11_01247	CDHK01000001.1	3772861	3775108	+	Putative Maltose permease
PMG11_01248	CDHK01000001.1	3776673	3778561	-	hypothetical protein
PMG11_01249	CDHK01000001.1	3779243	3780412	-	hypothetical protein
PMG11_01250	CDHK01000001.1	3781165	3782986	+	hypothetical protein
PMG11_01251	CDHK01000001.1	3783028	3784934	+	hypothetical protein
PMG11_01252	CDHK01000001.1	3784996	3786951	+	hypothetical protein
PMG11_01253	CDHK01000001.1	3787065	3790373	-	hypothetical protein
PMG11_01254	CDHK01000001.1	3791841	3793394	+	Putative Endo-1,4-beta-mannosidase
PMG11_01255	CDHK01000001.1	3793755	3794768	+	hypothetical protein
PMG11_01256	CDHK01000001.1	3795299	3797301	-	hypothetical protein
PMG11_01257	CDHK01000001.1	3799396	3800704	-	hypothetical protein
PMG11_01258	CDHK01000001.1	3801627	3802365	+	hypothetical protein
PMG11_01259	CDHK01000001.1	3803352	3804759	+	hypothetical protein
PMG11_01260	CDHK01000001.1	3806293	3808012	+	Putative Amino acid transporter
PMG11_01261	CDHK01000001.1	3808667	3809919	+	hypothetical protein
PMG11_01262	CDHK01000001.1	3810179	3812026	-	hypothetical protein
PMG11_01263	CDHK01000001.1	3812455	3813953	-	hypothetical protein
PMG11_01264	CDHK01000001.1	3816151	3816693	-	hypothetical protein
PMG11_01265	CDHK01000001.1	3816935	3817861	-	hypothetical protein
PMG11_01266	CDHK01000001.1	3818191	3819930	+	hypothetical protein
PMG11_01267	CDHK01000001.1	3820031	3820865	-	hypothetical protein
PMG11_01268	CDHK01000001.1	3822411	3823242	-	hypothetical protein
PMG11_01269	CDHK01000001.1	3824283	3826489	-	Putative Squalene synthetase
PMG11_01270	CDHK01000001.1	3826532	3828778	+	Putative DnaJ domain protein
PMG11_01271	CDHK01000001.1	3828779	3830137	-	hypothetical protein
PMG11_01272	CDHK01000001.1	3832812	3834551	-	Putative Tetratricopeptide repeat domain protein
PMG11_01273	CDHK01000001.1	3834770	3837375	+	hypothetical protein
PMG11_01274	CDHK01000001.1	3842571	3844824	+	hypothetical protein
PMG11_01275	CDHK01000001.1	3845079	3845611	+	hypothetical protein
PMG11_01276	CDHK01000001.1	3847035	3849116	+	hypothetical protein
PMG11_01277	CDHK01000001.1	3850536	3850964	+	hypothetical protein
PMG11_01278	CDHK01000001.1	3851542	3855400	-	hypothetical protein
PMG11_01279	CDHK01000001.1	3860740	3861399	-	Putative Podospora anserina S mat genomic DNA chromosome 2, supercontig 2
PMG11_01280	CDHK01000001.1	3862010	3863377	+	Putative NPP1 domain protein
PMG11_01281	CDHK01000001.1	3863971	3866084	-	hypothetical protein
PMG11_01282	CDHK01000001.1	3866245	3869430	-	hypothetical protein
PMG11_01283	CDHK01000001.1	3870138	3872036	-	hypothetical protein
PMG11_01284	CDHK01000001.1	3872041	3873465	+	hypothetical protein
PMG11_01285	CDHK01000001.1	3879707	3881027	+	hypothetical protein
PMG11_01286	CDHK01000001.1	3881582	3883399	-	hypothetical protein
PMG11_01287	CDHK01000001.1	3883879	3886075	-	hypothetical protein
PMG11_01288	CDHK01000001.1	3886192	3888762	+	hypothetical protein
PMG11_01289	CDHK01000001.1	3889138	3891246	-	hypothetical protein
PMG11_01290	CDHK01000001.1	3891487	3893392	-	Putative Mannosyltransferase, DXD
PMG11_01291	CDHK01000001.1	3893733	3898890	-	Putative Cellulolytic transcriptional activator ClrB
PMG11_01292	CDHK01000001.1	3896638	3901745	+	hypothetical protein
PMG11_01293	CDHK01000001.1	3903018	3904439	+	hypothetical protein
PMG11_01294	CDHK01000001.1	3904704	3905643	+	hypothetical protein
PMG11_01295	CDHK01000001.1	3906441	3907595	-	Putative RPEL repeat protein
PMG11_01296	CDHK01000001.1	3907752	3910049	-	Putative Thiosulfate sulfurtransferase
PMG11_01297	CDHK01000001.1	3910111	3911508	-	Putative Mercaptopyruvate sulfurtransferase/thiosulfate sulfurtransferase
PMG11_01298	CDHK01000001.1	3911594	3912345	+	Putative Remark: the systematic name for S. cerevisiae APC11 is YDL008w
PMG11_01299	CDHK01000001.1	3912678	3918334	-	Putative Kinesin family protein
PMG11_01300	CDHK01000001.1	3912828	3913904	+	hypothetical protein
PMG11_01301	CDHK01000001.1	3918533	3920258	+	Putative UPF0183 domain protein (AFU_orthologue; AFUA_7G01410)
PMG11_01302	CDHK01000001.1	3920487	3923829	+	Putative Isoleucyl-tRNA synthetase
PMG11_01303	CDHK01000001.1	3924085	3925666	+	hypothetical protein
PMG11_01304	CDHK01000001.1	3925880	3927255	-	hypothetical protein
PMG11_01305	CDHK01000001.1	3927929	3929416	-	Putative 40S ribosomal protein S2/30S ribosomal protein
PMG11_01306	CDHK01000001.1	3930020	3931219	+	Putative Protein sym1
PMG11_01307	CDHK01000001.1	3931374	3933010	+	Putative Eukaryotic translation initiation factor 4E-1
PMG11_01308	CDHK01000001.1	3933988	3936095	+	hypothetical protein
PMG11_01309	CDHK01000001.1	3937447	3942056	+	Putative MFS peptide transporter
PMG11_01310	CDHK01000001.1	3943643	3945572	+	hypothetical protein
PMG11_01311	CDHK01000001.1	3945786	3946405	-	Putative BolA domain protein
PMG11_01312	CDHK01000001.1	3946300	3949109	+	hypothetical protein
PMG11_01313	CDHK01000001.1	3949114	3952693	-	hypothetical protein
PMG11_01314	CDHK01000001.1	3954374	3956499	+	hypothetical protein
PMG11_01315	CDHK01000001.1	3959405	3960601	-	hypothetical protein
PMG11_01316	CDHK01000001.1	3962877	3963690	-	hypothetical protein
PMG11_01317	CDHK01000001.1	3963929	3964312	-	Putative Molybdopterin synthase small subunit CnxG
PMG11_01318	CDHK01000001.1	3966019	3968346	+	hypothetical protein
PMG11_01319	CDHK01000001.1	3969099	3972685	+	hypothetical protein
PMG11_01320	CDHK01000001.1	3978089	3980109	-	Putative Arylsulfotransferase
PMG11_01321	CDHK01000001.1	3982388	3983461	+	hypothetical protein
PMG11_01322	CDHK01000001.1	3983754	3985565	-	Putative Acyl-CoA dehydrogenase
PMG11_01323	CDHK01000001.1	3985696	3987229	+	hypothetical protein
PMG11_01324	CDHK01000001.1	3988569	3990925	+	Putative Tartrate transporter
PMG11_01325	CDHK01000001.1	3991988	3993327	-	Putative Cystathionine beta-lyases/cystathionine gamma-synthases
PMG11_01326	CDHK01000001.1	3993605	3997502	-	hypothetical protein
PMG11_01327	CDHK01000001.1	4004288	4009232	+	hypothetical protein
PMG11_01328	CDHK01000001.1	4009448	4012803	+	Putative Zinc finger domain-containing protein
PMG11_01329	CDHK01000001.1	4012916	4016291	+	hypothetical protein
PMG11_01330	CDHK01000001.1	4016580	4019947	-	hypothetical protein
PMG11_01331	CDHK01000001.1	4021358	4023650	+	hypothetical protein
PMG11_01332	CDHK01000001.1	4024213	4026142	-	hypothetical protein
PMG11_01333	CDHK01000001.1	4028793	4030823	-	Putative Acetamidase (Eurofung)
PMG11_01334	CDHK01000001.1	4031356	4032878	-	hypothetical protein
PMG11_01335	CDHK01000001.1	4033453	4035828	+	hypothetical protein
PMG11_01336	CDHK01000001.1	4036204	4038028	+	hypothetical protein
PMG11_01337	CDHK01000001.1	4038327	4038687	+	hypothetical protein
PMG11_01338	CDHK01000001.1	4039169	4039831	-	hypothetical protein
PMG11_01339	CDHK01000001.1	4040786	4043384	+	hypothetical protein
PMG11_01340	CDHK01000001.1	4043391	4045539	-	Putative Amino acid transporter
PMG11_01341	CDHK01000001.1	4045979	4048032	+	hypothetical protein
PMG11_01342	CDHK01000001.1	4048983	4050470	+	hypothetical protein
PMG11_01343	CDHK01000001.1	4050577	4052639	-	hypothetical protein
PMG11_01344	CDHK01000001.1	4054636	4055720	-	hypothetical protein
PMG11_01345	CDHK01000001.1	4056780	4057361	-	hypothetical protein
PMG11_01346	CDHK01000001.1	4061949	4062600	+	hypothetical protein
PMG11_01347	CDHK01000001.1	4062895	4065538	-	hypothetical protein
PMG11_01348	CDHK01000001.1	4068251	4068624	-	hypothetical protein
PMG11_01349	CDHK01000001.1	4069666	4071104	-	hypothetical protein
PMG11_01350	CDHK01000001.1	4074100	4077851	+	hypothetical protein
PMG11_01351	CDHK01000001.1	4077248	4078117	-	hypothetical protein
PMG11_01352	CDHK01000001.1	4078974	4080563	-	Putative Nuclease PA3
PMG11_01353	CDHK01000001.1	4084196	4087604	+	hypothetical protein
PMG11_01354	CDHK01000001.1	4088649	4089080	+	hypothetical protein
PMG11_01355	CDHK01000001.1	4089690	4091773	-	Putative Cytochrome P450
PMG11_01356	CDHK01000001.1	4092148	4093777	+	hypothetical protein
PMG11_01357	CDHK01000001.1	4095905	4097718	-	hypothetical protein
PMG11_01358	CDHK01000001.1	4099019	4107053	+	hypothetical protein
PMG11_01359	CDHK01000001.1	4107905	4110143	+	hypothetical protein
PMG11_01360	CDHK01000001.1	4111990	4113345	-	Putative ATP-dependent rRNA helicase RRP3
PMG11_01361	CDHK01000001.1	4114788	4115364	+	hypothetical protein
PMG11_01362	CDHK01000001.1	4116941	4120604	-	hypothetical protein
PMG11_01363	CDHK01000001.1	4121375	4122454	-	hypothetical protein
PMG11_01364	CDHK01000001.1	4123608	4125160	+	hypothetical protein
PMG11_01365	CDHK01000001.1	4125582	4126400	+	hypothetical protein
PMG11_01366	CDHK01000001.1	4126410	4128438	-	Putative Phosphatidylserine decarboxylase family protein
PMG11_01367	CDHK01000001.1	4131498	4133687	+	Putative MFS transporter
PMG11_01368	CDHK01000001.1	4138774	4140024	-	hypothetical protein
PMG11_01369	CDHK01000001.1	4141514	4142398	-	hypothetical protein
PMG11_01370	CDHK01000001.1	4142743	4144522	+	hypothetical protein
PMG11_01371	CDHK01000001.1	4145751	4146739	+	Putative 60S ribosomal protein 15.5kD/SNU13, NHP2/L7A family
PMG11_01372	CDHK01000001.1	4147671	4149877	+	Putative Rhamnogalacturonase (RhgB)
PMG11_01373	CDHK01000001.1	4150052	4152204	+	Putative MFS general substrate transporter
PMG11_01374	CDHK01000001.1	4152705	4153235	+	hypothetical protein
PMG11_01375	CDHK01000001.1	4156831	4161040	+	hypothetical protein
PMG11_01376	CDHK01000001.1	4161269	4164725	-	hypothetical protein
PMG11_01377	CDHK01000001.1	4165051	4167896	-	hypothetical protein
PMG11_01378	CDHK01000001.1	4169177	4172063	-	Putative UDP-glucose pyrophosphorylase
PMG11_01379	CDHK01000001.1	4175820	4181748	-	Putative Ca2-dependent lipid-binding protein
PMG11_01380	CDHK01000001.1	4183889	4186267	-	Putative Heat shock protein
PMG11_01381	CDHK01000001.1	4186332	4188090	+	hypothetical protein
PMG11_01382	CDHK01000001.1	4188589	4191486	+	Putative C6 transcription factor
PMG11_01383	CDHK01000001.1	4191648	4193313	-	Putative Nicotinate phosphoribosyltransferase
PMG11_01384	CDHK01000001.1	4194153	4196963	-	hypothetical protein
PMG11_01385	CDHK01000001.1	4194442	4195698	+	hypothetical protein
PMG11_01386	CDHK01000001.1	4197678	4199989	+	hypothetical protein
PMG11_01387	CDHK01000001.1	4201639	4202273	-	hypothetical protein
PMG11_01388	CDHK01000001.1	4202548	4204828	+	Putative DUF1716 domain protein
PMG11_01389	CDHK01000001.1	4205457	4209283	+	Putative DNA-directed RNA polymerase (Fragment)
PMG11_01390	CDHK01000001.1	4210219	4212791	+	hypothetical protein
PMG11_01391	CDHK01000001.1	4218264	4222825	-	hypothetical protein
PMG11_01392	CDHK01000001.1	4223485	4226396	-	hypothetical protein
PMG11_01393	CDHK01000001.1	4226681	4228609	-	Putative Triacylglycerol lipase
PMG11_01394	CDHK01000001.1	4228771	4229696	-	Putative Vacuolar ATPase
PMG11_01395	CDHK01000001.1	4229694	4230699	+	Putative Cytochrome c oxidase assembly protein
PMG11_01396	CDHK01000001.1	4231748	4233930	+	Putative Indoleamine 2,3-dioxygenase family protein
PMG11_01397	CDHK01000001.1	4234619	4234975	-	hypothetical protein
PMG11_01398	CDHK01000001.1	4235980	4236393	-	hypothetical protein
PMG11_01399	CDHK01000001.1	4236679	4238658	-	hypothetical protein
PMG11_01400	CDHK01000001.1	4238748	4240879	+	hypothetical protein
PMG11_01401	CDHK01000001.1	4240984	4242460	+	Putative Alcohol dehydrogenase
PMG11_01402	CDHK01000001.1	4244569	4245913	-	hypothetical protein
PMG11_01403	CDHK01000001.1	4246807	4252556	+	hypothetical protein
PMG11_01404	CDHK01000001.1	4246864	4247960	-	hypothetical protein
PMG11_01405	CDHK01000001.1	4257900	4259093	+	Putative Phosphate-repressible acid phosphatase
PMG11_01406	CDHK01000001.1	4261232	4262324	-	hypothetical protein
PMG11_01407	CDHK01000001.1	4266254	4267623	-	hypothetical protein
PMG11_01408	CDHK01000001.1	4269627	4270256	+	hypothetical protein
PMG11_01409	CDHK01000001.1	4271713	4272763	+	hypothetical protein
PMG11_01410	CDHK01000001.1	4273220	4274110	-	hypothetical protein
PMG11_01411	CDHK01000001.1	4275866	4277822	+	hypothetical protein
PMG11_01412	CDHK01000001.1	4279247	4280263	-	hypothetical protein
PMG11_01413	CDHK01000001.1	4281916	4283103	+	hypothetical protein
PMG11_01414	CDHK01000001.1	4283784	4285090	-	hypothetical protein
PMG11_01415	CDHK01000001.1	4286372	4288159	+	hypothetical protein
PMG11_01416	CDHK01000001.1	4288449	4291319	-	hypothetical protein
PMG11_01417	CDHK01000001.1	4295157	4295945	+	Putative GTP-binding protein EsdC
PMG11_01418	CDHK01000001.1	4299080	4299802	+	hypothetical protein
PMG11_01419	CDHK01000001.1	4300406	4301125	-	hypothetical protein
PMG11_01420	CDHK01000001.1	4301787	4304419	-	hypothetical protein
PMG11_01421	CDHK01000001.1	4304934	4306172	-	hypothetical protein
PMG11_01422	CDHK01000001.1	4306467	4307701	+	hypothetical protein
PMG11_01423	CDHK01000001.1	4309554	4310470	+	hypothetical protein
PMG11_01424	CDHK01000001.1	4311620	4314046	+	hypothetical protein
PMG11_01425	CDHK01000001.1	4314785	4317158	-	hypothetical protein
PMG11_01426	CDHK01000001.1	4317467	4318713	+	hypothetical protein
PMG11_01427	CDHK01000001.1	4319079	4320125	+	hypothetical protein
PMG11_01428	CDHK01000001.1	4320700	4321281	-	hypothetical protein
PMG11_01429	CDHK01000001.1	4322151	4324236	-	hypothetical protein
PMG11_01430	CDHK01000001.1	4326466	4329869	+	hypothetical protein
PMG11_01431	CDHK01000001.1	4330553	4332055	-	hypothetical protein
PMG11_01432	CDHK01000001.1	4332207	4333394	+	Putative 40S ribosomal protein S24
PMG11_01433	CDHK01000001.1	4336082	4337817	-	hypothetical protein
PMG11_01434	CDHK01000001.1	4340283	4343373	+	Putative Peptidyl-prolyl cis-trans isomerase-like 4
PMG11_01435	CDHK01000001.1	4344173	4346255	+	Putative UDP-N-acetylglucosamine pyrophosphorylase
PMG11_01436	CDHK01000001.1	4347158	4348554	+	Putative Zinc knuckle domain protein
PMG11_01437	CDHK01000001.1	4349918	4351050	+	Putative Meiotic recombination protein dmc1
PMG11_01438	CDHK01000001.1	4351321	4352950	+	hypothetical protein
PMG11_01439	CDHK01000001.1	4353358	4354840	+	hypothetical protein
PMG11_01440	CDHK01000001.1	4358405	4361923	+	Putative mRNA binding post-transcriptional regulator
PMG11_01441	CDHK01000001.1	4358655	4359677	+	hypothetical protein
PMG11_01442	CDHK01000001.1	4362930	4364677	+	hypothetical protein
PMG11_01443	CDHK01000001.1	4365264	4367947	+	hypothetical protein
PMG11_01444	CDHK01000001.1	4369701	4375157	-	Putative Adhesion defective protein 3
PMG11_01445	CDHK01000001.1	4375386	4376795	-	Putative Transport protein particle (TRAPP) complex subunit
PMG11_01446	CDHK01000001.1	4376988	4378358	+	Putative U5 snRNP complex subunit
PMG11_01447	CDHK01000001.1	4378898	4379370	+	hypothetical protein
PMG11_01448	CDHK01000001.1	4380443	4381840	-	hypothetical protein
PMG11_01449	CDHK01000001.1	4382581	4384406	-	hypothetical protein
PMG11_01450	CDHK01000001.1	4385179	4386718	-	hypothetical protein
PMG11_01451	CDHK01000001.1	4387185	4388194	+	hypothetical protein
PMG11_01452	CDHK01000001.1	4388751	4389907	+	hypothetical protein
PMG11_01453	CDHK01000001.1	4390077	4392717	+	hypothetical protein
PMG11_01454	CDHK01000001.1	4396267	4397863	-	hypothetical protein
PMG11_01455	CDHK01000001.1	4398284	4400137	+	hypothetical protein
PMG11_01456	CDHK01000001.1	4400650	4404441	+	hypothetical protein
PMG11_01457	CDHK01000001.1	4405544	4406775	+	hypothetical protein
PMG11_01458	CDHK01000001.1	4409349	4410323	+	hypothetical protein
PMG11_01459	CDHK01000001.1	4411187	4413260	+	hypothetical protein
PMG11_01460	CDHK01000001.1	4414001	4415016	+	hypothetical protein
PMG11_01461	CDHK01000001.1	4416052	4416906	-	Putative Hydrolase
PMG11_01462	CDHK01000001.1	4417337	4418894	+	hypothetical protein
PMG11_01463	CDHK01000001.1	4419122	4420390	-	hypothetical protein
PMG11_01464	CDHK01000001.1	4420885	4421664	-	hypothetical protein
PMG11_01465	CDHK01000001.1	4429233	4430327	-	hypothetical protein
PMG11_01466	CDHK01000001.1	4432814	4434857	+	Putative Oxidoreductase
PMG11_01467	CDHK01000001.1	4435209	4440219	+	Putative Mannosyl-oligosaccharide 1,2-alpha-mannosidase (Fragment)
PMG11_01468	CDHK01000001.1	4439358	4440041	-	Putative Protein MMF1, mitochondrial
PMG11_01469	CDHK01000001.1	4440561	4442399	-	hypothetical protein
PMG11_01470	CDHK01000001.1	4445785	4446594	+	Putative Adenine phosphoribosyltransferase 1
PMG11_01471	CDHK01000001.1	4447385	4448200	-	hypothetical protein
PMG11_01472	CDHK01000001.1	4449041	4453331	-	Putative C2 domain protein
PMG11_01473	CDHK01000001.1	4454306	4455135	-	Putative NADH:ubiquinone oxidoreductase kD subunit
PMG11_01474	CDHK01000001.1	4455189	4460391	+	hypothetical protein
PMG11_01475	CDHK01000001.1	4467437	4468569	+	hypothetical protein
PMG11_01476	CDHK01000001.1	4469802	4471581	+	Putative Alcohol dehydrogenase
PMG11_01477	CDHK01000001.1	4472662	4474666	-	Putative mRNA processing protein
PMG11_01478	CDHK01000001.1	4474783	4479413	-	Putative Oxysterol binding protein
PMG11_01479	CDHK01000001.1	4479531	4481119	-	hypothetical protein
PMG11_01480	CDHK01000001.1	4482817	4485165	-	Putative Polysaccharide synthase Cps1
PMG11_01481	CDHK01000001.1	4497317	4502830	+	hypothetical protein
PMG11_01482	CDHK01000001.1	4497701	4498750	-	hypothetical protein
PMG11_01483	CDHK01000001.1	4503130	4504609	-	hypothetical protein
PMG11_01484	CDHK01000001.1	4504696	4506548	-	hypothetical protein
PMG11_01485	CDHK01000001.1	4507876	4509144	+	Putative GTPase Rab4
PMG11_01486	CDHK01000001.1	4509686	4510968	-	Putative Xylitol dehydrogenase
PMG11_01487	CDHK01000001.1	4511935	4513993	+	Putative D-lactate dehydrogenase
PMG11_01488	CDHK01000001.1	4514064	4517154	-	Putative TINC (Eurofung)
PMG11_01489	CDHK01000001.1	4517911	4520108	+	hypothetical protein
PMG11_01490	CDHK01000001.1	4520412	4522644	+	hypothetical protein
PMG11_01491	CDHK01000001.1	4522784	4525934	-	hypothetical protein
PMG11_01492	CDHK01000001.1	4526118	4526514	+	Putative DNA-directed RNA polymerases N/8 kDa subunit superfamily
PMG11_01493	CDHK01000001.1	4527387	4530264	+	hypothetical protein
PMG11_01494	CDHK01000001.1	4530583	4532539	-	hypothetical protein
PMG11_01495	CDHK01000001.1	4533147	4535264	-	hypothetical protein
PMG11_01496	CDHK01000001.1	4535468	4538076	-	hypothetical protein
PMG11_01497	CDHK01000001.1	4580393	4580746	+	hypothetical protein
PMG11_01498	CDHK01000001.1	4634497	4635501	-	hypothetical protein
PMG11_01499	CDHK01000002.1	7860	10251	-	Putative C-4 methylsterol oxidase
PMG11_01500	CDHK01000002.1	10685	12885	+	hypothetical protein
PMG11_01501	CDHK01000002.1	13741	14547	+	Putative GTP-binding protein
PMG11_01502	CDHK01000002.1	15255	18044	+	Putative AAA-type ATPase
PMG11_01503	CDHK01000002.1	18216	28654	-	Putative UVSB PI-3 kinase
PMG11_01504	CDHK01000002.1	18216	19444	+	Putative SR45
PMG11_01505	CDHK01000002.1	28771	30126	+	Putative Cytidine and deoxycytidylate deaminase zinc-binding domain protein
PMG11_01506	CDHK01000002.1	29633	31138	-	Putative NADH-ubiquinone oxidoreductase 21 kDa subunit
PMG11_01507	CDHK01000002.1	31360	32299	+	hypothetical protein
PMG11_01508	CDHK01000002.1	32752	34564	-	hypothetical protein
PMG11_01509	CDHK01000002.1	35278	37143	-	Putative Riboflavin-specific deaminase
PMG11_01510	CDHK01000002.1	37690	41144	-	hypothetical protein
PMG11_01511	CDHK01000002.1	41512	42964	+	Putative Cytochrome c oxidase assembly protein
PMG11_01512	CDHK01000002.1	43076	46045	+	hypothetical protein
PMG11_01513	CDHK01000002.1	46289	48544	+	hypothetical protein
PMG11_01514	CDHK01000002.1	48636	49300	-	hypothetical protein
PMG11_01515	CDHK01000002.1	50244	54572	+	Putative Ribitol kinase
PMG11_01516	CDHK01000002.1	50350	56918	-	Putative Calcium permease family membrane transporter
PMG11_01517	CDHK01000002.1	57092	58743	+	Putative 26S protease regulatory subunit 8
PMG11_01518	CDHK01000002.1	60850	63571	+	hypothetical protein
PMG11_01519	CDHK01000002.1	63774	66140	+	hypothetical protein
PMG11_01520	CDHK01000002.1	66597	67738	-	Putative Rab GTPase interacting factor, Golgi family membrane protein
PMG11_01521	CDHK01000002.1	68077	69881	-	Putative Outer membrane protein
PMG11_01522	CDHK01000002.1	69975	71264	+	Putative Ubiquitin-conjugating enzyme Ubc6
PMG11_01523	CDHK01000002.1	71456	74027	+	hypothetical protein
PMG11_01524	CDHK01000002.1	74306	75438	+	Putative Cytochrome C1 heme lyase
PMG11_01525	CDHK01000002.1	74332	78060	-	Putative Mitochondrion protein
PMG11_01526	CDHK01000002.1	78589	80318	+	hypothetical protein
PMG11_01527	CDHK01000002.1	80926	84448	-	hypothetical protein
PMG11_01528	CDHK01000002.1	84531	85848	+	hypothetical protein
PMG11_01529	CDHK01000002.1	85800	86679	-	Putative Xanthine phosphoribosyltransferase 1
PMG11_01530	CDHK01000002.1	87076	88505	-	Putative Thermophilic desulfurizing enzyme family protein
PMG11_01531	CDHK01000002.1	89013	89978	-	hypothetical protein
PMG11_01532	CDHK01000002.1	91107	95882	-	hypothetical protein
PMG11_01533	CDHK01000002.1	96541	99100	-	Putative C4-dicarboxylate/malic acid transporter
PMG11_01534	CDHK01000002.1	99346	100902	+	Putative Dehydrogenase
PMG11_01535	CDHK01000002.1	101078	103115	+	Putative Podospora anserina S mat genomic DNA chromosome 3, supercontig 2
PMG11_01536	CDHK01000002.1	101817	105315	-	hypothetical protein
PMG11_01537	CDHK01000002.1	105567	110066	+	Putative HSF-type DNA-binding domain protein
PMG11_01538	CDHK01000002.1	110332	111101	-	hypothetical protein
PMG11_01539	CDHK01000002.1	111242	115661	-	hypothetical protein
PMG11_01540	CDHK01000002.1	115791	116817	-	hypothetical protein
PMG11_01541	CDHK01000002.1	116945	119043	+	hypothetical protein
PMG11_01542	CDHK01000002.1	119422	121076	-	Putative 60S ribosomal protein L13
PMG11_01543	CDHK01000002.1	122294	124546	-	hypothetical protein
PMG11_01544	CDHK01000002.1	125957	129025	+	hypothetical protein
PMG11_01545	CDHK01000002.1	129305	130462	-	hypothetical protein
PMG11_01546	CDHK01000002.1	131020	133074	+	Putative Actin family protein
PMG11_01547	CDHK01000002.1	133468	134672	+	hypothetical protein
PMG11_01548	CDHK01000002.1	134840	136361	-	Putative 3-hydroxyacyl-CoA dehydrogenase
PMG11_01549	CDHK01000002.1	136171	140302	+	hypothetical protein
PMG11_01550	CDHK01000002.1	140966	142093	+	hypothetical protein
PMG11_01551	CDHK01000002.1	142307	143248	+	hypothetical protein
PMG11_01552	CDHK01000002.1	143337	143828	-	hypothetical protein
PMG11_01553	CDHK01000002.1	144283	145278	-	hypothetical protein
PMG11_01554	CDHK01000002.1	149181	149903	-	hypothetical protein
PMG11_01555	CDHK01000002.1	151332	153023	-	hypothetical protein
PMG11_01556	CDHK01000002.1	154015	154854	-	hypothetical protein
PMG11_01557	CDHK01000002.1	155432	156380	+	Putative Arsenic resistance protein ArsH
PMG11_01558	CDHK01000002.1	158401	161312	+	hypothetical protein
PMG11_01559	CDHK01000002.1	160751	162218	-	hypothetical protein
PMG11_01560	CDHK01000002.1	163492	165250	+	Putative Hexose carrier protein
PMG11_01561	CDHK01000002.1	166552	166902	+	hypothetical protein
PMG11_01562	CDHK01000002.1	167049	169340	-	hypothetical protein
PMG11_01563	CDHK01000002.1	169692	173155	+	hypothetical protein
PMG11_01564	CDHK01000002.1	174319	176591	+	hypothetical protein
PMG11_01565	CDHK01000002.1	177604	179129	+	hypothetical protein
PMG11_01566	CDHK01000002.1	179377	180122	-	hypothetical protein
PMG11_01567	CDHK01000002.1	180315	182664	-	hypothetical protein
PMG11_01568	CDHK01000002.1	184018	185247	-	hypothetical protein
PMG11_01569	CDHK01000002.1	187098	187997	+	hypothetical protein
PMG11_01570	CDHK01000002.1	188494	189438	-	hypothetical protein
PMG11_01571	CDHK01000002.1	190370	192241	-	Putative RNA pol II transcription initiation subunit
PMG11_01572	CDHK01000002.1	192359	193734	+	Putative PaaI_thioesterase family protein
PMG11_01573	CDHK01000002.1	193732	198635	-	Putative DEAD box containing helicases
PMG11_01574	CDHK01000002.1	198808	202234	+	hypothetical protein
PMG11_01575	CDHK01000002.1	208980	212552	+	hypothetical protein
PMG11_01576	CDHK01000002.1	213817	216708	-	hypothetical protein
PMG11_01577	CDHK01000002.1	215494	218834	+	hypothetical protein
PMG11_01578	CDHK01000002.1	220972	221777	+	Putative Copper resistance protein Crd2
PMG11_01579	CDHK01000002.1	223172	228005	+	Putative AP-2 complex subunit alpha
PMG11_01580	CDHK01000002.1	227014	227844	-	Putative Alanine racemase family protein
PMG11_01581	CDHK01000002.1	229171	230508	+	hypothetical protein
PMG11_01582	CDHK01000002.1	230620	234671	+	hypothetical protein
PMG11_01583	CDHK01000002.1	234852	236034	-	hypothetical protein
PMG11_01584	CDHK01000002.1	236679	238377	+	Putative Glutathione S-transferase
PMG11_01585	CDHK01000002.1	238479	239627	-	hypothetical protein
PMG11_01586	CDHK01000002.1	240068	241230	-	hypothetical protein
PMG11_01587	CDHK01000002.1	241455	242996	-	Putative D-threonine aldolase
PMG11_01588	CDHK01000002.1	243578	244890	-	Putative Leucine aminopeptidase 1
PMG11_01589	CDHK01000002.1	245863	247246	+	hypothetical protein
PMG11_01590	CDHK01000002.1	250821	252474	+	hypothetical protein
PMG11_01591	CDHK01000002.1	257468	258208	+	Putative DsRNA-binding protein
PMG11_01592	CDHK01000002.1	261031	263215	-	Putative MFS general substrate transporter
PMG11_01593	CDHK01000002.1	264164	266162	+	Putative Queuine tRNA-ribosyltransferase
PMG11_01594	CDHK01000002.1	266336	267524	+	Putative Thymidylate synthase
PMG11_01595	CDHK01000002.1	267711	268646	-	Putative AN1 zinc finger protein
PMG11_01596	CDHK01000002.1	268889	269818	-	Putative Alpha/beta hydrolase
PMG11_01597	CDHK01000002.1	270566	271270	+	hypothetical protein
PMG11_01598	CDHK01000002.1	271271	272319	-	hypothetical protein
PMG11_01599	CDHK01000002.1	273332	274881	+	Putative Myo-inositol-1(Or 4)-monophosphatase
PMG11_01600	CDHK01000002.1	275994	277810	+	hypothetical protein
PMG11_01601	CDHK01000002.1	278302	282764	+	Putative Chitin synthase B
PMG11_01602	CDHK01000002.1	282893	283966	-	hypothetical protein
PMG11_01603	CDHK01000002.1	285769	287215	+	hypothetical protein
PMG11_01604	CDHK01000002.1	288638	290365	+	hypothetical protein
PMG11_01605	CDHK01000002.1	290860	291906	+	hypothetical protein
PMG11_01606	CDHK01000002.1	292329	294323	-	hypothetical protein
PMG11_01607	CDHK01000002.1	295042	296613	-	hypothetical protein
PMG11_01608	CDHK01000002.1	297406	299935	-	Putative Catalase
PMG11_01609	CDHK01000002.1	302185	304678	-	hypothetical protein
PMG11_01610	CDHK01000002.1	304778	308517	-	Putative Protein kinase activator Bem1 (Fragment)
PMG11_01611	CDHK01000002.1	310371	313124	-	Putative SAC3/GANP domain-containing protein
PMG11_01612	CDHK01000002.1	313036	314983	+	Putative Vacuolar protein sorting protein
PMG11_01613	CDHK01000002.1	315639	317867	+	hypothetical protein
PMG11_01614	CDHK01000002.1	318188	320146	-	hypothetical protein
PMG11_01615	CDHK01000002.1	324954	328777	+	hypothetical protein
PMG11_01616	CDHK01000002.1	331753	333737	-	hypothetical protein
PMG11_01617	CDHK01000002.1	334032	334521	+	hypothetical protein
PMG11_01618	CDHK01000002.1	335330	335872	+	hypothetical protein
PMG11_01619	CDHK01000002.1	336517	338048	+	Putative Histidinol-phosphatase
PMG11_01620	CDHK01000002.1	338900	339714	+	Putative Peptidyl-prolyl cis-trans isomerase
PMG11_01621	CDHK01000002.1	339942	340811	-	Putative Threonyl and Alanyl tRNA synthetase second additional domain-containing protein
PMG11_01622	CDHK01000002.1	341314	343581	-	hypothetical protein
PMG11_01623	CDHK01000002.1	344658	346538	-	hypothetical protein
PMG11_01624	CDHK01000002.1	347503	348831	-	Putative ATPase family AAA domain-containing protein
PMG11_01625	CDHK01000002.1	349016	351024	+	hypothetical protein
PMG11_01626	CDHK01000002.1	351204	354926	+	Putative GPI ethanolamine phosphate transferase 1
PMG11_01627	CDHK01000002.1	355498	356990	+	Putative Cystathionine beta-lyase
PMG11_01628	CDHK01000002.1	357395	358499	+	hypothetical protein
PMG11_01629	CDHK01000002.1	359802	361252	+	hypothetical protein
PMG11_01630	CDHK01000002.1	361700	362161	-	hypothetical protein
PMG11_01631	CDHK01000002.1	362599	363569	-	hypothetical protein
PMG11_01632	CDHK01000002.1	364328	365328	+	hypothetical protein
PMG11_01633	CDHK01000002.1	365486	366838	-	hypothetical protein
PMG11_01634	CDHK01000002.1	369088	371952	-	hypothetical protein
PMG11_01635	CDHK01000002.1	372544	374989	-	hypothetical protein
PMG11_01636	CDHK01000002.1	375419	378202	+	Putative Permeases of the major facilitator superfamily
PMG11_01637	CDHK01000002.1	378475	380215	-	hypothetical protein
PMG11_01638	CDHK01000002.1	381584	383528	-	Putative 60S ribosomal protein L7
PMG11_01639	CDHK01000002.1	383715	385071	+	Putative ELL complex subunit Eap30
PMG11_01640	CDHK01000002.1	385260	386484	-	Putative Uridine/cytidine kinase
PMG11_01641	CDHK01000002.1	387034	390233	+	Putative Peroxisomal hydratase-dehydrogenase-epimerase
PMG11_01642	CDHK01000002.1	390507	393484	+	hypothetical protein
PMG11_01643	CDHK01000002.1	394412	395969	+	hypothetical protein
PMG11_01644	CDHK01000002.1	396661	399428	-	Putative Eukaryotic translation initiation factor 3 subunit C
PMG11_01645	CDHK01000002.1	400648	403801	-	Putative Kinase domain containing protein
PMG11_01646	CDHK01000002.1	405367	409466	+	hypothetical protein
PMG11_01647	CDHK01000002.1	410269	412126	-	Putative GABA transporter (Eurofung)
PMG11_01648	CDHK01000002.1	412845	414220	+	hypothetical protein
PMG11_01649	CDHK01000002.1	415853	417048	+	hypothetical protein
PMG11_01650	CDHK01000002.1	417177	418602	-	hypothetical protein
PMG11_01651	CDHK01000002.1	419562	420164	-	hypothetical protein
PMG11_01652	CDHK01000002.1	421391	423487	+	hypothetical protein
PMG11_01653	CDHK01000002.1	423791	426389	-	hypothetical protein
PMG11_01654	CDHK01000002.1	427173	427639	+	hypothetical protein
PMG11_01655	CDHK01000002.1	427935	430185	+	hypothetical protein
PMG11_01656	CDHK01000002.1	427935	428620	-	hypothetical protein
PMG11_01657	CDHK01000002.1	432423	434454	-	hypothetical protein
PMG11_01658	CDHK01000002.1	434606	438104	-	hypothetical protein
PMG11_01659	CDHK01000002.1	434919	436019	+	hypothetical protein
PMG11_01660	CDHK01000002.1	438624	440966	+	hypothetical protein
PMG11_01661	CDHK01000002.1	441350	442230	+	hypothetical protein
PMG11_01662	CDHK01000002.1	442699	444294	-	hypothetical protein
PMG11_01663	CDHK01000002.1	445068	447077	-	Putative MFS multidrug transporter
PMG11_01664	CDHK01000002.1	447319	449110	+	hypothetical protein
PMG11_01665	CDHK01000002.1	449483	451929	-	Putative Zn(II)2Cys6 transcription factor
PMG11_01666	CDHK01000002.1	453841	455235	+	hypothetical protein
PMG11_01667	CDHK01000002.1	455818	457377	-	hypothetical protein
PMG11_01668	CDHK01000002.1	457550	459323	+	hypothetical protein
PMG11_01669	CDHK01000002.1	459476	460988	+	hypothetical protein
PMG11_01670	CDHK01000002.1	462287	468806	+	hypothetical protein
PMG11_01671	CDHK01000002.1	469680	470909	-	hypothetical protein
PMG11_01672	CDHK01000002.1	474354	475088	-	hypothetical protein
PMG11_01673	CDHK01000002.1	475700	477943	-	hypothetical protein
PMG11_01674	CDHK01000002.1	478681	479792	+	hypothetical protein
PMG11_01675	CDHK01000002.1	479946	482144	+	hypothetical protein
PMG11_01676	CDHK01000002.1	480858	483723	-	Putative Carboxylic acid transporter
PMG11_01677	CDHK01000002.1	484959	491633	+	Putative Clathrin heavy chain
PMG11_01678	CDHK01000002.1	493911	499752	+	Putative Pyruvate carboxylase
PMG11_01679	CDHK01000002.1	500180	502371	+	hypothetical protein
PMG11_01680	CDHK01000002.1	502826	504184	+	hypothetical protein
PMG11_01681	CDHK01000002.1	504801	506365	-	Putative 60S ribosomal protein L11
PMG11_01682	CDHK01000002.1	506512	508031	+	Putative U1 snRNP component
PMG11_01683	CDHK01000002.1	508469	509587	+	Putative Small nuclear ribonucleoprotein B and B
PMG11_01684	CDHK01000002.1	509238	513650	-	Putative Amino acid transporter
PMG11_01685	CDHK01000002.1	509753	517359	+	Putative YBR235W-like protein
PMG11_01686	CDHK01000002.1	517877	522866	-	hypothetical protein
PMG11_01687	CDHK01000002.1	518498	519847	+	Putative Mevalonate kinase
PMG11_01688	CDHK01000002.1	523592	524808	+	hypothetical protein
PMG11_01689	CDHK01000002.1	526161	528645	+	hypothetical protein
PMG11_01690	CDHK01000002.1	529016	530140	+	Putative CaaX farnesyltransferase alpha subunit Ram2
PMG11_01691	CDHK01000002.1	530438	531859	-	Putative L-serine dehydratase
PMG11_01692	CDHK01000002.1	532571	534737	-	Putative Methionine-tRNA synthetase
PMG11_01693	CDHK01000002.1	534831	535942	+	hypothetical protein
PMG11_01694	CDHK01000002.1	535155	536498	-	Putative Title: questionable ORF (Precursor)
PMG11_01695	CDHK01000002.1	537479	537974	+	Putative 60S ribosomal protein L38
PMG11_01696	CDHK01000002.1	539627	541135	+	hypothetical protein
PMG11_01697	CDHK01000002.1	542135	542940	+	Putative Cellulose monooxygenase Cel61A
PMG11_01698	CDHK01000002.1	543025	544151	-	hypothetical protein
PMG11_01699	CDHK01000002.1	544317	546340	-	hypothetical protein
PMG11_01700	CDHK01000002.1	547193	548239	+	Putative Dioxygenases related to 2-nitropropane dioxygenase
PMG11_01701	CDHK01000002.1	548679	550282	-	Putative Taxilin alpha
PMG11_01702	CDHK01000002.1	549747	554695	+	Putative Mitochondrial presequence protease
PMG11_01703	CDHK01000002.1	554862	557312	+	hypothetical protein
PMG11_01704	CDHK01000002.1	557586	558872	-	hypothetical protein
PMG11_01705	CDHK01000002.1	559728	561695	-	Putative Pantothenate transporter
PMG11_01706	CDHK01000002.1	562623	563156	-	hypothetical protein
PMG11_01707	CDHK01000002.1	563495	565207	-	hypothetical protein
PMG11_01708	CDHK01000002.1	565355	567109	+	hypothetical protein
PMG11_01709	CDHK01000002.1	571083	572498	+	Putative Ornithine decarboxylase
PMG11_01710	CDHK01000002.1	572943	574037	-	Putative CobW domain protein
PMG11_01711	CDHK01000002.1	574655	575721	+	hypothetical protein
PMG11_01712	CDHK01000002.1	576001	577223	-	Putative Glutathione S-transferase kappa 1
PMG11_01713	CDHK01000002.1	578289	581194	+	hypothetical protein
PMG11_01714	CDHK01000002.1	582062	583811	-	hypothetical protein
PMG11_01715	CDHK01000002.1	583671	588962	+	hypothetical protein
PMG11_01716	CDHK01000002.1	584290	588962	-	hypothetical protein
PMG11_01717	CDHK01000002.1	589013	591220	-	Putative Glycylpeptide N-tetradecanoyltransferase
PMG11_01718	CDHK01000002.1	591549	593288	-	Putative Folylpolyglutamate synthase
PMG11_01719	CDHK01000002.1	593992	596213	-	Putative Phosphoinositide phosphatase
PMG11_01720	CDHK01000002.1	596435	598225	+	Putative Ypt5 protein
PMG11_01721	CDHK01000002.1	598557	600894	+	Putative Formation of crista junctions protein 1
PMG11_01722	CDHK01000002.1	600994	605222	+	hypothetical protein
PMG11_01723	CDHK01000002.1	606209	609271	-	Putative Elongation factor G
PMG11_01724	CDHK01000002.1	609487	610457	-	Putative Ribosomal protein
PMG11_01725	CDHK01000002.1	610597	613044	-	Putative Threonine dehydratase
PMG11_01726	CDHK01000002.1	613037	614361	+	Putative Altered inheritance of mitochondria protein 31, mitochondrial
PMG11_01727	CDHK01000002.1	615170	616437	+	hypothetical protein
PMG11_01728	CDHK01000002.1	616755	618512	-	hypothetical protein
PMG11_01729	CDHK01000002.1	618971	619996	-	hypothetical protein
PMG11_01730	CDHK01000002.1	620907	622713	+	hypothetical protein
PMG11_01731	CDHK01000002.1	624530	625344	-	hypothetical protein
PMG11_01732	CDHK01000002.1	625436	627749	-	Putative ALDH-like protein
PMG11_01733	CDHK01000002.1	628204	630345	-	hypothetical protein
PMG11_01734	CDHK01000002.1	630682	633012	-	Putative Pescadillo
PMG11_01735	CDHK01000002.1	633110	635513	+	Putative GPI transamidase component PIG-U
PMG11_01736	CDHK01000002.1	634747	635758	-	hypothetical protein
PMG11_01737	CDHK01000002.1	636086	637603	-	Putative Aldo-keto reductase
PMG11_01738	CDHK01000002.1	638730	639965	+	Putative Zinc-containing alcohol dehydrogenase
PMG11_01739	CDHK01000002.1	640403	643297	+	hypothetical protein
PMG11_01740	CDHK01000002.1	643560	645631	+	Putative Tyrosyl-tRNA synthetase, mitochondrial (Tyrosine--tRNA ligase) (Tyrrs)
PMG11_01741	CDHK01000002.1	645880	650141	+	Putative DNA mismatch repair protein Msh6
PMG11_01742	CDHK01000002.1	651430	652386	+	hypothetical protein
PMG11_01743	CDHK01000002.1	652977	653883	-	hypothetical protein
PMG11_01744	CDHK01000002.1	653949	656998	+	hypothetical protein
PMG11_01745	CDHK01000002.1	655612	656682	-	Putative YeeE/YedE family integral membrane protein
PMG11_01746	CDHK01000002.1	657501	658991	+	hypothetical protein
PMG11_01747	CDHK01000002.1	659458	660902	+	hypothetical protein
PMG11_01748	CDHK01000002.1	661349	667517	+	hypothetical protein
PMG11_01749	CDHK01000002.1	667707	669873	+	Putative Aspartyl-tRNA synthetase
PMG11_01750	CDHK01000002.1	670024	671718	-	hypothetical protein
PMG11_01751	CDHK01000002.1	672171	673260	+	hypothetical protein
PMG11_01752	CDHK01000002.1	673368	675223	-	hypothetical protein
PMG11_01753	CDHK01000002.1	675706	678591	+	hypothetical protein
PMG11_01754	CDHK01000002.1	678911	680524	-	Putative Protoheme IX farnesyltransferase, mitochondrial
PMG11_01755	CDHK01000002.1	680695	681648	+	Putative Monosaccharide-P-dolichol utilization protein
PMG11_01756	CDHK01000002.1	681848	682678	-	hypothetical protein
PMG11_01757	CDHK01000002.1	684757	686103	-	hypothetical protein
PMG11_01758	CDHK01000002.1	687308	688192	-	hypothetical protein
PMG11_01759	CDHK01000002.1	690588	691597	-	hypothetical protein
PMG11_01760	CDHK01000002.1	692717	694454	-	hypothetical protein
PMG11_01761	CDHK01000002.1	694780	696576	-	hypothetical protein
PMG11_01762	CDHK01000002.1	697376	698056	-	hypothetical protein
PMG11_01763	CDHK01000002.1	700629	703131	-	hypothetical protein
PMG11_01764	CDHK01000002.1	703910	704951	-	hypothetical protein
PMG11_01765	CDHK01000002.1	705161	706732	-	hypothetical protein
PMG11_01766	CDHK01000002.1	705171	711028	+	Putative 26S proteasome regulatory subunit Rpn2
PMG11_01767	CDHK01000002.1	711248	712304	+	hypothetical protein
PMG11_01768	CDHK01000002.1	712498	713088	-	hypothetical protein
PMG11_01769	CDHK01000002.1	715949	718541	+	Putative Acyl-CoA dehydrogenase NM domain-like protein
PMG11_01770	CDHK01000002.1	719460	722880	+	Putative Transcription elongation factor SPT5
PMG11_01771	CDHK01000002.1	723495	725027	+	hypothetical protein
PMG11_01772	CDHK01000002.1	726094	729394	+	hypothetical protein
PMG11_01773	CDHK01000002.1	729412	731561	-	hypothetical protein
PMG11_01774	CDHK01000002.1	731734	734642	+	hypothetical protein
PMG11_01775	CDHK01000002.1	731757	732622	-	hypothetical protein
PMG11_01776	CDHK01000002.1	734986	737062	-	hypothetical protein
PMG11_01777	CDHK01000002.1	737995	738682	+	hypothetical protein
PMG11_01778	CDHK01000002.1	738800	740474	-	hypothetical protein
PMG11_01779	CDHK01000002.1	740717	742429	+	hypothetical protein
PMG11_01780	CDHK01000002.1	744294	745238	-	hypothetical protein
PMG11_01781	CDHK01000002.1	745963	748680	-	hypothetical protein
PMG11_01782	CDHK01000002.1	752669	753657	-	hypothetical protein
PMG11_01783	CDHK01000002.1	753926	755394	-	hypothetical protein
PMG11_01784	CDHK01000002.1	755402	758540	+	hypothetical protein
PMG11_01785	CDHK01000002.1	758668	759215	+	hypothetical protein
PMG11_01786	CDHK01000002.1	759777	762470	-	Putative Kelch repeat-containing protein
PMG11_01787	CDHK01000002.1	763549	764298	-	Putative Alkyl hydroperoxide reductase
PMG11_01788	CDHK01000002.1	766222	768317	+	Putative AT DNA binding protein
PMG11_01789	CDHK01000002.1	768497	770874	+	Putative Aldehyde dehydrogenase
PMG11_01790	CDHK01000002.1	773050	775634	+	Putative Gluconolactonase
PMG11_01791	CDHK01000002.1	781541	784737	+	hypothetical protein
PMG11_01792	CDHK01000002.1	785833	787833	+	Putative Phytase PJ3
PMG11_01793	CDHK01000002.1	788123	789714	-	hypothetical protein
PMG11_01794	CDHK01000002.1	791046	792260	-	hypothetical protein
PMG11_01795	CDHK01000002.1	794046	796103	+	Putative WD repeat protein
PMG11_01796	CDHK01000002.1	796892	798550	-	hypothetical protein
PMG11_01797	CDHK01000002.1	800104	805868	+	hypothetical protein
PMG11_01798	CDHK01000002.1	803439	806568	-	Putative Lysophospholipase 1
PMG11_01799	CDHK01000002.1	807842	809118	-	Putative Chaperone protein
PMG11_01800	CDHK01000002.1	810611	813596	+	hypothetical protein
PMG11_01801	CDHK01000002.1	814444	817720	-	hypothetical protein
PMG11_01802	CDHK01000002.1	818097	819193	-	hypothetical protein
PMG11_01803	CDHK01000002.1	820634	821240	-	hypothetical protein
PMG11_01804	CDHK01000002.1	822265	823086	-	hypothetical protein
PMG11_01805	CDHK01000002.1	825040	827450	-	hypothetical protein
PMG11_01806	CDHK01000002.1	831108	832696	-	Putative Short chain dehydrogenase
PMG11_01807	CDHK01000002.1	835300	838940	+	hypothetical protein
PMG11_01808	CDHK01000002.1	839252	845375	+	hypothetical protein
PMG11_01809	CDHK01000002.1	844334	846022	-	Putative Phospho-2-dehydro-3-deoxyheptonate aldolase, class II
PMG11_01810	CDHK01000002.1	846349	847144	+	hypothetical protein
PMG11_01811	CDHK01000002.1	848098	850540	-	hypothetical protein
PMG11_01812	CDHK01000002.1	851917	853261	-	hypothetical protein
PMG11_01813	CDHK01000002.1	853260	854221	-	hypothetical protein
PMG11_01814	CDHK01000002.1	854218	856839	-	hypothetical protein
PMG11_01815	CDHK01000002.1	860875	863412	-	Putative Synembryn
PMG11_01816	CDHK01000002.1	863575	869392	+	hypothetical protein
PMG11_01817	CDHK01000002.1	869752	870603	+	hypothetical protein
PMG11_01818	CDHK01000002.1	870617	870859	+	hypothetical protein
PMG11_01819	CDHK01000002.1	870984	874549	-	Putative Amino acid transporter
PMG11_01820	CDHK01000002.1	871066	872147	+	Putative Possible apospory-associated protein c
PMG11_01821	CDHK01000002.1	876207	876857	+	hypothetical protein
PMG11_01822	CDHK01000002.1	880385	882791	+	hypothetical protein
PMG11_01823	CDHK01000002.1	884648	885386	+	Putative DUF757 domain protein
PMG11_01824	CDHK01000002.1	886161	890488	+	hypothetical protein
PMG11_01825	CDHK01000002.1	891200	892035	+	hypothetical protein
PMG11_01826	CDHK01000002.1	892277	893521	-	hypothetical protein
PMG11_01827	CDHK01000002.1	894362	895973	-	hypothetical protein
PMG11_01828	CDHK01000002.1	897944	900782	+	hypothetical protein
PMG11_01829	CDHK01000002.1	901344	905585	+	hypothetical protein
PMG11_01830	CDHK01000002.1	904622	906006	-	Putative CDK-activating kinase assembly factor MAT1
PMG11_01831	CDHK01000002.1	906211	908034	+	hypothetical protein
PMG11_01832	CDHK01000002.1	907244	910854	-	hypothetical protein
PMG11_01833	CDHK01000002.1	910948	913655	-	Putative Nucleolar GTP-binding protein 2
PMG11_01834	CDHK01000002.1	913760	915377	+	hypothetical protein
PMG11_01835	CDHK01000002.1	915568	917374	-	hypothetical protein
PMG11_01836	CDHK01000002.1	917530	920551	+	hypothetical protein
PMG11_01837	CDHK01000002.1	921425	923606	+	hypothetical protein
PMG11_01838	CDHK01000002.1	924341	926605	+	hypothetical protein
PMG11_01839	CDHK01000002.1	927240	927938	+	hypothetical protein
PMG11_01840	CDHK01000002.1	929910	930961	+	hypothetical protein
PMG11_01841	CDHK01000002.1	931144	932118	+	hypothetical protein
PMG11_01842	CDHK01000002.1	932588	936914	+	hypothetical protein
PMG11_01843	CDHK01000002.1	937050	939115	-	hypothetical protein
PMG11_01844	CDHK01000002.1	942084	943280	+	hypothetical protein
PMG11_01845	CDHK01000002.1	943580	945013	-	Putative Endonuclease/exonuclease/phosphatase
PMG11_01846	CDHK01000002.1	946803	952368	-	hypothetical protein
PMG11_01847	CDHK01000002.1	946956	947633	+	hypothetical protein
PMG11_01848	CDHK01000002.1	953336	955574	-	Putative Ornithine aminotransferase
PMG11_01849	CDHK01000002.1	955698	961229	+	hypothetical protein
PMG11_01850	CDHK01000002.1	957084	962481	-	hypothetical protein
PMG11_01851	CDHK01000002.1	963617	965549	+	Putative Cytochrome c peroxidase Ccp1
PMG11_01852	CDHK01000002.1	965833	967616	-	Putative Podospora anserina S mat genomic DNA chromosome 1, supercontig 6
PMG11_01853	CDHK01000002.1	968661	970352	-	hypothetical protein
PMG11_01854	CDHK01000002.1	971106	971690	+	hypothetical protein
PMG11_01855	CDHK01000002.1	972543	975805	+	hypothetical protein
PMG11_01856	CDHK01000002.1	975506	975843	-	hypothetical protein
PMG11_01857	CDHK01000002.1	988508	990401	+	Putative C2H2 (Fragment)
PMG11_01858	CDHK01000002.1	991614	994294	+	hypothetical protein
PMG11_01859	CDHK01000002.1	994404	997480	+	Putative Dolichol kinase
PMG11_01860	CDHK01000002.1	997832	1002534	+	Putative Serine/threonine-protein kinase atg1
PMG11_01861	CDHK01000002.1	1003699	1005630	+	Putative Methionine transporter (Eurofung)
PMG11_01862	CDHK01000002.1	1006511	1009276	+	Putative Lysine aminopeptidase ApsA
PMG11_01863	CDHK01000002.1	1009533	1012361	-	Putative Pre-mRNA-splicing ATP-dependent RNA helicase PRP28
PMG11_01864	CDHK01000002.1	1012573	1016741	-	Putative Pre-mRNA-processing factor 39
PMG11_01865	CDHK01000002.1	1015378	1016741	+	Putative Remark: alternate names in S. cerevisiae = YmL25
PMG11_01866	CDHK01000002.1	1017455	1021114	+	hypothetical protein
PMG11_01867	CDHK01000002.1	1021104	1021913	-	hypothetical protein
PMG11_01868	CDHK01000002.1	1026450	1028316	+	hypothetical protein
PMG11_01869	CDHK01000002.1	1028651	1031531	+	Putative Phosphate transporter
PMG11_01870	CDHK01000002.1	1033248	1034003	+	hypothetical protein
PMG11_01871	CDHK01000002.1	1034269	1036116	-	hypothetical protein
PMG11_01872	CDHK01000002.1	1038048	1041094	+	Putative Flavin-binding monooxygenase-like protein
PMG11_01873	CDHK01000002.1	1040270	1041241	-	hypothetical protein
PMG11_01874	CDHK01000002.1	1042847	1044009	-	hypothetical protein
PMG11_01875	CDHK01000002.1	1045248	1047962	-	hypothetical protein
PMG11_01876	CDHK01000002.1	1048074	1049815	-	Putative Acetyltransferase, GNAT family
PMG11_01877	CDHK01000002.1	1050358	1052273	-	hypothetical protein
PMG11_01878	CDHK01000002.1	1052443	1054147	+	Putative Major allergen Asp F2
PMG11_01879	CDHK01000002.1	1054991	1056555	-	Putative Dehydrogenase with different specificitie
PMG11_01880	CDHK01000002.1	1056646	1059322	+	Putative Hexose carrier protein
PMG11_01881	CDHK01000002.1	1059649	1062615	+	hypothetical protein
PMG11_01882	CDHK01000002.1	1062852	1065832	+	hypothetical protein
PMG11_01883	CDHK01000002.1	1068026	1068547	+	hypothetical protein
PMG11_01884	CDHK01000002.1	1069177	1072533	+	hypothetical protein
PMG11_01885	CDHK01000002.1	1072879	1075213	-	Putative WD repeat protein
PMG11_01886	CDHK01000002.1	1073081	1073524	+	hypothetical protein
PMG11_01887	CDHK01000002.1	1075343	1076137	+	hypothetical protein
PMG11_01888	CDHK01000002.1	1077168	1077969	+	hypothetical protein
PMG11_01889	CDHK01000002.1	1079322	1081703	+	Putative PH response protein PalF
PMG11_01890	CDHK01000002.1	1082150	1082942	+	Putative Secretory component protein shr3
PMG11_01891	CDHK01000002.1	1082338	1084927	-	hypothetical protein
PMG11_01892	CDHK01000002.1	1093039	1095926	-	hypothetical protein
PMG11_01893	CDHK01000002.1	1098449	1101871	+	hypothetical protein
PMG11_01894	CDHK01000002.1	1102284	1107072	+	hypothetical protein
PMG11_01895	CDHK01000002.1	1106674	1107748	-	Putative Autophagy protein 5
PMG11_01896	CDHK01000002.1	1110867	1112823	+	Putative Quinate permease
PMG11_01897	CDHK01000002.1	1113086	1113795	+	hypothetical protein
PMG11_01898	CDHK01000002.1	1113757	1116882	+	hypothetical protein
PMG11_01899	CDHK01000002.1	1117235	1118831	+	hypothetical protein
PMG11_01900	CDHK01000002.1	1121612	1122199	-	hypothetical protein
PMG11_01901	CDHK01000002.1	1125239	1127322	+	Putative Mitogen-activated protein kinase HOG1 (Fragment)
PMG11_01902	CDHK01000002.1	1128366	1131908	-	Putative Reverse transcriptase
PMG11_01903	CDHK01000002.1	1132364	1132847	-	hypothetical protein
PMG11_01904	CDHK01000002.1	1134197	1137997	-	hypothetical protein
PMG11_01905	CDHK01000002.1	1138891	1139265	-	hypothetical protein
PMG11_01906	CDHK01000002.1	1139532	1140506	-	hypothetical protein
PMG11_01907	CDHK01000002.1	1140647	1141664	+	hypothetical protein
PMG11_01908	CDHK01000002.1	1146539	1148785	-	hypothetical protein
PMG11_01909	CDHK01000002.1	1149135	1150812	-	hypothetical protein
PMG11_01910	CDHK01000002.1	1150865	1152162	+	hypothetical protein
PMG11_01911	CDHK01000002.1	1152392	1154443	-	hypothetical protein
PMG11_01912	CDHK01000002.1	1155073	1156324	-	hypothetical protein
PMG11_01913	CDHK01000002.1	1160620	1161248	-	hypothetical protein
PMG11_01914	CDHK01000002.1	1163211	1163947	+	hypothetical protein
PMG11_01915	CDHK01000002.1	1165037	1166203	+	hypothetical protein
PMG11_01916	CDHK01000002.1	1168073	1169115	+	hypothetical protein
PMG11_01917	CDHK01000002.1	1173634	1174876	+	hypothetical protein
PMG11_01918	CDHK01000002.1	1175551	1176972	-	hypothetical protein
PMG11_01919	CDHK01000002.1	1180947	1181380	-	hypothetical protein
PMG11_01920	CDHK01000002.1	1182264	1184204	-	hypothetical protein
PMG11_01921	CDHK01000002.1	1186818	1188133	+	hypothetical protein
PMG11_01922	CDHK01000002.1	1187644	1188593	-	hypothetical protein
PMG11_01923	CDHK01000002.1	1191296	1192036	-	hypothetical protein
PMG11_01924	CDHK01000002.1	1193752	1195014	-	hypothetical protein
PMG11_01925	CDHK01000002.1	1197077	1197804	-	hypothetical protein
PMG11_01926	CDHK01000002.1	1199515	1199880	+	hypothetical protein
PMG11_01927	CDHK01000002.1	1201044	1203103	+	hypothetical protein
PMG11_01928	CDHK01000002.1	1203282	1206841	+	hypothetical protein
PMG11_01929	CDHK01000002.1	1208487	1209879	+	hypothetical protein
PMG11_01930	CDHK01000002.1	1213953	1214518	+	hypothetical protein
PMG11_01931	CDHK01000002.1	1215054	1216754	+	hypothetical protein
PMG11_01932	CDHK01000002.1	1217264	1219190	-	hypothetical protein
PMG11_01933	CDHK01000002.1	1219627	1222582	+	hypothetical protein
PMG11_01934	CDHK01000002.1	1228809	1230636	+	Putative Sugar transporter STL1
PMG11_01935	CDHK01000002.1	1232085	1233475	+	Putative Epoxide hydrolase
PMG11_01936	CDHK01000002.1	1234168	1235839	+	Putative Zinc-binding dehydrogenase family oxidoreductase
PMG11_01937	CDHK01000002.1	1236387	1239508	-	hypothetical protein
PMG11_01938	CDHK01000002.1	1239656	1241846	+	hypothetical protein
PMG11_01939	CDHK01000002.1	1242517	1243958	-	Putative Sorbitol dehydrogenase
PMG11_01940	CDHK01000002.1	1244705	1248036	+	hypothetical protein
PMG11_01941	CDHK01000002.1	1247012	1247959	-	hypothetical protein
PMG11_01942	CDHK01000002.1	1248882	1251288	+	hypothetical protein
PMG11_01943	CDHK01000002.1	1251341	1253203	-	hypothetical protein
PMG11_01944	CDHK01000002.1	1254230	1255149	+	hypothetical protein
PMG11_01945	CDHK01000002.1	1255541	1256590	-	hypothetical protein
PMG11_01946	CDHK01000002.1	1257091	1258068	+	hypothetical protein
PMG11_01947	CDHK01000002.1	1262835	1263132	+	hypothetical protein
PMG11_01948	CDHK01000002.1	1263314	1264764	-	hypothetical protein
PMG11_01949	CDHK01000002.1	1266199	1269288	+	Putative Cellobiohydrolase 1 catalytic domain
PMG11_01950	CDHK01000002.1	1269526	1271070	+	Putative WD repeat-containing protein jip5
PMG11_01951	CDHK01000002.1	1271589	1272733	+	Putative Catalytic activity: 3-oxoadipate NAD(P)() <=> 2-maleylacetate NAD(P)H
PMG11_01952	CDHK01000002.1	1272960	1274879	+	Putative Diphthamide biosynthesis protein 2
PMG11_01953	CDHK01000002.1	1275015	1278857	+	hypothetical protein
PMG11_01954	CDHK01000002.1	1285098	1285877	+	Putative Nuclear movement protein NudC
PMG11_01955	CDHK01000002.1	1286572	1288157	+	hypothetical protein
PMG11_01956	CDHK01000002.1	1288639	1289292	-	hypothetical protein
PMG11_01957	CDHK01000002.1	1290314	1291426	+	hypothetical protein
PMG11_01958	CDHK01000002.1	1292424	1293985	-	Putative IZH family channel protein
PMG11_01959	CDHK01000002.1	1294384	1295429	+	Putative Conserved coiled/coiled coil protein
PMG11_01960	CDHK01000002.1	1295685	1299498	+	Putative Glycosyl Phosphatidyl Inositol 17
PMG11_01961	CDHK01000002.1	1297851	1299035	-	hypothetical protein
PMG11_01962	CDHK01000002.1	1299642	1302000	+	Putative Manganese superoxide dismutase
PMG11_01963	CDHK01000002.1	1300945	1302002	-	hypothetical protein
PMG11_01964	CDHK01000002.1	1302084	1304990	-	hypothetical protein
PMG11_01965	CDHK01000002.1	1305104	1307659	-	hypothetical protein
PMG11_01966	CDHK01000002.1	1308310	1309886	-	Putative Aspartate/tyrosine/aromatic aminotransferase
PMG11_01967	CDHK01000002.1	1310449	1311306	-	hypothetical protein
PMG11_01968	CDHK01000002.1	1311884	1312959	-	hypothetical protein
PMG11_01969	CDHK01000002.1	1313375	1314057	+	hypothetical protein
PMG11_01970	CDHK01000002.1	1315720	1316145	-	hypothetical protein
PMG11_01971	CDHK01000002.1	1317160	1317894	-	hypothetical protein
PMG11_01972	CDHK01000002.1	1319135	1321385	+	hypothetical protein
PMG11_01973	CDHK01000002.1	1322561	1326618	+	Putative ABC transporter
PMG11_01974	CDHK01000002.1	1327238	1327937	+	Putative ER-derived vesicles protein ERV14
PMG11_01975	CDHK01000002.1	1328791	1330634	+	Putative WD repeat-containing protein 5B
PMG11_01976	CDHK01000002.1	1330925	1332907	-	Putative Kynurenine 3-monooxygenase
PMG11_01977	CDHK01000002.1	1333326	1334688	+	Putative Methionine aminopeptidase
PMG11_01978	CDHK01000002.1	1335381	1337456	+	Putative Podospora anserina S mat genomic DNA chromosome 6, supercontig 1
PMG11_01979	CDHK01000002.1	1337632	1340254	+	Putative MFS drug transporter
PMG11_01980	CDHK01000002.1	1340324	1344304	+	Putative EF hand domain-containing protein
PMG11_01981	CDHK01000002.1	1347822	1349164	-	hypothetical protein
PMG11_01982	CDHK01000002.1	1350534	1351821	-	hypothetical protein
PMG11_01983	CDHK01000002.1	1352333	1352845	-	Putative 40S ribosomal protein S8
PMG11_01984	CDHK01000002.1	1353440	1355006	+	hypothetical protein
PMG11_01985	CDHK01000002.1	1355676	1357790	-	hypothetical protein
PMG11_01986	CDHK01000002.1	1358515	1361741	+	hypothetical protein
PMG11_01987	CDHK01000002.1	1360640	1361618	-	hypothetical protein
PMG11_01988	CDHK01000002.1	1362176	1363965	+	Putative Homoisocitrate dehydrogenase mitochondrial
PMG11_01989	CDHK01000002.1	1362733	1364827	-	hypothetical protein
PMG11_01990	CDHK01000002.1	1365404	1367758	-	hypothetical protein
PMG11_01991	CDHK01000002.1	1368230	1370513	+	hypothetical protein
PMG11_01992	CDHK01000002.1	1371741	1372624	-	Putative Duf1748 domain containing protein
PMG11_01993	CDHK01000002.1	1373070	1376477	+	Putative Pyruvate kinase
PMG11_01994	CDHK01000002.1	1377835	1378529	+	hypothetical protein
PMG11_01995	CDHK01000002.1	1379291	1392165	-	Putative Phosphatidylinositol-3-phosphate/phosphatidylinos itol 5-kinase
PMG11_01996	CDHK01000002.1	1387540	1392142	+	hypothetical protein
PMG11_01997	CDHK01000002.1	1392219	1393853	-	hypothetical protein
PMG11_01998	CDHK01000002.1	1395108	1396394	-	Putative Endo-beta-1,4-glucanase B
PMG11_01999	CDHK01000002.1	1397403	1398522	-	hypothetical protein
PMG11_02000	CDHK01000002.1	1399689	1403569	-	hypothetical protein
PMG11_02001	CDHK01000002.1	1403720	1407618	+	Putative DNA excision repair protein Rad2
PMG11_02002	CDHK01000002.1	1407586	1408099	+	hypothetical protein
PMG11_02003	CDHK01000002.1	1408100	1410715	+	Putative Sphingolipid long chain base-responsive protein PIL1
PMG11_02004	CDHK01000002.1	1410773	1411562	-	hypothetical protein
PMG11_02005	CDHK01000002.1	1412890	1414827	-	Putative Positive-acting master sulfur regulatory
PMG11_02006	CDHK01000002.1	1416743	1417902	-	hypothetical protein
PMG11_02007	CDHK01000002.1	1418864	1422178	+	hypothetical protein
PMG11_02008	CDHK01000002.1	1421100	1427481	-	hypothetical protein
PMG11_02009	CDHK01000002.1	1427585	1428859	+	Putative 40S ribosomal protein S11
PMG11_02010	CDHK01000002.1	1430230	1432821	+	Putative Clathrin assembly protein
PMG11_02011	CDHK01000002.1	1434097	1437211	+	hypothetical protein
PMG11_02012	CDHK01000002.1	1438558	1439571	+	hypothetical protein
PMG11_02013	CDHK01000002.1	1443902	1445764	-	hypothetical protein
PMG11_02014	CDHK01000002.1	1446951	1448396	+	hypothetical protein
PMG11_02015	CDHK01000002.1	1448552	1449267	-	Putative Endo-1,4-beta-xylanase
PMG11_02016	CDHK01000002.1	1451666	1454159	+	Putative Major facilitator superfamily transporter
PMG11_02017	CDHK01000002.1	1455811	1456829	-	Putative GPR/FUN34 family protein
PMG11_02018	CDHK01000002.1	1464582	1466159	+	Putative Allantoate permease
PMG11_02019	CDHK01000002.1	1466301	1467407	-	Putative NADH:flavin oxidoreductase/NADH oxidase family protein
PMG11_02020	CDHK01000002.1	1467848	1470858	-	hypothetical protein
PMG11_02021	CDHK01000002.1	1470960	1471970	+	hypothetical protein
PMG11_02022	CDHK01000002.1	1472644	1475171	+	Putative Component of the chromatin assembly complex (Eurofung)
PMG11_02023	CDHK01000002.1	1474516	1479168	-	hypothetical protein
PMG11_02024	CDHK01000002.1	1484106	1486679	+	Putative Peptidase (PNG1)
PMG11_02025	CDHK01000002.1	1487609	1489614	-	hypothetical protein
PMG11_02026	CDHK01000002.1	1491333	1493701	-	Putative Function: mutA of P. purporogenum hydrolysis 1 (Precursor)
PMG11_02027	CDHK01000002.1	1494821	1497714	-	hypothetical protein
PMG11_02028	CDHK01000002.1	1498641	1500634	-	Putative DUF52 domain protein
PMG11_02029	CDHK01000002.1	1501041	1502190	+	hypothetical protein
PMG11_02030	CDHK01000002.1	1503258	1503690	+	hypothetical protein
PMG11_02031	CDHK01000002.1	1505993	1507753	+	Putative Serine/threonine-protein phosphatase
PMG11_02032	CDHK01000002.1	1507428	1510479	-	hypothetical protein
PMG11_02033	CDHK01000002.1	1510582	1513086	+	hypothetical protein
PMG11_02034	CDHK01000002.1	1514361	1518411	+	hypothetical protein
PMG11_02035	CDHK01000002.1	1519930	1523858	+	Putative F-box domain protein
PMG11_02036	CDHK01000002.1	1524175	1525857	-	hypothetical protein
PMG11_02037	CDHK01000002.1	1527357	1528502	-	hypothetical protein
PMG11_02038	CDHK01000002.1	1528735	1531823	+	hypothetical protein
PMG11_02039	CDHK01000002.1	1532347	1533472	+	hypothetical protein
PMG11_02040	CDHK01000002.1	1533710	1535256	+	Putative Catalytic activity: Sphingomonas sp. dxnF efficiently cleaves hydroxyquinol
PMG11_02041	CDHK01000002.1	1535386	1536290	-	hypothetical protein
PMG11_02042	CDHK01000002.1	1536795	1537694	-	hypothetical protein
PMG11_02043	CDHK01000002.1	1538008	1539155	-	Putative Aldehyde reductase
PMG11_02044	CDHK01000002.1	1539952	1541650	+	Putative Meiotic cell division protein Pelota/DOM34
PMG11_02045	CDHK01000002.1	1542694	1544500	-	hypothetical protein
PMG11_02046	CDHK01000002.1	1546811	1547218	+	hypothetical protein
PMG11_02047	CDHK01000002.1	1548309	1550117	-	hypothetical protein
PMG11_02048	CDHK01000002.1	1552407	1554536	+	Putative MYB DNA-binding domain protein
PMG11_02049	CDHK01000002.1	1555067	1558430	+	Putative Nucleoside transporter
PMG11_02050	CDHK01000002.1	1558254	1559430	-	Putative Cytochrome c oxidase polypeptide IV, mitochondrial
PMG11_02051	CDHK01000002.1	1560117	1561237	+	hypothetical protein
PMG11_02052	CDHK01000002.1	1561675	1563540	+	hypothetical protein
PMG11_02053	CDHK01000002.1	1563774	1564890	-	Putative MYB DNA-binding domain protein
PMG11_02054	CDHK01000002.1	1567769	1568076	-	hypothetical protein
PMG11_02055	CDHK01000002.1	1568000	1575659	-	Putative Pre-mRNA processing splicing factor 8
PMG11_02056	CDHK01000002.1	1575862	1576649	+	Putative Ribosomal protein L34 protein
PMG11_02057	CDHK01000002.1	1582042	1583670	-	hypothetical protein
PMG11_02058	CDHK01000002.1	1584093	1587270	-	Putative Cactin
PMG11_02059	CDHK01000002.1	1587364	1589084	+	hypothetical protein
PMG11_02060	CDHK01000002.1	1589312	1593513	-	hypothetical protein
PMG11_02061	CDHK01000002.1	1595991	1600078	+	Putative Heavy metal exporter HMT1, ABC superfamily
PMG11_02062	CDHK01000002.1	1600426	1601339	+	hypothetical protein
PMG11_02063	CDHK01000002.1	1601639	1603529	+	Putative Alkaline phosphatase
PMG11_02064	CDHK01000002.1	1604588	1604917	-	hypothetical protein
PMG11_02065	CDHK01000002.1	1605858	1608389	-	hypothetical protein
PMG11_02066	CDHK01000002.1	1610993	1613056	-	hypothetical protein
PMG11_02067	CDHK01000002.1	1613446	1614783	-	hypothetical protein
PMG11_02068	CDHK01000002.1	1614991	1616957	-	hypothetical protein
PMG11_02069	CDHK01000002.1	1617118	1620571	+	Putative Hyaluronan synthase 1 (Fragment)
PMG11_02070	CDHK01000002.1	1619454	1621024	-	hypothetical protein
PMG11_02071	CDHK01000002.1	1621629	1622438	-	Putative Peptide methionine sulfoxide reductase
PMG11_02072	CDHK01000002.1	1623112	1626205	-	Putative Kinesin family protein
PMG11_02073	CDHK01000002.1	1626786	1627687	-	hypothetical protein
PMG11_02074	CDHK01000002.1	1627783	1628475	+	hypothetical protein
PMG11_02075	CDHK01000002.1	1629430	1633598	+	Putative Cyclic nucleotide-binding domain protein
PMG11_02076	CDHK01000002.1	1634311	1635405	+	hypothetical protein
PMG11_02077	CDHK01000002.1	1636507	1637495	+	hypothetical protein
PMG11_02078	CDHK01000002.1	1638137	1640698	-	hypothetical protein
PMG11_02079	CDHK01000002.1	1641159	1642361	-	hypothetical protein
PMG11_02080	CDHK01000002.1	1642458	1643866	+	Putative Bax Inhibitor family protein
PMG11_02081	CDHK01000002.1	1644827	1645445	+	Putative RNA-binding protein RBM8/Tsunagi
PMG11_02082	CDHK01000002.1	1646475	1647056	-	hypothetical protein
PMG11_02083	CDHK01000002.1	1648742	1649764	+	Putative Multifunctional chaperone
PMG11_02084	CDHK01000002.1	1654548	1655150	-	Putative BZIP transcription factor
PMG11_02085	CDHK01000002.1	1663789	1665543	-	hypothetical protein
PMG11_02086	CDHK01000002.1	1667949	1670896	-	Putative Nucleoporin Nsp1
PMG11_02087	CDHK01000002.1	1670963	1672711	+	hypothetical protein
PMG11_02088	CDHK01000002.1	1673437	1676940	-	hypothetical protein
PMG11_02089	CDHK01000002.1	1678644	1683298	+	hypothetical protein
PMG11_02090	CDHK01000002.1	1683730	1685829	+	hypothetical protein
PMG11_02091	CDHK01000002.1	1686112	1687573	-	Putative Alkaline serine protease
PMG11_02092	CDHK01000002.1	1687983	1690642	-	Putative Histone deacetylase
PMG11_02093	CDHK01000002.1	1690751	1693898	+	Putative 26S proteasome regulatory subunit N11
PMG11_02094	CDHK01000002.1	1692617	1693501	-	hypothetical protein
PMG11_02095	CDHK01000002.1	1694001	1696741	+	Putative Mitochondrial import inner membrane translocase subunit tim50
PMG11_02096	CDHK01000002.1	1695229	1699059	-	hypothetical protein
PMG11_02097	CDHK01000002.1	1699094	1702175	+	hypothetical protein
PMG11_02098	CDHK01000002.1	1702193	1705515	-	hypothetical protein
PMG11_02099	CDHK01000002.1	1707105	1710903	+	Putative C6 transcription factor
PMG11_02100	CDHK01000002.1	1711013	1713612	+	hypothetical protein
PMG11_02101	CDHK01000002.1	1713748	1718414	-	hypothetical protein
PMG11_02102	CDHK01000002.1	1720257	1723913	+	Putative Serine/threonine-protein kinase srk1
PMG11_02103	CDHK01000002.1	1724147	1727343	-	Putative Synaptic vesicle transporter SV2
PMG11_02104	CDHK01000002.1	1729811	1731675	-	Putative Carboxypeptidase 5
PMG11_02105	CDHK01000002.1	1735582	1737002	+	hypothetical protein
PMG11_02106	CDHK01000002.1	1738553	1739546	+	hypothetical protein
PMG11_02107	CDHK01000002.1	1744433	1746697	+	hypothetical protein
PMG11_02108	CDHK01000002.1	1747429	1748408	+	hypothetical protein
PMG11_02109	CDHK01000002.1	1749927	1751007	+	hypothetical protein
PMG11_02110	CDHK01000002.1	1751173	1752522	-	hypothetical protein
PMG11_02111	CDHK01000002.1	1753572	1757768	-	Putative Os-1p
PMG11_02112	CDHK01000002.1	1760399	1762453	+	Putative Phenylalanyl-tRNA synthetase subunit alpha
PMG11_02113	CDHK01000002.1	1762616	1764058	-	Putative 40S ribosomal protein S21
PMG11_02114	CDHK01000002.1	1764223	1765848	-	Putative Inosine-5'-monophosphate dehydrogenase
PMG11_02115	CDHK01000002.1	1765901	1768273	-	Putative Inosine-5'-monophosphate dehydrogenase
PMG11_02116	CDHK01000002.1	1768820	1770092	+	Putative Oxidoreductase, short-chain dehydrogenase/reductase family
PMG11_02117	CDHK01000002.1	1769125	1770823	-	hypothetical protein
PMG11_02118	CDHK01000002.1	1772346	1777611	+	Putative Ras GTPase-activating protein family-IQGAP
PMG11_02119	CDHK01000002.1	1778163	1780079	+	Putative Golgi to endosome transport protein
PMG11_02120	CDHK01000002.1	1780900	1784059	-	hypothetical protein
PMG11_02121	CDHK01000002.1	1784843	1785964	-	hypothetical protein
PMG11_02122	CDHK01000002.1	1789296	1792821	+	Putative 3-hydroxy-3-methylglutaryl-coenzyme A reductase
PMG11_02123	CDHK01000002.1	1794751	1797422	+	hypothetical protein
PMG11_02124	CDHK01000002.1	1798311	1799416	-	Putative Glycosyl transferase family protein
PMG11_02125	CDHK01000002.1	1800266	1802169	+	Putative Peptidyl-prolyl cis-trans isomerase
PMG11_02126	CDHK01000002.1	1804134	1805186	-	Putative Ctr copper transporter family protein
PMG11_02127	CDHK01000002.1	1805410	1811177	+	hypothetical protein
PMG11_02128	CDHK01000002.1	1805564	1806469	-	Putative Exosomal 3'-5' exoribonuclease complex, subunit Rrp41
PMG11_02129	CDHK01000002.1	1810342	1811241	-	Putative Protein involved in transcription start site selection
PMG11_02130	CDHK01000002.1	1811815	1812894	+	hypothetical protein
PMG11_02131	CDHK01000002.1	1813493	1814478	+	hypothetical protein
PMG11_02132	CDHK01000002.1	1815178	1818146	+	Putative Oxysterol-binding protein
PMG11_02133	CDHK01000002.1	1818356	1819861	-	Putative Histone deacetylase
PMG11_02134	CDHK01000002.1	1820211	1822278	+	hypothetical protein
PMG11_02135	CDHK01000002.1	1823186	1826963	+	hypothetical protein
PMG11_02136	CDHK01000002.1	1825788	1826853	-	hypothetical protein
PMG11_02137	CDHK01000002.1	1827273	1829161	+	Putative PEP phosphonomutase
PMG11_02138	CDHK01000002.1	1832885	1833871	+	hypothetical protein
PMG11_02139	CDHK01000002.1	1835414	1841754	+	hypothetical protein
PMG11_02140	CDHK01000002.1	1840160	1841703	-	hypothetical protein
PMG11_02141	CDHK01000002.1	1842240	1843394	-	hypothetical protein
PMG11_02142	CDHK01000002.1	1854344	1855281	-	hypothetical protein
PMG11_02143	CDHK01000002.1	1856344	1857417	+	Putative Zinc-regulated transporter 2
PMG11_02144	CDHK01000002.1	1858163	1859986	+	Putative Metabolite transport protein GIT1
PMG11_02145	CDHK01000002.1	1860995	1861571	+	Putative Peptidyl-prolyl cis-trans isomerase
PMG11_02146	CDHK01000002.1	1861892	1862977	-	hypothetical protein
PMG11_02147	CDHK01000002.1	1863547	1864390	+	hypothetical protein
PMG11_02148	CDHK01000002.1	1864440	1864808	+	hypothetical protein
PMG11_02149	CDHK01000002.1	1865663	1867697	+	hypothetical protein
PMG11_02150	CDHK01000002.1	1870343	1873422	+	hypothetical protein
PMG11_02151	CDHK01000002.1	1875044	1875311	+	hypothetical protein
PMG11_02152	CDHK01000002.1	1878943	1880314	-	hypothetical protein
PMG11_02153	CDHK01000002.1	1892134	1895535	+	hypothetical protein
PMG11_02154	CDHK01000002.1	1896294	1896719	+	Putative Protein yippee-like
PMG11_02155	CDHK01000002.1	1897664	1899079	+	Putative Alcohol dehydrogenase
PMG11_02156	CDHK01000002.1	1899942	1901207	+	Putative KH domain RNA-binding protein
PMG11_02157	CDHK01000002.1	1904136	1905218	+	hypothetical protein
PMG11_02158	CDHK01000002.1	1905901	1906842	+	hypothetical protein
PMG11_02159	CDHK01000002.1	1907495	1907854	+	Putative Alpha-ketoglutarate dehydrogenase E1 component
PMG11_02160	CDHK01000002.1	1908361	1908639	+	hypothetical protein
PMG11_02161	CDHK01000002.1	1908836	1910318	+	hypothetical protein
PMG11_02162	CDHK01000002.1	1910393	1911235	+	hypothetical protein
PMG11_02163	CDHK01000002.1	1911496	1911976	+	hypothetical protein
PMG11_02164	CDHK01000002.1	1911984	1915674	-	hypothetical protein
PMG11_02165	CDHK01000002.1	1920212	1923971	+	hypothetical protein
PMG11_02166	CDHK01000002.1	1924112	1926465	+	hypothetical protein
PMG11_02167	CDHK01000002.1	1929048	1930751	+	hypothetical protein
PMG11_02168	CDHK01000002.1	1932878	1933356	-	hypothetical protein
PMG11_02169	CDHK01000002.1	1934679	1935300	-	hypothetical protein
PMG11_02170	CDHK01000002.1	1935817	1936459	-	Putative Function: ribosomal protein L24 interacts with the 5. 8 S rRNA of S. cerevisiae
PMG11_02171	CDHK01000002.1	1936656	1937150	+	Putative Mitochondrial import inner membrane translocase subunit tim-14
PMG11_02172	CDHK01000002.1	1938328	1941309	+	Putative Fungal specific transcription factor domain protein
PMG11_02173	CDHK01000002.1	1941802	1945069	+	Putative AAA-type ATPase containing the peptidase M41 domain protein
PMG11_02174	CDHK01000002.1	1945425	1946886	-	hypothetical protein
PMG11_02175	CDHK01000002.1	1947004	1951045	+	Putative DNA topoisomerase
PMG11_02176	CDHK01000002.1	1949527	1950408	-	hypothetical protein
PMG11_02177	CDHK01000002.1	1955156	1956748	+	hypothetical protein
PMG11_02178	CDHK01000002.1	1956816	1961094	-	hypothetical protein
PMG11_02179	CDHK01000002.1	1956816	1958905	+	hypothetical protein
PMG11_02180	CDHK01000002.1	1961371	1962094	+	hypothetical protein
PMG11_02181	CDHK01000002.1	1962333	1964258	-	Putative Aspartyl-tRNA synthetase
PMG11_02182	CDHK01000002.1	1964314	1966540	-	Putative HAD superfamily hydrolase
PMG11_02183	CDHK01000002.1	1965598	1967654	+	hypothetical protein
PMG11_02184	CDHK01000002.1	1968781	1972256	-	Putative Coatomer subunit gamma
PMG11_02185	CDHK01000002.1	1972306	1973522	+	Putative Phosducin family protein
PMG11_02186	CDHK01000002.1	1973732	1975359	-	hypothetical protein
PMG11_02187	CDHK01000002.1	1975397	1979025	-	Putative Casein kinase i
PMG11_02188	CDHK01000002.1	1979958	1986046	-	hypothetical protein
PMG11_02189	CDHK01000002.1	1987830	1993692	+	Putative Regulatory associated protein-mTOR
PMG11_02190	CDHK01000002.1	1994172	1996046	-	hypothetical protein
PMG11_02191	CDHK01000002.1	1996244	1996672	-	hypothetical protein
PMG11_02192	CDHK01000002.1	1997166	1997544	-	hypothetical protein
PMG11_02193	CDHK01000002.1	1999244	2002985	-	Putative RING-9 protein
PMG11_02194	CDHK01000002.1	2004342	2005626	+	hypothetical protein
PMG11_02195	CDHK01000002.1	2005893	2006508	-	hypothetical protein
PMG11_02196	CDHK01000002.1	2007384	2011077	-	hypothetical protein
PMG11_02197	CDHK01000002.1	2011331	2011969	+	Putative Mitochondrial genome maintenance protein Mgr2
PMG11_02198	CDHK01000002.1	2016204	2016524	+	hypothetical protein
PMG11_02199	CDHK01000002.1	2017214	2020531	+	hypothetical protein
PMG11_02200	CDHK01000002.1	2019760	2020545	-	hypothetical protein
PMG11_02201	CDHK01000002.1	2020733	2024603	-	hypothetical protein
PMG11_02202	CDHK01000002.1	2025456	2026969	-	hypothetical protein
PMG11_02203	CDHK01000002.1	2027448	2027795	+	hypothetical protein
PMG11_02204	CDHK01000002.1	2027829	2028624	+	hypothetical protein
PMG11_02205	CDHK01000002.1	2028696	2029061	+	hypothetical protein
PMG11_02206	CDHK01000002.1	2029211	2029935	+	hypothetical protein
PMG11_02207	CDHK01000002.1	2032977	2035902	+	hypothetical protein
PMG11_02208	CDHK01000002.1	2036161	2041284	+	Putative UDP-glucose:glycoprotein glucosyltransferase
PMG11_02209	CDHK01000002.1	2041587	2043207	+	hypothetical protein
PMG11_02210	CDHK01000002.1	2043296	2045428	-	hypothetical protein
PMG11_02211	CDHK01000002.1	2045825	2046652	-	Putative Exosome complex exonuclease Rrp40
PMG11_02212	CDHK01000002.1	2047220	2049106	+	Putative Molecular chaperones HSP70/HSC70, HSP70 superfamily
PMG11_02213	CDHK01000002.1	2049958	2050897	-	Putative Actin cortical patch protein Sur7
PMG11_02214	CDHK01000002.1	2051602	2052811	+	hypothetical protein
PMG11_02215	CDHK01000002.1	2053176	2055985	+	hypothetical protein
PMG11_02216	CDHK01000002.1	2056489	2057083	-	Putative Mitotic spindle biogenesis protein
PMG11_02217	CDHK01000002.1	2057182	2058096	+	Putative F-type H-transporting ATPase subunit J
PMG11_02218	CDHK01000002.1	2058575	2059109	+	Putative Ribosomal protein S14/S29
PMG11_02219	CDHK01000002.1	2059508	2060870	+	hypothetical protein
PMG11_02220	CDHK01000002.1	2061195	2063021	-	Putative FAD dependent oxidoreductase superfamily
PMG11_02221	CDHK01000002.1	2063171	2065040	+	Putative Dicarboxylic amino acid permease
PMG11_02222	CDHK01000002.1	2065749	2066471	+	Putative (S)-2-haloacid dehalogenase 4A
PMG11_02223	CDHK01000002.1	2066324	2069275	-	hypothetical protein
PMG11_02224	CDHK01000002.1	2069867	2072644	-	Putative Amino acid permease
PMG11_02225	CDHK01000002.1	2072684	2076911	+	Putative Sec23/Sec24 family protein
PMG11_02226	CDHK01000002.1	2078801	2086522	-	Putative Pleiotropic drug resistance proteins (PDR1-15), ABC superfamily
PMG11_02227	CDHK01000002.1	2079328	2079873	+	hypothetical protein
PMG11_02228	CDHK01000002.1	2087082	2088378	-	Putative 2,4-dihydroxyhept-2-ene-1,7-dioic acid aldolase
PMG11_02229	CDHK01000002.1	2089570	2090259	-	hypothetical protein
PMG11_02230	CDHK01000002.1	2090846	2094732	-	Putative C6 transcription factor OefC
PMG11_02231	CDHK01000002.1	2102235	2103439	-	hypothetical protein
PMG11_02232	CDHK01000002.1	2103766	2106289	+	hypothetical protein
PMG11_02233	CDHK01000002.1	2106545	2109383	-	Putative cAMP-independent regulatory protein pac2
PMG11_02234	CDHK01000002.1	2118206	2120143	-	Putative Asparaginyl-tRNA synthetase Slm5
PMG11_02235	CDHK01000002.1	2120584	2123553	-	hypothetical protein
PMG11_02236	CDHK01000002.1	2124178	2125245	+	Putative Histone acetyltransferase
PMG11_02237	CDHK01000002.1	2125627	2127595	-	Putative Chaperonin TCP-1 conserved site
PMG11_02238	CDHK01000002.1	2127765	2129800	+	Putative Nucleolar protein NOP56
PMG11_02239	CDHK01000002.1	2130331	2131173	+	hypothetical protein
PMG11_02240	CDHK01000002.1	2131415	2132075	-	hypothetical protein
PMG11_02241	CDHK01000002.1	2132486	2139298	+	Putative DNA polymerase
PMG11_02242	CDHK01000002.1	2139921	2141338	+	Putative CMK1 Ca2 /calmodulin-dependent protein kinase
PMG11_02243	CDHK01000002.1	2140698	2143173	-	hypothetical protein
PMG11_02244	CDHK01000002.1	2144206	2145850	-	Putative Serine hydroxymethyltransferase
PMG11_02245	CDHK01000002.1	2145815	2149707	+	Putative 2,3-bisphosphoglycerate-independent phosphoglycerate mutase
PMG11_02246	CDHK01000002.1	2146480	2147067	-	hypothetical protein
PMG11_02247	CDHK01000002.1	2149598	2150153	-	Putative Prefoldin subunit 6
PMG11_02248	CDHK01000002.1	2150181	2152400	+	Putative Vacuolar protein sorting-associated protein 4
PMG11_02249	CDHK01000002.1	2152386	2156712	-	hypothetical protein
PMG11_02250	CDHK01000002.1	2156895	2158859	+	hypothetical protein
PMG11_02251	CDHK01000002.1	2159886	2161903	+	hypothetical protein
PMG11_02252	CDHK01000002.1	2161987	2166111	+	hypothetical protein
PMG11_02253	CDHK01000002.1	2172748	2174951	+	hypothetical protein
PMG11_02254	CDHK01000002.1	2175444	2176888	+	Putative Eukaryotic translation initiation factor 3 subunit K
PMG11_02255	CDHK01000002.1	2178000	2179615	-	Putative PDCD2_C domain protein
PMG11_02256	CDHK01000002.1	2179644	2183745	+	hypothetical protein
PMG11_02257	CDHK01000002.1	2182287	2183348	-	hypothetical protein
PMG11_02258	CDHK01000002.1	2184665	2187531	-	hypothetical protein
PMG11_02259	CDHK01000002.1	2187846	2190633	-	hypothetical protein
PMG11_02260	CDHK01000002.1	2190725	2192184	+	hypothetical protein
PMG11_02261	CDHK01000002.1	2192266	2194018	-	Putative MFS quinate transporter
PMG11_02262	CDHK01000002.1	2195918	2200892	+	Putative Sterol 3-beta-glucosyltransferase
PMG11_02263	CDHK01000002.1	2201434	2202278	-	hypothetical protein
PMG11_02264	CDHK01000002.1	2202527	2203553	-	Putative Prefoldin subunit 3
PMG11_02265	CDHK01000002.1	2203666	2204721	+	hypothetical protein
PMG11_02266	CDHK01000002.1	2204960	2206543	-	Putative Allantoinase
PMG11_02267	CDHK01000002.1	2209259	2212045	-	hypothetical protein
PMG11_02268	CDHK01000002.1	2212542	2215275	+	hypothetical protein
PMG11_02269	CDHK01000002.1	2215419	2217020	-	hypothetical protein
PMG11_02270	CDHK01000002.1	2217412	2219620	+	Putative Vitamin H transporter
PMG11_02271	CDHK01000002.1	2219879	2222278	+	hypothetical protein
PMG11_02272	CDHK01000002.1	2225528	2228458	-	hypothetical protein
PMG11_02273	CDHK01000002.1	2229624	2230879	+	hypothetical protein
PMG11_02274	CDHK01000002.1	2231458	2232351	-	hypothetical protein
PMG11_02275	CDHK01000002.1	2233074	2234267	-	hypothetical protein
PMG11_02276	CDHK01000002.1	2234889	2238305	-	Putative Cleavage and polyadenylylation specificity factor
PMG11_02277	CDHK01000002.1	2238692	2240728	-	hypothetical protein
PMG11_02278	CDHK01000002.1	2241712	2245821	-	Putative Localization: Cwh43 from S. cerevisiae is localized at the plasma membrane
PMG11_02279	CDHK01000002.1	2246031	2247279	+	hypothetical protein
PMG11_02280	CDHK01000002.1	2247455	2248286	-	hypothetical protein
PMG11_02281	CDHK01000002.1	2249295	2252804	+	Putative RNA-binding protein Nab3
PMG11_02282	CDHK01000002.1	2252861	2253616	-	hypothetical protein
PMG11_02283	CDHK01000002.1	2253614	2255007	+	hypothetical protein
PMG11_02284	CDHK01000002.1	2255273	2257328	-	hypothetical protein
PMG11_02285	CDHK01000002.1	2258824	2260987	-	Putative Acetamidase
PMG11_02286	CDHK01000002.1	2261521	2262937	-	Putative Class II aldolase/adducin domain protein
PMG11_02287	CDHK01000002.1	2263409	2265289	+	hypothetical protein
PMG11_02288	CDHK01000002.1	2270186	2274540	+	Putative C2H2 transcription factor
PMG11_02289	CDHK01000002.1	2275153	2276244	+	hypothetical protein
PMG11_02290	CDHK01000002.1	2276659	2278587	+	hypothetical protein
PMG11_02291	CDHK01000002.1	2279088	2282285	+	Putative DNA mismatch repair protein msh-2
PMG11_02292	CDHK01000002.1	2282361	2285506	+	Putative N-acetylglucosaminyl transferase component Gpi1
PMG11_02293	CDHK01000002.1	2285701	2286452	-	hypothetical protein
PMG11_02294	CDHK01000002.1	2286455	2288940	+	hypothetical protein
PMG11_02295	CDHK01000002.1	2289446	2290820	+	Putative Tryptophanyl-tRNA synthetase
PMG11_02296	CDHK01000002.1	2289911	2292066	-	hypothetical protein
PMG11_02297	CDHK01000002.1	2292192	2294997	+	Putative S import receptor
PMG11_02298	CDHK01000002.1	2295169	2298362	+	hypothetical protein
PMG11_02299	CDHK01000002.1	2303053	2304816	-	hypothetical protein
PMG11_02300	CDHK01000002.1	2305740	2307643	+	Putative FAD binding domain protein
PMG11_02301	CDHK01000002.1	2307791	2308498	-	hypothetical protein
PMG11_02302	CDHK01000002.1	2308899	2311623	-	Putative C6 transcription factor
PMG11_02303	CDHK01000002.1	2311878	2313252	-	Putative Cupin domain protein
PMG11_02304	CDHK01000002.1	2314206	2315587	+	Putative Aspergillus niger contig An14c0130, genomic contig
PMG11_02305	CDHK01000002.1	2316195	2317121	-	hypothetical protein
PMG11_02306	CDHK01000002.1	2318318	2322388	-	hypothetical protein
PMG11_02307	CDHK01000002.1	2323324	2324420	+	hypothetical protein
PMG11_02308	CDHK01000002.1	2324630	2325782	-	hypothetical protein
PMG11_02309	CDHK01000002.1	2325989	2328787	-	hypothetical protein
PMG11_02310	CDHK01000002.1	2330765	2331962	+	hypothetical protein
PMG11_02311	CDHK01000002.1	2332350	2333543	+	Putative Glutathione S-transferase GstA
PMG11_02312	CDHK01000002.1	2333665	2336172	+	Putative Zinc finger CCHC-type protein
PMG11_02313	CDHK01000002.1	2336353	2338942	+	Putative Anion exchange family protein
PMG11_02314	CDHK01000002.1	2339098	2340851	+	Putative ATP-dependent RNA helicase DBP8
PMG11_02315	CDHK01000002.1	2341239	2342904	-	hypothetical protein
PMG11_02316	CDHK01000002.1	2343979	2347407	+	Putative Glutaminase-like protein
PMG11_02317	CDHK01000002.1	2347463	2349979	-	hypothetical protein
PMG11_02318	CDHK01000002.1	2350051	2353268	-	hypothetical protein
PMG11_02319	CDHK01000002.1	2354309	2355621	+	hypothetical protein
PMG11_02320	CDHK01000002.1	2355918	2356883	-	hypothetical protein
PMG11_02321	CDHK01000002.1	2357140	2359113	+	hypothetical protein
PMG11_02322	CDHK01000002.1	2359597	2360196	+	Putative Amidases related to nicotinamidase
PMG11_02323	CDHK01000002.1	2359810	2361830	-	hypothetical protein
PMG11_02324	CDHK01000002.1	2362651	2363670	-	hypothetical protein
PMG11_02325	CDHK01000002.1	2366222	2366659	-	hypothetical protein
PMG11_02326	CDHK01000002.1	2367024	2369077	+	hypothetical protein
PMG11_02327	CDHK01000002.1	2370516	2373038	-	Putative Serine/threonine protein kinase
PMG11_02328	CDHK01000002.1	2373571	2374826	+	hypothetical protein
PMG11_02329	CDHK01000002.1	2375199	2376017	-	hypothetical protein
PMG11_02330	CDHK01000002.1	2378255	2380752	-	Putative Udp-galactopyranose mutase
PMG11_02331	CDHK01000002.1	2383662	2386380	+	Putative Glucose-6-phosphate/phosphate and phosphoenolpyruvate/phosphate antiporter
PMG11_02332	CDHK01000002.1	2386554	2388768	+	hypothetical protein
PMG11_02333	CDHK01000002.1	2389119	2391217	-	hypothetical protein
PMG11_02334	CDHK01000002.1	2392803	2395055	-	hypothetical protein
PMG11_02335	CDHK01000002.1	2395947	2398028	-	hypothetical protein
PMG11_02336	CDHK01000002.1	2397861	2403999	+	hypothetical protein
PMG11_02337	CDHK01000002.1	2402383	2404729	-	hypothetical protein
PMG11_02338	CDHK01000002.1	2404560	2407410	+	hypothetical protein
PMG11_02339	CDHK01000002.1	2407729	2410441	-	hypothetical protein
PMG11_02340	CDHK01000002.1	2411326	2412279	-	Putative Nucleoside-diphosphate-sugar epimerase
PMG11_02341	CDHK01000002.1	2412912	2415109	+	hypothetical protein
PMG11_02342	CDHK01000002.1	2415788	2416582	+	hypothetical protein
PMG11_02343	CDHK01000002.1	2416835	2417580	-	Putative FAD-dependent pyridine nucleotide-disulfide oxidoreductase
PMG11_02344	CDHK01000002.1	2419108	2421593	-	Putative Clathrin-coated vesicle protein
PMG11_02345	CDHK01000002.1	2421798	2429634	+	hypothetical protein
PMG11_02346	CDHK01000002.1	2428288	2431369	-	Putative Kinesin family protein
PMG11_02347	CDHK01000002.1	2432234	2433757	-	hypothetical protein
PMG11_02348	CDHK01000002.1	2434324	2436056	-	hypothetical protein
PMG11_02349	CDHK01000002.1	2437151	2438945	+	hypothetical protein
PMG11_02350	CDHK01000002.1	2439011	2440216	-	hypothetical protein
PMG11_02351	CDHK01000002.1	2441739	2442857	+	Putative Signal peptidase I
PMG11_02352	CDHK01000002.1	2442956	2444115	+	Putative Ubiquitin conjugating enzyme
PMG11_02353	CDHK01000002.1	2444371	2446690	+	Putative Cytochrome P450
PMG11_02354	CDHK01000002.1	2448065	2450488	+	hypothetical protein
PMG11_02355	CDHK01000002.1	2451130	2452892	+	Putative Protein pns1
PMG11_02356	CDHK01000002.1	2453213	2454035	-	hypothetical protein
PMG11_02357	CDHK01000002.1	2455113	2456990	-	hypothetical protein
PMG11_02358	CDHK01000002.1	2457492	2459527	-	hypothetical protein
PMG11_02359	CDHK01000002.1	2460121	2461798	-	Putative AAA family ATPase
PMG11_02360	CDHK01000002.1	2462017	2463650	+	hypothetical protein
PMG11_02361	CDHK01000002.1	2464091	2466007	+	Putative T-complex protein 1 gamma subunit
PMG11_02362	CDHK01000002.1	2466212	2466802	-	Putative DUF1168 domain protein (AFU_orthologue; AFUA_3G13040)
PMG11_02363	CDHK01000002.1	2468044	2470142	+	hypothetical protein
PMG11_02364	CDHK01000002.1	2470527	2471784	-	hypothetical protein
PMG11_02365	CDHK01000002.1	2472599	2474371	-	hypothetical protein
PMG11_02366	CDHK01000002.1	2475907	2477903	-	hypothetical protein
PMG11_02367	CDHK01000002.1	2478301	2479438	-	hypothetical protein
PMG11_02368	CDHK01000002.1	2481473	2483491	+	hypothetical protein
PMG11_02369	CDHK01000002.1	2485075	2488839	+	hypothetical protein
PMG11_02370	CDHK01000002.1	2494294	2498459	+	Putative Extracellular serine-threonine rich protein
PMG11_02371	CDHK01000002.1	2498514	2498984	-	hypothetical protein
PMG11_02372	CDHK01000002.1	2500883	2501185	+	hypothetical protein
PMG11_02373	CDHK01000002.1	2502150	2504002	-	Putative Aldehyde dehydrogenase
PMG11_02374	CDHK01000002.1	2504241	2505512	-	hypothetical protein
PMG11_02375	CDHK01000002.1	2506228	2509368	-	hypothetical protein
PMG11_02376	CDHK01000002.1	2506306	2506735	+	hypothetical protein
PMG11_02377	CDHK01000002.1	2513109	2515373	+	hypothetical protein
PMG11_02378	CDHK01000002.1	2515864	2517336	-	hypothetical protein
PMG11_02379	CDHK01000002.1	2520367	2521245	+	hypothetical protein
PMG11_02380	CDHK01000002.1	2523985	2526667	+	hypothetical protein
PMG11_02381	CDHK01000002.1	2527166	2529245	+	hypothetical protein
PMG11_02382	CDHK01000002.1	2529509	2530939	+	hypothetical protein
PMG11_02383	CDHK01000002.1	2531271	2531981	+	hypothetical protein
PMG11_02384	CDHK01000002.1	2532113	2533031	-	hypothetical protein
PMG11_02385	CDHK01000002.1	2534047	2537952	-	hypothetical protein
PMG11_02386	CDHK01000002.1	2540967	2545281	-	hypothetical protein
PMG11_02387	CDHK01000002.1	2541456	2542697	+	hypothetical protein
PMG11_02388	CDHK01000002.1	2545451	2548987	+	hypothetical protein
PMG11_02389	CDHK01000002.1	2547217	2549307	-	hypothetical protein
PMG11_02390	CDHK01000002.1	2549778	2552137	-	hypothetical protein
PMG11_02391	CDHK01000002.1	2552491	2554298	+	hypothetical protein
PMG11_02392	CDHK01000002.1	2554430	2555370	-	Putative Enoyl-CoA hydratase/isomerase family protein (AFU_orthologue; AFUA_2G14850)
PMG11_02393	CDHK01000002.1	2555704	2557923	-	hypothetical protein
PMG11_02394	CDHK01000002.1	2558138	2559745	-	hypothetical protein
PMG11_02395	CDHK01000002.1	2560158	2562131	+	hypothetical protein
PMG11_02396	CDHK01000002.1	2563369	2565570	-	hypothetical protein
PMG11_02397	CDHK01000002.1	2567323	2569333	-	hypothetical protein
PMG11_02398	CDHK01000002.1	2569439	2571149	-	hypothetical protein
PMG11_02399	CDHK01000002.1	2573155	2575181	+	Putative ATP-dependent rRNA helicase spb4
PMG11_02400	CDHK01000002.1	2575427	2579904	-	hypothetical protein
PMG11_02401	CDHK01000002.1	2580325	2581314	-	Putative 30S ribosomal protein S15
PMG11_02402	CDHK01000002.1	2581565	2583420	+	Putative 40S ribosomal protein S0
PMG11_02403	CDHK01000002.1	2583518	2584572	-	Putative Rho-like small GTPase
PMG11_02404	CDHK01000002.1	2585036	2586886	+	hypothetical protein
PMG11_02405	CDHK01000002.1	2587001	2587737	-	hypothetical protein
PMG11_02406	CDHK01000002.1	2588016	2588730	+	Putative Ubiquitin-like modifier HUB1
PMG11_02407	CDHK01000002.1	2589588	2591017	+	Putative Ribose-phosphate pyrophosphokinase
PMG11_02408	CDHK01000002.1	2590957	2593378	-	Putative V-type proton ATPase subunit D
PMG11_02409	CDHK01000002.1	2593496	2595758	+	Putative Nucleolar protein nop5
PMG11_02410	CDHK01000002.1	2595948	2596869	+	hypothetical protein
PMG11_02411	CDHK01000002.1	2596984	2599370	-	hypothetical protein
PMG11_02412	CDHK01000002.1	2599536	2600609	-	hypothetical protein
PMG11_02413	CDHK01000002.1	2600829	2601982	-	hypothetical protein
PMG11_02414	CDHK01000002.1	2603688	2605376	+	Putative Stomatin family protein (AFU_orthologue; AFUA_3G13440)
PMG11_02415	CDHK01000002.1	2605529	2607373	+	Putative Xenobiotic compound monooxygenase, DszA family
PMG11_02416	CDHK01000002.1	2607830	2609864	-	hypothetical protein
PMG11_02417	CDHK01000002.1	2611062	2611631	+	hypothetical protein
PMG11_02418	CDHK01000002.1	2611695	2612255	+	hypothetical protein
PMG11_02419	CDHK01000002.1	2613498	2614973	-	Putative Oxidoreductase, short chain dehydrogenase/reductase family superfamily
PMG11_02420	CDHK01000002.1	2615230	2617282	+	hypothetical protein
PMG11_02421	CDHK01000002.1	2617350	2621951	-	hypothetical protein
PMG11_02422	CDHK01000002.1	2617418	2618446	+	hypothetical protein
PMG11_02423	CDHK01000002.1	2622541	2623672	+	Putative Eukaryotic translation initiation factor 2 alpha subunit
PMG11_02424	CDHK01000002.1	2624354	2626451	+	Putative Potassium ion channel Yvc1
PMG11_02425	CDHK01000002.1	2628862	2634650	+	Putative Cof protein
PMG11_02426	CDHK01000002.1	2636073	2637685	+	hypothetical protein
PMG11_02427	CDHK01000002.1	2638123	2639454	+	Putative Aldo-keto reductase
PMG11_02428	CDHK01000002.1	2639658	2640706	+	Putative Gamma-cysteine synthetase regulatory subunit
PMG11_02429	CDHK01000002.1	2640866	2641687	-	Putative Serine/threonine-protein kinase bud32
PMG11_02430	CDHK01000002.1	2641957	2645835	-	Putative Ferric reductase, NADH/NADPH oxidase
PMG11_02431	CDHK01000002.1	2646800	2650421	-	hypothetical protein
PMG11_02432	CDHK01000002.1	2650484	2655416	-	Putative Clustered mitochondria protein homolog
PMG11_02433	CDHK01000002.1	2656385	2658325	+	hypothetical protein
PMG11_02434	CDHK01000002.1	2658843	2659972	+	hypothetical protein
PMG11_02435	CDHK01000002.1	2660419	2661465	-	hypothetical protein
PMG11_02436	CDHK01000002.1	2662774	2666179	-	Putative Phosphoketolase
PMG11_02437	CDHK01000002.1	2665802	2668240	+	Putative Acetate kinase
PMG11_02438	CDHK01000002.1	2668951	2669446	-	hypothetical protein
PMG11_02439	CDHK01000002.1	2678727	2680425	+	Putative RAB GTPase Vps21/Ypt51
PMG11_02440	CDHK01000002.1	2680463	2684542	-	hypothetical protein
PMG11_02441	CDHK01000002.1	2680463	2683719	+	Putative 40S ribosomal protein S7e
PMG11_02442	CDHK01000002.1	2684600	2687011	+	Putative Methyltransferase
PMG11_02443	CDHK01000002.1	2686027	2686672	-	Putative Actin-related protein 2/3 complex subunit 5
PMG11_02444	CDHK01000002.1	2689044	2691121	+	hypothetical protein
PMG11_02445	CDHK01000002.1	2691366	2692370	-	hypothetical protein
PMG11_02446	CDHK01000002.1	2693044	2693985	-	hypothetical protein
PMG11_02447	CDHK01000002.1	2694322	2696083	-	hypothetical protein
PMG11_02448	CDHK01000002.1	2696213	2701953	-	Putative Calcium transporting ATPase
PMG11_02449	CDHK01000002.1	2702141	2705250	-	hypothetical protein
PMG11_02450	CDHK01000002.1	2706418	2708187	-	Putative EB1 homolog (Eurofung)
PMG11_02451	CDHK01000002.1	2708355	2711221	-	hypothetical protein
PMG11_02452	CDHK01000002.1	2712212	2714203	-	Putative Oxidoreductase
PMG11_02453	CDHK01000002.1	2714523	2715620	-	Putative Dihydrodipicolinate synthetase family protein
PMG11_02454	CDHK01000002.1	2716118	2717784	+	Putative D-galacturonic acid reductase
PMG11_02455	CDHK01000002.1	2718593	2719456	+	hypothetical protein
PMG11_02456	CDHK01000002.1	2720185	2722738	-	hypothetical protein
PMG11_02457	CDHK01000002.1	2723798	2725567	+	hypothetical protein
PMG11_02458	CDHK01000002.1	2725625	2730627	-	hypothetical protein
PMG11_02459	CDHK01000002.1	2725734	2726867	+	hypothetical protein
PMG11_02460	CDHK01000002.1	2731264	2734344	-	Putative Transcription factor pacC-Penicillium chrysogenum
PMG11_02461	CDHK01000002.1	2735415	2737045	-	Putative Oxidoreductase, 2OG-Fe(II) oxygenase family
PMG11_02462	CDHK01000002.1	2737041	2741684	-	Putative KLTH0G09108p
PMG11_02463	CDHK01000002.1	2741819	2745791	+	hypothetical protein
PMG11_02464	CDHK01000002.1	2745840	2747399	-	hypothetical protein
PMG11_02465	CDHK01000002.1	2747872	2749058	+	Putative Aldo/keto reductase
PMG11_02466	CDHK01000002.1	2748128	2751982	-	hypothetical protein
PMG11_02467	CDHK01000002.1	2752507	2757770	+	hypothetical protein
PMG11_02468	CDHK01000002.1	2756598	2757720	-	hypothetical protein
PMG11_02469	CDHK01000002.1	2758416	2761297	-	hypothetical protein
PMG11_02470	CDHK01000002.1	2761412	2762827	-	hypothetical protein
PMG11_02471	CDHK01000002.1	2763443	2764702	-	hypothetical protein
PMG11_02472	CDHK01000002.1	2764839	2767122	+	Putative Methionine synthase II
PMG11_02473	CDHK01000002.1	2767357	2767723	-	hypothetical protein
PMG11_02474	CDHK01000002.1	2768188	2769651	-	Putative ADP-ribosylation factor 6
PMG11_02475	CDHK01000002.1	2770021	2772396	+	hypothetical protein
PMG11_02476	CDHK01000002.1	2772631	2773335	-	Putative Dynactin Arp1 p25 subunit
PMG11_02477	CDHK01000002.1	2773619	2778704	-	Putative Psi-producing oxygenase C
PMG11_02478	CDHK01000002.1	2781038	2783517	+	Putative Short chain dehydrogenase reductase family
PMG11_02479	CDHK01000002.1	2785575	2787423	+	hypothetical protein
PMG11_02480	CDHK01000002.1	2787441	2789637	+	hypothetical protein
PMG11_02481	CDHK01000002.1	2790480	2793168	-	Putative Homeobox transcription factor
PMG11_02482	CDHK01000002.1	2794283	2796136	+	Putative Function: high affinity glucose transporter (Precursor)
PMG11_02483	CDHK01000002.1	2797058	2797743	+	hypothetical protein
PMG11_02484	CDHK01000002.1	2797914	2800025	-	hypothetical protein
PMG11_02485	CDHK01000002.1	2800887	2801686	+	hypothetical protein
PMG11_02486	CDHK01000002.1	2802049	2803089	-	hypothetical protein
PMG11_02487	CDHK01000002.1	2804000	2805525	+	hypothetical protein
PMG11_02488	CDHK01000002.1	2806630	2807670	+	Putative Positive regulator of purine utilization
PMG11_02489	CDHK01000002.1	2808426	2810154	+	hypothetical protein
PMG11_02490	CDHK01000002.1	2810948	2815612	-	Putative Protein tyrosine phosphatase CDC14
PMG11_02491	CDHK01000002.1	2811209	2812764	+	hypothetical protein
PMG11_02492	CDHK01000002.1	2817774	2818815	+	hypothetical protein
PMG11_02493	CDHK01000002.1	2819124	2823434	-	Putative Recombination hotspot-binding protein (Translin)
PMG11_02494	CDHK01000002.1	2819420	2819874	+	hypothetical protein
PMG11_02495	CDHK01000002.1	2821034	2821736	+	Putative Glutathione peroxidase
PMG11_02496	CDHK01000002.1	2823753	2824607	-	Putative Pre-mRNA splicing factor Dim1
PMG11_02497	CDHK01000002.1	2825613	2827018	-	hypothetical protein
PMG11_02498	CDHK01000002.1	2828303	2829377	+	Putative 60S ribosomal protein L22
PMG11_02499	CDHK01000002.1	2829760	2831805	-	hypothetical protein
PMG11_02500	CDHK01000002.1	2832337	2834084	+	hypothetical protein
PMG11_02501	CDHK01000002.1	2834042	2834943	-	hypothetical protein
PMG11_02502	CDHK01000002.1	2835912	2838812	-	Putative Phosphatidyl synthase
PMG11_02503	CDHK01000002.1	2839418	2840993	-	hypothetical protein
PMG11_02504	CDHK01000002.1	2841714	2844907	-	hypothetical protein
PMG11_02505	CDHK01000002.1	2845529	2845955	-	Putative Plasma membrane proteolipid 3
PMG11_02506	CDHK01000002.1	2847117	2849701	-	hypothetical protein
PMG11_02507	CDHK01000002.1	2849977	2851561	+	hypothetical protein
PMG11_02508	CDHK01000002.1	2851864	2852832	+	Putative Vacuolar ATP synthase 16 kDa proteolipid subunit
PMG11_02509	CDHK01000002.1	2852773	2855094	-	hypothetical protein
PMG11_02510	CDHK01000002.1	2855251	2858165	-	Putative G protein complex alpha subunit GanA
PMG11_02511	CDHK01000002.1	2863422	2866608	+	hypothetical protein
PMG11_02512	CDHK01000002.1	2867745	2873685	+	hypothetical protein
PMG11_02513	CDHK01000002.1	2873970	2876787	+	Putative DIL and Ankyrin domain protein
PMG11_02514	CDHK01000002.1	2878801	2881900	+	hypothetical protein
PMG11_02515	CDHK01000002.1	2883122	2884583	+	hypothetical protein
PMG11_02516	CDHK01000002.1	2884454	2886679	-	Putative Permease of the major facilitator superfamily
PMG11_02517	CDHK01000002.1	2887322	2888516	+	hypothetical protein
PMG11_02518	CDHK01000002.1	2888542	2892307	-	Putative Rab6 GTPase activator GAPCenA
PMG11_02519	CDHK01000002.1	2892665	2894593	-	Putative Remark: Aspergillus nidulans reproduces asexually via uninucleate
PMG11_02520	CDHK01000002.1	2894571	2896806	+	Putative Remark: PRMT3
PMG11_02521	CDHK01000002.1	2896947	2898181	+	hypothetical protein
PMG11_02522	CDHK01000002.1	2898314	2901294	+	Putative NsfA
PMG11_02523	CDHK01000002.1	2901998	2902892	-	hypothetical protein
PMG11_02524	CDHK01000002.1	2906690	2915315	-	hypothetical protein
PMG11_02525	CDHK01000002.1	2916382	2923563	+	Putative Sensory transduction histidine kinase
PMG11_02526	CDHK01000002.1	2924804	2925145	-	hypothetical protein
PMG11_02527	CDHK01000002.1	2927648	2929989	-	Putative Sugar transporter (Hexose transporter)
PMG11_02528	CDHK01000002.1	2930096	2932575	+	hypothetical protein
PMG11_02529	CDHK01000002.1	2933264	2934894	+	Putative Glycoside hydrolase family 1 protein
PMG11_02530	CDHK01000002.1	2937159	2938403	+	hypothetical protein
PMG11_02531	CDHK01000002.1	2940000	2941031	+	hypothetical protein
PMG11_02532	CDHK01000002.1	2941099	2947290	-	hypothetical protein
PMG11_02533	CDHK01000002.1	2941200	2942831	+	Putative Seryl-tRNA synthetase
PMG11_02534	CDHK01000002.1	2947438	2948691	+	hypothetical protein
PMG11_02535	CDHK01000002.1	2948954	2951507	-	Putative Protein-tyrosine phosphatase 2
PMG11_02536	CDHK01000002.1	2952257	2954539	+	hypothetical protein
PMG11_02537	CDHK01000002.1	2955784	2959724	-	hypothetical protein
PMG11_02538	CDHK01000002.1	2960041	2961073	+	Putative Histone chaperone asf1
PMG11_02539	CDHK01000002.1	2960691	2965225	-	hypothetical protein
PMG11_02540	CDHK01000002.1	2965689	2966813	-	hypothetical protein
PMG11_02541	CDHK01000002.1	2968688	2970070	-	hypothetical protein
PMG11_02542	CDHK01000002.1	2969788	2972915	+	Putative Catalytic activity: a 2-oxo acid = an aldehyde CO2
PMG11_02543	CDHK01000002.1	2973283	2979302	+	Putative Serine/threonine kinase
PMG11_02544	CDHK01000002.1	2982649	2985204	-	Putative Subunit of cis-Golgi transport vesicle tethering complex-Sec34p
PMG11_02545	CDHK01000002.1	2985387	2987412	+	hypothetical protein
PMG11_02546	CDHK01000002.1	2987469	2988596	+	hypothetical protein
PMG11_02547	CDHK01000002.1	2989074	2990650	+	hypothetical protein
PMG11_02548	CDHK01000002.1	2990936	2993083	+	Putative Nucleolar protein 9
PMG11_02549	CDHK01000002.1	2993638	2997531	+	Putative Glutamate decarboxylase and related proteins
PMG11_02550	CDHK01000002.1	2995898	2998611	-	Putative RINT-1 family protein
PMG11_02551	CDHK01000002.1	2998653	3001466	+	Putative DNA ligase
PMG11_02552	CDHK01000002.1	3002287	3003547	-	hypothetical protein
PMG11_02553	CDHK01000002.1	3003982	3009322	+	Putative Jacalin-like lectin domain-containing protein
PMG11_02554	CDHK01000002.1	3014741	3019053	+	hypothetical protein
PMG11_02555	CDHK01000002.1	3022380	3023531	+	hypothetical protein
PMG11_02556	CDHK01000002.1	3023889	3026537	-	hypothetical protein
PMG11_02557	CDHK01000002.1	3028330	3032451	-	hypothetical protein
PMG11_02558	CDHK01000002.1	3032607	3034027	+	Putative YagE family protein
PMG11_02559	CDHK01000002.1	3034230	3036018	+	Putative ORF (Fragment)
PMG11_02560	CDHK01000002.1	3036191	3037469	-	Putative Oxidoreductase family, NAD-binding Rossmann fold protein
PMG11_02561	CDHK01000002.1	3038237	3039127	+	Putative Function: the owner of the patent WO200055180-A2
PMG11_02562	CDHK01000002.1	3039318	3042976	-	hypothetical protein
PMG11_02563	CDHK01000002.1	3043048	3044148	+	Putative Ubiquitin
PMG11_02564	CDHK01000002.1	3043224	3046146	-	Putative Class V chitinase
PMG11_02565	CDHK01000002.1	3049100	3049982	-	hypothetical protein
PMG11_02566	CDHK01000002.1	3051903	3053292	-	Putative Proteasome subunit alpha type
PMG11_02567	CDHK01000002.1	3053848	3055203	-	hypothetical protein
PMG11_02568	CDHK01000002.1	3055573	3058679	-	hypothetical protein
PMG11_02569	CDHK01000002.1	3059547	3061985	-	Putative Transcription factor Atf1
PMG11_02570	CDHK01000002.1	3065104	3065870	+	hypothetical protein
PMG11_02571	CDHK01000002.1	3066910	3068001	-	hypothetical protein
PMG11_02572	CDHK01000002.1	3069288	3069717	+	Putative Golgi apparatus membrane protein tvp18
PMG11_02573	CDHK01000002.1	3072176	3075983	+	hypothetical protein
PMG11_02574	CDHK01000002.1	3076557	3077577	-	Putative ATP synthase H chain
PMG11_02575	CDHK01000002.1	3078371	3079423	+	Putative Transcription initiation protein
PMG11_02576	CDHK01000002.1	3082908	3086437	+	hypothetical protein
PMG11_02577	CDHK01000002.1	3087095	3088816	-	hypothetical protein
PMG11_02578	CDHK01000002.1	3089056	3091715	+	hypothetical protein
PMG11_02579	CDHK01000002.1	3092764	3094248	+	hypothetical protein
PMG11_02580	CDHK01000002.1	3094402	3095714	+	hypothetical protein
PMG11_02581	CDHK01000002.1	3095841	3096425	-	hypothetical protein
PMG11_02582	CDHK01000002.1	3097001	3098812	-	Putative Caffeine resistance protein 5
PMG11_02583	CDHK01000002.1	3099754	3100962	-	Putative Function: the Cutinase CutA from Botrytis cinerea catalyzes the hydrolysis of cutin (Precursor)
PMG11_02584	CDHK01000002.1	3102366	3105013	-	hypothetical protein
PMG11_02585	CDHK01000002.1	3107209	3108736	+	Putative Hydroxymethylglutaryl-CoA synthase
PMG11_02586	CDHK01000002.1	3110273	3112228	+	hypothetical protein
PMG11_02587	CDHK01000002.1	3112997	3114963	+	hypothetical protein
PMG11_02588	CDHK01000002.1	3115431	3117045	+	hypothetical protein
PMG11_02589	CDHK01000002.1	3117255	3118042	-	hypothetical protein
PMG11_02590	CDHK01000002.1	3118556	3120780	+	hypothetical protein
PMG11_02591	CDHK01000002.1	3121478	3123314	-	Putative Alpha-D-phosphohexomutase, alpha/beta/alpha I/II/III
PMG11_02592	CDHK01000002.1	3123899	3124522	-	Putative Oligoribonuclease
PMG11_02593	CDHK01000002.1	3125275	3127176	-	hypothetical protein
PMG11_02594	CDHK01000002.1	3130588	3133289	-	Putative Sugar transporter
PMG11_02595	CDHK01000002.1	3137669	3139045	+	Putative Glutathione S-transferase
PMG11_02596	CDHK01000002.1	3139830	3143195	+	hypothetical protein
PMG11_02597	CDHK01000002.1	3143475	3145601	+	hypothetical protein
PMG11_02598	CDHK01000002.1	3145742	3148298	+	Putative Autophagy-related protein Atg22B2 (Eurofung)
PMG11_02599	CDHK01000002.1	3148418	3150135	-	hypothetical protein
PMG11_02600	CDHK01000002.1	3151339	3152800	+	Putative Oxysterol-binding protein
PMG11_02601	CDHK01000002.1	3153353	3157147	-	hypothetical protein
PMG11_02602	CDHK01000002.1	3157520	3158791	+	hypothetical protein
PMG11_02603	CDHK01000002.1	3159601	3160487	+	hypothetical protein
PMG11_02604	CDHK01000002.1	3161012	3162546	+	Putative Saccharopine dehydrogenase
PMG11_02605	CDHK01000002.1	3163069	3166214	+	Putative Ubiquitin carboxyl-terminal hydrolase
PMG11_02606	CDHK01000002.1	3166689	3168583	+	Putative Fructose-bisphosphate aldolase
PMG11_02607	CDHK01000002.1	3168753	3173065	+	hypothetical protein
PMG11_02608	CDHK01000002.1	3173342	3174667	-	hypothetical protein
PMG11_02609	CDHK01000002.1	3174843	3176027	+	Putative Homoserine dehydrogenase
PMG11_02610	CDHK01000002.1	3176469	3176974	-	hypothetical protein
PMG11_02611	CDHK01000002.1	3177682	3180774	-	hypothetical protein
PMG11_02612	CDHK01000002.1	3181209	3181893	-	hypothetical protein
PMG11_02613	CDHK01000002.1	3183087	3184925	+	hypothetical protein
PMG11_02614	CDHK01000002.1	3185668	3186183	-	Putative Non-histone chromosomal protein 6
PMG11_02615	CDHK01000002.1	3190445	3191372	-	hypothetical protein
PMG11_02616	CDHK01000002.1	3191552	3195903	+	Putative Atg11p
PMG11_02617	CDHK01000002.1	3196340	3197407	-	hypothetical protein
PMG11_02618	CDHK01000002.1	3197722	3200393	+	hypothetical protein
PMG11_02619	CDHK01000002.1	3200653	3202632	-	Putative NCS1 nucleoside transporter
PMG11_02620	CDHK01000002.1	3203016	3204597	+	Putative 2OG-Fe(II) oxygenase superfamily protein
PMG11_02621	CDHK01000002.1	3204897	3205360	+	hypothetical protein
PMG11_02622	CDHK01000002.1	3205506	3206483	-	Putative Transcriptional regulator SNIP1
PMG11_02623	CDHK01000002.1	3206591	3207887	+	hypothetical protein
PMG11_02624	CDHK01000002.1	3208027	3209740	+	hypothetical protein
PMG11_02625	CDHK01000002.1	3210463	3212375	+	hypothetical protein
PMG11_02626	CDHK01000002.1	3212795	3213855	-	hypothetical protein
PMG11_02627	CDHK01000002.1	3214899	3220751	-	Putative LipA and NB-ARC domain protein
PMG11_02628	CDHK01000002.1	3221688	3223050	-	Putative Catalytic activity: enoyl-CoA hydratases convert
PMG11_02629	CDHK01000002.1	3223331	3226860	-	hypothetical protein
PMG11_02630	CDHK01000002.1	3226991	3230466	+	hypothetical protein
PMG11_02631	CDHK01000002.1	3230968	3234636	-	hypothetical protein
PMG11_02632	CDHK01000002.1	3234672	3236818	+	Putative Glutamyl-tRNA(Gln) amidotransferase subunit B, mitochondrial
PMG11_02633	CDHK01000002.1	3237505	3238611	+	Putative Arginase
PMG11_02634	CDHK01000002.1	3239342	3240045	+	hypothetical protein
PMG11_02635	CDHK01000002.1	3243972	3247560	-	hypothetical protein
PMG11_02636	CDHK01000002.1	3247863	3249998	-	Putative Aspartic proteinase (Precursor)
PMG11_02637	CDHK01000002.1	3250337	3252316	-	Putative 26S protease regulatory subunit 6B
PMG11_02638	CDHK01000002.1	3253517	3258716	+	hypothetical protein
PMG11_02639	CDHK01000002.1	3259507	3261052	-	hypothetical protein
PMG11_02640	CDHK01000002.1	3261220	3262505	-	hypothetical protein
PMG11_02641	CDHK01000002.1	3265104	3266770	-	Putative Mitochondrial large ribosomal subunit
PMG11_02642	CDHK01000002.1	3266870	3269029	+	Putative Eukaryotic translation initiation factor 3 subunit E
PMG11_02643	CDHK01000002.1	3269572	3270085	-	hypothetical protein
PMG11_02644	CDHK01000002.1	3272137	3274686	-	Putative ATPase GET3
PMG11_02645	CDHK01000002.1	3273822	3274683	+	Putative Transthyretin domain protein
PMG11_02646	CDHK01000002.1	3275271	3275777	-	Putative Conserved serine-rich protein
PMG11_02647	CDHK01000002.1	3278746	3280842	-	Putative Sugar transporter
PMG11_02648	CDHK01000002.1	3282822	3284978	+	hypothetical protein
PMG11_02649	CDHK01000002.1	3285077	3288433	+	hypothetical protein
PMG11_02650	CDHK01000002.1	3286656	3287654	-	Putative Rho GTPase Rho 2
PMG11_02651	CDHK01000002.1	3288636	3294215	+	Putative Stress response protein NST1
PMG11_02652	CDHK01000002.1	3292543	3296977	-	Putative Vacuolar protein sorting-associated protein 35
PMG11_02653	CDHK01000002.1	3297256	3298643	-	Putative Function: CTP1 of S. cerevisiae is a mitochondrial citrate transport protein (Precursor)
PMG11_02654	CDHK01000002.1	3299243	3301751	+	hypothetical protein
PMG11_02655	CDHK01000002.1	3301970	3303101	-	hypothetical protein
PMG11_02656	CDHK01000002.1	3303540	3305376	+	hypothetical protein
PMG11_02657	CDHK01000002.1	3307404	3308567	-	hypothetical protein
PMG11_02658	CDHK01000002.1	3311881	3314043	-	hypothetical protein
PMG11_02659	CDHK01000002.1	3315514	3316002	-	hypothetical protein
PMG11_02660	CDHK01000002.1	3317174	3320189	-	Putative Acetolactate synthase
PMG11_02661	CDHK01000002.1	3321960	3323678	+	Putative Galactokinase
PMG11_02662	CDHK01000002.1	3324053	3325318	-	hypothetical protein
PMG11_02663	CDHK01000002.1	3325415	3328138	+	hypothetical protein
PMG11_02664	CDHK01000002.1	3328483	3330003	-	Putative MFS transporter
PMG11_02665	CDHK01000002.1	3330171	3332644	-	hypothetical protein
PMG11_02666	CDHK01000002.1	3332760	3333783	+	Putative DASH complex subunit duo1
PMG11_02667	CDHK01000002.1	3333935	3335032	+	Putative DASH complex subunit duo1
PMG11_02668	CDHK01000002.1	3335523	3339385	-	Putative Cell division control protein
PMG11_02669	CDHK01000002.1	3339959	3340801	-	hypothetical protein
PMG11_02670	CDHK01000002.1	3341566	3343819	-	hypothetical protein
PMG11_02671	CDHK01000002.1	3344394	3344740	-	hypothetical protein
PMG11_02672	CDHK01000002.1	3344973	3347513	+	hypothetical protein
PMG11_02673	CDHK01000002.1	3346568	3347370	-	Putative Dolichol-phosphate mannosyltransferase
PMG11_02674	CDHK01000002.1	3347607	3350608	+	hypothetical protein
PMG11_02675	CDHK01000002.1	3348983	3350612	-	hypothetical protein
PMG11_02676	CDHK01000002.1	3351001	3351960	+	Putative Haemolysin-III channel protein Izh2
PMG11_02677	CDHK01000002.1	3353239	3354629	+	hypothetical protein
PMG11_02678	CDHK01000002.1	3354964	3356592	+	Putative 3-oxoacyl-(Acyl-carrier-protein) reductase
PMG11_02679	CDHK01000002.1	3357149	3360417	-	Putative PCRan1 kinase
PMG11_02680	CDHK01000002.1	3365329	3368535	-	Putative Serine/threonine protein kinase
PMG11_02681	CDHK01000002.1	3368508	3368831	+	Putative Coiled-coil domain-containing protein
PMG11_02682	CDHK01000002.1	3368733	3371592	-	hypothetical protein
PMG11_02683	CDHK01000002.1	3371885	3372583	+	Putative Function: bovine MSBP is a high affinity steroid membrane receptor
PMG11_02684	CDHK01000002.1	3372497	3375029	-	hypothetical protein
PMG11_02685	CDHK01000002.1	3375750	3377043	+	hypothetical protein
PMG11_02686	CDHK01000002.1	3378225	3379285	+	Putative PQ loop repeat protein
PMG11_02687	CDHK01000002.1	3379581	3380566	-	Putative Nuclear transport factor 2
PMG11_02688	CDHK01000002.1	3380600	3383363	-	hypothetical protein
PMG11_02689	CDHK01000002.1	3383512	3385011	+	hypothetical protein
PMG11_02690	CDHK01000002.1	3384916	3386450	-	hypothetical protein
PMG11_02691	CDHK01000002.1	3386940	3388558	-	hypothetical protein
PMG11_02692	CDHK01000002.1	3391876	3395256	+	hypothetical protein
PMG11_02693	CDHK01000002.1	3395538	3403521	+	Putative Complex: Cdc39
PMG11_02694	CDHK01000002.1	3403670	3405070	+	hypothetical protein
PMG11_02695	CDHK01000002.1	3405223	3407808	+	Putative Tubulin-tyrosine ligase family protein
PMG11_02696	CDHK01000002.1	3407979	3409175	-	Putative Aspergillus niger contig An13c0060, genomic contig
PMG11_02697	CDHK01000002.1	3410406	3411089	+	hypothetical protein
PMG11_02698	CDHK01000002.1	3410999	3412557	-	hypothetical protein
PMG11_02699	CDHK01000002.1	3412668	3414302	-	hypothetical protein
PMG11_02700	CDHK01000002.1	3414155	3417207	+	Putative HEC/Ndc80p family protein
PMG11_02701	CDHK01000002.1	3418212	3418840	+	hypothetical protein
PMG11_02702	CDHK01000002.1	3419079	3419555	-	hypothetical protein
PMG11_02703	CDHK01000002.1	3419971	3423487	+	hypothetical protein
PMG11_02704	CDHK01000002.1	3423577	3427620	-	hypothetical protein
PMG11_02705	CDHK01000002.1	3427846	3430310	-	hypothetical protein
PMG11_02706	CDHK01000002.1	3434121	3435851	-	Putative Ubiquinone/menaquinone biosynthesis-related protein
PMG11_02707	CDHK01000002.1	3434126	3437614	+	hypothetical protein
PMG11_02708	CDHK01000002.1	3438245	3439269	-	Putative Transcription initiation factor TFIID-2
PMG11_02709	CDHK01000002.1	3441866	3444674	+	Putative Electron transfer flavoprotein-ubiquinone oxidoreductase
PMG11_02710	CDHK01000002.1	3445241	3448386	+	Putative Pre-RNA splicing factor Srp2
PMG11_02711	CDHK01000002.1	3448807	3449940	+	Putative Dihydroneopterin aldolase domain protein
PMG11_02712	CDHK01000002.1	3450577	3450789	+	hypothetical protein
PMG11_02713	CDHK01000002.1	3451248	3453017	+	Putative Ribosomal protein S6 kinase
PMG11_02714	CDHK01000002.1	3453516	3454946	-	hypothetical protein
PMG11_02715	CDHK01000002.1	3456134	3456752	-	hypothetical protein
PMG11_02716	CDHK01000002.1	3457282	3458499	-	hypothetical protein
PMG11_02717	CDHK01000002.1	3458946	3460313	-	Putative Dor1-like family protein
PMG11_02718	CDHK01000002.1	3460621	3462459	+	Putative Phosphoglycerate mutase family domain protein
PMG11_02719	CDHK01000002.1	3464501	3465970	-	hypothetical protein
PMG11_02720	CDHK01000002.1	3470296	3474063	-	Putative Forkhead domain protein
PMG11_02721	CDHK01000002.1	3474973	3475912	+	hypothetical protein
PMG11_02722	CDHK01000002.1	3476264	3479282	-	Putative cAMP-dependent protein kinase regulatory subunit
PMG11_02723	CDHK01000002.1	3479476	3482674	+	hypothetical protein
PMG11_02724	CDHK01000002.1	3484539	3485034	-	hypothetical protein
PMG11_02725	CDHK01000002.1	3486063	3493630	-	Putative Alpha-1,3-glucan synthase Ags1
PMG11_02726	CDHK01000002.1	3497208	3498921	+	hypothetical protein
PMG11_02727	CDHK01000002.1	3499588	3501710	+	hypothetical protein
PMG11_02728	CDHK01000002.1	3502969	3504892	+	hypothetical protein
PMG11_02729	CDHK01000002.1	3505310	3507173	-	Putative Phospholipase, PLC-D
PMG11_02730	CDHK01000002.1	3508212	3509676	+	Putative Vacuolar iron transporter Ccc1
PMG11_02731	CDHK01000002.1	3509879	3511540	-	hypothetical protein
PMG11_02732	CDHK01000002.1	3512107	3515194	+	hypothetical protein
PMG11_02733	CDHK01000002.1	3520161	3521658	+	Putative Aureobasidin resistance protein Aur1
PMG11_02734	CDHK01000002.1	3523712	3526120	-	Putative Lecithin:cholesterol acyltransferase family protein
PMG11_02735	CDHK01000002.1	3526193	3527252	+	Putative N-acetyltransferase
PMG11_02736	CDHK01000002.1	3528304	3529491	+	hypothetical protein
PMG11_02737	CDHK01000002.1	3533001	3537141	+	Putative RasGAP group protein
PMG11_02738	CDHK01000002.1	3537936	3539838	+	Putative Phosphatidylinositol transfer protein
PMG11_02739	CDHK01000002.1	3540233	3541251	-	hypothetical protein
PMG11_02740	CDHK01000002.1	3541309	3543454	+	hypothetical protein
PMG11_02741	CDHK01000002.1	3544085	3545446	+	hypothetical protein
PMG11_02742	CDHK01000002.1	3545638	3547080	-	hypothetical protein
PMG11_02743	CDHK01000002.1	3547928	3550739	+	Putative CND5p
PMG11_02744	CDHK01000002.1	3550746	3555614	+	Putative Nonribosomal peptide synthetase
PMG11_02745	CDHK01000002.1	3555949	3558435	+	hypothetical protein
PMG11_02746	CDHK01000002.1	3560065	3563430	+	hypothetical protein
PMG11_02747	CDHK01000002.1	3563834	3565111	+	Putative MSF1 domain protein
PMG11_02748	CDHK01000002.1	3565491	3567235	+	Putative Ammonia permease
PMG11_02749	CDHK01000002.1	3569085	3570393	-	Putative Naphthalene 1,2-dioxygenase subunit alpha
PMG11_02750	CDHK01000002.1	3571288	3574201	+	hypothetical protein
PMG11_02751	CDHK01000002.1	3578503	3579376	+	hypothetical protein
PMG11_02752	CDHK01000002.1	3579808	3580326	-	Putative Phenol acid carboxylase
PMG11_02753	CDHK01000002.1	3581748	3584266	+	hypothetical protein
PMG11_02754	CDHK01000002.1	3585621	3586277	+	hypothetical protein
PMG11_02755	CDHK01000002.1	3587370	3588240	+	Putative Clathrin coat assembly protein ap19
PMG11_02756	CDHK01000002.1	3589044	3590107	+	Putative Mitogen-activated protein kinase MAF1
PMG11_02757	CDHK01000002.1	3590680	3594487	+	hypothetical protein
PMG11_02758	CDHK01000002.1	3591638	3594802	-	Putative COPII-coated vesicle protein
PMG11_02759	CDHK01000002.1	3594923	3600673	-	Putative Dual-specificity tyrosine-phosphorylation regulated kinase
PMG11_02760	CDHK01000002.1	3600648	3603466	+	hypothetical protein
PMG11_02761	CDHK01000002.1	3602898	3603669	-	Putative Nucleolar protein 16
PMG11_02762	CDHK01000002.1	3603916	3605364	+	Putative ZIP Zinc transporter
PMG11_02763	CDHK01000002.1	3606009	3607215	-	Putative Function: MNN9 isrequired for the synthesis of N-linked outer-chain mannan (Precursor)
PMG11_02764	CDHK01000002.1	3607734	3609615	-	Putative Alpha-1,6 mannosyltransferase subunit
PMG11_02765	CDHK01000002.1	3610139	3612806	-	hypothetical protein
PMG11_02766	CDHK01000002.1	3615888	3616571	+	hypothetical protein
PMG11_02767	CDHK01000002.1	3616809	3617996	-	hypothetical protein
PMG11_02768	CDHK01000002.1	3619460	3620002	+	hypothetical protein
PMG11_02769	CDHK01000002.1	3621839	3622544	-	hypothetical protein
PMG11_02770	CDHK01000002.1	3623742	3625453	+	hypothetical protein
PMG11_02771	CDHK01000002.1	3630008	3630635	+	hypothetical protein
PMG11_02772	CDHK01000002.1	3631301	3632325	+	Putative GAF domain nucleotide-binding protein
PMG11_02773	CDHK01000002.1	3633070	3633657	-	hypothetical protein
PMG11_02774	CDHK01000002.1	3634182	3638429	-	hypothetical protein
PMG11_02775	CDHK01000002.1	3639796	3641742	-	Putative NAD kinase associated with ferric reductase
PMG11_02776	CDHK01000002.1	3642541	3644022	-	hypothetical protein
PMG11_02777	CDHK01000002.1	3644834	3649013	+	Putative Ca2 transporting ATPase
PMG11_02778	CDHK01000002.1	3650028	3651074	-	Putative ToxD
PMG11_02779	CDHK01000002.1	3651616	3653365	-	hypothetical protein
PMG11_02780	CDHK01000002.1	3653390	3654788	+	hypothetical protein
PMG11_02781	CDHK01000002.1	3654799	3656825	-	hypothetical protein
PMG11_02782	CDHK01000002.1	3658721	3662795	-	hypothetical protein
PMG11_02783	CDHK01000002.1	3664888	3667124	-	Putative GTP cyclohydrolase-2
PMG11_02784	CDHK01000002.1	3667131	3669519	+	hypothetical protein
PMG11_02785	CDHK01000002.1	3669700	3671046	-	hypothetical protein
PMG11_02786	CDHK01000002.1	3672417	3674854	-	Putative ATP-dependent RNA helicase dbp5
PMG11_02787	CDHK01000002.1	3674945	3679761	+	Putative Actin polymerization protein Bzz1
PMG11_02788	CDHK01000002.1	3678148	3678546	-	hypothetical protein
PMG11_02789	CDHK01000002.1	3678770	3679307	-	Putative Copper fist DNA binding domain protein
PMG11_02790	CDHK01000002.1	3683169	3684959	-	Putative O-methylsterigmatocystin oxidoreductase
PMG11_02791	CDHK01000002.1	3685641	3688079	-	hypothetical protein
PMG11_02792	CDHK01000002.1	3688138	3690333	-	hypothetical protein
PMG11_02793	CDHK01000002.1	3690797	3692537	-	hypothetical protein
PMG11_02794	CDHK01000002.1	3693125	3694952	-	Putative Monoamine oxidase N
PMG11_02795	CDHK01000002.1	3695698	3698087	+	hypothetical protein
PMG11_02796	CDHK01000002.1	3698242	3699409	+	hypothetical protein
PMG11_02797	CDHK01000002.1	3700067	3701704	+	Putative Acyl-CoA dehydrogenase (AFU_orthologue; AFUA_2G16630)
PMG11_02798	CDHK01000002.1	3702159	3704688	-	hypothetical protein
PMG11_02799	CDHK01000002.1	3705126	3707133	-	Putative Carboxyl transferase
PMG11_02800	CDHK01000002.1	3707454	3709407	+	hypothetical protein
PMG11_02801	CDHK01000002.1	3710046	3712036	+	Putative Isopropylmalate/homocitrate/citramalate synthases
PMG11_02802	CDHK01000002.1	3713198	3715881	-	Putative 1,3-beta-glucanosyltransferase Gel1
PMG11_02803	CDHK01000002.1	3717251	3717652	-	hypothetical protein
PMG11_02804	CDHK01000002.1	3719566	3720351	-	hypothetical protein
PMG11_02805	CDHK01000002.1	3721125	3721724	+	hypothetical protein
PMG11_02806	CDHK01000002.1	3723581	3724854	+	hypothetical protein
PMG11_02807	CDHK01000002.1	3726109	3728052	+	hypothetical protein
PMG11_02808	CDHK01000002.1	3728257	3728823	-	Putative Ubiquitin conjugating enzyme
PMG11_02809	CDHK01000002.1	3728966	3730699	+	Putative Endonuclease III
PMG11_02810	CDHK01000002.1	3731093	3733594	+	Putative DNA helicase
PMG11_02811	CDHK01000002.1	3736060	3737697	+	hypothetical protein
PMG11_02812	CDHK01000002.1	3738398	3740159	+	Putative Salicylate hydroxylase
PMG11_02813	CDHK01000002.1	3740413	3741512	+	hypothetical protein
PMG11_02814	CDHK01000002.1	3742009	3743971	+	Putative Benzaldehyde lyase
PMG11_02815	CDHK01000002.1	3744897	3746099	-	Putative Prestalk A differentiation protein A
PMG11_02816	CDHK01000002.1	3748323	3749897	-	hypothetical protein
PMG11_02817	CDHK01000002.1	3752266	3754498	+	hypothetical protein
PMG11_02818	CDHK01000002.1	3754704	3755940	-	hypothetical protein
PMG11_02819	CDHK01000002.1	3757909	3762249	-	hypothetical protein
PMG11_02820	CDHK01000002.1	3762693	3763111	+	hypothetical protein
PMG11_02821	CDHK01000002.1	3763240	3764292	+	hypothetical protein
PMG11_02822	CDHK01000002.1	3763899	3766181	-	hypothetical protein
PMG11_02823	CDHK01000002.1	3766720	3768371	+	hypothetical protein
PMG11_02824	CDHK01000002.1	3768957	3772296	-	Putative WD domain-containing protein
PMG11_02825	CDHK01000002.1	3772407	3773707	+	Putative ARP2/3 complex 34 kDa subunit
PMG11_02826	CDHK01000002.1	3774147	3775862	+	hypothetical protein
PMG11_02827	CDHK01000002.1	3777160	3778543	+	hypothetical protein
PMG11_02828	CDHK01000002.1	3779261	3781128	+	hypothetical protein
PMG11_02829	CDHK01000002.1	3780876	3781118	-	hypothetical protein
PMG11_02830	CDHK01000002.1	3781381	3783518	+	Putative WD40 repeat-containing protein
PMG11_02831	CDHK01000002.1	3783473	3784791	-	Putative Glyceraldehyde 3-phosphate dehydrogenase
PMG11_02832	CDHK01000002.1	3786336	3787907	-	Putative Hexose carrier protein
PMG11_02833	CDHK01000002.1	3788496	3790102	-	Putative Tartrate dehydrogenase/decarboxylase
PMG11_02834	CDHK01000002.1	3790885	3791832	+	hypothetical protein
PMG11_02835	CDHK01000002.1	3791419	3794427	-	hypothetical protein
PMG11_02836	CDHK01000002.1	3794727	3795793	+	hypothetical protein
PMG11_02837	CDHK01000002.1	3797923	3798687	+	hypothetical protein
PMG11_02838	CDHK01000002.1	3799429	3802241	+	hypothetical protein
PMG11_02839	CDHK01000002.1	3803845	3804858	-	hypothetical protein
PMG11_02840	CDHK01000002.1	3805589	3810163	+	Putative Aspartyl-tRNA synthetase, cytoplasmic
PMG11_02841	CDHK01000002.1	3806160	3810534	-	hypothetical protein
PMG11_02842	CDHK01000002.1	3810932	3813544	+	Putative Tubulin alpha chain
PMG11_02843	CDHK01000002.1	3814009	3818972	+	hypothetical protein
PMG11_02844	CDHK01000002.1	3819122	3820733	+	hypothetical protein
PMG11_02845	CDHK01000002.1	3821356	3823125	+	hypothetical protein
PMG11_02846	CDHK01000002.1	3825988	3827016	+	hypothetical protein
PMG11_02847	CDHK01000002.1	3827428	3828479	+	Putative Nodulation protein L
PMG11_02848	CDHK01000002.1	3828525	3831761	-	hypothetical protein
PMG11_02849	CDHK01000002.1	3833306	3835293	+	hypothetical protein
PMG11_02850	CDHK01000002.1	3835497	3837477	-	Putative Origin recognition complex subunit Orc5
PMG11_02851	CDHK01000002.1	3837623	3844556	-	hypothetical protein
PMG11_02852	CDHK01000002.1	3847598	3855368	+	Putative DNA-directed RNA polymerase
PMG11_02853	CDHK01000002.1	3851787	3853837	-	hypothetical protein
PMG11_02854	CDHK01000002.1	3854415	3855281	-	hypothetical protein
PMG11_02855	CDHK01000002.1	3855828	3857132	-	Putative Ubiquitin fusion degradation protein Ufd1
PMG11_02856	CDHK01000002.1	3857395	3858744	+	Putative Function: CD2BP of H. sapiens binds a cytoplamic region of CD2
PMG11_02857	CDHK01000002.1	3858966	3860489	-	Putative Transcriptional regulator
PMG11_02858	CDHK01000002.1	3860999	3864148	+	hypothetical protein
PMG11_02859	CDHK01000002.1	3864318	3865516	-	Putative Alpha/beta fold family hydrolase
PMG11_02860	CDHK01000002.1	3866100	3868164	+	hypothetical protein
PMG11_02861	CDHK01000002.1	3869498	3871052	+	hypothetical protein
PMG11_02862	CDHK01000002.1	3871438	3872076	-	hypothetical protein
PMG11_02863	CDHK01000002.1	3873368	3874320	-	hypothetical protein
PMG11_02864	CDHK01000002.1	3875006	3876500	+	hypothetical protein
PMG11_02865	CDHK01000002.1	3875897	3877087	-	hypothetical protein
PMG11_02866	CDHK01000002.1	3877201	3878549	+	Putative Fumarylacetoacetate hydrolase family protein
PMG11_02867	CDHK01000002.1	3879294	3883218	-	hypothetical protein
PMG11_02868	CDHK01000002.1	3882011	3886744	+	Putative C2H2 type zinc finger domain protein
PMG11_02869	CDHK01000002.1	3887017	3887670	+	hypothetical protein
PMG11_02870	CDHK01000002.1	3888217	3888864	-	hypothetical protein
PMG11_02871	CDHK01000002.1	3892361	3893001	+	hypothetical protein
PMG11_02872	CDHK01000002.1	3894293	3894988	-	hypothetical protein
PMG11_02873	CDHK01000002.1	3895826	3896550	-	hypothetical protein
PMG11_02874	CDHK01000002.1	3897414	3899502	-	hypothetical protein
PMG11_02875	CDHK01000002.1	3899879	3901972	-	hypothetical protein
PMG11_02876	CDHK01000002.1	3902339	3905224	+	hypothetical protein
PMG11_02877	CDHK01000002.1	3906265	3906776	-	hypothetical protein
PMG11_02878	CDHK01000002.1	3908055	3908617	-	hypothetical protein
PMG11_02879	CDHK01000002.1	3909298	3909811	-	hypothetical protein
PMG11_02880	CDHK01000002.1	3910549	3911447	-	hypothetical protein
PMG11_02881	CDHK01000002.1	3912366	3913868	+	hypothetical protein
PMG11_02882	CDHK01000002.1	3913953	3915100	+	Putative Localization: the membrane localization suggested by the title is very questionable
PMG11_02883	CDHK01000002.1	3915802	3917000	-	Putative GTPase Rab11/YPT3, small G protein superfamily
PMG11_02884	CDHK01000002.1	3917382	3921563	+	hypothetical protein
PMG11_02885	CDHK01000002.1	3922434	3924651	-	Putative ATPase, AAA family protein
PMG11_02886	CDHK01000002.1	3925658	3927490	+	hypothetical protein
PMG11_02887	CDHK01000002.1	3927537	3928596	-	hypothetical protein
PMG11_02888	CDHK01000002.1	3929108	3932681	+	Putative Glycerol-3-phosphate dehydrogenase
PMG11_02889	CDHK01000002.1	3929875	3930366	-	hypothetical protein
PMG11_02890	CDHK01000002.1	3932813	3938095	+	Putative Alpha amylase
PMG11_02891	CDHK01000002.1	3938837	3942985	+	hypothetical protein
PMG11_02892	CDHK01000002.1	3943055	3944703	-	Putative Phospho-2-dehydro-3-deoxyheptonate aldolase
PMG11_02893	CDHK01000002.1	3945195	3947985	-	hypothetical protein
PMG11_02894	CDHK01000002.1	3949108	3950376	+	hypothetical protein
PMG11_02895	CDHK01000002.1	3950841	3952174	-	Putative Cytochrome c1
PMG11_02896	CDHK01000002.1	3954846	3956761	+	hypothetical protein
PMG11_02897	CDHK01000002.1	3956815	3959154	+	hypothetical protein
PMG11_02898	CDHK01000002.1	3959489	3960615	+	Putative Cysteine dioxygenase
PMG11_02899	CDHK01000002.1	3960765	3963928	+	Putative F-box domain protein
PMG11_02900	CDHK01000002.1	3964615	3965509	+	hypothetical protein
PMG11_02901	CDHK01000002.1	3964887	3968400	-	Putative Eukaryotic translation initiation factor 3 subunit B
PMG11_02902	CDHK01000002.1	3968467	3970224	+	Putative SWIB/MDM2 domain protein (AFU_orthologue; AFUA_1G02020)
PMG11_02903	CDHK01000002.1	3970504	3974990	+	hypothetical protein
PMG11_02904	CDHK01000002.1	3973113	3976461	-	hypothetical protein
PMG11_02905	CDHK01000002.1	3977270	3979640	+	Putative WD repeat-containing protein 5B
PMG11_02906	CDHK01000002.1	3979316	3980029	-	hypothetical protein
PMG11_02907	CDHK01000002.1	3980916	3982030	-	hypothetical protein
PMG11_02908	CDHK01000002.1	3984106	3985341	-	Putative VeA-like protein
PMG11_02909	CDHK01000002.1	3990036	3992221	+	hypothetical protein
PMG11_02910	CDHK01000002.1	3993010	3994726	+	hypothetical protein
PMG11_02911	CDHK01000002.1	3995805	3998969	+	hypothetical protein
PMG11_02912	CDHK01000002.1	3999406	4002156	-	hypothetical protein
PMG11_02913	CDHK01000002.1	4002710	4004446	+	hypothetical protein
PMG11_02914	CDHK01000002.1	4002821	4006415	-	hypothetical protein
PMG11_02915	CDHK01000002.1	4011279	4012822	+	hypothetical protein
PMG11_02916	CDHK01000002.1	4013737	4014290	-	hypothetical protein
PMG11_02917	CDHK01000002.1	4015029	4017836	-	hypothetical protein
PMG11_02918	CDHK01000002.1	4018430	4018924	-	Putative Acetyltransferase, GNAT family
PMG11_02919	CDHK01000002.1	4019246	4020455	-	hypothetical protein
PMG11_02920	CDHK01000002.1	4020710	4021590	+	Putative DUF814 domain protein
PMG11_02921	CDHK01000002.1	4021190	4023475	-	hypothetical protein
PMG11_02922	CDHK01000002.1	4023800	4024803	-	Putative Peptidase M24
PMG11_02923	CDHK01000002.1	4025952	4027337	+	hypothetical protein
PMG11_02924	CDHK01000002.1	4027726	4029092	-	hypothetical protein
PMG11_02925	CDHK01000002.1	4030068	4031312	-	Putative p-Nitrophenyl phosphatase
PMG11_02926	CDHK01000002.1	4031881	4035519	-	Putative FarA
PMG11_02927	CDHK01000002.1	4037551	4040794	+	hypothetical protein
PMG11_02928	CDHK01000002.1	4041210	4042792	+	hypothetical protein
PMG11_02929	CDHK01000002.1	4042991	4044057	-	hypothetical protein
PMG11_02930	CDHK01000002.1	4046311	4047238	+	hypothetical protein
PMG11_02931	CDHK01000002.1	4047499	4049514	+	Putative L-rhamnonate dehydratase
PMG11_02932	CDHK01000002.1	4049630	4051163	+	Putative Alcohol dehydrogenase
PMG11_02933	CDHK01000002.1	4052850	4054084	+	Putative Arylacetamide deacetylase
PMG11_02934	CDHK01000002.1	4056511	4057613	-	Putative Glutathione S-transferase
PMG11_02935	CDHK01000002.1	4058988	4059521	-	hypothetical protein
PMG11_02936	CDHK01000002.1	4060451	4061123	+	hypothetical protein
PMG11_02937	CDHK01000002.1	4061733	4062416	-	Putative Conidial pigment biosynthesis scytalone dehydratase Arp1
PMG11_02938	CDHK01000002.1	4062989	4063851	+	Putative Conidial pigment biosynthesis 1,3,6,8-tetrahydroxynaphthalene reductase Arp2
PMG11_02939	CDHK01000002.1	4064669	4065818	-	hypothetical protein
PMG11_02940	CDHK01000002.1	4066948	4072347	-	Putative Repressor protein
PMG11_02941	CDHK01000002.1	4066976	4069315	+	hypothetical protein
PMG11_02942	CDHK01000002.1	4072519	4073956	-	Putative Fumarylacetoacetate hydrolase family protein
PMG11_02943	CDHK01000002.1	4075750	4078130	+	Putative Gamma-glutamyltranspeptidase
PMG11_02944	CDHK01000002.1	4079113	4081014	+	hypothetical protein
PMG11_02945	CDHK01000002.1	4081404	4082519	-	hypothetical protein
PMG11_02946	CDHK01000002.1	4083132	4084091	+	hypothetical protein
PMG11_02947	CDHK01000002.1	4087602	4088710	-	hypothetical protein
PMG11_02948	CDHK01000002.1	4090923	4092178	+	hypothetical protein
PMG11_02949	CDHK01000002.1	4092395	4093499	-	Putative Presequence translocase-associated motor subunit Pam17
PMG11_02950	CDHK01000002.1	4093945	4095526	-	hypothetical protein
PMG11_02951	CDHK01000002.1	4096078	4098779	+	Putative C6 zinc finger domain protein
PMG11_02952	CDHK01000002.1	4099349	4100561	+	hypothetical protein
PMG11_02953	CDHK01000002.1	4101286	4103029	-	Putative Fructosyl peptide oxidase
PMG11_02954	CDHK01000002.1	4103362	4107215	+	Putative Membrane protein
PMG11_02955	CDHK01000002.1	4106002	4107912	-	hypothetical protein
PMG11_02956	CDHK01000002.1	4109305	4111195	+	hypothetical protein
PMG11_02957	CDHK01000002.1	4113518	4114892	+	Putative Retrograde regulation protein 2
PMG11_02958	CDHK01000002.1	4114967	4115460	+	Putative High-affinity nicotinic acid transporter
PMG11_02959	CDHK01000002.1	4115697	4116341	-	hypothetical protein
PMG11_02960	CDHK01000002.1	4117953	4119190	+	hypothetical protein
PMG11_02961	CDHK01000002.1	4122854	4124591	+	hypothetical protein
PMG11_02962	CDHK01000002.1	4124726	4126752	-	Putative Cyclophilin-related peptidyl-prolyl cis-trans isomerase
PMG11_02963	CDHK01000002.1	4126684	4129653	+	Putative T-complex protein 1 subunit beta
PMG11_02964	CDHK01000002.1	4129129	4132519	+	hypothetical protein
PMG11_02965	CDHK01000002.1	4132828	4136804	+	Putative Serine/threonine protein kinase and endoribonuclease ERN1/IRE1
PMG11_02966	CDHK01000002.1	4137110	4140671	+	hypothetical protein
PMG11_02967	CDHK01000002.1	4139605	4140972	-	Putative Branched-chain amino acid aminotransferase
PMG11_02968	CDHK01000002.1	4141932	4146755	-	hypothetical protein
PMG11_02969	CDHK01000002.1	4162105	4164957	+	hypothetical protein
PMG11_02970	CDHK01000002.1	4165258	4166205	-	hypothetical protein
PMG11_02971	CDHK01000002.1	4166293	4169883	+	Putative Deoxyribodipyrimidine photo-lyase
PMG11_02972	CDHK01000002.1	4170045	4172640	+	Putative Remark: the transcriptional activator XlnR regulates the transcription of the xlnB
PMG11_02973	CDHK01000002.1	4173522	4175737	+	hypothetical protein
PMG11_02974	CDHK01000002.1	4176356	4178170	+	Putative Permease of the major facilitator superfamily
PMG11_02975	CDHK01000002.1	4178481	4180627	+	hypothetical protein
PMG11_02976	CDHK01000002.1	4182132	4184746	+	Putative Pectinesterase
PMG11_02977	CDHK01000002.1	4186536	4187781	+	Putative Starch binding domain protein
PMG11_02978	CDHK01000002.1	4188808	4191203	+	hypothetical protein
PMG11_02979	CDHK01000002.1	4192219	4193484	-	hypothetical protein
PMG11_02980	CDHK01000002.1	4195960	4196484	-	hypothetical protein
PMG11_02981	CDHK01000002.1	4202691	4203015	-	hypothetical protein
PMG11_02982	CDHK01000002.1	4203107	4204319	-	hypothetical protein
PMG11_02983	CDHK01000002.1	4206480	4206947	+	hypothetical protein
PMG11_02984	CDHK01000002.1	4207002	4207908	+	hypothetical protein
PMG11_02985	CDHK01000002.1	4211314	4215375	-	Putative Hydantoinase/oxoprolinase
PMG11_02986	CDHK01000003.1	4009	6457	-	hypothetical protein
PMG11_02987	CDHK01000003.1	7463	8497	+	hypothetical protein
PMG11_02988	CDHK01000003.1	8836	10098	-	Putative Monocarboxylate transporter
PMG11_02989	CDHK01000003.1	13413	14378	-	hypothetical protein
PMG11_02990	CDHK01000003.1	17212	19049	+	hypothetical protein
PMG11_02991	CDHK01000003.1	19062	21272	-	hypothetical protein
PMG11_02992	CDHK01000003.1	22218	23892	+	hypothetical protein
PMG11_02993	CDHK01000003.1	24623	26651	+	hypothetical protein
PMG11_02994	CDHK01000003.1	26950	28538	-	hypothetical protein
PMG11_02995	CDHK01000003.1	29423	30620	+	hypothetical protein
PMG11_02996	CDHK01000003.1	31364	32554	+	hypothetical protein
PMG11_02997	CDHK01000003.1	34035	34910	+	hypothetical protein
PMG11_02998	CDHK01000003.1	35956	38592	-	Putative Sugar transporter STL1
PMG11_02999	CDHK01000003.1	38712	40367	+	Putative UPF0075 domain protein
PMG11_03000	CDHK01000003.1	40828	43639	-	hypothetical protein
PMG11_03001	CDHK01000003.1	44856	48017	-	hypothetical protein
PMG11_03002	CDHK01000003.1	51279	53557	-	hypothetical protein
PMG11_03003	CDHK01000003.1	54362	56551	-	hypothetical protein
PMG11_03004	CDHK01000003.1	57367	59767	+	hypothetical protein
PMG11_03005	CDHK01000003.1	59903	61174	-	Putative CAIB/BAIF family enzyme
PMG11_03006	CDHK01000003.1	61461	62840	+	Putative Acyl-CoA dehydrogenase
PMG11_03007	CDHK01000003.1	64679	65431	+	hypothetical protein
PMG11_03008	CDHK01000003.1	66156	69010	+	hypothetical protein
PMG11_03009	CDHK01000003.1	68967	71799	-	hypothetical protein
PMG11_03010	CDHK01000003.1	70773	71937	+	Putative Arylacetamide deacetylase
PMG11_03011	CDHK01000003.1	72027	73019	-	hypothetical protein
PMG11_03012	CDHK01000003.1	73262	74422	-	hypothetical protein
PMG11_03013	CDHK01000003.1	74733	76485	-	Putative Permease of the major facilitator superfamily
PMG11_03014	CDHK01000003.1	76989	78521	+	hypothetical protein
PMG11_03015	CDHK01000003.1	78594	80598	-	Putative Permease of the major facilitator superfamily
PMG11_03016	CDHK01000003.1	81444	81826	-	hypothetical protein
PMG11_03017	CDHK01000003.1	81978	83693	-	Putative Zinc-binding alcohol dehydrogenase
PMG11_03018	CDHK01000003.1	85505	87823	+	hypothetical protein
PMG11_03019	CDHK01000003.1	87811	90348	-	Putative Glucoamylase
PMG11_03020	CDHK01000003.1	91385	93924	+	Putative Alpha-amylase
PMG11_03021	CDHK01000003.1	94084	95784	-	Putative Acetylcholinesterase/Butyrylcholinesterase
PMG11_03022	CDHK01000003.1	97915	99747	-	Putative Clavaminate synthase-like protein
PMG11_03023	CDHK01000003.1	99990	102110	-	hypothetical protein
PMG11_03024	CDHK01000003.1	103516	104944	+	hypothetical protein
PMG11_03025	CDHK01000003.1	106185	107438	+	Putative Dehydrogenase with different specificitie
PMG11_03026	CDHK01000003.1	122855	124809	+	hypothetical protein
PMG11_03027	CDHK01000003.1	126934	130522	-	hypothetical protein
PMG11_03028	CDHK01000003.1	131616	132989	+	hypothetical protein
PMG11_03029	CDHK01000003.1	133103	137400	+	Putative Siderochrome-iron transporter MirC
PMG11_03030	CDHK01000003.1	140379	141464	+	Putative Cell division control protein 42
PMG11_03031	CDHK01000003.1	142927	144745	-	Putative Arginase family protein
PMG11_03032	CDHK01000003.1	144825	147207	+	Putative 3-oxoacyl-
PMG11_03033	CDHK01000003.1	147345	149202	+	hypothetical protein
PMG11_03034	CDHK01000003.1	153635	155486	+	Putative mRNA-capping enzyme subunit alpha
PMG11_03035	CDHK01000003.1	155607	157573	-	hypothetical protein
PMG11_03036	CDHK01000003.1	159293	160285	-	Putative Class III chitinase ChiA2
PMG11_03037	CDHK01000003.1	162498	163982	-	hypothetical protein
PMG11_03038	CDHK01000003.1	164734	165865	-	hypothetical protein
PMG11_03039	CDHK01000003.1	166132	168229	+	hypothetical protein
PMG11_03040	CDHK01000003.1	168304	168806	-	hypothetical protein
PMG11_03041	CDHK01000003.1	168963	171954	+	hypothetical protein
PMG11_03042	CDHK01000003.1	171205	172388	-	Putative tRNA threonylcarbamoyladenosine biosynthesis protein kae1
PMG11_03043	CDHK01000003.1	172743	174475	+	hypothetical protein
PMG11_03044	CDHK01000003.1	173993	178136	-	Putative Enhancer of polycomb-like protein 1
PMG11_03045	CDHK01000003.1	177714	178626	+	Putative Calcineurin Ca2-binding regulatory subunit CnaB
PMG11_03046	CDHK01000003.1	182868	186617	+	hypothetical protein
PMG11_03047	CDHK01000003.1	186817	188510	-	Putative 37S ribosomal protein S9
PMG11_03048	CDHK01000003.1	188589	190279	+	Putative Glutathione S-transferase
PMG11_03049	CDHK01000003.1	191545	194344	+	hypothetical protein
PMG11_03050	CDHK01000003.1	195084	197624	-	hypothetical protein
PMG11_03051	CDHK01000003.1	197768	198942	+	hypothetical protein
PMG11_03052	CDHK01000003.1	199810	201280	-	hypothetical protein
PMG11_03053	CDHK01000003.1	205021	206264	+	Putative DNA-directed RNA polymerase I and III 14 kDa polypeptide
PMG11_03054	CDHK01000003.1	208046	208597	+	hypothetical protein
PMG11_03055	CDHK01000003.1	209523	209963	+	hypothetical protein
PMG11_03056	CDHK01000003.1	210947	212834	-	hypothetical protein
PMG11_03057	CDHK01000003.1	213464	215065	+	hypothetical protein
PMG11_03058	CDHK01000003.1	216551	217472	-	Putative NADH-ubiquinone oxidoreductase 14.8 kDa subunit
PMG11_03059	CDHK01000003.1	217613	218652	+	Putative 60S ribosomal subunit assembly/export protein LOC1
PMG11_03060	CDHK01000003.1	218797	222297	-	Putative Alpha/beta hydrolase domain containing protein 1,3
PMG11_03061	CDHK01000003.1	219135	220010	+	hypothetical protein
PMG11_03062	CDHK01000003.1	222733	224535	+	hypothetical protein
PMG11_03063	CDHK01000003.1	225081	229010	+	hypothetical protein
PMG11_03064	CDHK01000003.1	229676	230241	-	Putative Histone H3
PMG11_03065	CDHK01000003.1	230692	231959	+	Putative ER-associated proteolytic system protein Der1
PMG11_03066	CDHK01000003.1	236285	237566	+	Putative MIPC synthase subunit
PMG11_03067	CDHK01000003.1	239357	240744	+	hypothetical protein
PMG11_03068	CDHK01000003.1	240892	241143	-	hypothetical protein
PMG11_03069	CDHK01000003.1	241896	242727	-	Putative Imidazoleglycerol-phosphate dehydratase
PMG11_03070	CDHK01000003.1	243155	243707	+	hypothetical protein
PMG11_03071	CDHK01000003.1	245927	249900	+	hypothetical protein
PMG11_03072	CDHK01000003.1	251220	261354	-	Putative WA-type polyketide synthase (Fragment)
PMG11_03073	CDHK01000003.1	251334	252275	+	hypothetical protein
PMG11_03074	CDHK01000003.1	259715	261261	+	hypothetical protein
PMG11_03075	CDHK01000003.1	262083	263162	-	hypothetical protein
PMG11_03076	CDHK01000003.1	263469	264747	-	hypothetical protein
PMG11_03077	CDHK01000003.1	264915	267124	-	hypothetical protein
PMG11_03078	CDHK01000003.1	267847	270237	-	Putative Gip1
PMG11_03079	CDHK01000003.1	270541	271803	+	hypothetical protein
PMG11_03080	CDHK01000003.1	271867	273065	-	hypothetical protein
PMG11_03081	CDHK01000003.1	274009	275352	-	hypothetical protein
PMG11_03082	CDHK01000003.1	276493	278085	-	hypothetical protein
PMG11_03083	CDHK01000003.1	278379	280244	-	hypothetical protein
PMG11_03084	CDHK01000003.1	280826	282919	+	hypothetical protein
PMG11_03085	CDHK01000003.1	284021	285746	+	hypothetical protein
PMG11_03086	CDHK01000003.1	288023	289375	+	hypothetical protein
PMG11_03087	CDHK01000003.1	289719	290497	-	hypothetical protein
PMG11_03088	CDHK01000003.1	290847	293065	-	hypothetical protein
PMG11_03089	CDHK01000003.1	294263	294679	-	Putative Multidrug resistance-associated protein/mitoxantrone resistance protein
PMG11_03090	CDHK01000003.1	294737	295672	-	Putative Multidrug resistance-associated protein/mitoxantrone resistance protein
PMG11_03091	CDHK01000003.1	297461	298750	-	Putative ABC transporter
PMG11_03092	CDHK01000003.1	341000	343633	-	hypothetical protein
PMG11_03093	CDHK01000003.1	344194	346247	+	hypothetical protein
PMG11_03094	CDHK01000003.1	346469	348970	-	hypothetical protein
PMG11_03095	CDHK01000003.1	350083	351829	+	Putative Lactose permease
PMG11_03096	CDHK01000003.1	379418	380464	-	hypothetical protein
PMG11_03097	CDHK01000003.1	384809	385810	-	hypothetical protein
PMG11_03098	CDHK01000003.1	388078	389976	+	Putative Catalytic activity: cinnamyl alcohol NADP() <=> cinnamaldehyde NADPH-(Precursor)
PMG11_03099	CDHK01000003.1	404494	407172	-	Putative mRNA processing protein
PMG11_03100	CDHK01000003.1	407510	410874	+	Putative Phosphoribosylformylglycinamidine cyclo-ligase
PMG11_03101	CDHK01000003.1	412158	415264	-	Putative Actin
PMG11_03102	CDHK01000003.1	415586	417062	+	Putative Armadillo/beta-catenin-like repeat-containing protein
PMG11_03103	CDHK01000003.1	417279	418502	+	Putative UPF0220 domain protein
PMG11_03104	CDHK01000003.1	417312	420441	-	hypothetical protein
PMG11_03105	CDHK01000003.1	420812	421791	-	Putative Vacuolar protein sorting 55 superfamily
PMG11_03106	CDHK01000003.1	421897	423955	+	Putative Proteasome subunit alpha type
PMG11_03107	CDHK01000003.1	423237	424088	-	hypothetical protein
PMG11_03108	CDHK01000003.1	424467	425921	-	hypothetical protein
PMG11_03109	CDHK01000003.1	427970	428842	-	hypothetical protein
PMG11_03110	CDHK01000003.1	430367	432160	-	hypothetical protein
PMG11_03111	CDHK01000003.1	433018	434899	+	hypothetical protein
PMG11_03112	CDHK01000003.1	441812	445042	-	hypothetical protein
PMG11_03113	CDHK01000003.1	446889	447531	-	hypothetical protein
PMG11_03114	CDHK01000003.1	450134	452419	-	hypothetical protein
PMG11_03115	CDHK01000003.1	455609	456050	-	hypothetical protein
PMG11_03116	CDHK01000003.1	456176	457025	-	hypothetical protein
PMG11_03117	CDHK01000003.1	457372	457557	+	hypothetical protein
PMG11_03118	CDHK01000003.1	457873	458190	+	hypothetical protein
PMG11_03119	CDHK01000003.1	458710	460488	-	hypothetical protein
PMG11_03120	CDHK01000003.1	462181	463401	+	hypothetical protein
PMG11_03121	CDHK01000003.1	463987	465406	-	hypothetical protein
PMG11_03122	CDHK01000003.1	466422	467730	-	hypothetical protein
PMG11_03123	CDHK01000003.1	469488	470544	+	hypothetical protein
PMG11_03124	CDHK01000003.1	471662	472830	+	hypothetical protein
PMG11_03125	CDHK01000003.1	473291	475807	-	Putative Bifunctional tryptophan synthase TRPB
PMG11_03126	CDHK01000003.1	476205	479045	-	hypothetical protein
PMG11_03127	CDHK01000003.1	479782	482204	+	hypothetical protein
PMG11_03128	CDHK01000003.1	482238	483260	+	hypothetical protein
PMG11_03129	CDHK01000003.1	485094	485917	+	hypothetical protein
PMG11_03130	CDHK01000003.1	488377	490913	-	hypothetical protein
PMG11_03131	CDHK01000003.1	491105	498020	-	Putative Cytokinesis protein sepA
PMG11_03132	CDHK01000003.1	498430	498958	+	hypothetical protein
PMG11_03133	CDHK01000003.1	499463	501607	-	Putative Formate dehydrogenase
PMG11_03134	CDHK01000003.1	504025	505863	+	hypothetical protein
PMG11_03135	CDHK01000003.1	510977	512243	-	hypothetical protein
PMG11_03136	CDHK01000003.1	512968	514483	-	hypothetical protein
PMG11_03137	CDHK01000003.1	519935	520837	-	hypothetical protein
PMG11_03138	CDHK01000003.1	522817	523926	+	Putative TPR domain protein
PMG11_03139	CDHK01000003.1	524779	526015	+	hypothetical protein
PMG11_03140	CDHK01000003.1	526240	530376	-	hypothetical protein
PMG11_03141	CDHK01000003.1	530938	531555	-	hypothetical protein
PMG11_03142	CDHK01000003.1	531601	532656	-	hypothetical protein
PMG11_03143	CDHK01000003.1	533124	537187	-	hypothetical protein
PMG11_03144	CDHK01000003.1	537352	540069	+	Putative CaaX prenyl proteinase Rce1
PMG11_03145	CDHK01000003.1	540569	542319	-	hypothetical protein
PMG11_03146	CDHK01000003.1	544506	551268	-	hypothetical protein
PMG11_03147	CDHK01000003.1	554016	556223	-	Putative Tryprostatin B 6-hydroxylase
PMG11_03148	CDHK01000003.1	556541	558180	+	Putative O-methyltransferase FtmD
PMG11_03149	CDHK01000003.1	559213	561177	+	Putative Tryprostatin B synthase
PMG11_03150	CDHK01000003.1	561292	562893	-	Putative Fumitremorgin C synthase
PMG11_03151	CDHK01000003.1	563546	565025	+	Putative Verruculogen synthase
PMG11_03152	CDHK01000003.1	566940	569174	-	Putative Fumitremorgin C monooxygenase
PMG11_03153	CDHK01000003.1	569831	572099	+	hypothetical protein
PMG11_03154	CDHK01000003.1	573305	575436	+	hypothetical protein
PMG11_03155	CDHK01000003.1	575732	579187	-	Putative Leucyl-tRNA synthetase, mitochondrial
PMG11_03156	CDHK01000003.1	580025	580756	+	hypothetical protein
PMG11_03157	CDHK01000003.1	581684	585472	-	Putative MBOAT family protein
PMG11_03158	CDHK01000003.1	584155	586176	+	Putative Vacuolar sorting protein
PMG11_03159	CDHK01000003.1	586395	587596	+	Putative Short chain dehydrogenase/reductase family protein (AFU_orthologue; AFUA_6G04850)
PMG11_03160	CDHK01000003.1	586636	592875	-	Putative Targeting complex
PMG11_03161	CDHK01000003.1	593262	598558	+	hypothetical protein
PMG11_03162	CDHK01000003.1	598756	601822	+	hypothetical protein
PMG11_03163	CDHK01000003.1	602080	606379	-	Putative Homoaconitase
PMG11_03164	CDHK01000003.1	602226	603440	+	hypothetical protein
PMG11_03165	CDHK01000003.1	607418	609701	+	Putative Phosphoserine aminotransferase
PMG11_03166	CDHK01000003.1	609151	610468	-	hypothetical protein
PMG11_03167	CDHK01000003.1	610531	613006	+	Putative L-methionine porter
PMG11_03168	CDHK01000003.1	617302	619233	+	hypothetical protein
PMG11_03169	CDHK01000003.1	624659	625006	-	hypothetical protein
PMG11_03170	CDHK01000003.1	626415	628550	+	Putative Phosphotransferase enzyme family protein
PMG11_03171	CDHK01000003.1	628996	629939	-	hypothetical protein
PMG11_03172	CDHK01000003.1	630824	633496	-	hypothetical protein
PMG11_03173	CDHK01000003.1	634307	636060	-	hypothetical protein
PMG11_03174	CDHK01000003.1	636379	640942	+	Putative Glycosyl hydrolases family 32 superfamily
PMG11_03175	CDHK01000003.1	638925	641389	-	hypothetical protein
PMG11_03176	CDHK01000003.1	641938	643980	+	hypothetical protein
PMG11_03177	CDHK01000003.1	642947	645603	-	Putative Replication factor C
PMG11_03178	CDHK01000003.1	646182	646880	+	hypothetical protein
PMG11_03179	CDHK01000003.1	646752	648943	-	Putative DUF410 domain protein
PMG11_03180	CDHK01000003.1	648387	650548	+	Putative HLA class III protein Dom3z
PMG11_03181	CDHK01000003.1	650501	652289	-	hypothetical protein
PMG11_03182	CDHK01000003.1	652523	653424	+	Putative ABC transporter (Eurofung)
PMG11_03183	CDHK01000003.1	654690	658467	-	Putative Protein kinase gsk3
PMG11_03184	CDHK01000003.1	666309	668572	-	Putative Mitochondrial import receptor subunit tom-40
PMG11_03185	CDHK01000003.1	668960	671275	+	Putative 6-phosphofructo-2-kinase/fructose-2, 6-bisphosphatase
PMG11_03186	CDHK01000003.1	671395	671845	-	hypothetical protein
PMG11_03187	CDHK01000003.1	672042	674634	+	hypothetical protein
PMG11_03188	CDHK01000003.1	674799	676298	-	Putative UPF0187 domain membrane protein
PMG11_03189	CDHK01000003.1	678267	681735	+	Putative Cap binding protein
PMG11_03190	CDHK01000003.1	682091	682723	-	Putative Guanylate kinase
PMG11_03191	CDHK01000003.1	685930	686643	-	hypothetical protein
PMG11_03192	CDHK01000003.1	687232	688664	-	hypothetical protein
PMG11_03193	CDHK01000003.1	688912	690071	-	hypothetical protein
PMG11_03194	CDHK01000003.1	689712	693430	+	hypothetical protein
PMG11_03195	CDHK01000003.1	694324	695013	-	hypothetical protein
PMG11_03196	CDHK01000003.1	695867	697836	-	hypothetical protein
PMG11_03197	CDHK01000003.1	698551	700624	+	hypothetical protein
PMG11_03198	CDHK01000003.1	701202	702714	-	hypothetical protein
PMG11_03199	CDHK01000003.1	706275	710477	+	hypothetical protein
PMG11_03200	CDHK01000003.1	710733	712251	-	hypothetical protein
PMG11_03201	CDHK01000003.1	714479	715267	-	hypothetical protein
PMG11_03202	CDHK01000003.1	719335	720303	-	Putative Dienelactone hydrolase domain-containing protein
PMG11_03203	CDHK01000003.1	720972	721534	+	Putative X-Pro dipeptidyl-peptidase (S15 family) protein
PMG11_03204	CDHK01000003.1	722246	723162	+	hypothetical protein
PMG11_03205	CDHK01000003.1	723554	726909	-	hypothetical protein
PMG11_03206	CDHK01000003.1	730852	734581	-	Putative Transcriptional corepressor (Eurofung)
PMG11_03207	CDHK01000003.1	735214	736816	+	Putative Sterol delta 5,6-desaturase ERG3
PMG11_03208	CDHK01000003.1	737595	739049	-	hypothetical protein
PMG11_03209	CDHK01000003.1	739197	741943	-	Putative Aspartic-type endopeptidase
PMG11_03210	CDHK01000003.1	742924	744596	-	Putative Mitochondrial tryptophanyl-tRNA synthetase
PMG11_03211	CDHK01000003.1	744786	746135	-	Putative 30S ribosomal protein S10
PMG11_03212	CDHK01000003.1	746549	749076	+	Putative Purine nucleoside phosphorylase I, inosine and guanosine-specific
PMG11_03213	CDHK01000003.1	747285	749076	-	hypothetical protein
PMG11_03214	CDHK01000003.1	749267	751372	+	Putative CCAAT-binding factor complex subunit HapE
PMG11_03215	CDHK01000003.1	749435	754286	-	Putative Exocyst complex component Sec15
PMG11_03216	CDHK01000003.1	755204	759065	+	hypothetical protein
PMG11_03217	CDHK01000003.1	759238	760023	+	hypothetical protein
PMG11_03218	CDHK01000003.1	759682	763204	-	hypothetical protein
PMG11_03219	CDHK01000003.1	763264	764116	-	hypothetical protein
PMG11_03220	CDHK01000003.1	764107	766587	+	hypothetical protein
PMG11_03221	CDHK01000003.1	766993	768329	+	Putative BET3 family protein
PMG11_03222	CDHK01000003.1	767892	770497	-	Putative Malate dehydrogenase
PMG11_03223	CDHK01000003.1	771803	772736	-	Putative 60S ribosomal protein L28
PMG11_03224	CDHK01000003.1	773154	773603	+	Putative Protein
PMG11_03225	CDHK01000003.1	773283	775864	-	Putative Splicing factor 3b subunit 4
PMG11_03226	CDHK01000003.1	775406	776559	+	Putative TOM complex component Tom7
PMG11_03227	CDHK01000003.1	776789	778203	+	hypothetical protein
PMG11_03228	CDHK01000003.1	780534	781616	+	Putative Vacuolar sorting ATPase Vps4
PMG11_03229	CDHK01000003.1	883876	885561	-	hypothetical protein
PMG11_03230	CDHK01000003.1	928418	929261	+	hypothetical protein
PMG11_03231	CDHK01000003.1	930658	935601	+	Putative Alanyl-tRNA synthetase
PMG11_03232	CDHK01000003.1	930950	931741	-	hypothetical protein
PMG11_03233	CDHK01000003.1	935737	936885	-	Putative Peptidyl-prolyl cis-trans isomerase
PMG11_03234	CDHK01000003.1	937043	940178	+	Putative RING finger domain-containing protein
PMG11_03235	CDHK01000003.1	939566	940991	-	hypothetical protein
PMG11_03236	CDHK01000003.1	941320	942930	-	hypothetical protein
PMG11_03237	CDHK01000003.1	943089	944808	+	hypothetical protein
PMG11_03238	CDHK01000003.1	944800	945311	-	Putative Cyclin-dependent protein kinase CDC28, regulatory subunit CKS1
PMG11_03239	CDHK01000003.1	946015	948704	+	hypothetical protein
PMG11_03240	CDHK01000003.1	948796	951410	+	Putative Heat shock protein 70
PMG11_03241	CDHK01000003.1	951556	953698	+	hypothetical protein
PMG11_03242	CDHK01000003.1	952344	954112	-	hypothetical protein
PMG11_03243	CDHK01000003.1	954271	959639	-	Putative Fungal Zn binuclear cluster domain containing protein
PMG11_03244	CDHK01000003.1	954356	954580	+	hypothetical protein
PMG11_03245	CDHK01000003.1	961991	962634	+	Putative Phenotype: null mutation of YHR122w in S. cerevisiae is lethal
PMG11_03246	CDHK01000003.1	962950	966098	-	Putative Elongation factor 2
PMG11_03247	CDHK01000003.1	966258	967970	+	Putative Acetyl-CoA acetyltransferase IB
PMG11_03248	CDHK01000003.1	968277	969803	-	Putative Plasma membrane zinc ion transporter
PMG11_03249	CDHK01000003.1	970155	971983	-	hypothetical protein
PMG11_03250	CDHK01000003.1	972158	972803	+	hypothetical protein
PMG11_03251	CDHK01000003.1	972739	975080	-	Putative LMBR1 domain-containing protein
PMG11_03252	CDHK01000003.1	975218	982732	+	hypothetical protein
PMG11_03253	CDHK01000003.1	981004	982933	-	Putative Transcriptional regulator PacG/VIB-1
PMG11_03254	CDHK01000003.1	988231	992447	-	Putative Beta-N-acetylglucosaminidase
PMG11_03255	CDHK01000003.1	993389	995195	+	Putative Glucosamine-6-phosphate isomerase
PMG11_03256	CDHK01000003.1	995415	997462	-	Putative Betaine aldehyde dehydrogenase
PMG11_03257	CDHK01000003.1	998135	1001009	+	Putative Choline dehydrogenase
PMG11_03258	CDHK01000003.1	1000693	1004673	-	hypothetical protein
PMG11_03259	CDHK01000003.1	1005407	1007430	-	Putative N-acetylglucosamine-6-phosphate deacetylase
PMG11_03260	CDHK01000003.1	1008357	1010133	+	Putative DUF895 domain membrane protein
PMG11_03261	CDHK01000003.1	1010721	1012463	-	hypothetical protein
PMG11_03262	CDHK01000003.1	1014292	1016383	+	hypothetical protein
PMG11_03263	CDHK01000003.1	1016870	1018516	-	hypothetical protein
PMG11_03264	CDHK01000003.1	1019642	1020756	-	hypothetical protein
PMG11_03265	CDHK01000003.1	1024937	1027727	+	Putative Oligopeptide transporter 3
PMG11_03266	CDHK01000003.1	1028203	1031222	-	Putative Carboxypeptidase 2
PMG11_03267	CDHK01000003.1	1032382	1033659	+	Putative Complex: human SRPK2 bound unphosphorylated (Precursor)
PMG11_03268	CDHK01000003.1	1037879	1039141	+	hypothetical protein
PMG11_03269	CDHK01000003.1	1040493	1044055	-	hypothetical protein
PMG11_03270	CDHK01000003.1	1046520	1048050	-	hypothetical protein
PMG11_03271	CDHK01000003.1	1048337	1050822	+	hypothetical protein
PMG11_03272	CDHK01000003.1	1072097	1076014	-	Putative C6 transcription factor
PMG11_03273	CDHK01000003.1	1081103	1084911	-	hypothetical protein
PMG11_03274	CDHK01000003.1	1085034	1087491	-	Putative MFS transporter
PMG11_03275	CDHK01000003.1	1088478	1092064	-	hypothetical protein
PMG11_03276	CDHK01000003.1	1092678	1094443	+	hypothetical protein
PMG11_03277	CDHK01000003.1	1094600	1095613	+	hypothetical protein
PMG11_03278	CDHK01000003.1	1096971	1099073	+	hypothetical protein
PMG11_03279	CDHK01000003.1	1099074	1100466	-	Putative G-patch domain-containing protein
PMG11_03280	CDHK01000003.1	1100607	1103030	+	hypothetical protein
PMG11_03281	CDHK01000003.1	1103345	1103918	-	hypothetical protein
PMG11_03282	CDHK01000003.1	1107572	1108198	+	hypothetical protein
PMG11_03283	CDHK01000003.1	1108171	1111236	-	hypothetical protein
PMG11_03284	CDHK01000003.1	1111369	1112589	+	hypothetical protein
PMG11_03285	CDHK01000003.1	1112825	1115337	-	hypothetical protein
PMG11_03286	CDHK01000003.1	1115456	1118229	+	hypothetical protein
PMG11_03287	CDHK01000003.1	1118385	1119287	-	hypothetical protein
PMG11_03288	CDHK01000003.1	1119610	1125795	-	hypothetical protein
PMG11_03289	CDHK01000003.1	1126371	1127138	+	hypothetical protein
PMG11_03290	CDHK01000003.1	1127252	1130538	-	hypothetical protein
PMG11_03291	CDHK01000003.1	1132292	1136140	-	hypothetical protein
PMG11_03292	CDHK01000003.1	1137692	1143279	-	hypothetical protein
PMG11_03293	CDHK01000003.1	1144796	1147262	-	hypothetical protein
PMG11_03294	CDHK01000003.1	1144807	1145488	+	hypothetical protein
PMG11_03295	CDHK01000003.1	1148057	1148563	-	hypothetical protein
PMG11_03296	CDHK01000003.1	1149494	1150842	-	hypothetical protein
PMG11_03297	CDHK01000003.1	1153297	1154027	-	hypothetical protein
PMG11_03298	CDHK01000003.1	1154348	1155235	-	hypothetical protein
PMG11_03299	CDHK01000003.1	1157222	1158967	+	hypothetical protein
PMG11_03300	CDHK01000003.1	1159194	1161037	-	hypothetical protein
PMG11_03301	CDHK01000003.1	1165179	1165807	-	hypothetical protein
PMG11_03302	CDHK01000003.1	1168973	1170854	-	Putative Cys/Met metabolism PLP-dependent enzyme
PMG11_03303	CDHK01000003.1	1171540	1172486	-	Putative DNA-directed rna polymerase III 25 kD polypeptide
PMG11_03304	CDHK01000003.1	1172574	1175095	+	hypothetical protein
PMG11_03305	CDHK01000003.1	1176929	1177852	+	hypothetical protein
PMG11_03306	CDHK01000003.1	1186962	1187348	+	hypothetical protein
PMG11_03307	CDHK01000003.1	1193217	1195387	+	hypothetical protein
PMG11_03308	CDHK01000003.1	1196214	1197566	-	hypothetical protein
PMG11_03309	CDHK01000003.1	1198884	1199927	-	hypothetical protein
PMG11_03310	CDHK01000003.1	1200625	1202370	+	hypothetical protein
PMG11_03311	CDHK01000003.1	1202816	1204661	-	hypothetical protein
PMG11_03312	CDHK01000003.1	1204998	1208964	+	hypothetical protein
PMG11_03313	CDHK01000003.1	1209293	1209769	-	hypothetical protein
PMG11_03314	CDHK01000003.1	1210075	1210936	-	hypothetical protein
PMG11_03315	CDHK01000003.1	1211881	1215672	-	hypothetical protein
PMG11_03316	CDHK01000003.1	1215864	1216760	+	hypothetical protein
PMG11_03317	CDHK01000003.1	1216997	1220001	-	Putative Oligosaccharyl transferase stt3 subunit
PMG11_03318	CDHK01000003.1	1220515	1221300	+	hypothetical protein
PMG11_03319	CDHK01000003.1	1221499	1222471	-	hypothetical protein
PMG11_03320	CDHK01000003.1	1222514	1224722	+	Putative Cytoplasmic dynein 1 intermediate chain 1
PMG11_03321	CDHK01000003.1	1225095	1227422	+	Putative C6 zinc finger domain-containing protein
PMG11_03322	CDHK01000003.1	1229455	1230317	+	hypothetical protein
PMG11_03323	CDHK01000003.1	1230880	1233253	-	Putative Permease of the major facilitator superfamily
PMG11_03324	CDHK01000003.1	1233616	1235368	+	hypothetical protein
PMG11_03325	CDHK01000003.1	1235685	1236546	+	hypothetical protein
PMG11_03326	CDHK01000003.1	1236632	1238160	-	hypothetical protein
PMG11_03327	CDHK01000003.1	1238656	1240009	-	Putative Arsenical-resistance protein
PMG11_03328	CDHK01000003.1	1240814	1241221	+	Putative ArsC 1
PMG11_03329	CDHK01000003.1	1242311	1245528	+	Putative Dolichyl-phosphate-mannose:protein O-mannosyl transferase
PMG11_03330	CDHK01000003.1	1246817	1251733	+	hypothetical protein
PMG11_03331	CDHK01000003.1	1252561	1253266	-	hypothetical protein
PMG11_03332	CDHK01000003.1	1254916	1256176	+	Putative RNA polymerase, subunit L
PMG11_03333	CDHK01000003.1	1255006	1255677	+	hypothetical protein
PMG11_03334	CDHK01000003.1	1256822	1261975	+	Putative Actin cytoskeleton-regulatory complex protein pan1
PMG11_03335	CDHK01000003.1	1262131	1263865	-	hypothetical protein
PMG11_03336	CDHK01000003.1	1266408	1268074	+	Putative Guanine deaminase
PMG11_03337	CDHK01000003.1	1268399	1271641	-	hypothetical protein
PMG11_03338	CDHK01000003.1	1273049	1276989	-	hypothetical protein
PMG11_03339	CDHK01000003.1	1276970	1280118	+	Putative Condensin complex subunit 2 (Fragment)
PMG11_03340	CDHK01000003.1	1283625	1285070	+	hypothetical protein
PMG11_03341	CDHK01000003.1	1285246	1286226	+	hypothetical protein
PMG11_03342	CDHK01000003.1	1286372	1289093	-	hypothetical protein
PMG11_03343	CDHK01000003.1	1291530	1292611	+	hypothetical protein
PMG11_03344	CDHK01000003.1	1293401	1295102	+	Putative Protein kinase
PMG11_03345	CDHK01000003.1	1297291	1300966	+	Putative Zinc finger protein
PMG11_03346	CDHK01000003.1	1301190	1301938	+	hypothetical protein
PMG11_03347	CDHK01000003.1	1302188	1303248	-	hypothetical protein
PMG11_03348	CDHK01000003.1	1303502	1304811	-	hypothetical protein
PMG11_03349	CDHK01000003.1	1305361	1308267	+	Putative Trehalose-6-phosphate synthase component TPS1
PMG11_03350	CDHK01000003.1	1308705	1309988	-	hypothetical protein
PMG11_03351	CDHK01000003.1	1310529	1312914	+	hypothetical protein
PMG11_03352	CDHK01000003.1	1312013	1312723	-	hypothetical protein
PMG11_03353	CDHK01000003.1	1313916	1314644	+	hypothetical protein
PMG11_03354	CDHK01000003.1	1315220	1316753	+	Putative Eukaryotic translation initiation factor 3 subunit M
PMG11_03355	CDHK01000003.1	1317739	1318374	-	Putative Uridylate kinase Ura6
PMG11_03356	CDHK01000003.1	1318640	1318915	-	hypothetical protein
PMG11_03357	CDHK01000003.1	1319576	1320187	-	hypothetical protein
PMG11_03358	CDHK01000003.1	1323528	1324196	-	hypothetical protein
PMG11_03359	CDHK01000003.1	1325166	1326399	-	hypothetical protein
PMG11_03360	CDHK01000003.1	1327057	1332870	+	Putative Mycocerosic acid synthase
PMG11_03361	CDHK01000003.1	1333001	1334110	+	hypothetical protein
PMG11_03362	CDHK01000003.1	1335935	1339576	+	Putative Sugar transport protein
PMG11_03363	CDHK01000003.1	1342004	1342492	-	hypothetical protein
PMG11_03364	CDHK01000003.1	1343818	1347694	-	hypothetical protein
PMG11_03365	CDHK01000003.1	1351722	1354883	+	Putative Hexokinase-1
PMG11_03366	CDHK01000003.1	1356067	1357018	-	hypothetical protein
PMG11_03367	CDHK01000003.1	1357167	1360068	+	hypothetical protein
PMG11_03368	CDHK01000003.1	1360138	1361356	-	Putative Permease of the major facilitator superfamily
PMG11_03369	CDHK01000003.1	1361848	1363562	+	hypothetical protein
PMG11_03370	CDHK01000003.1	1364950	1366074	+	hypothetical protein
PMG11_03371	CDHK01000003.1	1367951	1369874	+	hypothetical protein
PMG11_03372	CDHK01000003.1	1370326	1371513	+	hypothetical protein
PMG11_03373	CDHK01000003.1	1374287	1375228	-	hypothetical protein
PMG11_03374	CDHK01000003.1	1376506	1377281	+	Putative NlpC/P60-like cell-wall peptidase
PMG11_03375	CDHK01000003.1	1377510	1378406	-	hypothetical protein
PMG11_03376	CDHK01000003.1	1378768	1379749	+	hypothetical protein
PMG11_03377	CDHK01000003.1	1381136	1383170	-	Putative Phospho-2-dehydro-3-deoxyheptonate aldolase
PMG11_03378	CDHK01000003.1	1383961	1385685	+	hypothetical protein
PMG11_03379	CDHK01000003.1	1387661	1388978	+	hypothetical protein
PMG11_03380	CDHK01000003.1	1390117	1391483	-	hypothetical protein
PMG11_03381	CDHK01000003.1	1392356	1394143	+	Putative 3-ketoacyl-CoA thiolase B
PMG11_03382	CDHK01000003.1	1394438	1395716	-	hypothetical protein
PMG11_03383	CDHK01000003.1	1396524	1398013	+	hypothetical protein
PMG11_03384	CDHK01000003.1	1398063	1399342	-	hypothetical protein
PMG11_03385	CDHK01000003.1	1399433	1401554	+	hypothetical protein
PMG11_03386	CDHK01000003.1	1406031	1407113	+	hypothetical protein
PMG11_03387	CDHK01000003.1	1407426	1409395	+	hypothetical protein
PMG11_03388	CDHK01000003.1	1410284	1411720	-	hypothetical protein
PMG11_03389	CDHK01000003.1	1412654	1413143	-	Putative Cochaperone Pam16
PMG11_03390	CDHK01000003.1	1413653	1416481	+	Putative Peroxin 23
PMG11_03391	CDHK01000003.1	1413856	1417820	-	hypothetical protein
PMG11_03392	CDHK01000003.1	1418173	1419842	-	hypothetical protein
PMG11_03393	CDHK01000003.1	1420967	1422391	-	hypothetical protein
PMG11_03394	CDHK01000003.1	1422897	1425338	+	Putative MFS sugar transporter
PMG11_03395	CDHK01000003.1	1426135	1428566	-	Putative Cyclopropane-fatty-acyl-phospholipid synthase
PMG11_03396	CDHK01000003.1	1428621	1430588	-	hypothetical protein
PMG11_03397	CDHK01000003.1	1430903	1431628	+	Putative Tropomyosin
PMG11_03398	CDHK01000003.1	1431083	1432854	-	hypothetical protein
PMG11_03399	CDHK01000003.1	1432855	1434310	+	hypothetical protein
PMG11_03400	CDHK01000003.1	1434296	1436289	+	hypothetical protein
PMG11_03401	CDHK01000003.1	1437730	1440468	-	hypothetical protein
PMG11_03402	CDHK01000003.1	1440707	1442067	+	Putative Peroxisome biosynthesis protein (Peroxin-10)
PMG11_03403	CDHK01000003.1	1442360	1446331	-	hypothetical protein
PMG11_03404	CDHK01000003.1	1446465	1448006	+	Putative U6 snRNA-associated Sm-like protein LSm5
PMG11_03405	CDHK01000003.1	1452583	1455017	+	Putative General amino-acid permease GAP1
PMG11_03406	CDHK01000003.1	1455547	1459367	+	Putative RhoGAP and Fes/CIP4 domain protein
PMG11_03407	CDHK01000003.1	1459560	1461183	+	hypothetical protein
PMG11_03408	CDHK01000003.1	1461588	1463349	-	hypothetical protein
PMG11_03409	CDHK01000003.1	1463893	1465738	-	hypothetical protein
PMG11_03410	CDHK01000003.1	1466490	1469460	-	Putative STE/STE20/YSK protein kinase
PMG11_03411	CDHK01000003.1	1469684	1472166	-	hypothetical protein
PMG11_03412	CDHK01000003.1	1473875	1475388	+	hypothetical protein
PMG11_03413	CDHK01000003.1	1475975	1479059	+	hypothetical protein
PMG11_03414	CDHK01000003.1	1478563	1479981	-	hypothetical protein
PMG11_03415	CDHK01000003.1	1480610	1483564	-	hypothetical protein
PMG11_03416	CDHK01000003.1	1484742	1488391	+	hypothetical protein
PMG11_03417	CDHK01000003.1	1491371	1492974	+	hypothetical protein
PMG11_03418	CDHK01000003.1	1495819	1496661	-	hypothetical protein
PMG11_03419	CDHK01000003.1	1497374	1498922	-	hypothetical protein
PMG11_03420	CDHK01000003.1	1500364	1502300	-	Putative Alcohol dehydrogenase II
PMG11_03421	CDHK01000003.1	1502443	1503101	-	hypothetical protein
PMG11_03422	CDHK01000003.1	1503400	1506073	-	hypothetical protein
PMG11_03423	CDHK01000003.1	1506874	1507728	-	hypothetical protein
PMG11_03424	CDHK01000003.1	1509059	1510153	+	hypothetical protein
PMG11_03425	CDHK01000003.1	1510694	1513183	+	hypothetical protein
PMG11_03426	CDHK01000003.1	1513718	1515587	+	hypothetical protein
PMG11_03427	CDHK01000003.1	1515776	1518578	-	hypothetical protein
PMG11_03428	CDHK01000003.1	1520939	1522491	+	hypothetical protein
PMG11_03429	CDHK01000003.1	1522678	1528043	+	hypothetical protein
PMG11_03430	CDHK01000003.1	1526076	1528129	-	hypothetical protein
PMG11_03431	CDHK01000003.1	1528194	1529201	+	Putative Ribosome biogenesis protein
PMG11_03432	CDHK01000003.1	1529255	1533302	-	Putative Function: RhoGAPs stimulate the activity of Rho-type GTPases
PMG11_03433	CDHK01000003.1	1536383	1537634	+	Putative Protein geranylgeranyltransferase type II
PMG11_03434	CDHK01000003.1	1537999	1540012	+	hypothetical protein
PMG11_03435	CDHK01000003.1	1540544	1544457	+	Putative DNA mismatch repair protein msh3
PMG11_03436	CDHK01000003.1	1545220	1546489	-	Putative Ribosomal protein S28e
PMG11_03437	CDHK01000003.1	1546563	1548568	+	Putative ATP phosphoribosyltransferase
PMG11_03438	CDHK01000003.1	1549417	1552242	-	hypothetical protein
PMG11_03439	CDHK01000003.1	1553118	1553913	-	hypothetical protein
PMG11_03440	CDHK01000003.1	1554146	1555715	+	Putative Alcohol dehydrogenase, zinc-containing
PMG11_03441	CDHK01000003.1	1556534	1558904	-	hypothetical protein
PMG11_03442	CDHK01000003.1	1559782	1564046	+	Putative Na/K ATPase alpha 1 subunit
PMG11_03443	CDHK01000003.1	1565415	1569075	-	hypothetical protein
PMG11_03444	CDHK01000003.1	1569448	1573479	-	hypothetical protein
PMG11_03445	CDHK01000003.1	1574440	1582005	+	hypothetical protein
PMG11_03446	CDHK01000003.1	1582194	1584368	+	Putative Sentrin-specific cysteine protease
PMG11_03447	CDHK01000003.1	1584904	1588012	-	Putative K transporter
PMG11_03448	CDHK01000003.1	1589874	1590854	-	hypothetical protein
PMG11_03449	CDHK01000003.1	1591226	1594501	-	Putative PHO85 cyclin-7
PMG11_03450	CDHK01000003.1	1595149	1596839	-	Putative Proteasome subunit beta type
PMG11_03451	CDHK01000003.1	1596839	1598625	+	Putative BEM46 family protein
PMG11_03452	CDHK01000003.1	1598987	1602478	-	Putative NF-X1 finger transcription factor
PMG11_03453	CDHK01000003.1	1603125	1605772	-	hypothetical protein
PMG11_03454	CDHK01000003.1	1606234	1608243	-	Putative Evr1_Alr-domain-containing protein (Fragment)
PMG11_03455	CDHK01000003.1	1608638	1611407	-	Putative Glycoside hydrolase family 92 (Fragment)
PMG11_03456	CDHK01000003.1	1611401	1613983	-	hypothetical protein
PMG11_03457	CDHK01000003.1	1618381	1622410	+	hypothetical protein
PMG11_03458	CDHK01000003.1	1622570	1624702	-	hypothetical protein
PMG11_03459	CDHK01000003.1	1625262	1626933	+	hypothetical protein
PMG11_03460	CDHK01000003.1	1632766	1635354	+	Putative Aspergillus niger contig An13c0060, genomic contig (Precursor)
PMG11_03461	CDHK01000003.1	1635939	1638812	+	hypothetical protein
PMG11_03462	CDHK01000003.1	1638950	1640020	+	Putative DNA glycosylase (Fragment)
PMG11_03463	CDHK01000003.1	1640757	1644343	+	hypothetical protein
PMG11_03464	CDHK01000003.1	1649551	1651818	+	hypothetical protein
PMG11_03465	CDHK01000003.1	1652059	1652541	-	hypothetical protein
PMG11_03466	CDHK01000003.1	1653310	1654835	+	hypothetical protein
PMG11_03467	CDHK01000003.1	1654443	1658288	-	Putative Beta-galactosidase
PMG11_03468	CDHK01000003.1	1658741	1659698	+	hypothetical protein
PMG11_03469	CDHK01000003.1	1659959	1662376	-	hypothetical protein
PMG11_03470	CDHK01000003.1	1663977	1665433	+	hypothetical protein
PMG11_03471	CDHK01000003.1	1665601	1666749	-	hypothetical protein
PMG11_03472	CDHK01000003.1	1667212	1669635	+	Putative Synaptic vesicle transporter SVOP
PMG11_03473	CDHK01000003.1	1670282	1672559	+	Putative MFS transporter, AGZA family, xanthine/uracil permease
PMG11_03474	CDHK01000003.1	1674020	1676836	+	hypothetical protein
PMG11_03475	CDHK01000003.1	1679936	1680957	+	hypothetical protein
PMG11_03476	CDHK01000003.1	1686504	1688985	+	Putative Cellodextrin transporter cdt-c
PMG11_03477	CDHK01000003.1	1692793	1695190	+	hypothetical protein
PMG11_03478	CDHK01000003.1	1695130	1696204	-	hypothetical protein
PMG11_03479	CDHK01000003.1	1696441	1700529	-	hypothetical protein
PMG11_03480	CDHK01000003.1	1700718	1702342	+	Putative Riboflavin aldehyde-forming enzyme
PMG11_03481	CDHK01000003.1	1702384	1704114	-	Putative Quinate permease
PMG11_03482	CDHK01000003.1	1705799	1707059	-	hypothetical protein
PMG11_03483	CDHK01000003.1	1709009	1709969	+	hypothetical protein
PMG11_03484	CDHK01000003.1	1711422	1712702	-	Putative Suppressor/enhancer of lin-12 protein 9
PMG11_03485	CDHK01000003.1	1715204	1723840	-	hypothetical protein
PMG11_03486	CDHK01000003.1	1724298	1725987	-	Putative 1,3-beta-glucanosyltransferase Bgt1
PMG11_03487	CDHK01000003.1	1727462	1731173	-	hypothetical protein
PMG11_03488	CDHK01000003.1	1731600	1732902	+	hypothetical protein
PMG11_03489	CDHK01000003.1	1733102	1737448	+	Putative Exoribonuclease R
PMG11_03490	CDHK01000003.1	1739406	1741205	-	hypothetical protein
PMG11_03491	CDHK01000003.1	1742997	1743608	-	hypothetical protein
PMG11_03492	CDHK01000003.1	1746574	1747601	-	hypothetical protein
PMG11_03493	CDHK01000003.1	1748160	1749451	-	Putative Elongation factor 1-beta
PMG11_03494	CDHK01000003.1	1749592	1752264	+	Putative Heat shock protein 78, mitochondrial
PMG11_03495	CDHK01000003.1	1752363	1756086	+	hypothetical protein
PMG11_03496	CDHK01000003.1	1756375	1758610	-	hypothetical protein
PMG11_03497	CDHK01000003.1	1758918	1760185	+	hypothetical protein
PMG11_03498	CDHK01000003.1	1760835	1761903	+	hypothetical protein
PMG11_03499	CDHK01000003.1	1762325	1764121	-	Putative 60S ribosomal protein L6
PMG11_03500	CDHK01000003.1	1764399	1765776	+	hypothetical protein
PMG11_03501	CDHK01000003.1	1766213	1767422	-	hypothetical protein
PMG11_03502	CDHK01000003.1	1767749	1775329	+	Putative Calcium channel subunit Cch1
PMG11_03503	CDHK01000003.1	1775629	1777111	+	hypothetical protein
PMG11_03504	CDHK01000003.1	1777245	1780157	-	hypothetical protein
PMG11_03505	CDHK01000003.1	1781785	1786241	-	Putative Serine/threonine protein kinase
PMG11_03506	CDHK01000003.1	1786649	1789111	-	hypothetical protein
PMG11_03507	CDHK01000003.1	1789774	1792281	+	Putative Xylulose 5-phosphate/Fructose 6-phosphate phosphoketolase
PMG11_03508	CDHK01000003.1	1793012	1793694	+	hypothetical protein
PMG11_03509	CDHK01000003.1	1794665	1796163	+	hypothetical protein
PMG11_03510	CDHK01000003.1	1796586	1798671	+	hypothetical protein
PMG11_03511	CDHK01000003.1	1798647	1801458	-	hypothetical protein
PMG11_03512	CDHK01000003.1	1801706	1803024	-	hypothetical protein
PMG11_03513	CDHK01000003.1	1803918	1806456	-	hypothetical protein
PMG11_03514	CDHK01000003.1	1808599	1809481	+	Putative Haloacid dehalogenase
PMG11_03515	CDHK01000003.1	1809852	1810403	-	hypothetical protein
PMG11_03516	CDHK01000003.1	1811678	1812268	-	hypothetical protein
PMG11_03517	CDHK01000003.1	1813761	1815261	-	Putative Oleate delta-12 desaturase
PMG11_03518	CDHK01000003.1	1817560	1822604	-	hypothetical protein
PMG11_03519	CDHK01000003.1	1822774	1825518	-	Putative Amine oxidase
PMG11_03520	CDHK01000003.1	1825817	1827714	-	hypothetical protein
PMG11_03521	CDHK01000003.1	1828041	1829796	-	hypothetical protein
PMG11_03522	CDHK01000003.1	1836946	1838691	+	Putative VeA protein
PMG11_03523	CDHK01000003.1	1840100	1842959	+	hypothetical protein
PMG11_03524	CDHK01000003.1	1842923	1844520	-	hypothetical protein
PMG11_03525	CDHK01000003.1	1845064	1846383	-	hypothetical protein
PMG11_03526	CDHK01000003.1	1846767	1849070	-	hypothetical protein
PMG11_03527	CDHK01000003.1	1849529	1851443	+	hypothetical protein
PMG11_03528	CDHK01000003.1	1851688	1854040	-	Putative Polyol transporter 5
PMG11_03529	CDHK01000003.1	1856722	1858037	-	hypothetical protein
PMG11_03530	CDHK01000003.1	1858616	1861626	-	Putative G2/M phase checkpoint control protein Sum2
PMG11_03531	CDHK01000003.1	1860910	1863067	+	hypothetical protein
PMG11_03532	CDHK01000003.1	1863238	1866527	+	Putative DUF255 domain protein
PMG11_03533	CDHK01000003.1	1867947	1869895	+	Putative SCP-like extracellular protein
PMG11_03534	CDHK01000003.1	1872926	1876583	+	Putative Carnitine acetyl transferase
PMG11_03535	CDHK01000003.1	1877585	1877992	+	hypothetical protein
PMG11_03536	CDHK01000003.1	1879156	1881290	+	hypothetical protein
PMG11_03537	CDHK01000003.1	1883084	1885914	+	Putative Succinyl-CoA synthetase, alpha subunit
PMG11_03538	CDHK01000003.1	1886240	1886806	+	hypothetical protein
PMG11_03539	CDHK01000003.1	1887376	1887722	-	Putative Ubiquitin-like modifier SUMO
PMG11_03540	CDHK01000003.1	1888154	1888633	+	Putative tRNA-dihydrouridine synthase
PMG11_03541	CDHK01000003.1	1889093	1892513	+	hypothetical protein
PMG11_03542	CDHK01000003.1	1892908	1894082	-	hypothetical protein
PMG11_03543	CDHK01000003.1	1896098	1901510	+	Putative PMC1
PMG11_03544	CDHK01000003.1	1901575	1903318	+	hypothetical protein
PMG11_03545	CDHK01000003.1	1905221	1906951	+	hypothetical protein
PMG11_03546	CDHK01000003.1	1907555	1909183	+	hypothetical protein
PMG11_03547	CDHK01000003.1	1909621	1911549	-	Putative Beta tubulin-like protein
PMG11_03548	CDHK01000003.1	1912041	1913616	-	hypothetical protein
PMG11_03549	CDHK01000003.1	1913900	1916390	-	Putative High-affinity ammonium transporter
PMG11_03550	CDHK01000003.1	1919815	1924804	+	Putative MAP kinase kinase kinase SskB
PMG11_03551	CDHK01000003.1	1924839	1926803	-	Putative Vesicle-mediated transporter Vid24
PMG11_03552	CDHK01000003.1	1927024	1928080	-	Putative Mago nashi domain protein
PMG11_03553	CDHK01000003.1	1927999	1931711	+	Putative Coatomer subunit beta
PMG11_03554	CDHK01000003.1	1931874	1934828	+	hypothetical protein
PMG11_03555	CDHK01000003.1	1934040	1935137	-	hypothetical protein
PMG11_03556	CDHK01000003.1	1935274	1941493	+	Putative ATP-binding cassette transporter
PMG11_03557	CDHK01000003.1	1942532	1943736	-	hypothetical protein
PMG11_03558	CDHK01000003.1	1944233	1946507	-	hypothetical protein
PMG11_03559	CDHK01000003.1	1947052	1949605	+	hypothetical protein
PMG11_03560	CDHK01000003.1	1949980	1951998	-	hypothetical protein
PMG11_03561	CDHK01000003.1	1957310	1958731	-	Putative Endoglucanase IV
PMG11_03562	CDHK01000003.1	1962008	1967631	+	Putative Suppressor spt23-related protein
PMG11_03563	CDHK01000003.1	1968519	1969136	+	hypothetical protein
PMG11_03564	CDHK01000003.1	1971907	1974144	-	Putative Filamentous baseplate protein Ligatin
PMG11_03565	CDHK01000003.1	1974855	1975409	+	hypothetical protein
PMG11_03566	CDHK01000003.1	1975411	1977181	-	hypothetical protein
PMG11_03567	CDHK01000003.1	1977715	1980137	+	Putative Chitin synthase class VI
PMG11_03568	CDHK01000003.1	1980597	1983750	+	Putative Heat shock protein Hsp88
PMG11_03569	CDHK01000003.1	1985615	1986654	+	hypothetical protein
PMG11_03570	CDHK01000003.1	1987170	1988508	+	Putative Protein involved in sister chromatid separation and/or segregation
PMG11_03571	CDHK01000003.1	1989387	1989953	-	hypothetical protein
PMG11_03572	CDHK01000003.1	1992120	1994084	-	Putative 3-ketoacyl-CoA thiolase
PMG11_03573	CDHK01000003.1	1994249	1995061	-	hypothetical protein
PMG11_03574	CDHK01000003.1	1995647	1997110	-	hypothetical protein
PMG11_03575	CDHK01000003.1	1997230	1998740	+	hypothetical protein
PMG11_03576	CDHK01000003.1	1999126	1999728	+	hypothetical protein
PMG11_03577	CDHK01000003.1	1999977	2000318	+	hypothetical protein
PMG11_03578	CDHK01000003.1	2002503	2003438	-	Putative Mitochondrial hypoxia responsive domain protein
PMG11_03579	CDHK01000003.1	2003968	2005436	-	Putative Transcription factor iws1
PMG11_03580	CDHK01000003.1	2006917	2008349	-	Putative Nuclear pore complex, p54 component
PMG11_03581	CDHK01000003.1	2008953	2009731	+	Putative NADH-ubiquinone oxidoreductase subunit
PMG11_03582	CDHK01000003.1	2009634	2012661	-	Putative Acyl binding family protein
PMG11_03583	CDHK01000003.1	2012859	2014436	-	Putative Polyamine transporter TPO5
PMG11_03584	CDHK01000003.1	2015385	2022028	-	Putative Jumonji family transcription factor
PMG11_03585	CDHK01000003.1	2022612	2024278	-	hypothetical protein
PMG11_03586	CDHK01000003.1	2025003	2027152	-	hypothetical protein
PMG11_03587	CDHK01000003.1	2027534	2028420	-	hypothetical protein
PMG11_03588	CDHK01000003.1	2029003	2029496	-	hypothetical protein
PMG11_03589	CDHK01000003.1	2030321	2031277	-	hypothetical protein
PMG11_03590	CDHK01000003.1	2032454	2035825	-	Putative Protein SEY1
PMG11_03591	CDHK01000003.1	2035896	2038647	-	hypothetical protein
PMG11_03592	CDHK01000003.1	2039256	2041191	-	Putative Elongation factor Tu
PMG11_03593	CDHK01000003.1	2041403	2042460	-	hypothetical protein
PMG11_03594	CDHK01000003.1	2042529	2044680	+	Putative Catalytic activity: GDP H2O = GMP Orthophosphate
PMG11_03595	CDHK01000003.1	2045841	2047048	-	hypothetical protein
PMG11_03596	CDHK01000003.1	2047130	2049525	-	hypothetical protein
PMG11_03597	CDHK01000003.1	2049638	2050402	+	Putative NADH:ubiquinone oxidoreductase kDa subunit
PMG11_03598	CDHK01000003.1	2050599	2052060	-	Putative Cation efflux family protein family
PMG11_03599	CDHK01000003.1	2052423	2054837	+	hypothetical protein
PMG11_03600	CDHK01000003.1	2055332	2056068	-	Putative Glycine cleavage system H protein
PMG11_03601	CDHK01000003.1	2056302	2056808	+	Putative 37S ribosomal protein Mrp17
PMG11_03602	CDHK01000003.1	2057410	2058590	+	hypothetical protein
PMG11_03603	CDHK01000003.1	2058935	2060428	+	hypothetical protein
PMG11_03604	CDHK01000003.1	2061525	2062645	-	Putative Chitin synthase export chaperone
PMG11_03605	CDHK01000003.1	2063054	2063406	-	hypothetical protein
PMG11_03606	CDHK01000003.1	2070158	2071873	-	hypothetical protein
PMG11_03607	CDHK01000003.1	2072307	2073901	-	Putative Acetyltransferase, GNAT family family
PMG11_03608	CDHK01000003.1	2073998	2078684	-	Putative Arrestin domain protein
PMG11_03609	CDHK01000003.1	2081009	2082128	-	hypothetical protein
PMG11_03610	CDHK01000003.1	2082363	2085354	+	Putative RRM_1-domain-containing protein
PMG11_03611	CDHK01000003.1	2086122	2087445	+	hypothetical protein
PMG11_03612	CDHK01000003.1	2087789	2089129	-	Putative Glutamine amidotransferase
PMG11_03613	CDHK01000003.1	2089510	2092828	+	Putative Mitochondrial dynamin GTPase
PMG11_03614	CDHK01000003.1	2092973	2095417	-	Putative External NADH-ubiquinone oxidoreductase
PMG11_03615	CDHK01000003.1	2096653	2098149	-	hypothetical protein
PMG11_03616	CDHK01000003.1	2099163	2100325	-	Putative Endo-1,4-beta-xylanase
PMG11_03617	CDHK01000003.1	2101570	2103503	-	Putative Hexose transporter protein
PMG11_03618	CDHK01000003.1	2107845	2108177	-	hypothetical protein
PMG11_03619	CDHK01000003.1	2118883	2121886	+	hypothetical protein
PMG11_03620	CDHK01000003.1	2122097	2123155	+	Putative 50S ribosomal subunit protein L15
PMG11_03621	CDHK01000003.1	2124027	2126006	-	hypothetical protein
PMG11_03622	CDHK01000003.1	2127107	2129633	+	hypothetical protein
PMG11_03623	CDHK01000003.1	2130420	2131214	+	hypothetical protein
PMG11_03624	CDHK01000003.1	2133033	2134266	+	hypothetical protein
PMG11_03625	CDHK01000003.1	2134407	2136617	+	hypothetical protein
PMG11_03626	CDHK01000003.1	2136741	2138061	-	hypothetical protein
PMG11_03627	CDHK01000003.1	2139814	2140344	+	hypothetical protein
PMG11_03628	CDHK01000003.1	2141281	2142667	-	hypothetical protein
PMG11_03629	CDHK01000003.1	2143432	2147668	-	Putative Serine palmitoyltransferase
PMG11_03630	CDHK01000003.1	2148278	2151119	+	Putative Acetoacetyl-CoA synthase
PMG11_03631	CDHK01000003.1	2151259	2153529	+	Putative Mitochondrial processing peptidase alpha subunit
PMG11_03632	CDHK01000003.1	2153650	2155218	+	Putative Mitochondrial import receptor subunit tom22
PMG11_03633	CDHK01000003.1	2154626	2157596	-	hypothetical protein
PMG11_03634	CDHK01000003.1	2161098	2161722	-	hypothetical protein
PMG11_03635	CDHK01000003.1	2163937	2166362	+	Putative Sugar transporter
PMG11_03636	CDHK01000003.1	2166464	2168422	-	Putative Amino acid transporters
PMG11_03637	CDHK01000003.1	2169225	2170605	+	Putative Taurine catabolism dioxygenase TauD, TfdA family protein
PMG11_03638	CDHK01000003.1	2171469	2173162	+	hypothetical protein
PMG11_03639	CDHK01000003.1	2175115	2175441	+	hypothetical protein
PMG11_03640	CDHK01000003.1	2175584	2175838	+	hypothetical protein
PMG11_03641	CDHK01000003.1	2176564	2179811	+	hypothetical protein
PMG11_03642	CDHK01000003.1	2180269	2180786	+	hypothetical protein
PMG11_03643	CDHK01000003.1	2181702	2184149	-	hypothetical protein
PMG11_03644	CDHK01000003.1	2184608	2186473	-	Putative ADP-ribosylation factor
PMG11_03645	CDHK01000003.1	2187449	2189656	-	hypothetical protein
PMG11_03646	CDHK01000003.1	2191080	2191892	+	hypothetical protein
PMG11_03647	CDHK01000003.1	2192027	2192959	+	hypothetical protein
PMG11_03648	CDHK01000003.1	2193454	2194242	+	hypothetical protein
PMG11_03649	CDHK01000003.1	2194566	2195507	+	Putative Ribosomal protein
PMG11_03650	CDHK01000003.1	2195595	2197175	-	hypothetical protein
PMG11_03651	CDHK01000003.1	2197270	2198911	+	Putative Basic proline-rich protein
PMG11_03652	CDHK01000003.1	2199511	2199888	+	Putative Small nuclear ribonucleoprotein Lsm8
PMG11_03653	CDHK01000003.1	2201643	2204022	+	hypothetical protein
PMG11_03654	CDHK01000003.1	2204201	2206531	-	Putative Surfeit locus protein
PMG11_03655	CDHK01000003.1	2206560	2208953	-	hypothetical protein
PMG11_03656	CDHK01000003.1	2210089	2212314	+	Putative Nucleoside hydrolase
PMG11_03657	CDHK01000003.1	2212741	2213358	+	hypothetical protein
PMG11_03658	CDHK01000003.1	2214050	2214472	+	hypothetical protein
PMG11_03659	CDHK01000003.1	2216565	2218177	+	hypothetical protein
PMG11_03660	CDHK01000003.1	2218560	2221626	+	hypothetical protein
PMG11_03661	CDHK01000003.1	2222381	2224232	-	hypothetical protein
PMG11_03662	CDHK01000003.1	2224770	2226147	-	hypothetical protein
PMG11_03663	CDHK01000003.1	2230160	2232399	-	hypothetical protein
PMG11_03664	CDHK01000003.1	2232794	2235320	-	Putative Synaptic vesicle transporter SVOP
PMG11_03665	CDHK01000003.1	2235497	2237019	-	hypothetical protein
PMG11_03666	CDHK01000003.1	2237477	2238403	+	hypothetical protein
PMG11_03667	CDHK01000003.1	2242902	2245167	-	hypothetical protein
PMG11_03668	CDHK01000003.1	2246678	2249965	-	hypothetical protein
PMG11_03669	CDHK01000003.1	2250481	2251683	-	hypothetical protein
PMG11_03670	CDHK01000003.1	2255913	2256851	-	hypothetical protein
PMG11_03671	CDHK01000003.1	2260638	2262032	+	hypothetical protein
PMG11_03672	CDHK01000003.1	2262189	2267802	+	hypothetical protein
PMG11_03673	CDHK01000003.1	2266968	2268990	-	hypothetical protein
PMG11_03674	CDHK01000003.1	2269389	2270446	-	hypothetical protein
PMG11_03675	CDHK01000003.1	2270600	2271798	+	Putative Remark: C-terminus is 254 aa shorter than soluble epoxide hydrolase
PMG11_03676	CDHK01000003.1	2272168	2273295	+	Putative 60S ribosomal protein L5
PMG11_03677	CDHK01000003.1	2273800	2274776	+	hypothetical protein
PMG11_03678	CDHK01000003.1	2274850	2275324	-	Putative DUF718 domain protein
PMG11_03679	CDHK01000003.1	2275777	2277494	-	Putative Nitrate transporter
PMG11_03680	CDHK01000003.1	2278415	2282968	-	Putative Catalytic activity: 3 NAD(P)H NITRITE = 3 NAD(P)() NH(4)OH H(2)O
PMG11_03681	CDHK01000003.1	2283237	2286573	+	Putative Nitrate reductase
PMG11_03682	CDHK01000003.1	2286705	2287820	-	hypothetical protein
PMG11_03683	CDHK01000003.1	2288322	2291631	-	hypothetical protein
PMG11_03684	CDHK01000003.1	2291685	2293079	+	hypothetical protein
PMG11_03685	CDHK01000003.1	2293080	2294967	-	Putative Isocitrate dehydrogenase
PMG11_03686	CDHK01000003.1	2294947	2298443	+	hypothetical protein
PMG11_03687	CDHK01000003.1	2298459	2299325	-	hypothetical protein
PMG11_03688	CDHK01000003.1	2299510	2305258	+	hypothetical protein
PMG11_03689	CDHK01000003.1	2303220	2305045	-	Putative Adenylyl cyclase-associated protein
PMG11_03690	CDHK01000003.1	2305437	2306761	+	hypothetical protein
PMG11_03691	CDHK01000003.1	2306906	2307303	-	Putative Podospora anserina S mat genomic DNA chromosome 3, supercontig 2
PMG11_03692	CDHK01000003.1	2307420	2309269	+	Putative Ribonuclease III domain proteins
PMG11_03693	CDHK01000003.1	2309318	2310304	-	hypothetical protein
PMG11_03694	CDHK01000003.1	2311128	2316270	+	hypothetical protein
PMG11_03695	CDHK01000003.1	2316619	2317270	+	hypothetical protein
PMG11_03696	CDHK01000003.1	2317687	2319622	+	hypothetical protein
PMG11_03697	CDHK01000003.1	2320650	2323234	+	hypothetical protein
PMG11_03698	CDHK01000003.1	2323729	2326019	+	Putative Acetylglutamate synthase
PMG11_03699	CDHK01000003.1	2326887	2329438	+	hypothetical protein
PMG11_03700	CDHK01000003.1	2328882	2332064	-	Putative Ribosome assembly protein Noc2
PMG11_03701	CDHK01000003.1	2332197	2333231	+	Putative Vacuolar sorting protein
PMG11_03702	CDHK01000003.1	2333319	2334939	+	hypothetical protein
PMG11_03703	CDHK01000003.1	2335285	2336059	+	hypothetical protein
PMG11_03704	CDHK01000003.1	2336190	2338403	-	Putative ATP-dependent RNA helicase rok1
PMG11_03705	CDHK01000003.1	2338893	2340074	-	Putative Mitochondrial F1F0-ATP synthase g subunit
PMG11_03706	CDHK01000003.1	2341142	2343468	+	Putative L-arabinitol 4-dehydrogenase
PMG11_03707	CDHK01000003.1	2344135	2347834	+	hypothetical protein
PMG11_03708	CDHK01000003.1	2349618	2352290	+	hypothetical protein
PMG11_03709	CDHK01000003.1	2353943	2356186	-	hypothetical protein
PMG11_03710	CDHK01000003.1	2357339	2358874	-	hypothetical protein
PMG11_03711	CDHK01000003.1	2359546	2361120	+	Putative Threonyl-tRNA synthetase kinase
PMG11_03712	CDHK01000003.1	2361780	2363933	+	Putative 2-isopropylmalate synthase
PMG11_03713	CDHK01000003.1	2364333	2371108	-	Putative Function: CPS1 product is described as peptide synthetase-like protein
PMG11_03714	CDHK01000003.1	2371459	2372817	+	Putative 40S ribosomal protein S5
PMG11_03715	CDHK01000003.1	2373135	2375817	+	Putative SDA1 domain-containing protein
PMG11_03716	CDHK01000003.1	2376410	2378101	+	hypothetical protein
PMG11_03717	CDHK01000003.1	2378554	2379123	+	hypothetical protein
PMG11_03718	CDHK01000003.1	2379389	2381195	-	Putative Pisatin demethylase
PMG11_03719	CDHK01000003.1	2383481	2387230	-	hypothetical protein
PMG11_03720	CDHK01000003.1	2389414	2389824	-	hypothetical protein
PMG11_03721	CDHK01000003.1	2389834	2390826	-	hypothetical protein
PMG11_03722	CDHK01000003.1	2394143	2395889	-	hypothetical protein
PMG11_03723	CDHK01000003.1	2396163	2398677	+	hypothetical protein
PMG11_03724	CDHK01000003.1	2400028	2401456	+	hypothetical protein
PMG11_03725	CDHK01000003.1	2402050	2404821	-	hypothetical protein
PMG11_03726	CDHK01000003.1	2406357	2407313	+	Putative EBP domain protein
PMG11_03727	CDHK01000003.1	2408399	2411611	+	hypothetical protein
PMG11_03728	CDHK01000003.1	2411801	2413540	+	hypothetical protein
PMG11_03729	CDHK01000003.1	2413948	2417169	-	hypothetical protein
PMG11_03730	CDHK01000003.1	2417362	2419623	-	Putative Choline transport protein
PMG11_03731	CDHK01000003.1	2422330	2424334	+	hypothetical protein
PMG11_03732	CDHK01000003.1	2429358	2432709	-	Putative Heat shock protein HSP98
PMG11_03733	CDHK01000003.1	2433426	2433821	-	hypothetical protein
PMG11_03734	CDHK01000003.1	2435934	2439081	+	hypothetical protein
PMG11_03735	CDHK01000003.1	2439317	2441383	-	hypothetical protein
PMG11_03736	CDHK01000003.1	2441884	2442707	+	Putative Molecular chaperone Prefoldin
PMG11_03737	CDHK01000003.1	2443481	2445827	-	Putative Hsp70-like protein
PMG11_03738	CDHK01000003.1	2446876	2448266	-	hypothetical protein
PMG11_03739	CDHK01000003.1	2448387	2449569	+	hypothetical protein
PMG11_03740	CDHK01000003.1	2449866	2452040	+	Putative Hydroxymethylglutaryl-synthase
PMG11_03741	CDHK01000003.1	2457089	2461679	+	hypothetical protein
PMG11_03742	CDHK01000003.1	2461193	2463381	-	Putative Carboxypeptidase S1
PMG11_03743	CDHK01000003.1	2464590	2465477	-	Putative Amidases related to nicotinamidase
PMG11_03744	CDHK01000003.1	2468202	2469501	+	hypothetical protein
PMG11_03745	CDHK01000003.1	2469652	2470949	+	Putative Acyl-CoA thioesterase II
PMG11_03746	CDHK01000003.1	2471155	2472997	-	hypothetical protein
PMG11_03747	CDHK01000003.1	2476884	2477267	+	hypothetical protein
PMG11_03748	CDHK01000003.1	2477395	2478816	+	hypothetical protein
PMG11_03749	CDHK01000003.1	2478514	2481576	-	hypothetical protein
PMG11_03750	CDHK01000003.1	2484182	2485139	-	Putative SAM-dependent methyltransferase
PMG11_03751	CDHK01000003.1	2487184	2488503	+	Putative Function: mixed-linked glucanases are extracellular enzymes able to hydrolyze beta 1
PMG11_03752	CDHK01000003.1	2488762	2489919	-	hypothetical protein
PMG11_03753	CDHK01000003.1	2490615	2492129	-	Putative Cystathionine beta-lyase
PMG11_03754	CDHK01000003.1	2492819	2494274	+	Putative Iron-sulfur cluster-binding protein, rieske family domain protein
PMG11_03755	CDHK01000003.1	2494659	2497679	+	hypothetical protein
PMG11_03756	CDHK01000003.1	2496536	2499509	-	hypothetical protein
PMG11_03757	CDHK01000003.1	2501083	2502745	-	hypothetical protein
PMG11_03758	CDHK01000003.1	2503385	2504902	+	Putative Phosphate carrier protein
PMG11_03759	CDHK01000003.1	2505087	2506684	-	hypothetical protein
PMG11_03760	CDHK01000003.1	2507359	2509140	+	hypothetical protein
PMG11_03761	CDHK01000003.1	2509595	2510693	-	hypothetical protein
PMG11_03762	CDHK01000003.1	2512349	2513524	+	hypothetical protein
PMG11_03763	CDHK01000003.1	2513838	2514865	-	Putative Dihydrodipicolinate synthase
PMG11_03764	CDHK01000003.1	2515240	2518414	-	Putative Poly(A) polymerase Pap
PMG11_03765	CDHK01000003.1	2518592	2520410	-	Putative Homoserine acetyltransferase family protein
PMG11_03766	CDHK01000003.1	2520589	2522509	-	Putative Conserved protein typically associated with flavoprotein oxygenase
PMG11_03767	CDHK01000003.1	2523356	2527722	+	hypothetical protein
PMG11_03768	CDHK01000003.1	2527814	2530446	+	hypothetical protein
PMG11_03769	CDHK01000003.1	2531163	2533051	-	hypothetical protein
PMG11_03770	CDHK01000003.1	2533978	2537605	-	hypothetical protein
PMG11_03771	CDHK01000003.1	2540596	2542328	+	Putative Tyrosyl-tRNA synthetase
PMG11_03772	CDHK01000003.1	2544143	2546103	-	Putative Acyl-CoA desaturase
PMG11_03773	CDHK01000003.1	2546842	2548654	-	Putative Fungal cellulose binding domain protein
PMG11_03774	CDHK01000003.1	2549464	2550651	-	hypothetical protein
PMG11_03775	CDHK01000003.1	2550952	2552925	+	hypothetical protein
PMG11_03776	CDHK01000003.1	2553422	2554453	+	hypothetical protein
PMG11_03777	CDHK01000003.1	2554591	2555271	-	hypothetical protein
PMG11_03778	CDHK01000003.1	2555527	2556742	+	hypothetical protein
PMG11_03779	CDHK01000003.1	2557201	2558952	+	hypothetical protein
PMG11_03780	CDHK01000003.1	2559152	2561182	-	Putative Glucose-methanol-choline oxidoreductase
PMG11_03781	CDHK01000003.1	2561868	2563340	-	hypothetical protein
PMG11_03782	CDHK01000003.1	2564089	2566579	+	Putative Peroxisome biosynthesis protein (Peroxine-7)
PMG11_03783	CDHK01000003.1	2566012	2566825	-	Putative DUF1014 domain protein
PMG11_03784	CDHK01000003.1	2567062	2569003	+	Putative GPI-anchor transamidase
PMG11_03785	CDHK01000003.1	2570132	2572761	+	Putative Cell division control protein 45
PMG11_03786	CDHK01000003.1	2573365	2574942	+	hypothetical protein
PMG11_03787	CDHK01000003.1	2575171	2576784	-	hypothetical protein
PMG11_03788	CDHK01000003.1	2577156	2578853	-	Putative GTP-binding protein Obg
PMG11_03789	CDHK01000003.1	2590422	2594136	+	Putative Permease of the major facilitator superfamily
PMG11_03790	CDHK01000003.1	2594418	2598833	+	hypothetical protein
PMG11_03791	CDHK01000003.1	2599039	2603110	+	hypothetical protein
PMG11_03792	CDHK01000003.1	2603582	2605119	+	Putative Adenylosuccinate synthetase
PMG11_03793	CDHK01000003.1	2606057	2607423	-	hypothetical protein
PMG11_03794	CDHK01000003.1	2607964	2610486	-	hypothetical protein
PMG11_03795	CDHK01000003.1	2610924	2612733	+	hypothetical protein
PMG11_03796	CDHK01000003.1	2613406	2614971	+	Putative Oxidoreductase
PMG11_03797	CDHK01000003.1	2615197	2616109	+	Putative Succinate dehydrogenase cytochrome b small subunit, mitochondrial
PMG11_03798	CDHK01000003.1	2616478	2617461	-	Putative Septum formation protein Maf
PMG11_03799	CDHK01000003.1	2618319	2619490	-	Putative Helix-loop-helix DNA-binding domain protein
PMG11_03800	CDHK01000003.1	2619756	2620588	+	hypothetical protein
PMG11_03801	CDHK01000003.1	2621316	2622115	+	hypothetical protein
PMG11_03802	CDHK01000003.1	2622506	2624337	+	hypothetical protein
PMG11_03803	CDHK01000003.1	2627915	2628969	-	hypothetical protein
PMG11_03804	CDHK01000003.1	2629431	2631958	+	hypothetical protein
PMG11_03805	CDHK01000003.1	2632173	2633744	+	hypothetical protein
PMG11_03806	CDHK01000003.1	2634452	2638040	+	hypothetical protein
PMG11_03807	CDHK01000003.1	2638319	2641651	+	hypothetical protein
PMG11_03808	CDHK01000003.1	2641894	2646569	+	Putative Importin beta-1 subunit
PMG11_03809	CDHK01000003.1	2646733	2648017	+	Putative 40S ribosomal protein S22
PMG11_03810	CDHK01000003.1	2648145	2649602	+	hypothetical protein
PMG11_03811	CDHK01000003.1	2649826	2652983	+	hypothetical protein
PMG11_03812	CDHK01000003.1	2651127	2655965	-	hypothetical protein
PMG11_03813	CDHK01000003.1	2654037	2655677	+	Putative Phosphatidylserine decarboxylase
PMG11_03814	CDHK01000003.1	2656929	2660189	+	Putative Auxin Efflux Carrier superfamily
PMG11_03815	CDHK01000003.1	2659299	2662590	-	hypothetical protein
PMG11_03816	CDHK01000003.1	2662950	2666090	+	Putative Phospholipase C
PMG11_03817	CDHK01000003.1	2666377	2667835	+	hypothetical protein
PMG11_03818	CDHK01000003.1	2668211	2668765	+	hypothetical protein
PMG11_03819	CDHK01000003.1	2668670	2669843	-	hypothetical protein
PMG11_03820	CDHK01000003.1	2670198	2670864	-	hypothetical protein
PMG11_03821	CDHK01000003.1	2671569	2671931	-	hypothetical protein
PMG11_03822	CDHK01000003.1	2671938	2672562	-	hypothetical protein
PMG11_03823	CDHK01000003.1	2673225	2674751	+	hypothetical protein
PMG11_03824	CDHK01000003.1	2674799	2678780	+	hypothetical protein
PMG11_03825	CDHK01000003.1	2678781	2680171	-	Putative Ubiquitin carbon terminal hydrolase
PMG11_03826	CDHK01000003.1	2680629	2682036	-	Putative Endoglucanase II
PMG11_03827	CDHK01000003.1	2685820	2688877	-	Putative Remark: C-terminal truncated ORF due to the end of contig (Fragment)
PMG11_03828	CDHK01000003.1	2695082	2695637	+	hypothetical protein
PMG11_03829	CDHK01000003.1	2697087	2701208	-	Putative KapC
PMG11_03830	CDHK01000003.1	2701793	2705360	-	hypothetical protein
PMG11_03831	CDHK01000003.1	2705916	2707495	-	Putative Remark: the Arabidopsis thaliana gene product has the protein id: AAF79266. 1
PMG11_03832	CDHK01000003.1	2709034	2712455	-	hypothetical protein
PMG11_03833	CDHK01000003.1	2712553	2714657	+	Putative Coatomer subunit delta
PMG11_03834	CDHK01000003.1	2715926	2718888	+	hypothetical protein
PMG11_03835	CDHK01000003.1	2719003	2721524	-	hypothetical protein
PMG11_03836	CDHK01000003.1	2722102	2723331	-	hypothetical protein
PMG11_03837	CDHK01000003.1	2726665	2728889	+	Putative Sphingolipid fatty acid hydroxylase
PMG11_03838	CDHK01000003.1	2728995	2731455	+	Putative RNA splicing factor
PMG11_03839	CDHK01000003.1	2731763	2733951	+	Putative Protein phosphatase 1K
PMG11_03840	CDHK01000003.1	2734092	2736332	+	Putative CDP-diacylglycerol-inositol 3-phosphatidyltransferase PIS
PMG11_03841	CDHK01000003.1	2736482	2738144	+	Putative 3-isopropylmalate dehydrogenase
PMG11_03842	CDHK01000003.1	2738160	2739774	-	Putative Anaphase promoting complex subunit 10
PMG11_03843	CDHK01000003.1	2741242	2743434	-	hypothetical protein
PMG11_03844	CDHK01000003.1	2743558	2745315	-	Putative GPI-anchored wall transfer protein 1
PMG11_03845	CDHK01000003.1	2747961	2749109	+	hypothetical protein
PMG11_03846	CDHK01000003.1	2750572	2752349	-	Putative Acyl-CoA dehydrogenase mitochondrial
PMG11_03847	CDHK01000003.1	2752539	2754230	+	hypothetical protein
PMG11_03848	CDHK01000003.1	2754488	2755390	-	hypothetical protein
PMG11_03849	CDHK01000003.1	2757434	2760512	-	hypothetical protein
PMG11_03850	CDHK01000003.1	2761649	2763406	-	Putative Protein SSH4
PMG11_03851	CDHK01000003.1	2762917	2766267	+	hypothetical protein
PMG11_03852	CDHK01000003.1	2769668	2770169	+	hypothetical protein
PMG11_03853	CDHK01000003.1	2770975	2774174	+	Putative Molecular chaperone
PMG11_03854	CDHK01000003.1	2775181	2776371	-	hypothetical protein
PMG11_03855	CDHK01000003.1	2779125	2781550	-	hypothetical protein
PMG11_03856	CDHK01000003.1	2782023	2787653	-	hypothetical protein
PMG11_03857	CDHK01000003.1	2788175	2789563	-	Putative ADP-ribosylation factor family protein
PMG11_03858	CDHK01000003.1	2790656	2791637	+	hypothetical protein
PMG11_03859	CDHK01000003.1	2791989	2794939	+	Putative ATP-dependent RNA helicase
PMG11_03860	CDHK01000003.1	2795215	2799058	+	hypothetical protein
PMG11_03861	CDHK01000003.1	2799497	2801559	+	hypothetical protein
PMG11_03862	CDHK01000003.1	2800144	2802670	-	hypothetical protein
PMG11_03863	CDHK01000003.1	2803369	2804139	+	hypothetical protein
PMG11_03864	CDHK01000003.1	2804079	2808161	-	Putative MFS quinate transporter
PMG11_03865	CDHK01000003.1	2806439	2808172	+	hypothetical protein
PMG11_03866	CDHK01000003.1	2808400	2809485	-	hypothetical protein
PMG11_03867	CDHK01000003.1	2809683	2813378	+	Putative Pyridine nucleotide-disulphide oxidoreductase
PMG11_03868	CDHK01000003.1	2813746	2814525	-	hypothetical protein
PMG11_03869	CDHK01000003.1	2814995	2817386	-	hypothetical protein
PMG11_03870	CDHK01000003.1	2818278	2820069	+	hypothetical protein
PMG11_03871	CDHK01000003.1	2820981	2822913	-	Putative MAP kinase kinase PBS2 (Fragment)
PMG11_03872	CDHK01000003.1	2824424	2825371	+	hypothetical protein
PMG11_03873	CDHK01000003.1	2825706	2826184	-	hypothetical protein
PMG11_03874	CDHK01000003.1	2826576	2829077	+	hypothetical protein
PMG11_03875	CDHK01000003.1	2829846	2831428	+	Putative Malate/L-lactate dehydrogenase
PMG11_03876	CDHK01000003.1	2832756	2836039	-	hypothetical protein
PMG11_03877	CDHK01000003.1	2839590	2842090	-	hypothetical protein
PMG11_03878	CDHK01000003.1	2842148	2843439	+	hypothetical protein
PMG11_03879	CDHK01000003.1	2844137	2846473	+	hypothetical protein
PMG11_03880	CDHK01000003.1	2846931	2847869	+	Putative BAP31 domain protein
PMG11_03881	CDHK01000003.1	2848438	2849721	-	Putative Mitochondrial distribution and morphology protein 12
PMG11_03882	CDHK01000003.1	2855173	2855472	+	hypothetical protein
PMG11_03883	CDHK01000003.1	2861083	2865207	+	Putative C2H2 transcription factor
PMG11_03884	CDHK01000003.1	2865151	2866772	-	Putative Transcription factor TFIIA complex subunit Toa1
PMG11_03885	CDHK01000003.1	2867473	2869407	-	Putative WD domain-containing protein
PMG11_03886	CDHK01000003.1	2869754	2872533	+	Putative Kelch motif domain protein
PMG11_03887	CDHK01000003.1	2872658	2875011	+	Putative Glycoside hydrolase family 1 protein
PMG11_03888	CDHK01000003.1	2875482	2877470	-	hypothetical protein
PMG11_03889	CDHK01000003.1	2878317	2879957	-	hypothetical protein
PMG11_03890	CDHK01000003.1	2880649	2881470	-	hypothetical protein
PMG11_03891	CDHK01000003.1	2881911	2883260	+	hypothetical protein
PMG11_03892	CDHK01000003.1	2883851	2887582	-	hypothetical protein
PMG11_03893	CDHK01000003.1	2883983	2885314	+	hypothetical protein
PMG11_03894	CDHK01000003.1	2887815	2889751	-	Putative Permease of the major facilitator superfamily
PMG11_03895	CDHK01000003.1	2889910	2892313	+	Putative Amidase family protein (Fragment)
PMG11_03896	CDHK01000003.1	2892504	2893669	+	hypothetical protein
PMG11_03897	CDHK01000003.1	2893988	2896109	-	hypothetical protein
PMG11_03898	CDHK01000003.1	2896429	2897263	-	hypothetical protein
PMG11_03899	CDHK01000003.1	2897425	2900157	-	hypothetical protein
PMG11_03900	CDHK01000003.1	2901042	2906546	-	Putative DNA-directed RNA polymerase (Fragment)
PMG11_03901	CDHK01000003.1	2907116	2910269	+	Putative WD40 repeat protein
PMG11_03902	CDHK01000003.1	2909546	2910305	-	hypothetical protein
PMG11_03903	CDHK01000003.1	2912906	2915769	-	Putative LaeA
PMG11_03904	CDHK01000003.1	2917789	2920191	+	Putative WD repeat protein
PMG11_03905	CDHK01000003.1	2917789	2918243	+	hypothetical protein
PMG11_03906	CDHK01000003.1	2920687	2921538	+	Putative DNA-directed RNA polymerase
PMG11_03907	CDHK01000003.1	2921750	2923178	-	Putative tRNAHis guanylyltransferase
PMG11_03908	CDHK01000003.1	2923409	2927065	-	Putative Fibronectin type III domain protein
PMG11_03909	CDHK01000003.1	2927235	2930442	+	Putative Nuclear elongation and deformation protein 1
PMG11_03910	CDHK01000003.1	2930584	2932403	+	Putative TPR domain-containing protein
PMG11_03911	CDHK01000003.1	2932693	2933739	+	hypothetical protein
PMG11_03912	CDHK01000003.1	2934139	2937691	+	hypothetical protein
PMG11_03913	CDHK01000003.1	2937829	2940006	-	Putative Mannosyl-oligosaccharide alpha-1,2-mannosidase 1B
PMG11_03914	CDHK01000003.1	2942407	2947192	+	Putative Histidinol dehydrogenase
PMG11_03915	CDHK01000003.1	2945990	2947025	-	Putative Fe-S cluster assembly protein dre2
PMG11_03916	CDHK01000003.1	2947708	2948682	-	hypothetical protein
PMG11_03917	CDHK01000003.1	2949157	2949764	+	hypothetical protein
PMG11_03918	CDHK01000003.1	2950525	2951433	-	hypothetical protein
PMG11_03919	CDHK01000003.1	2952734	2953300	+	hypothetical protein
PMG11_03920	CDHK01000003.1	2953422	2954175	-	Putative Superoxide dismutase
PMG11_03921	CDHK01000003.1	2955761	2956751	+	Putative Oxidoreductase, short-chain dehydrogenase/reductase family
PMG11_03922	CDHK01000003.1	2956884	2958757	-	Putative Amidases
PMG11_03923	CDHK01000003.1	2958972	2960729	-	Putative NADH-dehydrogenase
PMG11_03924	CDHK01000003.1	2961792	2962154	-	hypothetical protein
PMG11_03925	CDHK01000003.1	2962645	2964314	+	hypothetical protein
PMG11_03926	CDHK01000003.1	2964493	2966688	-	Putative Amino acid transporters
PMG11_03927	CDHK01000003.1	2967318	2970402	-	hypothetical protein
PMG11_03928	CDHK01000003.1	2967419	2968442	+	Putative Phytanoyl-CoA dioxygenase family protein
PMG11_03929	CDHK01000003.1	2970238	2973315	+	Putative Mitochondrial cytochrome b2
PMG11_03930	CDHK01000003.1	2972870	2974348	-	hypothetical protein
PMG11_03931	CDHK01000003.1	2975156	2975965	+	hypothetical protein
PMG11_03932	CDHK01000003.1	2976156	2979557	-	Putative Ankyrin repeat protein
PMG11_03933	CDHK01000003.1	2980758	2983526	-	hypothetical protein
PMG11_03934	CDHK01000003.1	2985182	2987561	+	hypothetical protein
PMG11_03935	CDHK01000003.1	2987835	2993412	+	Putative Exo-beta-1,3-glucanase
PMG11_03936	CDHK01000003.1	2993611	2995822	-	hypothetical protein
PMG11_03937	CDHK01000003.1	2997522	2999839	+	hypothetical protein
PMG11_03938	CDHK01000003.1	3000369	3002272	-	hypothetical protein
PMG11_03939	CDHK01000003.1	3003356	3004975	+	hypothetical protein
PMG11_03940	CDHK01000003.1	3005786	3007457	+	hypothetical protein
PMG11_03941	CDHK01000003.1	3008281	3010149	-	hypothetical protein
PMG11_03942	CDHK01000003.1	3010688	3011757	+	hypothetical protein
PMG11_03943	CDHK01000003.1	3011849	3013591	-	Putative Cation diffusion facilitator 1
PMG11_03944	CDHK01000003.1	3013924	3015773	-	Putative Chitin binding protein
PMG11_03945	CDHK01000003.1	3016185	3018459	-	hypothetical protein
PMG11_03946	CDHK01000003.1	3019139	3020020	-	hypothetical protein
PMG11_03947	CDHK01000003.1	3020486	3022186	-	Putative 60S ribosomal protein L17
PMG11_03948	CDHK01000003.1	3022564	3024303	-	Putative Hydroxyisocaproate dehydrogenase
PMG11_03949	CDHK01000003.1	3024656	3026330	+	Putative Sorbitol dehydrogenase
PMG11_03950	CDHK01000003.1	3026491	3027375	-	Putative 3-ketoacyl-acyl carrier protein reductase
PMG11_03951	CDHK01000003.1	3027591	3030084	-	Putative C6 transcription factor
PMG11_03952	CDHK01000003.1	3030508	3031782	+	Putative 2-deoxy-D-gluconate 3-dehydrogenase
PMG11_03953	CDHK01000003.1	3032191	3035807	+	hypothetical protein
PMG11_03954	CDHK01000003.1	3036774	3039932	-	hypothetical protein
PMG11_03955	CDHK01000003.1	3040902	3042018	+	hypothetical protein
PMG11_03956	CDHK01000003.1	3042572	3044385	+	Putative FAD binding domain protein
PMG11_03957	CDHK01000003.1	3044952	3046172	+	Putative Tyrosinase central domain protein
PMG11_03958	CDHK01000003.1	3047585	3048655	+	hypothetical protein
PMG11_03959	CDHK01000003.1	3049079	3050361	+	hypothetical protein
PMG11_03960	CDHK01000003.1	3050748	3051652	-	hypothetical protein
PMG11_03961	CDHK01000003.1	3052168	3054192	+	Putative Benzoate 4-monooxygenase cytochrome P450
PMG11_03962	CDHK01000003.1	3055386	3056807	-	hypothetical protein
PMG11_03963	CDHK01000003.1	3057563	3059325	+	Putative Taurine catabolism dioxygenase TauD, TfdA family protein
PMG11_03964	CDHK01000003.1	3061946	3062845	-	hypothetical protein
PMG11_03965	CDHK01000003.1	3065952	3066641	-	hypothetical protein
PMG11_03966	CDHK01000003.1	3067471	3072887	-	Putative ABC transporter protein
PMG11_03967	CDHK01000003.1	3073787	3075559	-	Putative UBX domain protein
PMG11_03968	CDHK01000003.1	3076375	3079854	+	Putative PAB-dependent poly(A)-specific ribonuclease subunit PAN3
PMG11_03969	CDHK01000003.1	3080244	3080760	-	hypothetical protein
PMG11_03970	CDHK01000003.1	3081427	3082986	-	Putative Protocatechuate 3,4-dioxygenase beta subunit
PMG11_03971	CDHK01000003.1	3083543	3086668	-	hypothetical protein
PMG11_03972	CDHK01000003.1	3087209	3087756	+	Putative U6 snRNA binding protein
PMG11_03973	CDHK01000003.1	3087629	3095379	-	hypothetical protein
PMG11_03974	CDHK01000003.1	3092573	3094924	+	Putative Transcription factor/CCAAT displacement protein
PMG11_03975	CDHK01000003.1	3096904	3098387	+	hypothetical protein
PMG11_03976	CDHK01000003.1	3098494	3100388	+	Putative Fibrillarin
PMG11_03977	CDHK01000003.1	3101092	3102471	+	Putative Nucleoside-diphosphate-sugar epimerase
PMG11_03978	CDHK01000003.1	3102748	3104881	+	Putative Mitochondrial-processing peptidase subunit beta
PMG11_03979	CDHK01000003.1	3104969	3108235	+	hypothetical protein
PMG11_03980	CDHK01000003.1	3108414	3112805	+	Putative Beta-galactosidase
PMG11_03981	CDHK01000003.1	3112953	3113354	-	Putative Cupin domain-containing protein
PMG11_03982	CDHK01000003.1	3113686	3116028	-	hypothetical protein
PMG11_03983	CDHK01000003.1	3117856	3120501	-	Putative MFS pantothenate transporter
PMG11_03984	CDHK01000003.1	3117937	3118710	+	Putative Short chain dehydrogenase
PMG11_03985	CDHK01000003.1	3121063	3122886	+	hypothetical protein
PMG11_03986	CDHK01000003.1	3123375	3124334	-	Putative Protein kinase
PMG11_03987	CDHK01000003.1	3124899	3125935	+	hypothetical protein
PMG11_03988	CDHK01000003.1	3126484	3126951	-	hypothetical protein
PMG11_03989	CDHK01000003.1	3127252	3129510	-	Putative Complex: Bfr1 also associates with yeast polyribosomes and mRNP complexes
PMG11_03990	CDHK01000003.1	3129557	3130977	+	Putative RNA polymerase subunit
PMG11_03991	CDHK01000003.1	3131178	3134453	-	hypothetical protein
PMG11_03992	CDHK01000003.1	3134965	3136404	-	Putative Histidinol-phosphate aminotransferase
PMG11_03993	CDHK01000003.1	3136925	3138560	-	Putative MMP37-like protein
PMG11_03994	CDHK01000003.1	3138916	3141684	+	hypothetical protein
PMG11_03995	CDHK01000003.1	3141977	3142621	-	Putative C2H2 finger domain protein
PMG11_03996	CDHK01000003.1	3143266	3143863	+	Putative F-box domain protein
PMG11_03997	CDHK01000003.1	3144546	3145386	+	Putative Blue light-inducible protein Bli-3
PMG11_03998	CDHK01000003.1	3145366	3148428	-	Putative Histone acetyltransferase PCAF/SAGA, subunit SUPT3H/SPT3
PMG11_03999	CDHK01000003.1	3148561	3149680	+	Putative Diphthine synthase
PMG11_04000	CDHK01000003.1	3149901	3153073	-	Putative MFS transporter
PMG11_04001	CDHK01000003.1	3155175	3158258	-	hypothetical protein
PMG11_04002	CDHK01000003.1	3160733	3161656	-	hypothetical protein
PMG11_04003	CDHK01000003.1	3164385	3165516	-	Putative AP-2 complex subunit sigma
PMG11_04004	CDHK01000003.1	3165637	3166924	-	hypothetical protein
PMG11_04005	CDHK01000003.1	3167084	3169548	-	Putative DUF292 domain protein
PMG11_04006	CDHK01000003.1	3169894	3170814	-	Putative Transcriptional regulator
PMG11_04007	CDHK01000003.1	3171189	3172625	+	Putative Cystathionine beta-lyase
PMG11_04008	CDHK01000003.1	3171442	3174367	-	hypothetical protein
PMG11_04009	CDHK01000003.1	3175016	3175291	-	hypothetical protein
PMG11_04010	CDHK01000003.1	3177192	3178346	+	Putative Short-chain dehydrogenases/reductase
PMG11_04011	CDHK01000003.1	3178456	3181321	-	Putative SUN domain-containing protein
PMG11_04012	CDHK01000003.1	3182526	3184920	+	hypothetical protein
PMG11_04013	CDHK01000003.1	3185403	3187315	+	hypothetical protein
PMG11_04014	CDHK01000003.1	3187574	3190419	+	Putative Na /H exchanger family protein
PMG11_04015	CDHK01000003.1	3189497	3190727	-	hypothetical protein
PMG11_04016	CDHK01000003.1	3190960	3196260	-	Putative Leucine carboxyl methyltransferase
PMG11_04017	CDHK01000003.1	3196552	3199291	+	Putative DNA repair helicase RAD3
PMG11_04018	CDHK01000003.1	3201465	3203019	+	hypothetical protein
PMG11_04019	CDHK01000003.1	3203540	3209099	-	Putative DNA-directed RNA polymerase
PMG11_04020	CDHK01000003.1	3209192	3211290	+	hypothetical protein
PMG11_04021	CDHK01000003.1	3211428	3213738	-	hypothetical protein
PMG11_04022	CDHK01000003.1	3213811	3216071	+	Putative Mannosyltransferase
PMG11_04023	CDHK01000003.1	3216807	3218338	+	Putative Mannosyl transferase
PMG11_04024	CDHK01000003.1	3218152	3220566	-	hypothetical protein
PMG11_04025	CDHK01000003.1	3220876	3222010	-	hypothetical protein
PMG11_04026	CDHK01000003.1	3222847	3224769	-	Putative Synaptic vesicle transporter SVOP
PMG11_04027	CDHK01000003.1	3228251	3229386	-	Putative Histone H3
PMG11_04028	CDHK01000003.1	3230003	3230500	+	Putative Histone H4.1
PMG11_04029	CDHK01000003.1	3231286	3233527	+	hypothetical protein
PMG11_04030	CDHK01000003.1	3237214	3240780	-	Putative C2h2 transcription factor
PMG11_04031	CDHK01000003.1	3246926	3248330	-	hypothetical protein
PMG11_04032	CDHK01000003.1	3252396	3254209	+	hypothetical protein
PMG11_04033	CDHK01000003.1	3253146	3263494	-	Putative 5'->3' exoribonculease Dhp1
PMG11_04034	CDHK01000003.1	3263980	3267439	+	hypothetical protein
PMG11_04035	CDHK01000003.1	3267791	3271167	+	Putative Isoleucyl-tRNA synthetase
PMG11_04036	CDHK01000003.1	3271434	3271726	-	hypothetical protein
PMG11_04037	CDHK01000003.1	3271941	3275838	+	hypothetical protein
PMG11_04038	CDHK01000003.1	3275859	3280833	+	Putative WD repeat protein
PMG11_04039	CDHK01000003.1	3281050	3282045	-	hypothetical protein
PMG11_04040	CDHK01000003.1	3282618	3284711	-	hypothetical protein
PMG11_04041	CDHK01000003.1	3284994	3286223	-	hypothetical protein
PMG11_04042	CDHK01000003.1	3286575	3287255	-	hypothetical protein
PMG11_04043	CDHK01000003.1	3288377	3290179	-	Putative Delta(24(24))-sterol reductase
PMG11_04044	CDHK01000003.1	3290540	3293361	+	Putative Oligonucleotide transporter
PMG11_04045	CDHK01000003.1	3293723	3295897	-	Putative SH3 domain-containing protein
PMG11_04046	CDHK01000003.1	3296637	3298920	-	hypothetical protein
PMG11_04047	CDHK01000003.1	3298917	3302755	+	hypothetical protein
PMG11_04048	CDHK01000003.1	3302899	3307148	-	Putative M protein repeat protein
PMG11_04049	CDHK01000003.1	3305776	3307162	+	Putative Small nuclear ribonucleoprotein complex protein Nhp2
PMG11_04050	CDHK01000003.1	3309019	3309759	-	hypothetical protein
PMG11_04051	CDHK01000003.1	3310628	3311305	-	hypothetical protein
PMG11_04052	CDHK01000003.1	3312185	3314157	+	Putative GTP-binding protein
PMG11_04053	CDHK01000003.1	3314188	3314649	-	hypothetical protein
PMG11_04054	CDHK01000003.1	3315086	3317118	+	hypothetical protein
PMG11_04055	CDHK01000003.1	3318799	3322002	+	hypothetical protein
PMG11_04056	CDHK01000003.1	3322954	3324930	+	hypothetical protein
PMG11_04057	CDHK01000003.1	3325068	3326133	+	hypothetical protein
PMG11_04058	CDHK01000003.1	3329596	3332795	+	Putative Thiamin diphosphate-binding fold (THDP-binding)
PMG11_04059	CDHK01000003.1	3334743	3335399	-	hypothetical protein
PMG11_04060	CDHK01000003.1	3336317	3337729	-	hypothetical protein
PMG11_04061	CDHK01000003.1	3339387	3341680	-	hypothetical protein
PMG11_04062	CDHK01000003.1	3342977	3346351	+	hypothetical protein
PMG11_04063	CDHK01000003.1	3346923	3347507	+	hypothetical protein
PMG11_04064	CDHK01000003.1	3347812	3349478	-	Putative Spermidine synthase, variant
PMG11_04065	CDHK01000003.1	3349640	3351067	-	Putative Ubiquinol-cytochrome C reductase complex subunit UcrQ
PMG11_04066	CDHK01000003.1	3350729	3351637	+	Putative Prohibitin
PMG11_04067	CDHK01000003.1	3352079	3353446	-	hypothetical protein
PMG11_04068	CDHK01000003.1	3354288	3356993	-	hypothetical protein
PMG11_04069	CDHK01000003.1	3361004	3363502	-	hypothetical protein
PMG11_04070	CDHK01000003.1	3363787	3365186	-	Putative Function: aflatoxin B1-aldehyde reductases (Precursor)
PMG11_04071	CDHK01000003.1	3365242	3366426	+	hypothetical protein
PMG11_04072	CDHK01000003.1	3366512	3368793	+	Putative Tubulin gamma chain
PMG11_04073	CDHK01000003.1	3371672	3371890	+	Putative Nuclear protein
PMG11_04074	CDHK01000003.1	3372569	3373168	-	Putative DUF1754-domain-containing protein
PMG11_04075	CDHK01000003.1	3373793	3374299	-	Putative 30 kDa heat shock protein
PMG11_04076	CDHK01000003.1	3375258	3377112	+	hypothetical protein
PMG11_04077	CDHK01000003.1	3377444	3378709	-	Putative Serine/threonine-protein phosphatase 2A activator 2
PMG11_04078	CDHK01000003.1	3378890	3379967	-	hypothetical protein
PMG11_04079	CDHK01000003.1	3380463	3382117	-	hypothetical protein
PMG11_04080	CDHK01000003.1	3382563	3383591	+	hypothetical protein
PMG11_04081	CDHK01000003.1	3383708	3384523	-	hypothetical protein
PMG11_04082	CDHK01000003.1	3385606	3388233	+	hypothetical protein
PMG11_04083	CDHK01000003.1	3389014	3390158	+	hypothetical protein
PMG11_04084	CDHK01000003.1	3390803	3392315	+	hypothetical protein
PMG11_04085	CDHK01000003.1	3391625	3393722	-	hypothetical protein
PMG11_04086	CDHK01000003.1	3393835	3394963	-	Putative Short chain dehydrogenase/reductase family
PMG11_04087	CDHK01000003.1	3395804	3397293	-	Putative Reductases with broad range of substrate specificities
PMG11_04088	CDHK01000003.1	3397604	3398478	-	hypothetical protein
PMG11_04089	CDHK01000003.1	3399347	3401384	-	hypothetical protein
PMG11_04090	CDHK01000003.1	3401791	3403910	-	Putative YALI0F15389p
PMG11_04091	CDHK01000003.1	3404502	3405698	+	Putative NAD binding domain of 6-phosphogluconate dehydrogenase
PMG11_04092	CDHK01000003.1	3406002	3407682	-	hypothetical protein
PMG11_04093	CDHK01000003.1	3408605	3409875	-	Putative GTP cyclohydrolase-2
PMG11_04094	CDHK01000003.1	3410365	3411541	-	Putative SAGA complex component
PMG11_04095	CDHK01000003.1	3411986	3414297	+	Putative Mannose-6-phosphate isomerase
PMG11_04096	CDHK01000003.1	3414302	3416092	+	hypothetical protein
PMG11_04097	CDHK01000003.1	3416253	3417727	-	Putative Coatomer subunit epsilon
PMG11_04098	CDHK01000003.1	3418082	3418832	-	hypothetical protein
PMG11_04099	CDHK01000003.1	3420216	3422082	-	Putative Sugar transporter
PMG11_04100	CDHK01000003.1	3422414	3423389	+	Putative Gluconolactonase
PMG11_04101	CDHK01000003.1	3423520	3424578	-	Putative D-3-phosphoglycerate dehydrogenase
PMG11_04102	CDHK01000003.1	3424767	3426846	-	hypothetical protein
PMG11_04103	CDHK01000003.1	3428371	3429976	+	Putative Permease of the major facilitator superfamily
PMG11_04104	CDHK01000003.1	3430278	3433069	+	hypothetical protein
PMG11_04105	CDHK01000003.1	3433070	3433900	-	hypothetical protein
PMG11_04106	CDHK01000003.1	3434504	3435114	+	Putative Dual specificity phosphatase, catalytic domain protein
PMG11_04107	CDHK01000003.1	3435733	3438894	+	hypothetical protein
PMG11_04108	CDHK01000003.1	3439010	3440308	-	hypothetical protein
PMG11_04109	CDHK01000003.1	3450733	3456764	+	Putative Phosphoinositide-specific phospholipase C
PMG11_04110	CDHK01000003.1	3456841	3459658	-	Putative Uracil transporter (Eurofung)
PMG11_04111	CDHK01000003.1	3460055	3461117	-	Putative DUF543 domain protein
PMG11_04112	CDHK01000003.1	3461163	3467618	+	hypothetical protein
PMG11_04113	CDHK01000003.1	3466202	3467923	-	Putative Protein GRISEA
PMG11_04114	CDHK01000003.1	3468461	3470368	+	Putative Function: human Metaxin participates in preprotein import into mitochondria
PMG11_04115	CDHK01000003.1	3469122	3470680	-	hypothetical protein
PMG11_04116	CDHK01000003.1	3470796	3472648	-	Putative Cell division control protein 14
PMG11_04117	CDHK01000003.1	3473499	3474307	-	Putative NADH-ubiquinone oxidoreductase
PMG11_04118	CDHK01000003.1	3474761	3477089	+	hypothetical protein
PMG11_04119	CDHK01000003.1	3478456	3480910	+	Putative Geranylgeranyl diphosphate synthase
PMG11_04120	CDHK01000003.1	3480528	3481524	-	Putative Smr domain protein
PMG11_04121	CDHK01000003.1	3485709	3488285	+	Putative Guanine nucleotide-binding protein alpha subunit
PMG11_04122	CDHK01000003.1	3488679	3489741	-	hypothetical protein
PMG11_04123	CDHK01000003.1	3490255	3490821	-	hypothetical protein
PMG11_04124	CDHK01000003.1	3493047	3495078	-	Putative Phenylacetyl-CoA ligase
PMG11_04125	CDHK01000003.1	3496190	3502188	-	hypothetical protein
PMG11_04126	CDHK01000003.1	3502300	3504993	+	Putative Anthranilate synthase component 2
PMG11_04127	CDHK01000003.1	3505108	3508180	+	hypothetical protein
PMG11_04128	CDHK01000003.1	3506939	3508180	-	Putative U3 small nucleolar ribonucleoprotein (SnoRNP) component
PMG11_04129	CDHK01000003.1	3508264	3512579	+	Putative Regulator-nonsense transcripts 1
PMG11_04130	CDHK01000003.1	3514198	3515021	+	hypothetical protein
PMG11_04131	CDHK01000003.1	3515195	3517398	+	hypothetical protein
PMG11_04132	CDHK01000003.1	3517688	3518617	+	hypothetical protein
PMG11_04133	CDHK01000003.1	3520885	3522636	+	hypothetical protein
PMG11_04134	CDHK01000003.1	3523095	3525154	+	hypothetical protein
PMG11_04135	CDHK01000003.1	3525802	3530162	+	Putative Possible swi2/snf2-like protein
PMG11_04136	CDHK01000003.1	3529370	3530843	-	Putative Cytoskeletal adaptor protein SagA
PMG11_04137	CDHK01000003.1	3533147	3534084	-	hypothetical protein
PMG11_04138	CDHK01000003.1	3534436	3535386	-	hypothetical protein
PMG11_04139	CDHK01000003.1	3535871	3537134	+	hypothetical protein
PMG11_04140	CDHK01000003.1	3538291	3543488	+	Putative Cullin
PMG11_04141	CDHK01000003.1	3542082	3544036	-	Putative Avl9 protein
PMG11_04142	CDHK01000003.1	3544062	3545145	-	Putative Avl9 protein
PMG11_04143	CDHK01000003.1	3545836	3547517	-	Putative CMGC/MAPK protein kinase
PMG11_04144	CDHK01000003.1	3550500	3553262	+	Putative G-protein alpha subunit
PMG11_04145	CDHK01000003.1	3554803	3559477	+	Putative Phosphorylase
PMG11_04146	CDHK01000003.1	3558838	3560130	-	Putative Remark: possible phosphatase
PMG11_04147	CDHK01000003.1	3560666	3562996	-	Putative ATP-binding cassette protein
PMG11_04148	CDHK01000003.1	3563326	3564497	-	hypothetical protein
PMG11_04149	CDHK01000003.1	3564768	3566813	-	Putative Allantoate permease
PMG11_04150	CDHK01000003.1	3567914	3568681	+	hypothetical protein
PMG11_04151	CDHK01000003.1	3568565	3570100	-	Putative Actin regulatory proteins
PMG11_04152	CDHK01000003.1	3575460	3578010	+	hypothetical protein
PMG11_04153	CDHK01000003.1	3578576	3581719	+	hypothetical protein
PMG11_04154	CDHK01000003.1	3582111	3585911	+	Putative Lysosomal & prostatic acid phosphatases
PMG11_04155	CDHK01000003.1	3584344	3585297	-	hypothetical protein
PMG11_04156	CDHK01000003.1	3587331	3589243	+	hypothetical protein
PMG11_04157	CDHK01000003.1	3589811	3591700	+	Putative Gtr1/RagA GTP-binding family protein
PMG11_04158	CDHK01000003.1	3592070	3592933	+	hypothetical protein
PMG11_04159	CDHK01000003.1	3593216	3593954	-	Putative Function: RPS31 is a structural protein of the small ribosomal
PMG11_04160	CDHK01000003.1	3594111	3595982	-	hypothetical protein
PMG11_04161	CDHK01000003.1	3596463	3598495	+	Putative tRNA-dihydrouridine synthase
PMG11_04162	CDHK01000003.1	3598961	3599466	+	hypothetical protein
PMG11_04163	CDHK01000003.1	3599801	3600888	+	hypothetical protein
PMG11_04164	CDHK01000003.1	3601737	3602520	+	hypothetical protein
PMG11_04165	CDHK01000003.1	3602910	3603607	+	hypothetical protein
PMG11_04166	CDHK01000003.1	3603562	3604692	-	hypothetical protein
PMG11_04167	CDHK01000003.1	3604806	3607122	+	Putative Mis12 domain protein
PMG11_04168	CDHK01000003.1	3605448	3607415	-	Putative Dihydroorotase
PMG11_04169	CDHK01000003.1	3609261	3610619	+	hypothetical protein
PMG11_04170	CDHK01000003.1	3610566	3612903	-	hypothetical protein
PMG11_04171	CDHK01000003.1	3614720	3616472	+	hypothetical protein
PMG11_04172	CDHK01000003.1	3616790	3618666	+	hypothetical protein
PMG11_04173	CDHK01000003.1	3618623	3619610	-	hypothetical protein
PMG11_04174	CDHK01000003.1	3620431	3623868	-	hypothetical protein
PMG11_04175	CDHK01000003.1	3630996	3634000	+	Putative BrlA
PMG11_04176	CDHK01000003.1	3637221	3639515	-	Putative Maltose permease Mal61
PMG11_04177	CDHK01000003.1	3639950	3642396	-	hypothetical protein
PMG11_04178	CDHK01000003.1	3643284	3646283	-	Putative ORF (Fragment)
PMG11_04179	CDHK01000003.1	3646731	3648603	-	hypothetical protein
PMG11_04180	CDHK01000003.1	3648659	3650927	+	hypothetical protein
PMG11_04181	CDHK01000003.1	3656077	3660592	+	hypothetical protein
PMG11_04182	CDHK01000003.1	3661053	3664422	+	Putative MFS transporter
PMG11_04183	CDHK01000003.1	3664436	3667926	-	Putative Exo-beta-1,4-galactanase
PMG11_04184	CDHK01000003.1	3669140	3670295	+	hypothetical protein
PMG11_04185	CDHK01000003.1	3671261	3672967	-	hypothetical protein
PMG11_04186	CDHK01000003.1	3674169	3675474	-	hypothetical protein
PMG11_04187	CDHK01000003.1	3676614	3680931	-	hypothetical protein
PMG11_04188	CDHK01000003.1	3676701	3678412	+	hypothetical protein
PMG11_04189	CDHK01000003.1	3681237	3682853	-	hypothetical protein
PMG11_04190	CDHK01000003.1	3683392	3684256	-	hypothetical protein
PMG11_04191	CDHK01000003.1	3687998	3690553	+	hypothetical protein
PMG11_04192	CDHK01000003.1	3691002	3692204	+	Putative Mitochondrial cation transporter
PMG11_04193	CDHK01000003.1	3692450	3694397	+	hypothetical protein
PMG11_04194	CDHK01000003.1	3695120	3697418	-	Putative Dual specificity protein kinase (Eurofung)
PMG11_04195	CDHK01000003.1	3700610	3702688	+	hypothetical protein
PMG11_04196	CDHK01000003.1	3702664	3704971	-	hypothetical protein
PMG11_04197	CDHK01000003.1	3705005	3708661	+	Putative Cleavage and polyadenylation specificity factor
PMG11_04198	CDHK01000003.1	3708407	3710012	-	Putative Adenosylmethionine-8-amino-7-oxononanoate aminotransferase
PMG11_04199	CDHK01000003.1	3710770	3711948	+	Putative Signal recognition particle 19 kDa protein homolog
PMG11_04200	CDHK01000003.1	3712797	3714425	-	hypothetical protein
PMG11_04201	CDHK01000003.1	3716466	3717650	+	hypothetical protein
PMG11_04202	CDHK01000003.1	3717547	3718062	+	hypothetical protein
PMG11_04203	CDHK01000003.1	3718074	3720111	-	hypothetical protein
PMG11_04204	CDHK01000003.1	3721497	3722561	+	Putative TCTP family protein
PMG11_04205	CDHK01000003.1	3722754	3726858	-	Putative C6 transcription factor
PMG11_04206	CDHK01000003.1	3726840	3729775	+	hypothetical protein
PMG11_04207	CDHK01000003.1	3730275	3732920	+	Putative Beta-xylosidase XylA
PMG11_04208	CDHK01000003.1	3732980	3735853	-	hypothetical protein
PMG11_04209	CDHK01000003.1	3736202	3738995	-	hypothetical protein
PMG11_04210	CDHK01000003.1	3739112	3741304	+	Putative Phosphatidylinositol N-acetylglucosaminyltransferase gpi3 subunit
PMG11_04211	CDHK01000003.1	3741206	3741858	-	hypothetical protein
PMG11_04212	CDHK01000003.1	3742785	3744000	-	Putative ADP-ribosylation factor family protein
PMG11_04213	CDHK01000003.1	3744612	3747842	+	hypothetical protein
PMG11_04214	CDHK01000003.1	3747035	3747745	-	hypothetical protein
PMG11_04215	CDHK01000003.1	3748563	3749672	+	hypothetical protein
PMG11_04216	CDHK01000003.1	3751349	3752301	+	hypothetical protein
PMG11_04217	CDHK01000003.1	3759207	3760403	-	hypothetical protein
PMG11_04218	CDHK01000003.1	3761664	3763992	+	hypothetical protein
PMG11_04219	CDHK01000003.1	3764417	3764934	-	hypothetical protein
PMG11_04220	CDHK01000003.1	3767928	3769283	-	hypothetical protein
PMG11_04221	CDHK01000003.1	3769924	3772361	-	hypothetical protein
PMG11_04222	CDHK01000003.1	3773064	3774695	-	Putative Amine oxidase
PMG11_04223	CDHK01000003.1	3776509	3776986	+	hypothetical protein
PMG11_04224	CDHK01000003.1	3780751	3783474	-	Putative Pre-mRNA splicing factor
PMG11_04225	CDHK01000003.1	3782195	3783435	+	hypothetical protein
PMG11_04226	CDHK01000003.1	3783537	3784309	-	Putative NADH:ubiquinone oxidoreductase 6.6kD subunit
PMG11_04227	CDHK01000003.1	3784636	3785876	-	Putative Glutathione S-transferase
PMG11_04228	CDHK01000003.1	3787303	3788422	+	hypothetical protein
PMG11_04229	CDHK01000003.1	3788811	3790832	-	Putative UDP-glucose 6-dehydrogenase
PMG11_04230	CDHK01000003.1	3791702	3793153	+	hypothetical protein
PMG11_04231	CDHK01000003.1	3793417	3794460	-	Putative Lactate dehydrogenase and related dehydrogenases
PMG11_04232	CDHK01000003.1	3798654	3799781	+	Putative FYVE domain protein
PMG11_04233	CDHK01000003.1	3800408	3801578	-	hypothetical protein
PMG11_04234	CDHK01000003.1	3801911	3805480	+	hypothetical protein
PMG11_04235	CDHK01000003.1	3803920	3805457	-	hypothetical protein
PMG11_04236	CDHK01000003.1	3806406	3810476	+	hypothetical protein
PMG11_04237	CDHK01000003.1	3809456	3810214	-	hypothetical protein
PMG11_04238	CDHK01000003.1	3812478	3814025	-	hypothetical protein
PMG11_04239	CDHK01000003.1	3815151	3817118	-	hypothetical protein
PMG11_04240	CDHK01000003.1	3818645	3819700	-	hypothetical protein
PMG11_04241	CDHK01000003.1	3820550	3823896	-	hypothetical protein
PMG11_04242	CDHK01000003.1	3824319	3827137	-	Putative Aspergillus niger contig An13c0060, genomic contig
PMG11_04243	CDHK01000003.1	3827970	3829847	-	hypothetical protein
PMG11_04244	CDHK01000003.1	3830281	3831019	-	hypothetical protein
PMG11_04245	CDHK01000003.1	3831250	3832938	-	hypothetical protein
PMG11_04246	CDHK01000003.1	3833696	3834699	+	hypothetical protein
PMG11_04247	CDHK01000003.1	3835398	3837092	-	Putative Major facilitator superfamily transporter
PMG11_04248	CDHK01000003.1	3837577	3839424	+	Putative Xaa-pro dipeptidase
PMG11_04249	CDHK01000003.1	3839649	3842444	-	hypothetical protein
PMG11_04250	CDHK01000003.1	3841238	3845471	+	hypothetical protein
PMG11_04251	CDHK01000003.1	3845041	3848004	-	hypothetical protein
PMG11_04252	CDHK01000003.1	3848992	3851299	+	hypothetical protein
PMG11_04253	CDHK01000003.1	3851650	3852322	+	hypothetical protein
PMG11_04254	CDHK01000003.1	3852458	3853011	-	hypothetical protein
PMG11_04255	CDHK01000003.1	3853870	3856766	+	hypothetical protein
PMG11_04256	CDHK01000003.1	3857084	3859123	-	hypothetical protein
PMG11_04257	CDHK01000003.1	3859198	3861391	+	hypothetical protein
PMG11_04258	CDHK01000003.1	3863133	3864392	+	Putative Permease of the major facilitator superfamily
PMG11_04259	CDHK01000003.1	3866192	3868562	-	hypothetical protein
PMG11_04260	CDHK01000003.1	3870877	3872642	+	hypothetical protein
PMG11_04261	CDHK01000003.1	3874507	3876131	+	hypothetical protein
PMG11_04262	CDHK01000003.1	3876926	3878186	+	Putative Alcohol dehydrogenase
PMG11_04263	CDHK01000003.1	3880594	3882762	-	hypothetical protein
PMG11_04264	CDHK01000003.1	3883181	3884978	+	hypothetical protein
PMG11_04265	CDHK01000003.1	3888161	3889998	+	hypothetical protein
PMG11_04266	CDHK01000003.1	3891023	3891691	+	hypothetical protein
PMG11_04267	CDHK01000003.1	3892080	3893809	-	hypothetical protein
PMG11_04268	CDHK01000003.1	3894429	3896814	+	hypothetical protein
PMG11_04269	CDHK01000003.1	3917851	3919728	-	hypothetical protein
PMG11_04270	CDHK01000003.1	3919840	3921845	-	hypothetical protein
PMG11_04271	CDHK01000003.1	3927664	3928160	+	hypothetical protein
PMG11_04272	CDHK01000003.1	3929607	3931674	+	hypothetical protein
PMG11_04273	CDHK01000003.1	3939077	3940429	+	hypothetical protein
PMG11_04274	CDHK01000003.1	3941902	3944010	-	hypothetical protein
PMG11_04275	CDHK01000003.1	3944864	3946174	-	Putative Amine oxidase
PMG11_04276	CDHK01000003.1	3947870	3949262	+	hypothetical protein
PMG11_04277	CDHK01000003.1	3950628	3952282	-	hypothetical protein
PMG11_04278	CDHK01000003.1	3953386	3954018	+	hypothetical protein
PMG11_04279	CDHK01000003.1	3954749	3956248	-	Putative Monocarboxylate transporter
PMG11_04280	CDHK01000003.1	3967959	3969658	+	hypothetical protein
PMG11_04281	CDHK01000003.1	3970172	3971705	-	hypothetical protein
PMG11_04282	CDHK01000003.1	3973915	3975906	-	hypothetical protein
PMG11_04283	CDHK01000003.1	3985346	3988007	+	hypothetical protein
PMG11_04284	CDHK01000003.1	3989002	3993606	-	Putative Pfs, NACHT and Ankyrin domain protein
PMG11_04285	CDHK01000003.1	3994021	3995103	+	hypothetical protein
PMG11_04286	CDHK01000003.1	3998587	4000316	-	hypothetical protein
PMG11_04287	CDHK01000003.1	4002108	4003271	+	hypothetical protein
PMG11_04288	CDHK01000003.1	4003473	4005861	-	Putative Dynamin
PMG11_04289	CDHK01000003.1	4007328	4008963	-	hypothetical protein
PMG11_04290	CDHK01000003.1	4009552	4011081	-	hypothetical protein
PMG11_04291	CDHK01000003.1	4011150	4012734	-	hypothetical protein
PMG11_04292	CDHK01000003.1	4012998	4014167	+	hypothetical protein
PMG11_04293	CDHK01000003.1	4014455	4016896	-	hypothetical protein
PMG11_04294	CDHK01000003.1	4017524	4019444	-	hypothetical protein
PMG11_04295	CDHK01000003.1	4021473	4025027	+	hypothetical protein
PMG11_04296	CDHK01000003.1	4025189	4027659	-	hypothetical protein
PMG11_04297	CDHK01000003.1	4027909	4028268	-	hypothetical protein
PMG11_04298	CDHK01000003.1	4030100	4030483	+	hypothetical protein
PMG11_04299	CDHK01000003.1	4030378	4033953	-	hypothetical protein
PMG11_04300	CDHK01000003.1	4033397	4033800	+	hypothetical protein
PMG11_04301	CDHK01000003.1	4034415	4035538	+	hypothetical protein
PMG11_04302	CDHK01000003.1	4036048	4037406	+	hypothetical protein
PMG11_04303	CDHK01000003.1	4038342	4040213	+	hypothetical protein
PMG11_04304	CDHK01000003.1	4040463	4040824	+	hypothetical protein
PMG11_04305	CDHK01000003.1	4043356	4044816	-	hypothetical protein
PMG11_04306	CDHK01000004.1	140	1041	+	hypothetical protein
PMG11_04307	CDHK01000004.1	3251	4681	-	hypothetical protein
PMG11_04308	CDHK01000004.1	5693	7321	+	hypothetical protein
PMG11_04309	CDHK01000004.1	7806	10292	+	Putative Glycoside hydrolase family 67 (Fragment)
PMG11_04310	CDHK01000004.1	11220	11989	-	hypothetical protein
PMG11_04311	CDHK01000004.1	12397	15247	-	Putative MFS transporter, PHS family, inorganic phosphate transporter
PMG11_04312	CDHK01000004.1	16836	18317	-	hypothetical protein
PMG11_04313	CDHK01000004.1	20136	21433	-	hypothetical protein
PMG11_04314	CDHK01000004.1	22476	23648	-	Putative Endo-beta-1,3-glucanase
PMG11_04315	CDHK01000004.1	25216	26371	+	hypothetical protein
PMG11_04316	CDHK01000004.1	27300	27851	+	hypothetical protein
PMG11_04317	CDHK01000004.1	28346	31513	+	hypothetical protein
PMG11_04318	CDHK01000004.1	32353	34777	-	Putative Aromatic and neutral aliphatic amino acid permease
PMG11_04319	CDHK01000004.1	35866	36792	-	hypothetical protein
PMG11_04320	CDHK01000004.1	37262	39033	-	Putative Aspartate aminotransferase
PMG11_04321	CDHK01000004.1	39170	40558	+	Putative Dihydrodipicolinate synthetase family protein
PMG11_04322	CDHK01000004.1	41676	44303	+	hypothetical protein
PMG11_04323	CDHK01000004.1	44453	47030	-	hypothetical protein
PMG11_04324	CDHK01000004.1	47216	52454	-	Putative CHS4
PMG11_04325	CDHK01000004.1	53157	54245	+	hypothetical protein
PMG11_04326	CDHK01000004.1	55045	57943	+	hypothetical protein
PMG11_04327	CDHK01000004.1	58203	67457	+	Putative 5-oxo-L-prolinase
PMG11_04328	CDHK01000004.1	62797	64984	-	Putative Catalytic activity: a 5'-Ribonucleotide H2O = a Ribonucleoside Orthophosphate
PMG11_04329	CDHK01000004.1	65338	67280	-	hypothetical protein
PMG11_04330	CDHK01000004.1	68048	70792	-	Putative MFS quinate transporter QutD
PMG11_04331	CDHK01000004.1	70979	75146	-	hypothetical protein
PMG11_04332	CDHK01000004.1	71128	72381	+	hypothetical protein
PMG11_04333	CDHK01000004.1	75608	77943	+	Putative Flavin-binding monooxygenase-like protein
PMG11_04334	CDHK01000004.1	77650	78403	-	hypothetical protein
PMG11_04335	CDHK01000004.1	78961	80118	-	hypothetical protein
PMG11_04336	CDHK01000004.1	80502	82632	+	Putative Endosomal P24A protein
PMG11_04337	CDHK01000004.1	83258	84234	+	Putative Calcium sensor (NCS-1)
PMG11_04338	CDHK01000004.1	84710	87739	+	hypothetical protein
PMG11_04339	CDHK01000004.1	87252	89078	-	hypothetical protein
PMG11_04340	CDHK01000004.1	89949	92997	-	Putative Kinesin heavy chain
PMG11_04341	CDHK01000004.1	93461	94749	-	Putative Ubiquitin conjugating enzyme
PMG11_04342	CDHK01000004.1	95487	97209	+	Putative Acetyl-CoA C-acetyltransferase
PMG11_04343	CDHK01000004.1	97406	101317	+	hypothetical protein
PMG11_04344	CDHK01000004.1	100072	101573	-	Putative Beta-1,4-mannosyltransferase
PMG11_04345	CDHK01000004.1	101807	105344	+	hypothetical protein
PMG11_04346	CDHK01000004.1	105831	107084	+	hypothetical protein
PMG11_04347	CDHK01000004.1	107700	109032	-	hypothetical protein
PMG11_04348	CDHK01000004.1	109860	110849	+	hypothetical protein
PMG11_04349	CDHK01000004.1	111232	112452	-	Putative Ubiquitin carrier protein
PMG11_04350	CDHK01000004.1	112546	114429	-	hypothetical protein
PMG11_04351	CDHK01000004.1	115465	116706	-	Putative PAF acetylhydrolase family protein
PMG11_04352	CDHK01000004.1	117281	119458	+	hypothetical protein
PMG11_04353	CDHK01000004.1	120474	121759	+	hypothetical protein
PMG11_04354	CDHK01000004.1	125068	127265	-	hypothetical protein
PMG11_04355	CDHK01000004.1	127710	130270	-	hypothetical protein
PMG11_04356	CDHK01000004.1	130773	131441	-	hypothetical protein
PMG11_04357	CDHK01000004.1	131629	132591	-	hypothetical protein
PMG11_04358	CDHK01000004.1	132924	136510	+	hypothetical protein
PMG11_04359	CDHK01000004.1	135690	136957	-	Putative Carnitine/acyl carnitine carrier
PMG11_04360	CDHK01000004.1	137826	138857	-	hypothetical protein
PMG11_04361	CDHK01000004.1	147200	149160	-	hypothetical protein
PMG11_04362	CDHK01000004.1	150746	154660	-	hypothetical protein
PMG11_04363	CDHK01000004.1	156040	157219	-	hypothetical protein
PMG11_04364	CDHK01000004.1	158227	160253	+	hypothetical protein
PMG11_04365	CDHK01000004.1	170271	172182	+	Putative Kinetoplast-associated protein kap
PMG11_04366	CDHK01000004.1	177661	179416	+	hypothetical protein
PMG11_04367	CDHK01000004.1	179490	181007	-	Putative Reverse transcriptase
PMG11_04368	CDHK01000004.1	186750	187865	-	hypothetical protein
PMG11_04369	CDHK01000004.1	189593	192127	-	hypothetical protein
PMG11_04370	CDHK01000004.1	196863	199065	+	hypothetical protein
PMG11_04371	CDHK01000004.1	199422	200118	+	hypothetical protein
PMG11_04372	CDHK01000004.1	201463	202899	-	Putative Kinesin light chain 3
PMG11_04373	CDHK01000004.1	202984	203263	-	Putative Podospora anserina S mat genomic DNA chromosome 7, supercontig 1
PMG11_04374	CDHK01000004.1	204162	204845	-	hypothetical protein
PMG11_04375	CDHK01000004.1	209917	213985	-	hypothetical protein
PMG11_04376	CDHK01000004.1	224672	225742	-	hypothetical protein
PMG11_04377	CDHK01000004.1	280144	280795	+	hypothetical protein
PMG11_04378	CDHK01000004.1	296964	299117	+	Putative Pfs, NACHT and Ankyrin domain protein
PMG11_04379	CDHK01000004.1	299725	301641	+	Putative Pfs, NACHT and Ankyrin domain protein
PMG11_04380	CDHK01000004.1	302267	304508	+	hypothetical protein
PMG11_04381	CDHK01000004.1	308616	312305	-	hypothetical protein
PMG11_04382	CDHK01000004.1	314398	315908	+	hypothetical protein
PMG11_04383	CDHK01000004.1	323607	324465	-	hypothetical protein
PMG11_04384	CDHK01000004.1	324601	328480	+	hypothetical protein
PMG11_04385	CDHK01000004.1	355311	356192	-	hypothetical protein
PMG11_04386	CDHK01000004.1	379337	381436	-	hypothetical protein
PMG11_04387	CDHK01000004.1	389089	389709	-	hypothetical protein
PMG11_04388	CDHK01000004.1	391448	392954	+	hypothetical protein
PMG11_04389	CDHK01000004.1	392836	394765	-	Putative MFS transporter
PMG11_04390	CDHK01000004.1	395860	398608	-	hypothetical protein
PMG11_04391	CDHK01000004.1	398739	399849	+	hypothetical protein
PMG11_04392	CDHK01000004.1	400357	403777	+	Putative Alpha-1,2-mannosidase
PMG11_04393	CDHK01000004.1	405766	406944	-	Putative Related to dehydrogenase
PMG11_04394	CDHK01000004.1	408001	411625	-	Putative GTPase activating protein
PMG11_04395	CDHK01000004.1	413307	419363	+	Putative DNA topoisomerase 2 (Fragment)
PMG11_04396	CDHK01000004.1	419757	421412	-	hypothetical protein
PMG11_04397	CDHK01000004.1	422213	422584	+	hypothetical protein
PMG11_04398	CDHK01000004.1	424999	427124	-	hypothetical protein
PMG11_04399	CDHK01000004.1	426771	432366	+	hypothetical protein
PMG11_04400	CDHK01000004.1	433156	437131	-	Putative Nuclear serine protease HtrA2/Nma111
PMG11_04401	CDHK01000004.1	437181	439755	-	hypothetical protein
PMG11_04402	CDHK01000004.1	444887	447202	+	hypothetical protein
PMG11_04403	CDHK01000004.1	447811	449261	-	Putative Endo-1,4-beta-xylanase
PMG11_04404	CDHK01000004.1	450489	452186	-	Putative TPR repeat protein
PMG11_04405	CDHK01000004.1	452373	454370	+	Putative 3-isopropylmalate dehydrogenase
PMG11_04406	CDHK01000004.1	454920	455570	+	hypothetical protein
PMG11_04407	CDHK01000004.1	456156	457740	+	Putative Catalytic activity: 2 ferrocytochrome c H(2)O(2) = 2 ferricytochrome c 2 H(2)O
PMG11_04408	CDHK01000004.1	458476	461061	-	hypothetical protein
PMG11_04409	CDHK01000004.1	462110	463195	+	Putative Ribosomal protein
PMG11_04410	CDHK01000004.1	463605	465939	-	Putative Carboxypeptidase Y homolog A
PMG11_04411	CDHK01000004.1	465991	467354	+	Putative UPF0023 family protein
PMG11_04412	CDHK01000004.1	467645	469562	-	hypothetical protein
PMG11_04413	CDHK01000004.1	471262	471587	+	hypothetical protein
PMG11_04414	CDHK01000004.1	472833	473676	-	hypothetical protein
PMG11_04415	CDHK01000004.1	475725	479002	+	hypothetical protein
PMG11_04416	CDHK01000004.1	479466	482440	-	hypothetical protein
PMG11_04417	CDHK01000004.1	482868	483811	-	Putative Function: E. coli hpaG is a bifunctional decarboxylase/isomerase
PMG11_04418	CDHK01000004.1	484297	485550	+	hypothetical protein
PMG11_04419	CDHK01000004.1	485612	487757	+	hypothetical protein
PMG11_04420	CDHK01000004.1	488041	490345	+	hypothetical protein
PMG11_04421	CDHK01000004.1	489540	493518	+	Putative Acetoacetyl-CoA synthase
PMG11_04422	CDHK01000004.1	493776	495803	+	Putative Glutamate decarboxylase
PMG11_04423	CDHK01000004.1	495963	497795	+	hypothetical protein
PMG11_04424	CDHK01000004.1	497834	501185	+	hypothetical protein
PMG11_04425	CDHK01000004.1	501712	502360	+	hypothetical protein
PMG11_04426	CDHK01000004.1	505793	507505	-	Putative Nitrilase
PMG11_04427	CDHK01000004.1	507836	510430	-	Putative Arylsulfatase A
PMG11_04428	CDHK01000004.1	513443	515307	-	hypothetical protein
PMG11_04429	CDHK01000004.1	515830	519208	-	Putative Multispanning membrane protein
PMG11_04430	CDHK01000004.1	519522	521693	-	Putative Remark: Dsk2p is a nuclear-enriched protein
PMG11_04431	CDHK01000004.1	521714	527465	+	Putative Splicing factor 3B subunit 3/pre mRNA splicing factor rse1
PMG11_04432	CDHK01000004.1	527560	530113	+	hypothetical protein
PMG11_04433	CDHK01000004.1	533475	533764	+	hypothetical protein
PMG11_04434	CDHK01000004.1	534544	536130	+	hypothetical protein
PMG11_04435	CDHK01000004.1	536546	539552	-	Putative Urea active transporter
PMG11_04436	CDHK01000004.1	540244	542614	+	Putative Pristinamycin IIA synthase subunit A
PMG11_04437	CDHK01000004.1	542363	548425	-	hypothetical protein
PMG11_04438	CDHK01000004.1	548627	555192	+	hypothetical protein
PMG11_04439	CDHK01000004.1	552298	555267	-	Putative Cytochrome b-245 heavychain subunit beta
PMG11_04440	CDHK01000004.1	557156	557713	+	Putative PRO41 protein
PMG11_04441	CDHK01000004.1	558203	559606	+	Putative Uracil DNA glycosylase superfamily protein
PMG11_04442	CDHK01000004.1	559947	560418	-	hypothetical protein
PMG11_04443	CDHK01000004.1	561173	564726	-	hypothetical protein
PMG11_04444	CDHK01000004.1	563508	566134	+	hypothetical protein
PMG11_04445	CDHK01000004.1	566280	567799	+	Putative GTP-binding nuclear protein GSP1/Ran
PMG11_04446	CDHK01000004.1	566878	572883	-	hypothetical protein
PMG11_04447	CDHK01000004.1	573032	575070	+	hypothetical protein
PMG11_04448	CDHK01000004.1	575241	575821	+	Putative Lipid transfer protein
PMG11_04449	CDHK01000004.1	575659	580767	-	hypothetical protein
PMG11_04450	CDHK01000004.1	581318	582478	-	hypothetical protein
PMG11_04451	CDHK01000004.1	582915	585568	-	hypothetical protein
PMG11_04452	CDHK01000004.1	587503	593753	+	hypothetical protein
PMG11_04453	CDHK01000004.1	592636	593597	-	Putative Ribosomal protein L31e
PMG11_04454	CDHK01000004.1	594255	595204	-	Putative Carbon-nitrogen hydrolase
PMG11_04455	CDHK01000004.1	598436	599326	+	hypothetical protein
PMG11_04456	CDHK01000004.1	599528	600443	+	hypothetical protein
PMG11_04457	CDHK01000004.1	600618	601838	-	hypothetical protein
PMG11_04458	CDHK01000004.1	603298	605690	+	Putative Beta-glucosidase-related glycosidases
PMG11_04459	CDHK01000004.1	606378	607993	-	hypothetical protein
PMG11_04460	CDHK01000004.1	609999	611745	+	hypothetical protein
PMG11_04461	CDHK01000004.1	614583	618552	-	hypothetical protein
PMG11_04462	CDHK01000004.1	619161	625825	-	hypothetical protein
PMG11_04463	CDHK01000004.1	626277	628079	-	hypothetical protein
PMG11_04464	CDHK01000004.1	629527	633691	+	Putative H /nucleoside cotransporter
PMG11_04465	CDHK01000004.1	632596	633284	-	Putative Ubiquitin carrier protein
PMG11_04466	CDHK01000004.1	633958	636130	+	Putative Serine/threonine protein kinase
PMG11_04467	CDHK01000004.1	636786	637628	+	hypothetical protein
PMG11_04468	CDHK01000004.1	638347	640985	+	hypothetical protein
PMG11_04469	CDHK01000004.1	641086	642507	+	Putative 3,4-dihydroxy-2-butanone 4-phosphate synthase
PMG11_04470	CDHK01000004.1	645852	646736	-	Putative Transcription initiation factor TFIIE, beta subunit
PMG11_04471	CDHK01000004.1	647089	654750	+	hypothetical protein
PMG11_04472	CDHK01000004.1	653879	654670	-	hypothetical protein
PMG11_04473	CDHK01000004.1	654857	655817	-	Putative Magnesium dependent phosphatase
PMG11_04474	CDHK01000004.1	658003	660336	+	hypothetical protein
PMG11_04475	CDHK01000004.1	660856	665299	-	Putative ATP-dependent DNA helicase MER3
PMG11_04476	CDHK01000004.1	666023	668818	-	hypothetical protein
PMG11_04477	CDHK01000004.1	668948	672635	-	hypothetical protein
PMG11_04478	CDHK01000004.1	674688	676870	-	hypothetical protein
PMG11_04479	CDHK01000004.1	679293	683263	+	Putative Cell division control protein
PMG11_04480	CDHK01000004.1	683263	684970	-	hypothetical protein
PMG11_04481	CDHK01000004.1	685068	686011	+	Putative AP-3 complex subunit sigma
PMG11_04482	CDHK01000004.1	686249	688256	+	Putative Cytosolic large ribosomal subunit protein L7A
PMG11_04483	CDHK01000004.1	688353	690906	-	hypothetical protein
PMG11_04484	CDHK01000004.1	691920	692900	+	hypothetical protein
PMG11_04485	CDHK01000004.1	692031	696613	-	Putative Microtubule-associated protein
PMG11_04486	CDHK01000004.1	696592	699913	+	Putative Nuclear distribution protein PAC1
PMG11_04487	CDHK01000004.1	699047	699805	-	hypothetical protein
PMG11_04488	CDHK01000004.1	703114	705640	-	hypothetical protein
PMG11_04489	CDHK01000004.1	705684	708194	+	Putative FAD/FMN-containing dehydrogenase
PMG11_04490	CDHK01000004.1	708302	712322	-	hypothetical protein
PMG11_04491	CDHK01000004.1	708561	709412	+	hypothetical protein
PMG11_04492	CDHK01000004.1	712820	714561	-	Putative Trehalose-6-phosphate synthase
PMG11_04493	CDHK01000004.1	715614	717267	-	Putative Glyoxylase
PMG11_04494	CDHK01000004.1	717367	720734	-	Putative Aconitate hydratase-like protein
PMG11_04495	CDHK01000004.1	721654	722137	+	Putative C2H2 finger domain protein
PMG11_04496	CDHK01000004.1	721762	723886	-	hypothetical protein
PMG11_04497	CDHK01000004.1	723708	726673	+	Putative SNF2 family domain-containing protein
PMG11_04498	CDHK01000004.1	727032	731090	+	Putative Vacuole-associated enzyme activator complex component
PMG11_04499	CDHK01000004.1	731201	731950	+	hypothetical protein
PMG11_04500	CDHK01000004.1	731352	734062	-	Putative Altered inheritance of mitochondria protein 24, mitochondrial
PMG11_04501	CDHK01000004.1	733729	737092	+	Putative Transporter ATM1
PMG11_04502	CDHK01000004.1	737177	739153	+	hypothetical protein
PMG11_04503	CDHK01000004.1	741730	743354	+	hypothetical protein
PMG11_04504	CDHK01000004.1	743881	744966	-	hypothetical protein
PMG11_04505	CDHK01000004.1	748156	749783	+	hypothetical protein
PMG11_04506	CDHK01000004.1	749316	752984	-	Putative Kinesin-like protein
PMG11_04507	CDHK01000004.1	753286	757065	+	Putative Protein transporter SEC24
PMG11_04508	CDHK01000004.1	757992	760710	+	Putative MAP kinase
PMG11_04509	CDHK01000004.1	760728	761926	-	hypothetical protein
PMG11_04510	CDHK01000004.1	762029	763895	-	Putative NADH-ubiquinone oxidoreductase 40 kDa subunit-like protein
PMG11_04511	CDHK01000004.1	764555	766683	+	Putative Dimethylaniline monooxygenase
PMG11_04512	CDHK01000004.1	767293	768353	+	Putative Remark: Hnt1 from S. cerevisiae interacts with the cyclin dependent kinase Kin28
PMG11_04513	CDHK01000004.1	769286	770503	-	hypothetical protein
PMG11_04514	CDHK01000004.1	771113	773622	-	Putative Phosphatidylinositol transfer protein PDR16 and related proteins
PMG11_04515	CDHK01000004.1	773655	775271	+	Putative DASH complex component Dam1
PMG11_04516	CDHK01000004.1	775375	778806	+	hypothetical protein
PMG11_04517	CDHK01000004.1	778724	779299	-	Putative 40S ribosomal protein S29 (Eurofung)
PMG11_04518	CDHK01000004.1	781198	782468	+	hypothetical protein
PMG11_04519	CDHK01000004.1	790019	792941	+	Putative Integral membrane protein
PMG11_04520	CDHK01000004.1	793100	795013	+	Putative Dienelactone hydrolase family protein
PMG11_04521	CDHK01000004.1	794184	796915	-	Putative Aromatic and neutral aliphatic amino acid permease
PMG11_04522	CDHK01000004.1	797828	798841	-	hypothetical protein
PMG11_04523	CDHK01000004.1	799116	800561	+	hypothetical protein
PMG11_04524	CDHK01000004.1	801505	803477	+	hypothetical protein
PMG11_04525	CDHK01000004.1	804125	805291	+	Putative Rhomboid protein 2
PMG11_04526	CDHK01000004.1	805577	807784	+	Putative Rhomboid protein 2
PMG11_04527	CDHK01000004.1	807293	809402	-	Putative Proteasome regulatory particle subunit
PMG11_04528	CDHK01000004.1	809517	811176	+	hypothetical protein
PMG11_04529	CDHK01000004.1	811560	814990	-	hypothetical protein
PMG11_04530	CDHK01000004.1	811620	812584	+	hypothetical protein
PMG11_04531	CDHK01000004.1	816455	816956	+	Putative WD domain-containing protein
PMG11_04532	CDHK01000004.1	818527	819936	+	Putative Trihydroxytoluene oxygenase
PMG11_04533	CDHK01000004.1	820250	821382	-	Putative 2-keto-4-pentenoate hydratase/2-oxohepta-3-ene-1,7-dioic acid hydratase
PMG11_04534	CDHK01000004.1	822967	824364	-	hypothetical protein
PMG11_04535	CDHK01000004.1	826162	827152	+	hypothetical protein
PMG11_04536	CDHK01000004.1	827411	830075	+	Putative Beta-alanine synthase
PMG11_04537	CDHK01000004.1	829716	830385	-	Putative 40S ribosomal protein S10b
PMG11_04538	CDHK01000004.1	830712	831956	+	hypothetical protein
PMG11_04539	CDHK01000004.1	832119	834275	+	hypothetical protein
PMG11_04540	CDHK01000004.1	834846	838703	-	Putative Leucyl-tRNA synthetase
PMG11_04541	CDHK01000004.1	838848	840125	+	hypothetical protein
PMG11_04542	CDHK01000004.1	839216	841842	-	Putative Rhomboid family protein
PMG11_04543	CDHK01000004.1	843002	846393	+	hypothetical protein
PMG11_04544	CDHK01000004.1	846650	847772	-	hypothetical protein
PMG11_04545	CDHK01000004.1	847910	850097	+	Putative Anthranilate synthase component I
PMG11_04546	CDHK01000004.1	850138	852077	-	hypothetical protein
PMG11_04547	CDHK01000004.1	852428	853372	+	hypothetical protein
PMG11_04548	CDHK01000004.1	853590	856407	+	hypothetical protein
PMG11_04549	CDHK01000004.1	857263	859641	+	Putative Catalytic activity: ATP D-hexose = ADP D-hexose 6-phosphate
PMG11_04550	CDHK01000004.1	859395	859880	-	Putative BolA domain protein
PMG11_04551	CDHK01000004.1	860060	862482	+	Putative NGG1p interacting factor 3
PMG11_04552	CDHK01000004.1	860539	863670	-	hypothetical protein
PMG11_04553	CDHK01000004.1	864844	866247	+	hypothetical protein
PMG11_04554	CDHK01000004.1	867029	868789	+	hypothetical protein
PMG11_04555	CDHK01000004.1	868981	872001	-	Putative EH domain binding protein epsin 2
PMG11_04556	CDHK01000004.1	873239	874112	-	Putative AhpC/TSA family protein
PMG11_04557	CDHK01000004.1	873607	878870	+	Putative Stress response regulator/HFS transcription factor
PMG11_04558	CDHK01000004.1	879628	881888	+	Putative Translation initiation factor eif-2b epsilon subunit
PMG11_04559	CDHK01000004.1	882217	885299	+	Putative RING finger protein
PMG11_04560	CDHK01000004.1	886276	889046	+	Putative Carrier protein MRS3/4
PMG11_04561	CDHK01000004.1	890097	892727	+	Putative AAA family ATPase
PMG11_04562	CDHK01000004.1	893442	894407	+	hypothetical protein
PMG11_04563	CDHK01000004.1	894820	895139	+	hypothetical protein
PMG11_04564	CDHK01000004.1	895758	898272	-	Putative Conserved oligomeric Golgi complex subunit 6
PMG11_04565	CDHK01000004.1	898338	899304	+	hypothetical protein
PMG11_04566	CDHK01000004.1	899509	899930	-	Putative Chaperone/heat shock protein Hsp12
PMG11_04567	CDHK01000004.1	900522	902565	+	hypothetical protein
PMG11_04568	CDHK01000004.1	902691	906831	-	hypothetical protein
PMG11_04569	CDHK01000004.1	903023	903965	+	hypothetical protein
PMG11_04570	CDHK01000004.1	911748	917704	+	Putative Glycosyltransferase family 48 protein
PMG11_04571	CDHK01000004.1	918648	920397	+	Putative Serine palmitoyltransferase
PMG11_04572	CDHK01000004.1	921335	924619	-	hypothetical protein
PMG11_04573	CDHK01000004.1	921491	922830	+	hypothetical protein
PMG11_04574	CDHK01000004.1	924721	926406	+	Putative WD domain protein
PMG11_04575	CDHK01000004.1	926727	927059	-	hypothetical protein
PMG11_04576	CDHK01000004.1	928549	930004	-	hypothetical protein
PMG11_04577	CDHK01000004.1	930229	931396	-	hypothetical protein
PMG11_04578	CDHK01000004.1	931734	934309	-	hypothetical protein
PMG11_04579	CDHK01000004.1	934556	940151	-	Putative GTPase activating protein (BUD2/CLA2)
PMG11_04580	CDHK01000004.1	942002	945556	+	Putative Autophagy-related protein 9
PMG11_04581	CDHK01000004.1	946275	949701	+	Putative Mannosyl-oligosaccharide 1,2-alpha-mannosidase IB
PMG11_04582	CDHK01000004.1	949788	953486	+	hypothetical protein
PMG11_04583	CDHK01000004.1	953156	954126	-	hypothetical protein
PMG11_04584	CDHK01000004.1	954179	957685	-	Putative RNP domain protein
PMG11_04585	CDHK01000004.1	958437	962240	-	hypothetical protein
PMG11_04586	CDHK01000004.1	965221	966197	-	Putative NADH-ubiquinone oxidoreductase 213 kDa subunit
PMG11_04587	CDHK01000004.1	966332	971257	+	hypothetical protein
PMG11_04588	CDHK01000004.1	971951	973574	+	Putative Succinyl-CoA:3-ketoacid-coenzyme A transferase
PMG11_04589	CDHK01000004.1	974012	974508	-	hypothetical protein
PMG11_04590	CDHK01000004.1	974842	976130	+	Putative Metal homeostatis protein Bsd2
PMG11_04591	CDHK01000004.1	976526	980975	+	hypothetical protein
PMG11_04592	CDHK01000004.1	979621	981726	-	Putative MAP kinase
PMG11_04593	CDHK01000004.1	982147	983844	-	hypothetical protein
PMG11_04594	CDHK01000004.1	986217	988780	-	Putative Threonyl-tRNA synthetase
PMG11_04595	CDHK01000004.1	988893	989995	+	Putative H/ACA ribonucleoprotein complex subunit 1
PMG11_04596	CDHK01000004.1	990146	991726	+	Putative Phosphatidylserine synthase
PMG11_04597	CDHK01000004.1	998398	999373	+	hypothetical protein
PMG11_04598	CDHK01000004.1	1000506	1001467	-	hypothetical protein
PMG11_04599	CDHK01000004.1	1014346	1016095	+	hypothetical protein
PMG11_04600	CDHK01000004.1	1016434	1019068	+	hypothetical protein
PMG11_04601	CDHK01000004.1	1022766	1023911	-	hypothetical protein
PMG11_04602	CDHK01000004.1	1025419	1028181	+	hypothetical protein
PMG11_04603	CDHK01000004.1	1028590	1029503	+	Putative IgE-binging protein
PMG11_04604	CDHK01000004.1	1030986	1033049	+	hypothetical protein
PMG11_04605	CDHK01000004.1	1033130	1038036	-	hypothetical protein
PMG11_04606	CDHK01000004.1	1040892	1044206	-	Putative Synaptic vesicle transporter SVOP
PMG11_04607	CDHK01000004.1	1044798	1045816	+	Putative Thiol methyltransferase
PMG11_04608	CDHK01000004.1	1045996	1046970	-	hypothetical protein
PMG11_04609	CDHK01000004.1	1047231	1048413	+	Putative Short chain dehydrogenase/reductase family (AFU_orthologue; AFUA_4G13550)
PMG11_04610	CDHK01000004.1	1048706	1051932	+	Putative Neutral trehalase
PMG11_04611	CDHK01000004.1	1053526	1056181	+	Putative Isocitrate lyase
PMG11_04612	CDHK01000004.1	1056703	1060311	+	Putative Aldehyde dehydrogenase
PMG11_04613	CDHK01000004.1	1058192	1061902	-	Putative Amino acid transporter
PMG11_04614	CDHK01000004.1	1062402	1064572	-	Putative Adaptor protein complex 3 Mu3A
PMG11_04615	CDHK01000004.1	1064784	1065116	+	hypothetical protein
PMG11_04616	CDHK01000004.1	1065578	1066384	-	hypothetical protein
PMG11_04617	CDHK01000004.1	1067077	1070736	+	Putative Chromatin remodelling complex ATPase chain ISW1
PMG11_04618	CDHK01000004.1	1071139	1072914	+	Putative PEPAb
PMG11_04619	CDHK01000004.1	1073038	1073864	-	hypothetical protein
PMG11_04620	CDHK01000004.1	1076945	1077766	-	hypothetical protein
PMG11_04621	CDHK01000004.1	1078445	1079759	-	hypothetical protein
PMG11_04622	CDHK01000004.1	1080321	1081880	-	hypothetical protein
PMG11_04623	CDHK01000004.1	1082028	1087145	+	hypothetical protein
PMG11_04624	CDHK01000004.1	1088656	1090384	+	Putative C-x8-C-x5-C-x3-H type zinc finger protein
PMG11_04625	CDHK01000004.1	1091076	1093158	-	hypothetical protein
PMG11_04626	CDHK01000004.1	1092810	1093680	+	hypothetical protein
PMG11_04627	CDHK01000004.1	1094366	1096493	+	Putative Actin-like protein
PMG11_04628	CDHK01000004.1	1096869	1099628	+	Putative MFS multidrug transporter
PMG11_04629	CDHK01000004.1	1101288	1101785	-	hypothetical protein
PMG11_04630	CDHK01000004.1	1106443	1108435	+	hypothetical protein
PMG11_04631	CDHK01000004.1	1109314	1110339	+	hypothetical protein
PMG11_04632	CDHK01000004.1	1110373	1114089	-	hypothetical protein
PMG11_04633	CDHK01000004.1	1115049	1116730	+	Putative U1 small nuclear ribonucleoprotein C
PMG11_04634	CDHK01000004.1	1116743	1120534	-	hypothetical protein
PMG11_04635	CDHK01000004.1	1123427	1125801	+	Putative DEAD/DEAH box helicase
PMG11_04636	CDHK01000004.1	1127208	1133654	+	hypothetical protein
PMG11_04637	CDHK01000004.1	1133933	1135151	-	hypothetical protein
PMG11_04638	CDHK01000004.1	1135298	1137616	+	Putative Haloacid dehalogenase-like hydrolase family protein
PMG11_04639	CDHK01000004.1	1136236	1138758	-	hypothetical protein
PMG11_04640	CDHK01000004.1	1139549	1140342	+	Putative Unfolded protein response Orm1
PMG11_04641	CDHK01000004.1	1141356	1143562	+	hypothetical protein
PMG11_04642	CDHK01000004.1	1146229	1147665	-	hypothetical protein
PMG11_04643	CDHK01000004.1	1147982	1149667	-	hypothetical protein
PMG11_04644	CDHK01000004.1	1151464	1157534	+	hypothetical protein
PMG11_04645	CDHK01000004.1	1157937	1159918	-	Putative Calponin domain protein
PMG11_04646	CDHK01000004.1	1160338	1161101	+	hypothetical protein
PMG11_04647	CDHK01000004.1	1161747	1165085	-	hypothetical protein
PMG11_04648	CDHK01000004.1	1166120	1170176	-	Putative Developmental regulatory protein WetA
PMG11_04649	CDHK01000004.1	1170274	1172664	+	hypothetical protein
PMG11_04650	CDHK01000004.1	1177995	1183346	+	hypothetical protein
PMG11_04651	CDHK01000004.1	1183919	1185063	+	Putative Protein ERV25
PMG11_04652	CDHK01000004.1	1185299	1186379	+	Putative Succinate dehydrogenase assembly factor 2, mitochondrial
PMG11_04653	CDHK01000004.1	1186928	1188390	+	Putative FGB1
PMG11_04654	CDHK01000004.1	1188803	1190602	-	hypothetical protein
PMG11_04655	CDHK01000004.1	1190778	1192076	+	hypothetical protein
PMG11_04656	CDHK01000004.1	1192325	1193377	-	hypothetical protein
PMG11_04657	CDHK01000004.1	1193432	1197266	+	hypothetical protein
PMG11_04658	CDHK01000004.1	1200866	1203278	+	Putative Glutamine synthetase
PMG11_04659	CDHK01000004.1	1205506	1206426	+	Putative Serine O-acetyltransferase
PMG11_04660	CDHK01000004.1	1207596	1207891	-	hypothetical protein
PMG11_04661	CDHK01000004.1	1210284	1211947	+	hypothetical protein
PMG11_04662	CDHK01000004.1	1212798	1215174	-	hypothetical protein
PMG11_04663	CDHK01000004.1	1215804	1216580	-	Putative Golgi apparatus membrane protein tvp23
PMG11_04664	CDHK01000004.1	1216951	1220133	-	Putative CCCH zinc finger and SMR domain protein
PMG11_04665	CDHK01000004.1	1220806	1222247	+	hypothetical protein
PMG11_04666	CDHK01000004.1	1223060	1226254	+	hypothetical protein
PMG11_04667	CDHK01000004.1	1226551	1228055	-	hypothetical protein
PMG11_04668	CDHK01000004.1	1229004	1230771	+	hypothetical protein
PMG11_04669	CDHK01000004.1	1232047	1232494	+	hypothetical protein
PMG11_04670	CDHK01000004.1	1232743	1233618	+	hypothetical protein
PMG11_04671	CDHK01000004.1	1234709	1235870	-	Putative Thioredoxin reductase
PMG11_04672	CDHK01000004.1	1236621	1241610	-	hypothetical protein
PMG11_04673	CDHK01000004.1	1242476	1245677	+	Putative Pheromone processing endoprotease KexB
PMG11_04674	CDHK01000004.1	1245752	1248079	+	Putative Sorting nexin-4
PMG11_04675	CDHK01000004.1	1249529	1251223	+	hypothetical protein
PMG11_04676	CDHK01000004.1	1251350	1253596	+	Putative Monooxygenase involved in coenzyme Q
PMG11_04677	CDHK01000004.1	1251602	1255300	-	Putative Histidyl-tRNA synthetase
PMG11_04678	CDHK01000004.1	1258619	1263014	+	Putative Ubiquitin carboxyl-terminal hydrolase
PMG11_04679	CDHK01000004.1	1262957	1263538	-	Putative Yos1-like protein
PMG11_04680	CDHK01000004.1	1263703	1265554	+	hypothetical protein
PMG11_04681	CDHK01000004.1	1264116	1267083	-	hypothetical protein
PMG11_04682	CDHK01000004.1	1267443	1269387	+	hypothetical protein
PMG11_04683	CDHK01000004.1	1269973	1273946	+	hypothetical protein
PMG11_04684	CDHK01000004.1	1274603	1278456	+	hypothetical protein
PMG11_04685	CDHK01000004.1	1276551	1279269	-	hypothetical protein
PMG11_04686	CDHK01000004.1	1278711	1280517	+	hypothetical protein
PMG11_04687	CDHK01000004.1	1287534	1289959	-	Putative ALDH-like protein
PMG11_04688	CDHK01000004.1	1290252	1292445	-	Putative Calnexin
PMG11_04689	CDHK01000004.1	1292639	1294049	+	Putative Methylthioribulose-1-phosphate dehydratase
PMG11_04690	CDHK01000004.1	1294438	1296812	+	Putative Sorting nexin 3
PMG11_04691	CDHK01000004.1	1297080	1297939	-	Putative Permease of the major facilitator superfamily
PMG11_04692	CDHK01000004.1	1298054	1299073	-	Putative Permease of the major facilitator superfamily
PMG11_04693	CDHK01000004.1	1299571	1301280	+	hypothetical protein
PMG11_04694	CDHK01000004.1	1302229	1303865	+	Putative DszA family Xenobiotic compound monooxygenase
PMG11_04695	CDHK01000004.1	1304222	1304779	-	hypothetical protein
PMG11_04696	CDHK01000004.1	1305126	1306068	+	hypothetical protein
PMG11_04697	CDHK01000004.1	1306679	1309716	-	hypothetical protein
PMG11_04698	CDHK01000004.1	1312826	1314683	-	hypothetical protein
PMG11_04699	CDHK01000004.1	1316129	1317674	-	hypothetical protein
PMG11_04700	CDHK01000004.1	1317640	1318301	+	Putative NADH-ubiquinone oxidoreductase complex 1/LYR family protein
PMG11_04701	CDHK01000004.1	1318582	1319772	-	Putative SAM binding motif containing protein
PMG11_04702	CDHK01000004.1	1324081	1327757	+	Putative Glucose-repressible alcohol dehydrogenase transcriptional effector
PMG11_04703	CDHK01000004.1	1328147	1329327	+	hypothetical protein
PMG11_04704	CDHK01000004.1	1328597	1331472	-	hypothetical protein
PMG11_04705	CDHK01000004.1	1331381	1332455	+	Putative Phosphoserine phosphatase
PMG11_04706	CDHK01000004.1	1332899	1334672	+	Putative Phosphoesterase
PMG11_04707	CDHK01000004.1	1333001	1336538	-	hypothetical protein
PMG11_04708	CDHK01000004.1	1337466	1338593	+	hypothetical protein
PMG11_04709	CDHK01000004.1	1338129	1340814	-	Putative WctD protein
PMG11_04710	CDHK01000004.1	1340676	1345341	+	Putative DNA repair protein Rad50
PMG11_04711	CDHK01000004.1	1345551	1346699	-	hypothetical protein
PMG11_04712	CDHK01000004.1	1346871	1347280	-	Putative DNA repair protein Rad1
PMG11_04713	CDHK01000004.1	1347489	1349249	+	Putative Podospora anserina S mat genomic DNA chromosome 1, supercontig 1
PMG11_04714	CDHK01000004.1	1349356	1351370	+	Putative RGS domain protein
PMG11_04715	CDHK01000004.1	1351615	1352631	-	Putative COP9 signalosome subunit 7
PMG11_04716	CDHK01000004.1	1353541	1358307	+	Putative Remark: atp7a (Precursor)
PMG11_04717	CDHK01000004.1	1358188	1359371	-	hypothetical protein
PMG11_04718	CDHK01000004.1	1359898	1361216	+	hypothetical protein
PMG11_04719	CDHK01000004.1	1361594	1362995	-	hypothetical protein
PMG11_04720	CDHK01000004.1	1363200	1365111	+	Putative Phosphoribosyl-aminoimidazole carboxylase
PMG11_04721	CDHK01000004.1	1365645	1368299	-	hypothetical protein
PMG11_04722	CDHK01000004.1	1370635	1372266	-	Putative P450
PMG11_04723	CDHK01000004.1	1372685	1374912	+	hypothetical protein
PMG11_04724	CDHK01000004.1	1375897	1377984	-	Putative Histidine acid phosphatase
PMG11_04725	CDHK01000004.1	1378339	1380425	-	Putative Acid sphingomyelinase
PMG11_04726	CDHK01000004.1	1382106	1383378	+	Putative DNA replication complex GINS protein psf3
PMG11_04727	CDHK01000004.1	1384114	1388514	+	hypothetical protein
PMG11_04728	CDHK01000004.1	1388716	1390533	-	hypothetical protein
PMG11_04729	CDHK01000004.1	1392389	1393369	-	hypothetical protein
PMG11_04730	CDHK01000004.1	1396149	1399485	-	hypothetical protein
PMG11_04731	CDHK01000004.1	1398667	1399509	+	hypothetical protein
PMG11_04732	CDHK01000004.1	1400045	1400371	+	hypothetical protein
PMG11_04733	CDHK01000004.1	1400612	1402405	-	hypothetical protein
PMG11_04734	CDHK01000004.1	1402698	1405007	+	hypothetical protein
PMG11_04735	CDHK01000004.1	1405695	1406809	-	Putative Superoxide dismutase
PMG11_04736	CDHK01000004.1	1406925	1410502	+	Putative Tuftelin-interacting protein
PMG11_04737	CDHK01000004.1	1409677	1411536	+	Putative Permeases of the major facilitator superfamily
PMG11_04738	CDHK01000004.1	1413368	1414404	+	hypothetical protein
PMG11_04739	CDHK01000004.1	1414730	1415317	-	hypothetical protein
PMG11_04740	CDHK01000004.1	1416497	1418224	-	hypothetical protein
PMG11_04741	CDHK01000004.1	1420927	1423389	-	hypothetical protein
PMG11_04742	CDHK01000004.1	1424054	1426844	-	hypothetical protein
PMG11_04743	CDHK01000004.1	1426677	1431161	+	hypothetical protein
PMG11_04744	CDHK01000004.1	1431686	1434126	-	hypothetical protein
PMG11_04745	CDHK01000004.1	1437848	1439607	+	Putative Multicopper oxidase
PMG11_04746	CDHK01000004.1	1440563	1441555	+	hypothetical protein
PMG11_04747	CDHK01000004.1	1441891	1442403	+	Putative Adenosine deaminase
PMG11_04748	CDHK01000004.1	1443877	1444397	+	hypothetical protein
PMG11_04749	CDHK01000004.1	1444656	1447566	+	hypothetical protein
PMG11_04750	CDHK01000004.1	1449814	1453791	+	hypothetical protein
PMG11_04751	CDHK01000004.1	1453888	1458201	+	Putative 2-oxoglutarate dehydrogenase E1 component, mitochondrial
PMG11_04752	CDHK01000004.1	1458320	1461668	+	hypothetical protein
PMG11_04753	CDHK01000004.1	1460556	1462197	-	hypothetical protein
PMG11_04754	CDHK01000004.1	1462295	1464557	-	hypothetical protein
PMG11_04755	CDHK01000004.1	1464754	1468044	-	Putative Leucine Rich Repeat domain protein
PMG11_04756	CDHK01000004.1	1472158	1473606	-	Putative Phosphatidyl synthase
PMG11_04757	CDHK01000004.1	1474769	1476117	+	Putative NADP()-dependent glycerol dehydrogenase
PMG11_04758	CDHK01000004.1	1478016	1481569	-	hypothetical protein
PMG11_04759	CDHK01000004.1	1483478	1484387	+	hypothetical protein
PMG11_04760	CDHK01000004.1	1485472	1486973	-	hypothetical protein
PMG11_04761	CDHK01000004.1	1487653	1488437	-	hypothetical protein
PMG11_04762	CDHK01000004.1	1489707	1490111	+	hypothetical protein
PMG11_04763	CDHK01000004.1	1490712	1491335	-	hypothetical protein
PMG11_04764	CDHK01000004.1	1491618	1492631	+	hypothetical protein
PMG11_04765	CDHK01000004.1	1492748	1495068	-	Putative Glutathione S-transferase
PMG11_04766	CDHK01000004.1	1495487	1496171	-	hypothetical protein
PMG11_04767	CDHK01000004.1	1496546	1498187	-	Putative XPA-binding protein 1
PMG11_04768	CDHK01000004.1	1498166	1500649	+	Putative Pre-mRNA-splicing factor cwf19
PMG11_04769	CDHK01000004.1	1500905	1502774	+	Putative Glyoxylate reductase
PMG11_04770	CDHK01000004.1	1502904	1504394	+	hypothetical protein
PMG11_04771	CDHK01000004.1	1504508	1508557	+	Putative Transcription factor
PMG11_04772	CDHK01000004.1	1508662	1510652	-	hypothetical protein
PMG11_04773	CDHK01000004.1	1510821	1511601	+	Putative Splicing factor 3a subunit 2
PMG11_04774	CDHK01000004.1	1512378	1514509	-	Putative Serine/threonine-protein kinase cot-1
PMG11_04775	CDHK01000004.1	1515141	1516976	+	hypothetical protein
PMG11_04776	CDHK01000004.1	1517046	1520171	-	Putative
PMG11_04777	CDHK01000004.1	1520280	1521426	-	Putative Caffeine-induced death protein Cid2
PMG11_04778	CDHK01000004.1	1521550	1523074	+	hypothetical protein
PMG11_04779	CDHK01000004.1	1525356	1527634	+	Putative Cytosolic Fe-S cluster assembly factor nar1
PMG11_04780	CDHK01000004.1	1528015	1530303	-	Putative Anthranilate phosphoribosyltransferase family protein
PMG11_04781	CDHK01000004.1	1528104	1528409	+	Putative Metallothionein-I gene transcription activator
PMG11_04782	CDHK01000004.1	1530491	1531543	+	hypothetical protein
PMG11_04783	CDHK01000004.1	1531767	1533188	-	Putative Phosphatidylinositol phospholipase C
PMG11_04784	CDHK01000004.1	1534050	1538372	-	hypothetical protein
PMG11_04785	CDHK01000004.1	1534077	1535269	+	hypothetical protein
PMG11_04786	CDHK01000004.1	1538921	1541246	-	Putative MFS siderochrome iron transporter MirB
PMG11_04787	CDHK01000004.1	1541920	1542600	-	hypothetical protein
PMG11_04788	CDHK01000004.1	1544260	1545553	-	hypothetical protein
PMG11_04789	CDHK01000004.1	1545989	1550664	+	Putative Multidrug/pheromone exporter, ABC superfamily
PMG11_04790	CDHK01000004.1	1551013	1552102	+	hypothetical protein
PMG11_04791	CDHK01000004.1	1552269	1554695	+	hypothetical protein
PMG11_04792	CDHK01000004.1	1555038	1557037	-	hypothetical protein
PMG11_04793	CDHK01000004.1	1557805	1558197	-	hypothetical protein
PMG11_04794	CDHK01000004.1	1560277	1561694	+	hypothetical protein
PMG11_04795	CDHK01000004.1	1562677	1563325	+	Putative DUF852 domain protein
PMG11_04796	CDHK01000004.1	1563536	1565161	+	hypothetical protein
PMG11_04797	CDHK01000004.1	1565318	1567071	-	hypothetical protein
PMG11_04798	CDHK01000004.1	1568394	1570078	+	Putative Vacuolar protein sorting-associated protein 26b-b
PMG11_04799	CDHK01000004.1	1569774	1576173	-	hypothetical protein
PMG11_04800	CDHK01000004.1	1576349	1577024	+	Putative Ubiquitin conjugating enzyme
PMG11_04801	CDHK01000004.1	1577418	1578788	+	hypothetical protein
PMG11_04802	CDHK01000004.1	1578804	1579896	-	hypothetical protein
PMG11_04803	CDHK01000004.1	1580086	1581343	+	Putative TPR domain protein
PMG11_04804	CDHK01000004.1	1581598	1583344	+	Putative Sirtuin 5
PMG11_04805	CDHK01000004.1	1583933	1585608	+	hypothetical protein
PMG11_04806	CDHK01000004.1	1585772	1586676	-	hypothetical protein
PMG11_04807	CDHK01000004.1	1587886	1589452	-	Putative G2/mitotic-specific cyclin-B
PMG11_04808	CDHK01000004.1	1590645	1591931	+	Putative 60S ribosomal protein RML2, mitochondrial
PMG11_04809	CDHK01000004.1	1592863	1595865	+	hypothetical protein
PMG11_04810	CDHK01000004.1	1595092	1597932	-	Putative WD repeat-containing protein
PMG11_04811	CDHK01000004.1	1599005	1600544	+	hypothetical protein
PMG11_04812	CDHK01000004.1	1600607	1601964	+	hypothetical protein
PMG11_04813	CDHK01000004.1	1606389	1612127	-	hypothetical protein
PMG11_04814	CDHK01000004.1	1612105	1613527	+	Putative NADH-ubiquinone oxidoreductase
PMG11_04815	CDHK01000004.1	1612238	1614426	-	Putative Nitrilase family protein
PMG11_04816	CDHK01000004.1	1614448	1617861	+	Putative Exosome complex exonuclease
PMG11_04817	CDHK01000004.1	1618309	1620129	-	Putative Monocarboxylate transporter
PMG11_04818	CDHK01000004.1	1620621	1625296	+	hypothetical protein
PMG11_04819	CDHK01000004.1	1623275	1625296	-	hypothetical protein
PMG11_04820	CDHK01000004.1	1625445	1626460	+	hypothetical protein
PMG11_04821	CDHK01000004.1	1625813	1629441	-	hypothetical protein
PMG11_04822	CDHK01000004.1	1630064	1630684	+	hypothetical protein
PMG11_04823	CDHK01000004.1	1631339	1632894	+	Putative Toxin biosynthesis protein
PMG11_04824	CDHK01000004.1	1633534	1634852	-	Putative Alkaline phytoceramidase
PMG11_04825	CDHK01000004.1	1635177	1637646	+	Putative Solute carrier family 25 member 38 homolog
PMG11_04826	CDHK01000004.1	1637368	1639021	-	hypothetical protein
PMG11_04827	CDHK01000004.1	1642248	1642843	-	Putative Prefoldin subunit 1
PMG11_04828	CDHK01000004.1	1645233	1646677	-	hypothetical protein
PMG11_04829	CDHK01000004.1	1656012	1660529	-	hypothetical protein
PMG11_04830	CDHK01000004.1	1660667	1662092	-	Putative Cell differentiation protein Rcd1
PMG11_04831	CDHK01000004.1	1663214	1665168	-	hypothetical protein
PMG11_04832	CDHK01000004.1	1665316	1667102	-	hypothetical protein
PMG11_04833	CDHK01000004.1	1668188	1668738	+	hypothetical protein
PMG11_04834	CDHK01000004.1	1672498	1673144	+	Putative Multidrug resistance-associated protein 1
PMG11_04835	CDHK01000004.1	1673739	1675046	+	hypothetical protein
PMG11_04836	CDHK01000004.1	1675209	1676574	+	Putative PSF1 domain protein
PMG11_04837	CDHK01000004.1	1676947	1684487	+	Putative Sulfate transporter family protein
PMG11_04838	CDHK01000004.1	1681551	1684760	-	Putative Dimethylglycine dehydrogenase, mitochondrial
PMG11_04839	CDHK01000004.1	1685929	1687172	-	hypothetical protein
PMG11_04840	CDHK01000004.1	1691661	1695229	+	hypothetical protein
PMG11_04841	CDHK01000004.1	1697858	1698655	+	hypothetical protein
PMG11_04842	CDHK01000004.1	1699357	1701889	-	Putative Asparagine synthase related protein
PMG11_04843	CDHK01000004.1	1702205	1704675	+	Putative Vacuolar sorting protein
PMG11_04844	CDHK01000004.1	1705036	1705731	+	hypothetical protein
PMG11_04845	CDHK01000004.1	1705972	1706684	+	hypothetical protein
PMG11_04846	CDHK01000004.1	1710126	1715439	+	Putative Vacuolar ATP synthase 116kDa subunit
PMG11_04847	CDHK01000004.1	1713515	1715438	-	Putative Fructose-1,6-bisphosphatase
PMG11_04848	CDHK01000004.1	1717536	1719218	+	Putative Pantothenate transporter
PMG11_04849	CDHK01000004.1	1719384	1720067	-	hypothetical protein
PMG11_04850	CDHK01000004.1	1721046	1722311	+	hypothetical protein
PMG11_04851	CDHK01000004.1	1722578	1723397	+	hypothetical protein
PMG11_04852	CDHK01000004.1	1723565	1724406	+	hypothetical protein
PMG11_04853	CDHK01000004.1	1725111	1729220	+	hypothetical protein
PMG11_04854	CDHK01000004.1	1730125	1733226	+	hypothetical protein
PMG11_04855	CDHK01000004.1	1733676	1735005	+	Putative Prenyltransferase
PMG11_04856	CDHK01000004.1	1735382	1737167	+	Putative Saccharopine dehydrogenase
PMG11_04857	CDHK01000004.1	1737959	1740259	-	Putative Co-chaperone (Eurofung)
PMG11_04858	CDHK01000004.1	1740973	1742225	-	hypothetical protein
PMG11_04859	CDHK01000004.1	1743792	1745926	+	hypothetical protein
PMG11_04860	CDHK01000004.1	1746026	1747400	+	hypothetical protein
PMG11_04861	CDHK01000004.1	1747658	1748464	+	Putative Ubiquinol-cytochrome c reductase complex 17 kd protein (AFU_orthologue; AFUA_4G11390)
PMG11_04862	CDHK01000004.1	1749541	1750270	+	hypothetical protein
PMG11_04863	CDHK01000004.1	1752943	1755051	-	Putative Permease of the major facilitator superfamily
PMG11_04864	CDHK01000004.1	1755829	1759031	+	hypothetical protein
PMG11_04865	CDHK01000004.1	1759022	1760579	+	hypothetical protein
PMG11_04866	CDHK01000004.1	1760751	1764360	-	Putative F-box and WD-40 domain-containing protein 1/11
PMG11_04867	CDHK01000004.1	1765898	1768898	+	Putative Invasion-inducing protein TIAM1/CDC24
PMG11_04868	CDHK01000004.1	1770386	1772061	+	Putative Aspartate aminotransferase
PMG11_04869	CDHK01000004.1	1782379	1783578	-	Putative Zinc finger protein 273
PMG11_04870	CDHK01000004.1	1793912	1795576	-	Putative Sucrase/ferredoxin domain protein
PMG11_04871	CDHK01000004.1	1796316	1799748	+	Putative 3-ketosteroid reductase
PMG11_04872	CDHK01000004.1	1798644	1800017	-	Putative Mannose-1-phosphate guanyltransferase
PMG11_04873	CDHK01000004.1	1800139	1805796	+	Putative Intermembrane space AAA protease IAP-1
PMG11_04874	CDHK01000004.1	1800862	1801944	-	hypothetical protein
PMG11_04875	CDHK01000004.1	1806492	1810691	-	Putative Glycerol kinase 2
PMG11_04876	CDHK01000004.1	1812025	1813966	-	hypothetical protein
PMG11_04877	CDHK01000004.1	1814063	1824627	+	Putative Function: promotes endosomal cycling of TGN
PMG11_04878	CDHK01000004.1	1825676	1831679	-	Putative Proteasome activator subunit 4
PMG11_04879	CDHK01000004.1	1832556	1834045	-	hypothetical protein
PMG11_04880	CDHK01000004.1	1835719	1838647	+	hypothetical protein
PMG11_04881	CDHK01000004.1	1838589	1839577	-	hypothetical protein
PMG11_04882	CDHK01000004.1	1840288	1841891	-	Putative Voltage-gated shaker-like K channel
PMG11_04883	CDHK01000004.1	1843143	1844293	+	Putative Inosine triphosphate pyrophosphatase
PMG11_04884	CDHK01000004.1	1844479	1847443	+	hypothetical protein
PMG11_04885	CDHK01000004.1	1848182	1849735	-	Putative 12-oxophytodienoate reductase
PMG11_04886	CDHK01000004.1	1850067	1852600	+	hypothetical protein
PMG11_04887	CDHK01000004.1	1850753	1854179	-	hypothetical protein
PMG11_04888	CDHK01000004.1	1854305	1855402	-	hypothetical protein
PMG11_04889	CDHK01000004.1	1856206	1858253	-	hypothetical protein
PMG11_04890	CDHK01000004.1	1860145	1861096	+	hypothetical protein
PMG11_04891	CDHK01000004.1	1861541	1863517	-	hypothetical protein
PMG11_04892	CDHK01000004.1	1864603	1865735	-	Putative Carbonic anhydrase
PMG11_04893	CDHK01000004.1	1866160	1870808	-	Putative L-aminoadipate-semialdehyde dehydrogenase large subunit
PMG11_04894	CDHK01000004.1	1872202	1874074	+	hypothetical protein
PMG11_04895	CDHK01000004.1	1874619	1878891	+	Putative Xanthine dehydrogenase
PMG11_04896	CDHK01000004.1	1879197	1881401	-	hypothetical protein
PMG11_04897	CDHK01000004.1	1884271	1888172	+	hypothetical protein
PMG11_04898	CDHK01000004.1	1888793	1890939	-	Putative Aspartate/tyrosine/aromatic aminotransferase
PMG11_04899	CDHK01000004.1	1891244	1892866	+	Putative AAA family ATPase
PMG11_04900	CDHK01000004.1	1893204	1894688	+	hypothetical protein
PMG11_04901	CDHK01000004.1	1895308	1896248	+	Putative Spindle pole body protein An-Cdc31 (Eurofung)
PMG11_04902	CDHK01000004.1	1896432	1899378	-	hypothetical protein
PMG11_04903	CDHK01000004.1	1900045	1901901	-	hypothetical protein
PMG11_04904	CDHK01000004.1	1904813	1906357	+	hypothetical protein
PMG11_04905	CDHK01000004.1	1906827	1907716	+	hypothetical protein
PMG11_04906	CDHK01000004.1	1910344	1912216	+	hypothetical protein
PMG11_04907	CDHK01000004.1	1912974	1917549	-	Putative C2 domain protein
PMG11_04908	CDHK01000004.1	1918940	1919921	+	hypothetical protein
PMG11_04909	CDHK01000004.1	1919175	1922290	-	hypothetical protein
PMG11_04910	CDHK01000004.1	1923006	1923727	-	hypothetical protein
PMG11_04911	CDHK01000004.1	1924736	1927091	-	Putative Acetylornithine deacetylase
PMG11_04912	CDHK01000004.1	1927541	1929295	-	hypothetical protein
PMG11_04913	CDHK01000004.1	1934834	1937927	+	Putative Acetyl-coenzyme A synthetase FacA
PMG11_04914	CDHK01000004.1	1938327	1945706	+	hypothetical protein
PMG11_04915	CDHK01000004.1	1946535	1948404	+	hypothetical protein
PMG11_04916	CDHK01000004.1	1948573	1950697	-	Putative NADH-ubiquinone oxidoreductase
PMG11_04917	CDHK01000004.1	1950807	1953224	-	hypothetical protein
PMG11_04918	CDHK01000004.1	1953379	1959364	-	hypothetical protein
PMG11_04919	CDHK01000004.1	1959490	1963592	-	Putative Mn2 and Fe2 transporter of the NRAMP family
PMG11_04920	CDHK01000004.1	1959784	1960514	+	Putative Charged multivesicular body protein 5
PMG11_04921	CDHK01000004.1	1963904	1967856	+	hypothetical protein
PMG11_04922	CDHK01000004.1	1967777	1968585	-	hypothetical protein
PMG11_04923	CDHK01000004.1	1968710	1970540	+	hypothetical protein
PMG11_04924	CDHK01000004.1	1971806	1973629	+	Putative Thiolase
PMG11_04925	CDHK01000004.1	1973663	1974723	-	hypothetical protein
PMG11_04926	CDHK01000004.1	1975096	1976929	-	hypothetical protein
PMG11_04927	CDHK01000004.1	1978247	1979728	+	hypothetical protein
PMG11_04928	CDHK01000004.1	1979983	1982745	-	hypothetical protein
PMG11_04929	CDHK01000004.1	1983369	1985144	+	hypothetical protein
PMG11_04930	CDHK01000004.1	1985417	1989586	+	Putative ATP-dependent RNA helicase dbp9
PMG11_04931	CDHK01000004.1	1987730	1989556	-	hypothetical protein
PMG11_04932	CDHK01000004.1	1989784	1991338	-	Putative Tafazzin
PMG11_04933	CDHK01000004.1	1991678	1992155	+	Putative Remark: mRpL31 of S. cerevisiae is also called YKL138c
PMG11_04934	CDHK01000004.1	1992648	1994959	-	hypothetical protein
PMG11_04935	CDHK01000004.1	1998529	2000199	+	hypothetical protein
PMG11_04936	CDHK01000004.1	2002795	2003316	-	hypothetical protein
PMG11_04937	CDHK01000004.1	2005736	2006350	-	hypothetical protein
PMG11_04938	CDHK01000004.1	2008277	2009017	+	Putative EBDP3
PMG11_04939	CDHK01000004.1	2009349	2010880	-	hypothetical protein
PMG11_04940	CDHK01000004.1	2012022	2012638	-	Putative Histone H4
PMG11_04941	CDHK01000004.1	2013495	2018003	-	hypothetical protein
PMG11_04942	CDHK01000004.1	2028673	2029248	+	hypothetical protein
PMG11_04943	CDHK01000004.1	2029795	2032980	+	hypothetical protein
PMG11_04944	CDHK01000004.1	2033526	2035000	+	hypothetical protein
PMG11_04945	CDHK01000004.1	2035679	2037520	-	Putative Annexin
PMG11_04946	CDHK01000004.1	2037878	2045586	-	hypothetical protein
PMG11_04947	CDHK01000004.1	2046071	2046967	-	hypothetical protein
PMG11_04948	CDHK01000004.1	2048057	2049492	-	hypothetical protein
PMG11_04949	CDHK01000004.1	2049818	2054483	+	Putative U2 snrnp component prp10
PMG11_04950	CDHK01000004.1	2067966	2069203	+	Putative C2H2 conidiation transcription factor FlbC
PMG11_04951	CDHK01000004.1	2070871	2073133	-	Putative V-SNARE
PMG11_04952	CDHK01000004.1	2072819	2075123	+	Putative Vacuolar sorting protein
PMG11_04953	CDHK01000004.1	2073605	2078656	-	hypothetical protein
PMG11_04954	CDHK01000004.1	2078896	2080425	+	Putative NEDD8-activating enzyme E1 catalytic subunit
PMG11_04955	CDHK01000004.1	2079320	2082038	-	Putative Complex: RCP40 of S. cerevisiae associates with RCP19 of S. cerevisiae
PMG11_04956	CDHK01000004.1	2082219	2084292	+	Putative NADH-ubiquinone oxidoreductase 49 kDa subunit, mitochondrial
PMG11_04957	CDHK01000004.1	2084643	2087090	+	hypothetical protein
PMG11_04958	CDHK01000004.1	2084658	2087708	-	Putative Aspartate/tyrosine/aromatic aminotransferase
PMG11_04959	CDHK01000004.1	2088510	2090163	+	hypothetical protein
PMG11_04960	CDHK01000004.1	2090399	2091674	-	Putative Ubiquitin conjugating enzyme
PMG11_04961	CDHK01000004.1	2091804	2094398	-	Putative Ca/Cm-dependent protein kinase A
PMG11_04962	CDHK01000004.1	2095286	2095799	+	hypothetical protein
PMG11_04963	CDHK01000004.1	2095979	2097477	-	hypothetical protein
PMG11_04964	CDHK01000004.1	2098127	2100848	-	hypothetical protein
PMG11_04965	CDHK01000004.1	2100978	2102349	-	hypothetical protein
PMG11_04966	CDHK01000004.1	2102763	2104812	-	Putative Aromatic amino acid aminotransferase
PMG11_04967	CDHK01000004.1	2105513	2107635	-	Putative Thiamine pyrophosphate enzyme
PMG11_04968	CDHK01000004.1	2108296	2109828	+	hypothetical protein
PMG11_04969	CDHK01000004.1	2108607	2111446	-	Putative Dehydrogenase kinase
PMG11_04970	CDHK01000004.1	2111715	2112544	-	Putative Dehydrogenase kinase
PMG11_04971	CDHK01000004.1	2113116	2114622	-	Putative K transporter
PMG11_04972	CDHK01000004.1	2114738	2118881	+	Putative Ribosome biogenesis protein BMS1
PMG11_04973	CDHK01000004.1	2119615	2121913	+	Putative Polygalacturonase (Fragment)
PMG11_04974	CDHK01000004.1	2122307	2124753	+	hypothetical protein
PMG11_04975	CDHK01000004.1	2124835	2126876	-	hypothetical protein
PMG11_04976	CDHK01000004.1	2127660	2130027	+	hypothetical protein
PMG11_04977	CDHK01000004.1	2130376	2131124	+	hypothetical protein
PMG11_04978	CDHK01000004.1	2131480	2132296	+	hypothetical protein
PMG11_04979	CDHK01000004.1	2132298	2135032	-	Putative CCCH zinc finger and RRM domain-containing protein
PMG11_04980	CDHK01000004.1	2135206	2138892	-	Putative Eft1p
PMG11_04981	CDHK01000004.1	2139339	2149787	-	hypothetical protein
PMG11_04982	CDHK01000004.1	2149669	2151939	+	hypothetical protein
PMG11_04983	CDHK01000004.1	2152741	2154222	+	hypothetical protein
PMG11_04984	CDHK01000004.1	2154783	2159328	-	hypothetical protein
PMG11_04985	CDHK01000004.1	2159502	2160938	-	Putative Pyrimidine 5'-nucleotidase
PMG11_04986	CDHK01000004.1	2161209	2163731	+	hypothetical protein
PMG11_04987	CDHK01000004.1	2165241	2167893	+	hypothetical protein
PMG11_04988	CDHK01000004.1	2172016	2176770	+	Putative KH domain protein
PMG11_04989	CDHK01000004.1	2176876	2179500	+	hypothetical protein
PMG11_04990	CDHK01000004.1	2180332	2182077	+	hypothetical protein
PMG11_04991	CDHK01000004.1	2182051	2188476	-	Putative Chitin synthase 6
PMG11_04992	CDHK01000004.1	2189982	2196842	+	Putative Chitin synthase V
PMG11_04993	CDHK01000004.1	2197224	2197775	+	hypothetical protein
PMG11_04994	CDHK01000004.1	2197865	2201174	-	Putative DNA mismatch repair protein-MLH2/PMS1/Pms2 family
PMG11_04995	CDHK01000004.1	2201430	2202982	-	Putative Serine incorporator
PMG11_04996	CDHK01000004.1	2203756	2206860	+	Putative MFS transporter
PMG11_04997	CDHK01000004.1	2211855	2212862	-	Putative GATA transcription factor
PMG11_04998	CDHK01000004.1	2216272	2219226	+	Putative Phosphatidylinositol 4-kinase type II subunit alpha
PMG11_04999	CDHK01000004.1	2219484	2223911	+	hypothetical protein
PMG11_05000	CDHK01000004.1	2224699	2225581	-	hypothetical protein
PMG11_05001	CDHK01000004.1	2225619	2226753	+	hypothetical protein
PMG11_05002	CDHK01000004.1	2226807	2227525	-	Putative Kinetochore protein
PMG11_05003	CDHK01000004.1	2227820	2228522	+	Putative Membrane protein involved in organellar division
PMG11_05004	CDHK01000004.1	2229547	2231113	+	hypothetical protein
PMG11_05005	CDHK01000004.1	2231625	2232300	-	Putative Carbonic anhydrase
PMG11_05006	CDHK01000004.1	2232405	2234463	-	hypothetical protein
PMG11_05007	CDHK01000004.1	2235097	2235514	+	hypothetical protein
PMG11_05008	CDHK01000004.1	2235542	2237236	-	hypothetical protein
PMG11_05009	CDHK01000004.1	2237960	2239390	-	hypothetical protein
PMG11_05010	CDHK01000004.1	2240740	2241965	+	hypothetical protein
PMG11_05011	CDHK01000004.1	2244319	2246316	+	hypothetical protein
PMG11_05012	CDHK01000004.1	2248075	2250510	-	hypothetical protein
PMG11_05013	CDHK01000004.1	2252467	2253038	+	hypothetical protein
PMG11_05014	CDHK01000004.1	2253077	2253859	+	hypothetical protein
PMG11_05015	CDHK01000004.1	2254322	2255011	-	hypothetical protein
PMG11_05016	CDHK01000004.1	2255278	2260646	-	hypothetical protein
PMG11_05017	CDHK01000004.1	2261940	2262974	+	hypothetical protein
PMG11_05018	CDHK01000004.1	2264102	2265287	+	Putative Alcohol dehydrogenase
PMG11_05019	CDHK01000004.1	2265610	2265911	+	hypothetical protein
PMG11_05020	CDHK01000004.1	2266011	2266429	+	hypothetical protein
PMG11_05021	CDHK01000004.1	2279919	2282042	+	Putative Transcriptional regulator Medusa
PMG11_05022	CDHK01000004.1	2283453	2286506	+	Putative Tryptophan synthase beta chain
PMG11_05023	CDHK01000004.1	2286597	2289154	-	Putative Vacuolar ATP synthase subunit B
PMG11_05024	CDHK01000004.1	2289792	2291574	-	hypothetical protein
PMG11_05025	CDHK01000004.1	2293977	2295252	+	Putative D-isomer specific 2-hydroxyacid dehydrogenase
PMG11_05026	CDHK01000004.1	2295483	2296357	-	hypothetical protein
PMG11_05027	CDHK01000004.1	2296890	2297357	+	hypothetical protein
PMG11_05028	CDHK01000004.1	2298358	2300640	-	hypothetical protein
PMG11_05029	CDHK01000004.1	2301697	2302668	-	hypothetical protein
PMG11_05030	CDHK01000004.1	2303030	2303725	+	Putative Cytidine and deoxycytidylate deaminase zinc-binding domain protein
PMG11_05031	CDHK01000004.1	2304042	2305192	+	hypothetical protein
PMG11_05032	CDHK01000004.1	2304519	2308274	-	hypothetical protein
PMG11_05033	CDHK01000004.1	2308877	2310138	-	hypothetical protein
PMG11_05034	CDHK01000004.1	2317321	2321640	+	Putative Meiosis induction protein kinase
PMG11_05035	CDHK01000004.1	2322300	2323524	+	Putative 3' exoribonuclease family protein
PMG11_05036	CDHK01000004.1	2323815	2324733	-	hypothetical protein
PMG11_05037	CDHK01000004.1	2325939	2327047	+	Putative Cytochrome c
PMG11_05038	CDHK01000004.1	2327232	2330541	+	hypothetical protein
PMG11_05039	CDHK01000004.1	2330752	2331603	-	hypothetical protein
PMG11_05040	CDHK01000004.1	2333041	2335717	+	hypothetical protein
PMG11_05041	CDHK01000004.1	2335280	2337290	-	Putative Arginyl-tRNA--protein transferase 1
PMG11_05042	CDHK01000004.1	2339293	2339883	+	Putative Nudix/MutT family protein
PMG11_05043	CDHK01000004.1	2341089	2342836	+	Putative RNA polymerase II subunit 3
PMG11_05044	CDHK01000004.1	2343658	2344272	-	hypothetical protein
PMG11_05045	CDHK01000004.1	2345046	2345913	-	hypothetical protein
PMG11_05046	CDHK01000004.1	2346856	2347783	+	Putative Mitochondria protein Fmp29
PMG11_05047	CDHK01000004.1	2348158	2348679	+	Putative Phosphotransferase
PMG11_05048	CDHK01000004.1	2348828	2350125	-	hypothetical protein
PMG11_05049	CDHK01000004.1	2350298	2352699	+	hypothetical protein
PMG11_05050	CDHK01000004.1	2356671	2357780	-	hypothetical protein
PMG11_05051	CDHK01000004.1	2358845	2360149	+	hypothetical protein
PMG11_05052	CDHK01000004.1	2361104	2362086	+	hypothetical protein
PMG11_05053	CDHK01000004.1	2362592	2363431	-	Putative Metallo-beta-lactamase domain protein
PMG11_05054	CDHK01000004.1	2363877	2364407	+	hypothetical protein
PMG11_05055	CDHK01000004.1	2365405	2366725	+	hypothetical protein
PMG11_05056	CDHK01000004.1	2367676	2368683	-	Putative NAD(P)-binding Rossmann-fold containing protein
PMG11_05057	CDHK01000004.1	2371019	2372209	-	hypothetical protein
PMG11_05058	CDHK01000004.1	2373072	2373744	-	hypothetical protein
PMG11_05059	CDHK01000004.1	2375062	2375979	+	hypothetical protein
PMG11_05060	CDHK01000004.1	2376130	2377323	-	hypothetical protein
PMG11_05061	CDHK01000004.1	2379578	2381129	+	Putative Catalytic activity: NADH acceptor <=> NAD() reduced acceptor
PMG11_05062	CDHK01000004.1	2382276	2383288	+	hypothetical protein
PMG11_05063	CDHK01000004.1	2383592	2385027	+	hypothetical protein
PMG11_05064	CDHK01000004.1	2385373	2386249	-	hypothetical protein
PMG11_05065	CDHK01000004.1	2386947	2387768	-	Putative Short chain type dehydrogenase
PMG11_05066	CDHK01000004.1	2388508	2390766	-	hypothetical protein
PMG11_05067	CDHK01000004.1	2391711	2392598	+	Putative GrpE protein homolog
PMG11_05068	CDHK01000004.1	2393171	2394730	-	Putative Phenylalanyl-tRNA synthetase
PMG11_05069	CDHK01000004.1	2395627	2397402	+	Putative Oxoglutarate/malate carrier protein
PMG11_05070	CDHK01000004.1	2397910	2398583	-	Putative Cytochrome c oxidase polypeptide vib
PMG11_05071	CDHK01000004.1	2398762	2399634	+	Putative Remark: the ORF is truncated due to the border of contig (Fragment)
PMG11_05072	CDHK01000004.1	2399364	2400501	-	Putative Peptidyl prolyl cis-trans isomerase Cyclophilin
PMG11_05073	CDHK01000004.1	2400748	2404922	+	Putative Protein transport protein sec31
PMG11_05074	CDHK01000004.1	2405397	2406659	-	hypothetical protein
PMG11_05075	CDHK01000004.1	2407114	2409689	+	hypothetical protein
PMG11_05076	CDHK01000004.1	2409578	2409866	-	hypothetical protein
PMG11_05077	CDHK01000004.1	2410176	2417138	+	hypothetical protein
PMG11_05078	CDHK01000004.1	2417673	2418905	-	hypothetical protein
PMG11_05079	CDHK01000004.1	2421594	2425799	-	hypothetical protein
PMG11_05080	CDHK01000004.1	2425848	2429997	+	hypothetical protein
PMG11_05081	CDHK01000004.1	2430243	2431293	+	Putative CobW/P47K family protein
PMG11_05082	CDHK01000004.1	2431419	2433344	-	Putative WD domain, G-beta repeat containing protein
PMG11_05083	CDHK01000004.1	2433463	2436749	+	Putative Pre-rRNA processing protein Tsr1
PMG11_05084	CDHK01000004.1	2436509	2437717	-	Putative Vesicular-fusion protein sec17
PMG11_05085	CDHK01000004.1	2437890	2438709	+	hypothetical protein
PMG11_05086	CDHK01000004.1	2438848	2440948	-	hypothetical protein
PMG11_05087	CDHK01000004.1	2441434	2443337	+	hypothetical protein
PMG11_05088	CDHK01000004.1	2443788	2445443	+	Putative O-methyltransferase family protein
PMG11_05089	CDHK01000004.1	2445627	2448028	+	hypothetical protein
PMG11_05090	CDHK01000004.1	2448127	2449567	-	hypothetical protein
PMG11_05091	CDHK01000004.1	2450066	2451888	+	hypothetical protein
PMG11_05092	CDHK01000004.1	2451822	2453491	+	hypothetical protein
PMG11_05093	CDHK01000004.1	2456822	2458830	+	hypothetical protein
PMG11_05094	CDHK01000004.1	2459537	2460989	-	Putative Chitosanase preproprotein
PMG11_05095	CDHK01000004.1	2461938	2462894	+	Putative Remark: the protein sequence of patent WO200055320-A1
PMG11_05096	CDHK01000004.1	2463221	2466744	-	hypothetical protein
PMG11_05097	CDHK01000004.1	2469424	2473197	+	Putative cAMP-dependent protein kinase
PMG11_05098	CDHK01000004.1	2473341	2476851	+	hypothetical protein
PMG11_05099	CDHK01000004.1	2477299	2481284	-	hypothetical protein
PMG11_05100	CDHK01000004.1	2482475	2486645	-	Putative Function: S. pombe Rhp16 is involved in the nucleotide excision repair of UV damage
PMG11_05101	CDHK01000004.1	2486914	2488227	-	Putative Sirtuin 5 and related class III sirtuins
PMG11_05102	CDHK01000004.1	2488401	2490459	-	Putative Flavin-nucleotide-binding protein
PMG11_05103	CDHK01000004.1	2490021	2492028	+	Putative Xaa-pro dipeptidase app(E.coli)
PMG11_05104	CDHK01000004.1	2492477	2497516	+	hypothetical protein
PMG11_05105	CDHK01000004.1	2495746	2499733	-	hypothetical protein
PMG11_05106	CDHK01000004.1	2499911	2502481	-	hypothetical protein
PMG11_05107	CDHK01000004.1	2499955	2501616	+	hypothetical protein
PMG11_05108	CDHK01000004.1	2504033	2505185	+	Putative 3-methyl-2-oxobutanoate hydroxymethyltransferase PanB
PMG11_05109	CDHK01000004.1	2505330	2506018	-	Putative Ubiquitin-like protein ATG12
PMG11_05110	CDHK01000004.1	2506776	2508194	+	Putative Function: S. cerevisiae UBC8 functions in catabolite degradation of fructose-1
PMG11_05111	CDHK01000004.1	2509158	2509855	-	hypothetical protein
PMG11_05112	CDHK01000004.1	2510255	2511738	+	hypothetical protein
PMG11_05113	CDHK01000004.1	2511680	2513540	-	hypothetical protein
PMG11_05114	CDHK01000004.1	2514044	2515984	-	hypothetical protein
PMG11_05115	CDHK01000004.1	2516453	2517054	+	hypothetical protein
PMG11_05116	CDHK01000004.1	2517623	2518535	+	Putative 60S ribosomal protein L6
PMG11_05117	CDHK01000004.1	2518545	2519861	-	Putative 3'(2'),5'-bisphosphate nucleotidase
PMG11_05118	CDHK01000004.1	2520042	2520918	+	hypothetical protein
PMG11_05119	CDHK01000004.1	2521293	2523422	+	Putative VHS domain protein
PMG11_05120	CDHK01000004.1	2523930	2524611	+	hypothetical protein
PMG11_05121	CDHK01000004.1	2524230	2527394	-	hypothetical protein
PMG11_05122	CDHK01000004.1	2527520	2529381	-	Putative MFS multidrug transporter
PMG11_05123	CDHK01000004.1	2529628	2530996	-	Putative Mitochondrial DNA replication protein
PMG11_05124	CDHK01000004.1	2531276	2532382	+	hypothetical protein
PMG11_05125	CDHK01000004.1	2532794	2534819	+	Putative Function: the yeast gene is a positive regulator of URA1 and URA3 expression
PMG11_05126	CDHK01000004.1	2535534	2536679	+	Putative DUF453 domain protein
PMG11_05127	CDHK01000004.1	2537083	2539473	+	Putative Catalytic activity: citrate = isocitrate
PMG11_05128	CDHK01000004.1	2539982	2541681	+	hypothetical protein
PMG11_05129	CDHK01000004.1	2541941	2544077	+	hypothetical protein
PMG11_05130	CDHK01000004.1	2544062	2545879	-	hypothetical protein
PMG11_05131	CDHK01000004.1	2546700	2547575	-	hypothetical protein
PMG11_05132	CDHK01000004.1	2547821	2549712	+	hypothetical protein
PMG11_05133	CDHK01000004.1	2551803	2553462	+	Putative Glycosyl hydrolases family 16
PMG11_05134	CDHK01000004.1	2554595	2555877	-	hypothetical protein
PMG11_05135	CDHK01000004.1	2556452	2557684	+	hypothetical protein
PMG11_05136	CDHK01000004.1	2558973	2560818	+	Putative Ferulic acid esterase
PMG11_05137	CDHK01000004.1	2561242	2562320	+	hypothetical protein
PMG11_05138	CDHK01000004.1	2562556	2564380	+	hypothetical protein
PMG11_05139	CDHK01000004.1	2566288	2568171	+	Putative Catalytic activity: digallate H2O = 2 gallate (Precursor)
PMG11_05140	CDHK01000004.1	2568581	2569246	-	hypothetical protein
PMG11_05141	CDHK01000004.1	2571092	2571721	-	hypothetical protein
PMG11_05142	CDHK01000004.1	2574411	2575964	-	hypothetical protein
PMG11_05143	CDHK01000004.1	2578425	2584635	-	Putative Polyketide synthase
PMG11_05144	CDHK01000004.1	2586007	2587581	-	hypothetical protein
PMG11_05145	CDHK01000004.1	2588877	2589845	+	hypothetical protein
PMG11_05146	CDHK01000004.1	2590007	2591926	-	Putative GPI transamidase complex, GPI16/PIG-T component protein
PMG11_05147	CDHK01000004.1	2592285	2593288	+	Putative U1 snRNP splicing complex subunit
PMG11_05148	CDHK01000004.1	2593921	2596579	-	hypothetical protein
PMG11_05149	CDHK01000004.1	2597200	2600236	-	Putative Transcription elongation regulator 1
PMG11_05150	CDHK01000004.1	2597357	2598121	+	hypothetical protein
PMG11_05151	CDHK01000004.1	2600303	2601464	+	Putative Proteasome subunit alpha type
PMG11_05152	CDHK01000004.1	2602761	2603099	-	hypothetical protein
PMG11_05153	CDHK01000004.1	2606441	2607310	+	hypothetical protein
PMG11_05154	CDHK01000004.1	2609242	2610319	-	Putative Protein fmp52, mitochondrial
PMG11_05155	CDHK01000004.1	2610688	2612198	-	Putative Acyl-CoA dehydrogenase
PMG11_05156	CDHK01000004.1	2612375	2616040	+	Putative Assimilatory sulfite reductase
PMG11_05157	CDHK01000004.1	2616737	2618302	-	Putative tRNA (Uridine-2'-O-)-methyltransferase TRM7
PMG11_05158	CDHK01000004.1	2618390	2620949	+	hypothetical protein
PMG11_05159	CDHK01000004.1	2621334	2622580	+	Putative Thioesterase family protein
PMG11_05160	CDHK01000004.1	2622579	2629570	-	Putative Ubiquitin-protein ligase
PMG11_05161	CDHK01000004.1	2634476	2636557	+	Putative Nicotinic acid mononucleotide adenylyltransferase
PMG11_05162	CDHK01000004.1	2636697	2640106	+	hypothetical protein
PMG11_05163	CDHK01000004.1	2639018	2640049	-	Putative Ubiquinone biosynthesis methyltransferase coq5
PMG11_05164	CDHK01000004.1	2640432	2641278	+	hypothetical protein
PMG11_05165	CDHK01000004.1	2641498	2643693	-	Putative MFS sugar transporter
PMG11_05166	CDHK01000004.1	2644995	2646060	+	Putative Isoflavone reductase family protein
PMG11_05167	CDHK01000004.1	2646840	2647253	-	hypothetical protein
PMG11_05168	CDHK01000004.1	2647885	2648908	+	hypothetical protein
PMG11_05169	CDHK01000004.1	2649889	2652725	+	hypothetical protein
PMG11_05170	CDHK01000004.1	2652948	2654639	-	Putative MFS transporter, DHA1 family, multidrug resistance protein
PMG11_05171	CDHK01000004.1	2656687	2657466	-	hypothetical protein
PMG11_05172	CDHK01000004.1	2658220	2660985	+	hypothetical protein
PMG11_05173	CDHK01000004.1	2661152	2663405	+	hypothetical protein
PMG11_05174	CDHK01000004.1	2664072	2666602	-	hypothetical protein
PMG11_05175	CDHK01000004.1	2667368	2668012	-	hypothetical protein
PMG11_05176	CDHK01000004.1	2670472	2672516	+	hypothetical protein
PMG11_05177	CDHK01000004.1	2672580	2673711	-	hypothetical protein
PMG11_05178	CDHK01000004.1	2677137	2678901	+	Putative 2-oxoisovalerate dehydrogenase alpha subunit
PMG11_05179	CDHK01000004.1	2678970	2679880	+	hypothetical protein
PMG11_05180	CDHK01000004.1	2679916	2680754	-	hypothetical protein
PMG11_05181	CDHK01000004.1	2681969	2688077	-	Putative CCR4-NOT core complex subunit Not4
PMG11_05182	CDHK01000004.1	2688208	2689431	+	Putative NADH-ubiquinone oxidoreductase 304 kDa subunit
PMG11_05183	CDHK01000004.1	2689665	2694737	-	hypothetical protein
PMG11_05184	CDHK01000004.1	2689783	2691220	+	hypothetical protein
PMG11_05185	CDHK01000004.1	2695100	2696152	-	hypothetical protein
PMG11_05186	CDHK01000004.1	2696670	2698109	-	Putative Proline oxidase PrnD
PMG11_05187	CDHK01000004.1	2700489	2702965	+	Putative Delta-1-pyrroline-5-carboxylate dehydrogenase, mitochondrial
PMG11_05188	CDHK01000004.1	2701660	2704078	-	hypothetical protein
PMG11_05189	CDHK01000004.1	2704330	2706150	+	Putative 6-phosphogluconate dehydrogenase, decarboxylating
PMG11_05190	CDHK01000004.1	2706431	2707838	+	Putative Methylthioadenosine phosphorylase MTAP
PMG11_05191	CDHK01000004.1	2708580	2711630	-	hypothetical protein
PMG11_05192	CDHK01000004.1	2712134	2715307	-	hypothetical protein
PMG11_05193	CDHK01000004.1	2716697	2718006	+	Putative NADH:flavin oxidoreductase/12-oxophytodienoate reductase
PMG11_05194	CDHK01000004.1	2718681	2719785	+	hypothetical protein
PMG11_05195	CDHK01000004.1	2719985	2722552	+	hypothetical protein
PMG11_05196	CDHK01000004.1	2722675	2723880	+	hypothetical protein
PMG11_05197	CDHK01000004.1	2724029	2724939	+	hypothetical protein
PMG11_05198	CDHK01000004.1	2724945	2727949	-	Putative Polypeptide release factor 3
PMG11_05199	CDHK01000004.1	2727944	2730211	+	hypothetical protein
PMG11_05200	CDHK01000004.1	2728440	2732095	-	Putative BSD domain protein
PMG11_05201	CDHK01000004.1	2732154	2734279	-	hypothetical protein
PMG11_05202	CDHK01000004.1	2734449	2737650	-	hypothetical protein
PMG11_05203	CDHK01000004.1	2743871	2746568	+	hypothetical protein
PMG11_05204	CDHK01000004.1	2746684	2748990	+	hypothetical protein
PMG11_05205	CDHK01000004.1	2749300	2750290	-	Putative Proteasome subunit beta type
PMG11_05206	CDHK01000004.1	2750830	2755416	+	hypothetical protein
PMG11_05207	CDHK01000004.1	2755795	2756542	+	hypothetical protein
PMG11_05208	CDHK01000004.1	2756030	2759115	-	Putative KH domain RNA binding protein
PMG11_05209	CDHK01000004.1	2759150	2760254	+	hypothetical protein
PMG11_05210	CDHK01000004.1	2760494	2765309	-	hypothetical protein
PMG11_05211	CDHK01000004.1	2765586	2767729	+	Putative Protein containing repeated kelch motif protein
PMG11_05212	CDHK01000004.1	2767864	2769345	-	hypothetical protein
PMG11_05213	CDHK01000004.1	2769742	2771613	+	Putative Prolyl aminopeptidase A
PMG11_05214	CDHK01000004.1	2771248	2774697	-	Putative SAND protein protein
PMG11_05215	CDHK01000004.1	2774421	2780287	+	Putative Cellular morphogenesis regulator DopA
PMG11_05216	CDHK01000004.1	2780650	2781434	+	hypothetical protein
PMG11_05217	CDHK01000004.1	2781641	2785043	-	hypothetical protein
PMG11_05218	CDHK01000004.1	2781669	2782562	+	hypothetical protein
PMG11_05219	CDHK01000004.1	2785182	2786897	-	hypothetical protein
PMG11_05220	CDHK01000004.1	2788767	2789075	+	Putative Catalytic activity: sulfite O2 H2O = sulfate H2O2
PMG11_05221	CDHK01000004.1	2789287	2790674	+	Putative Sulfite oxidase
PMG11_05222	CDHK01000004.1	2791100	2792160	+	hypothetical protein
PMG11_05223	CDHK01000004.1	2792490	2794398	+	Putative Alternative oxidase
PMG11_05224	CDHK01000004.1	2794530	2796789	+	hypothetical protein
PMG11_05225	CDHK01000004.1	2797367	2801798	+	hypothetical protein
PMG11_05226	CDHK01000004.1	2801572	2802389	-	Putative Histone acetyltransferase HPA2
PMG11_05227	CDHK01000004.1	2803251	2803817	-	Putative Acetate non-utilizing protein 9, mitochondrial
PMG11_05228	CDHK01000004.1	2803919	2805282	+	hypothetical protein
PMG11_05229	CDHK01000004.1	2808739	2809320	-	Putative Small nuclear ribonucleoprotein
PMG11_05230	CDHK01000004.1	2812243	2814143	+	hypothetical protein
PMG11_05231	CDHK01000004.1	2814399	2817804	+	hypothetical protein
PMG11_05232	CDHK01000004.1	2818301	2819189	-	hypothetical protein
PMG11_05233	CDHK01000004.1	2819835	2821909	-	Putative 6-phosphogluconate dehydrogenase, decarboxylating
PMG11_05234	CDHK01000004.1	2827294	2828845	-	Putative Integral membrane protein
PMG11_05235	CDHK01000004.1	2829126	2831092	+	Putative FAD binding domain protein
PMG11_05236	CDHK01000004.1	2831521	2832504	+	hypothetical protein
PMG11_05237	CDHK01000004.1	2832878	2836666	+	hypothetical protein
PMG11_05238	CDHK01000004.1	2835780	2836445	-	hypothetical protein
PMG11_05239	CDHK01000004.1	2837048	2838141	+	hypothetical protein
PMG11_05240	CDHK01000004.1	2838248	2838957	-	hypothetical protein
PMG11_05241	CDHK01000004.1	2838718	2841522	+	hypothetical protein
PMG11_05242	CDHK01000004.1	2842075	2843647	+	hypothetical protein
PMG11_05243	CDHK01000004.1	2843791	2844351	+	hypothetical protein
PMG11_05244	CDHK01000004.1	2844919	2847258	-	Putative Chromatin remodeling complex subunit
PMG11_05245	CDHK01000004.1	2847369	2847929	-	hypothetical protein
PMG11_05246	CDHK01000004.1	2848042	2851296	+	hypothetical protein
PMG11_05247	CDHK01000004.1	2850106	2853318	-	hypothetical protein
PMG11_05248	CDHK01000004.1	2856599	2859537	+	Putative Copper fist DNA binding domain protein
PMG11_05249	CDHK01000004.1	2861553	2864065	-	Putative Alanine transaminase (Eurofung)
PMG11_05250	CDHK01000004.1	2864444	2867205	-	Putative Proteasome regulatory particle subunit
PMG11_05251	CDHK01000004.1	2868237	2870045	+	Putative Phospholipid transporter
PMG11_05252	CDHK01000004.1	2871282	2872295	+	Putative Microbody membrane protein
PMG11_05253	CDHK01000004.1	2872806	2874446	-	hypothetical protein
PMG11_05254	CDHK01000004.1	2877180	2877965	-	Putative Protein kinase-like domain
PMG11_05255	CDHK01000004.1	2882226	2882933	-	Putative Muramidase
PMG11_05256	CDHK01000004.1	2883363	2884785	-	hypothetical protein
PMG11_05257	CDHK01000004.1	2886028	2886664	+	hypothetical protein
PMG11_05258	CDHK01000004.1	2890054	2891814	-	hypothetical protein
PMG11_05259	CDHK01000004.1	2895628	2898832	+	Putative Phosphoenolpyruvate carboxykinase
PMG11_05260	CDHK01000004.1	2900105	2900918	-	hypothetical protein
PMG11_05261	CDHK01000004.1	2904659	2905738	+	Putative Mitochondrial dicarboxylate carrier
PMG11_05262	CDHK01000004.1	2907095	2909787	-	hypothetical protein
PMG11_05263	CDHK01000004.1	2912300	2913478	+	hypothetical protein
PMG11_05264	CDHK01000004.1	2913552	2915276	-	hypothetical protein
PMG11_05265	CDHK01000004.1	2915448	2917506	-	Putative mRNA cap guanine-N7 methyltransferase
PMG11_05266	CDHK01000004.1	2918225	2919281	-	hypothetical protein
PMG11_05267	CDHK01000004.1	2919727	2921253	-	hypothetical protein
PMG11_05268	CDHK01000004.1	2922599	2924082	-	hypothetical protein
PMG11_05269	CDHK01000004.1	2924356	2927265	+	Putative Cytochrome c oxidase assembly protein cox15
PMG11_05270	CDHK01000004.1	2926338	2927808	-	hypothetical protein
PMG11_05271	CDHK01000004.1	2928345	2930696	-	Putative Lysine--tRNA ligase
PMG11_05272	CDHK01000004.1	2932467	2932691	+	hypothetical protein
PMG11_05273	CDHK01000004.1	2933608	2934000	+	hypothetical protein
PMG11_05274	CDHK01000004.1	2935189	2939895	+	hypothetical protein
PMG11_05275	CDHK01000004.1	2935771	2936474	-	hypothetical protein
PMG11_05276	CDHK01000004.1	2942879	2943675	+	hypothetical protein
PMG11_05277	CDHK01000004.1	2944850	2947923	+	Putative Nucleotidyl transferase
PMG11_05278	CDHK01000004.1	2946917	2947688	-	hypothetical protein
PMG11_05279	CDHK01000004.1	2949154	2949912	-	hypothetical protein
PMG11_05280	CDHK01000004.1	2951439	2955520	-	hypothetical protein
PMG11_05281	CDHK01000004.1	2956455	2957673	-	hypothetical protein
PMG11_05282	CDHK01000004.1	2958783	2959555	+	hypothetical protein
PMG11_05283	CDHK01000004.1	2959279	2962807	-	Putative Essential cytoplasmic protein Ctr86
PMG11_05284	CDHK01000004.1	2963108	2965048	-	hypothetical protein
PMG11_05285	CDHK01000004.1	2963114	2966602	+	hypothetical protein
PMG11_05286	CDHK01000004.1	2966841	2967938	-	hypothetical protein
PMG11_05287	CDHK01000004.1	2968166	2970788	+	Putative T-complex protein 1 subunit epsilon
PMG11_05288	CDHK01000004.1	2982324	2985724	+	hypothetical protein
PMG11_05289	CDHK01000004.1	2991616	2997431	+	Putative Zn-finger protein
PMG11_05290	CDHK01000004.1	2995658	2998517	-	hypothetical protein
PMG11_05291	CDHK01000004.1	3000288	3000956	+	Putative Maleylacetoacetate isomerase MaiA
PMG11_05292	CDHK01000004.1	3001153	3002439	-	Putative Fumarylacetoacetase
PMG11_05293	CDHK01000004.1	3002829	3004350	+	Putative Homogentisate 12-dioxygenase
PMG11_05294	CDHK01000004.1	3004438	3005494	-	hypothetical protein
PMG11_05295	CDHK01000004.1	3005729	3007427	+	Putative 4-hydroxyphenylpyruvate dioxygenase
PMG11_05296	CDHK01000004.1	3008099	3008758	+	Putative Mitochondrial inner membrane translocase subunit
PMG11_05297	CDHK01000004.1	3009236	3010951	+	hypothetical protein
PMG11_05298	CDHK01000004.1	3012055	3012913	+	hypothetical protein
PMG11_05299	CDHK01000004.1	3013599	3019312	-	Putative ABC transporter
PMG11_05300	CDHK01000004.1	3021123	3023355	+	hypothetical protein
PMG11_05301	CDHK01000004.1	3023489	3025360	-	hypothetical protein
PMG11_05302	CDHK01000004.1	3026038	3027169	-	hypothetical protein
PMG11_05303	CDHK01000004.1	3027563	3028736	+	Putative Cdk1
PMG11_05304	CDHK01000004.1	3030068	3032699	+	Putative Calpain-like protein
PMG11_05305	CDHK01000004.1	3033562	3035658	+	hypothetical protein
PMG11_05306	CDHK01000004.1	3035788	3037146	+	hypothetical protein
PMG11_05307	CDHK01000004.1	3038626	3043074	+	hypothetical protein
PMG11_05308	CDHK01000004.1	3038900	3043735	-	hypothetical protein
PMG11_05309	CDHK01000004.1	3043803	3045296	-	Putative Glyoxalase (Eurofung)
PMG11_05310	CDHK01000004.1	3045833	3048042	+	hypothetical protein
PMG11_05311	CDHK01000004.1	3048650	3050480	-	hypothetical protein
PMG11_05312	CDHK01000004.1	3051903	3053979	-	Putative HECT-type ubiquitin ligase-interacting protein creD
PMG11_05313	CDHK01000004.1	3054648	3056258	+	hypothetical protein
PMG11_05314	CDHK01000004.1	3057814	3059304	-	hypothetical protein
PMG11_05315	CDHK01000004.1	3060383	3060900	-	Putative SNARE
PMG11_05316	CDHK01000004.1	3061171	3063982	-	hypothetical protein
PMG11_05317	CDHK01000004.1	3064668	3066436	+	hypothetical protein
PMG11_05318	CDHK01000004.1	3066656	3068011	-	hypothetical protein
PMG11_05319	CDHK01000004.1	3068211	3070575	-	hypothetical protein
PMG11_05320	CDHK01000004.1	3071037	3073372	-	hypothetical protein
PMG11_05321	CDHK01000004.1	3073995	3075815	-	hypothetical protein
PMG11_05322	CDHK01000004.1	3076660	3077779	-	hypothetical protein
PMG11_05323	CDHK01000004.1	3078412	3079987	+	hypothetical protein
PMG11_05324	CDHK01000004.1	3080924	3083847	-	hypothetical protein
PMG11_05325	CDHK01000004.1	3085667	3087137	-	Putative DUF500 and SH3 domain protein
PMG11_05326	CDHK01000004.1	3088368	3088829	+	hypothetical protein
PMG11_05327	CDHK01000004.1	3089546	3091496	+	Putative Mitochondrial Rho GTPase
PMG11_05328	CDHK01000004.1	3092118	3094380	+	Putative Catabolite repression protein creC
PMG11_05329	CDHK01000004.1	3094319	3095577	-	hypothetical protein
PMG11_05330	CDHK01000004.1	3095932	3097628	+	hypothetical protein
PMG11_05331	CDHK01000004.1	3099126	3100289	+	hypothetical protein
PMG11_05332	CDHK01000004.1	3101222	3103474	+	hypothetical protein
PMG11_05333	CDHK01000004.1	3103733	3104437	+	Putative Methionine-R-sulfoxide reductase SelR
PMG11_05334	CDHK01000004.1	3104843	3106804	+	hypothetical protein
PMG11_05335	CDHK01000004.1	3107489	3108930	-	hypothetical protein
PMG11_05336	CDHK01000004.1	3111895	3114406	+	hypothetical protein
PMG11_05337	CDHK01000004.1	3114660	3115517	-	Putative Hydrolase-like protein
PMG11_05338	CDHK01000004.1	3116261	3117238	+	hypothetical protein
PMG11_05339	CDHK01000004.1	3120521	3125655	-	hypothetical protein
PMG11_05340	CDHK01000004.1	3125761	3127964	+	Putative WD repeat protein
PMG11_05341	CDHK01000004.1	3125987	3133095	-	hypothetical protein
PMG11_05342	CDHK01000004.1	3134768	3136192	-	hypothetical protein
PMG11_05343	CDHK01000004.1	3139559	3140974	-	Putative Iron/ascorbate family oxidoreductase
PMG11_05344	CDHK01000004.1	3141590	3143596	+	hypothetical protein
PMG11_05345	CDHK01000004.1	3143612	3149967	+	hypothetical protein
PMG11_05346	CDHK01000004.1	3150872	3152840	-	Putative Cytochrome P450
PMG11_05347	CDHK01000004.1	3154071	3155420	-	hypothetical protein
PMG11_05348	CDHK01000004.1	3155624	3157570	+	hypothetical protein
PMG11_05349	CDHK01000004.1	3158725	3159420	+	hypothetical protein
PMG11_05350	CDHK01000004.1	3160955	3165068	+	hypothetical protein
PMG11_05351	CDHK01000004.1	3165333	3168009	-	hypothetical protein
PMG11_05352	CDHK01000004.1	3168315	3170216	-	hypothetical protein
PMG11_05353	CDHK01000004.1	3171046	3173442	-	Putative Vacuolar protein sorting-associated protein 27
PMG11_05354	CDHK01000004.1	3173581	3177517	+	hypothetical protein
PMG11_05355	CDHK01000004.1	3179136	3179840	+	Putative Cytochrome b5
PMG11_05356	CDHK01000004.1	3181230	3181853	-	hypothetical protein
PMG11_05357	CDHK01000004.1	3183393	3184212	+	hypothetical protein
PMG11_05358	CDHK01000004.1	3184435	3185787	-	Putative Sulfide:quinone oxidoreductase
PMG11_05359	CDHK01000004.1	3186148	3187997	+	hypothetical protein
PMG11_05360	CDHK01000004.1	3188310	3194358	-	hypothetical protein
PMG11_05361	CDHK01000004.1	3188468	3189022	+	hypothetical protein
PMG11_05362	CDHK01000004.1	3195517	3197381	+	Putative Alcohol dehydrogenase
PMG11_05363	CDHK01000004.1	3197370	3199218	-	hypothetical protein
PMG11_05364	CDHK01000004.1	3202377	3204181	-	hypothetical protein
PMG11_05365	CDHK01000004.1	3205303	3206775	-	hypothetical protein
PMG11_05366	CDHK01000004.1	3206845	3207162	-	hypothetical protein
PMG11_05367	CDHK01000004.1	3207965	3211994	+	Putative Serine/threonine kinase Ste20
PMG11_05368	CDHK01000004.1	3212283	3215740	+	Putative Class E vacuolar protein-sorting machinery protein hse1
PMG11_05369	CDHK01000004.1	3215933	3220255	+	Putative PAB-dependent poly(A)-specific ribonuclease subunit pan2
PMG11_05370	CDHK01000004.1	3220375	3223730	+	Putative Elongation factor Tu GTP binding domain protein
PMG11_05371	CDHK01000004.1	3224366	3227807	+	Putative Hsp70 chaperone BiP/Kar2
PMG11_05372	CDHK01000004.1	3226941	3227911	-	hypothetical protein
PMG11_05373	CDHK01000004.1	3229355	3229889	-	hypothetical protein
PMG11_05374	CDHK01000004.1	3230315	3231794	-	hypothetical protein
PMG11_05375	CDHK01000004.1	3232316	3234510	-	hypothetical protein
PMG11_05376	CDHK01000004.1	3235311	3236938	-	Putative MFS sugar transporter
PMG11_05377	CDHK01000004.1	3239017	3241878	+	hypothetical protein
PMG11_05378	CDHK01000004.1	3244103	3245062	-	hypothetical protein
PMG11_05379	CDHK01000004.1	3245851	3255389	+	hypothetical protein
PMG11_05380	CDHK01000004.1	3257749	3262586	+	hypothetical protein
PMG11_05381	CDHK01000004.1	3262858	3265896	+	hypothetical protein
PMG11_05382	CDHK01000004.1	3265470	3267483	-	hypothetical protein
PMG11_05383	CDHK01000004.1	3267892	3268910	+	hypothetical protein
PMG11_05384	CDHK01000004.1	3269540	3272499	+	hypothetical protein
PMG11_05385	CDHK01000004.1	3272041	3274625	-	Putative Glycerol kinase
PMG11_05386	CDHK01000004.1	3277157	3278307	+	Putative Glycerol uptake facilitator and related permeases
PMG11_05387	CDHK01000004.1	3279294	3280487	-	hypothetical protein
PMG11_05388	CDHK01000004.1	3280731	3282848	-	Putative Cell wall glucanase
PMG11_05389	CDHK01000004.1	3284240	3285641	+	hypothetical protein
PMG11_05390	CDHK01000004.1	3285712	3293879	+	Putative Adenylate cyclase AcyA
PMG11_05391	CDHK01000004.1	3294005	3297535	+	hypothetical protein
PMG11_05392	CDHK01000004.1	3302953	3304388	+	hypothetical protein
PMG11_05393	CDHK01000004.1	3306035	3310914	+	hypothetical protein
PMG11_05394	CDHK01000004.1	3309746	3310714	-	hypothetical protein
PMG11_05395	CDHK01000004.1	3311548	3313462	-	hypothetical protein
PMG11_05396	CDHK01000004.1	3314347	3315033	-	hypothetical protein
PMG11_05397	CDHK01000004.1	3315805	3318945	+	hypothetical protein
PMG11_05398	CDHK01000004.1	3319228	3320772	+	hypothetical protein
PMG11_05399	CDHK01000004.1	3321703	3323775	+	hypothetical protein
PMG11_05400	CDHK01000004.1	3324132	3324814	+	hypothetical protein
PMG11_05401	CDHK01000004.1	3326926	3330897	-	hypothetical protein
PMG11_05402	CDHK01000004.1	3330972	3332993	+	Putative Peptidyl-prolyl cis-trans isomerase
PMG11_05403	CDHK01000004.1	3333279	3335471	+	hypothetical protein
PMG11_05404	CDHK01000004.1	3335680	3336384	+	hypothetical protein
PMG11_05405	CDHK01000004.1	3337100	3340462	-	Putative Transcription initiation factor TFIID, subunit TAF1
PMG11_05406	CDHK01000004.1	3341376	3342357	-	Putative RNA methylase family protein
PMG11_05407	CDHK01000004.1	3342448	3344954	+	Putative Golgi reassembly stacking protein
PMG11_05408	CDHK01000004.1	3344046	3344950	-	Putative Mitochondrial protein
PMG11_05409	CDHK01000004.1	3345196	3347580	+	Putative Mitochondrial intermediate peptidase
PMG11_05410	CDHK01000004.1	3348582	3349577	+	hypothetical protein
PMG11_05411	CDHK01000004.1	3350370	3351705	-	hypothetical protein
PMG11_05412	CDHK01000004.1	3354538	3355270	+	hypothetical protein
PMG11_05413	CDHK01000004.1	3356157	3358308	+	Putative Amino acid transporter
PMG11_05414	CDHK01000004.1	3358469	3363476	-	hypothetical protein
PMG11_05415	CDHK01000004.1	3363651	3366692	-	hypothetical protein
PMG11_05416	CDHK01000004.1	3365990	3369229	+	Putative Serine/threonine-protein phosphatase 2A activator 1
PMG11_05417	CDHK01000004.1	3367177	3369229	-	hypothetical protein
PMG11_05418	CDHK01000004.1	3369363	3370206	-	hypothetical protein
PMG11_05419	CDHK01000004.1	3370630	3371743	-	hypothetical protein
PMG11_05420	CDHK01000004.1	3373294	3374035	-	hypothetical protein
PMG11_05421	CDHK01000004.1	3376827	3377768	+	hypothetical protein
PMG11_05422	CDHK01000004.1	3378193	3381004	+	hypothetical protein
PMG11_05423	CDHK01000004.1	3381244	3382861	-	hypothetical protein
PMG11_05424	CDHK01000004.1	3385451	3386368	-	hypothetical protein
PMG11_05425	CDHK01000004.1	3388868	3390710	+	hypothetical protein
PMG11_05426	CDHK01000004.1	3391428	3393404	+	Putative Synaptic vesicle transporter SVOP and related transporters
PMG11_05427	CDHK01000004.1	3394017	3394790	-	Putative Expressed protein
PMG11_05428	CDHK01000004.1	3395038	3395930	+	Putative SAM-dependent methyltransferases
PMG11_05429	CDHK01000004.1	3397401	3399252	-	hypothetical protein
PMG11_05430	CDHK01000004.1	3400487	3403640	+	Putative Cellulose synthase catalytic subunit
PMG11_05431	CDHK01000004.1	3404406	3406505	-	hypothetical protein
PMG11_05432	CDHK01000004.1	3407884	3411631	+	hypothetical protein
PMG11_05433	CDHK01000004.1	3410046	3412796	-	Putative Beta-1,4-glucosidase
PMG11_05434	CDHK01000004.1	3413463	3414383	-	Putative Mitochondrial peroxiredoxin PRX1
PMG11_05435	CDHK01000004.1	3415050	3417175	+	hypothetical protein
PMG11_05436	CDHK01000004.1	3417225	3418712	-	hypothetical protein
PMG11_05437	CDHK01000004.1	3428912	3431022	+	hypothetical protein
PMG11_05438	CDHK01000004.1	3436847	3437983	-	Putative Casein kinase II beta subunit CKB1
PMG11_05439	CDHK01000004.1	3438345	3438850	-	hypothetical protein
PMG11_05440	CDHK01000004.1	3440415	3443260	-	Putative Fungal specific transcription factor domain protein
PMG11_05441	CDHK01000004.1	3443487	3447395	-	hypothetical protein
PMG11_05442	CDHK01000004.1	3446264	3447337	+	hypothetical protein
PMG11_05443	CDHK01000004.1	3447478	3451111	-	Putative Amino acid/polyamine transporter I
PMG11_05444	CDHK01000004.1	3447578	3448150	+	hypothetical protein
PMG11_05445	CDHK01000004.1	3452651	3453198	+	Putative Progesterone binding protein
PMG11_05446	CDHK01000004.1	3453285	3455616	-	hypothetical protein
PMG11_05447	CDHK01000004.1	3455745	3456740	+	Putative Mating-type switching protein swi10
PMG11_05448	CDHK01000004.1	3457202	3457485	+	hypothetical protein
PMG11_05449	CDHK01000004.1	3459905	3463182	-	Putative Ankyrin repeat protein
PMG11_05450	CDHK01000004.1	3464954	3465514	+	hypothetical protein
PMG11_05451	CDHK01000004.1	3466067	3469440	+	Putative Related to ADH4-alcohol dehydrogenase IV
PMG11_05452	CDHK01000004.1	3466714	3470650	-	hypothetical protein
PMG11_05453	CDHK01000004.1	3472532	3474924	+	Putative D-3-phosphoglycerate dehydrogenase
PMG11_05454	CDHK01000004.1	3475723	3477491	-	hypothetical protein
PMG11_05455	CDHK01000004.1	3479703	3481418	-	Putative Phosphoglycerate mutase family protein
PMG11_05456	CDHK01000004.1	3481453	3486007	-	hypothetical protein
PMG11_05457	CDHK01000004.1	3486190	3488439	+	hypothetical protein
PMG11_05458	CDHK01000004.1	3488503	3491353	-	Putative DUF21 and CBS domain protein
PMG11_05459	CDHK01000004.1	3491800	3493779	-	hypothetical protein
PMG11_05460	CDHK01000004.1	3495200	3496751	-	Putative 2-oxoisovalerate dehydrogenase beta subunit
PMG11_05461	CDHK01000004.1	3497299	3499359	+	Putative Arginosuccinate synthetase-like protein
PMG11_05462	CDHK01000004.1	3499597	3501273	-	Putative Salicylate hydroxylase
PMG11_05463	CDHK01000004.1	3502929	3504801	-	Putative Cytochrome P450
PMG11_05464	CDHK01000004.1	3505910	3507755	+	hypothetical protein
PMG11_05465	CDHK01000004.1	3507770	3510677	-	hypothetical protein
PMG11_05466	CDHK01000004.1	3511386	3515761	+	Putative WD repeat protein
PMG11_05467	CDHK01000004.1	3517823	3519142	+	hypothetical protein
PMG11_05468	CDHK01000004.1	3519266	3521273	-	Putative Branched-chain-amino-acid aminotransferase
PMG11_05469	CDHK01000004.1	3521534	3524724	+	hypothetical protein
PMG11_05470	CDHK01000004.1	3525089	3527516	+	Putative Dipeptidyl peptidase III
PMG11_05471	CDHK01000004.1	3527698	3529613	+	Putative General stress response protein Whi2
PMG11_05472	CDHK01000004.1	3530088	3532582	+	Putative SWI-SNF chromatin remodeling complex, Snf5 subunit
PMG11_05473	CDHK01000004.1	3532773	3533572	-	hypothetical protein
PMG11_05474	CDHK01000004.1	3534303	3536005	-	hypothetical protein
PMG11_05475	CDHK01000004.1	3536134	3537867	+	Putative Protein transport protein sec13
PMG11_05476	CDHK01000004.1	3539272	3540868	-	hypothetical protein
PMG11_05477	CDHK01000004.1	3541170	3543035	-	hypothetical protein
PMG11_05478	CDHK01000004.1	3543282	3545882	-	Putative ABC Transporter
PMG11_05479	CDHK01000004.1	3547694	3553820	+	hypothetical protein
PMG11_05480	CDHK01000004.1	3553947	3555996	-	hypothetical protein
PMG11_05481	CDHK01000004.1	3558763	3562491	+	hypothetical protein
PMG11_05482	CDHK01000004.1	3563377	3566249	+	hypothetical protein
PMG11_05483	CDHK01000004.1	3566905	3572929	+	Putative Ankyrin repeat protein nuc-2
PMG11_05484	CDHK01000004.1	3571934	3572929	-	Putative Peptide alpha-N-acetyltransferase
PMG11_05485	CDHK01000004.1	3573688	3575098	+	Putative 50S ribosomal protein L3
PMG11_05486	CDHK01000004.1	3574822	3575791	-	Putative Cytochrome oxidase complex assembly protein
PMG11_05487	CDHK01000004.1	3575899	3576598	+	hypothetical protein
PMG11_05488	CDHK01000004.1	3576832	3579164	-	hypothetical protein
PMG11_05489	CDHK01000004.1	3579273	3579816	-	hypothetical protein
PMG11_05490	CDHK01000004.1	3579785	3581432	+	Putative Monothiol glutaredoxin-5, mitochondrial
PMG11_05491	CDHK01000004.1	3581619	3582218	+	Putative Glutaredoxin
PMG11_05492	CDHK01000004.1	3581716	3584304	-	Putative Catalytic activity: CTP ethanolamine phosphate = pyrophosphate CDPethanolamine
PMG11_05493	CDHK01000004.1	3584612	3585648	+	Putative Remark: the N. crassa homolog B11A5. 90 is significantly longer
PMG11_05494	CDHK01000004.1	3586198	3586842	-	Putative Mitochondrial protein sorting
PMG11_05495	CDHK01000004.1	3587891	3588631	+	Putative Disrupter of telomere silencing protein
PMG11_05496	CDHK01000004.1	3589421	3590843	+	Putative NADH-ubiquinone oxidoreductase 21.3 kDa subunit
PMG11_05497	CDHK01000004.1	3591374	3592489	-	Putative DDHD domain-containing protein
PMG11_05498	CDHK01000004.1	3593143	3594055	+	hypothetical protein
PMG11_05499	CDHK01000004.1	3594202	3596316	-	hypothetical protein
PMG11_05500	CDHK01000004.1	3597368	3598542	+	Putative Oxidoreductase, short-chain dehydrogenase/reductase family
PMG11_05501	CDHK01000004.1	3598982	3599874	-	Putative NADH-ubiquinone oxidoreductase 19.3 kDa subunit, mitochondrial
PMG11_05502	CDHK01000004.1	3600569	3601220	+	hypothetical protein
PMG11_05503	CDHK01000004.1	3601418	3602603	-	hypothetical protein
PMG11_05504	CDHK01000004.1	3603154	3608349	+	hypothetical protein
PMG11_05505	CDHK01000004.1	3603880	3608782	-	Putative STF2-like protein
PMG11_05506	CDHK01000004.1	3686006	3687580	-	hypothetical protein
PMG11_05507	CDHK01000005.1	93652	95165	-	hypothetical protein
PMG11_05508	CDHK01000005.1	95339	97746	-	hypothetical protein
PMG11_05509	CDHK01000005.1	98022	99749	+	hypothetical protein
PMG11_05510	CDHK01000005.1	98207	102175	-	hypothetical protein
PMG11_05511	CDHK01000005.1	102359	105469	+	hypothetical protein
PMG11_05512	CDHK01000005.1	104518	105495	-	Putative Histone H2B
PMG11_05513	CDHK01000005.1	105816	106822	+	Putative Histone H2A
PMG11_05514	CDHK01000005.1	107101	107696	-	Putative LYR family protein
PMG11_05515	CDHK01000005.1	107921	111217	+	Putative Dihydrolipoyllysine-residue succinyltransferase component of 2-oxoglutarate dehydrogenase complex, mitochondrial
PMG11_05516	CDHK01000005.1	109095	111411	-	hypothetical protein
PMG11_05517	CDHK01000005.1	112162	112960	+	Putative Protein-L-isoaspartate O-methyltransferase
PMG11_05518	CDHK01000005.1	113295	114903	-	hypothetical protein
PMG11_05519	CDHK01000005.1	115150	116484	+	Putative Mitochondrial translation release factor (RF-1)
PMG11_05520	CDHK01000005.1	116672	118042	-	Putative Mitochondrial tricarboxylate transporter (Ctp)
PMG11_05521	CDHK01000005.1	119352	121009	-	Putative ATP-dependent RNA helicase dhh1
PMG11_05522	CDHK01000005.1	121575	125922	-	hypothetical protein
PMG11_05523	CDHK01000005.1	125945	128254	-	Putative Cytosolic non-specific dipeptidase
PMG11_05524	CDHK01000005.1	128508	129490	-	hypothetical protein
PMG11_05525	CDHK01000005.1	129688	131391	+	hypothetical protein
PMG11_05526	CDHK01000005.1	131594	133724	-	Putative Cystathionine beta-lyase
PMG11_05527	CDHK01000005.1	133968	137451	+	Putative Pre-rRNA processing protein Utp22
PMG11_05528	CDHK01000005.1	137670	141628	-	Putative Nuclear envelope pore membrane protein
PMG11_05529	CDHK01000005.1	142182	143710	+	hypothetical protein
PMG11_05530	CDHK01000005.1	142495	150723	-	Putative Condensin complex subunit 1
PMG11_05531	CDHK01000005.1	144385	146015	+	Putative Oxysterol binding protein
PMG11_05532	CDHK01000005.1	150868	154178	+	Putative Serine/threonine protein kinase of the CDC7 subfamily
PMG11_05533	CDHK01000005.1	152925	153947	-	hypothetical protein
PMG11_05534	CDHK01000005.1	154792	160480	+	hypothetical protein
PMG11_05535	CDHK01000005.1	159033	160879	-	Putative Remark: the S. pombe homolog scp3 is related to spindle poison sensitivity
PMG11_05536	CDHK01000005.1	161566	162679	-	hypothetical protein
PMG11_05537	CDHK01000005.1	162335	166273	-	hypothetical protein
PMG11_05538	CDHK01000005.1	167459	170774	+	Putative DEAD_2 protein
PMG11_05539	CDHK01000005.1	171150	172403	+	Putative Phenotype: mutations in L28 of S. cerevisiae can lead to resistance to cycloheximide
PMG11_05540	CDHK01000005.1	171174	174002	-	hypothetical protein
PMG11_05541	CDHK01000005.1	175053	183209	+	Putative Phospholipase D1
PMG11_05542	CDHK01000005.1	181317	182996	-	hypothetical protein
PMG11_05543	CDHK01000005.1	183392	187511	+	Putative Trehalose-6-phosphate synthase component TPS1 and related subunits
PMG11_05544	CDHK01000005.1	188194	190029	+	Putative MFS monocarboxylate transporter
PMG11_05545	CDHK01000005.1	190447	192070	+	hypothetical protein
PMG11_05546	CDHK01000005.1	192107	193754	-	Putative Integral membrane protein
PMG11_05547	CDHK01000005.1	195443	200992	+	hypothetical protein
PMG11_05548	CDHK01000005.1	201269	207239	+	hypothetical protein
PMG11_05549	CDHK01000005.1	206435	207552	-	Putative Nicotinate-nucleotide pyrophosphorylase
PMG11_05550	CDHK01000005.1	208105	208680	-	hypothetical protein
PMG11_05551	CDHK01000005.1	209003	209714	-	hypothetical protein
PMG11_05552	CDHK01000005.1	210648	212348	-	hypothetical protein
PMG11_05553	CDHK01000005.1	212774	214891	+	hypothetical protein
PMG11_05554	CDHK01000005.1	216026	217648	+	hypothetical protein
PMG11_05555	CDHK01000005.1	218227	219678	+	hypothetical protein
PMG11_05556	CDHK01000005.1	220258	220803	+	hypothetical protein
PMG11_05557	CDHK01000005.1	221146	222352	-	Putative Pectinesterase
PMG11_05558	CDHK01000005.1	223467	224770	-	hypothetical protein
PMG11_05559	CDHK01000005.1	225466	226611	+	hypothetical protein
PMG11_05560	CDHK01000005.1	227501	230898	-	hypothetical protein
PMG11_05561	CDHK01000005.1	231617	232890	+	Putative Ras-related GTPase
PMG11_05562	CDHK01000005.1	234336	235112	+	hypothetical protein
PMG11_05563	CDHK01000005.1	237045	238086	+	hypothetical protein
PMG11_05564	CDHK01000005.1	240514	243147	+	hypothetical protein
PMG11_05565	CDHK01000005.1	248043	249859	-	hypothetical protein
PMG11_05566	CDHK01000005.1	249915	253555	-	Putative ZZ type zinc finger domain containing protein
PMG11_05567	CDHK01000005.1	253800	256674	-	hypothetical protein
PMG11_05568	CDHK01000005.1	257252	258391	-	hypothetical protein
PMG11_05569	CDHK01000005.1	258691	259811	+	hypothetical protein
PMG11_05570	CDHK01000005.1	260391	261844	+	Putative Exosome complex exonuclease Rrp4
PMG11_05571	CDHK01000005.1	262095	264377	+	hypothetical protein
PMG11_05572	CDHK01000005.1	265541	269018	-	hypothetical protein
PMG11_05573	CDHK01000005.1	269160	274371	-	Putative Transcription elongation factor SPT6
PMG11_05574	CDHK01000005.1	274466	278671	+	Putative MAP kinase kinase (Eurofung)
PMG11_05575	CDHK01000005.1	275640	279923	-	hypothetical protein
PMG11_05576	CDHK01000005.1	280696	284132	-	hypothetical protein
PMG11_05577	CDHK01000005.1	284770	286239	+	hypothetical protein
PMG11_05578	CDHK01000005.1	286495	292791	-	hypothetical protein
PMG11_05579	CDHK01000005.1	293059	296193	+	hypothetical protein
PMG11_05580	CDHK01000005.1	296379	298717	-	Putative Eukaryotic translation initiation factor subunit eIF2A
PMG11_05581	CDHK01000005.1	300146	301133	-	hypothetical protein
PMG11_05582	CDHK01000005.1	301445	303333	-	hypothetical protein
PMG11_05583	CDHK01000005.1	303935	305230	-	Putative Protein involved in establishing cohesion between sister chromatids during DNA replication
PMG11_05584	CDHK01000005.1	308251	309529	+	Putative Protein required for 18S rRNA maturation and 40S ribosome biogenesis
PMG11_05585	CDHK01000005.1	311262	314844	+	hypothetical protein
PMG11_05586	CDHK01000005.1	314831	318546	-	hypothetical protein
PMG11_05587	CDHK01000005.1	318688	320376	+	hypothetical protein
PMG11_05588	CDHK01000005.1	321290	324842	+	Putative Beta-glucosidase
PMG11_05589	CDHK01000005.1	325465	326129	-	hypothetical protein
PMG11_05590	CDHK01000005.1	327627	328582	+	hypothetical protein
PMG11_05591	CDHK01000005.1	329024	331035	-	Putative Choline dehydrogenase
PMG11_05592	CDHK01000005.1	332254	332974	-	hypothetical protein
PMG11_05593	CDHK01000005.1	336748	338766	-	Putative Ankyrin repeat protein
PMG11_05594	CDHK01000005.1	339661	341232	+	hypothetical protein
PMG11_05595	CDHK01000005.1	342037	343119	+	Putative Voltage-gated shaker-like K channel
PMG11_05596	CDHK01000005.1	345255	346754	-	Putative Zinc-binding oxidoreductase
PMG11_05597	CDHK01000005.1	349061	350043	-	Putative Ubiquitin-conjugating enzyme E2-16 kDa
PMG11_05598	CDHK01000005.1	350398	352375	-	Putative Glutaryl-CoA dehydrogenase
PMG11_05599	CDHK01000005.1	352589	355246	-	hypothetical protein
PMG11_05600	CDHK01000005.1	355422	357413	+	Putative DNA-repair protein rad2
PMG11_05601	CDHK01000005.1	359606	361638	+	Putative Histone H1
PMG11_05602	CDHK01000005.1	363650	368236	+	Putative Multicopy suppressor of stt4 mutation
PMG11_05603	CDHK01000005.1	368317	371033	-	Putative Transcription initiation factor TFIID subunit 12
PMG11_05604	CDHK01000005.1	371283	372681	-	hypothetical protein
PMG11_05605	CDHK01000005.1	373594	376134	+	Putative 26S proteasome non-ATPase regulatory subunit 3
PMG11_05606	CDHK01000005.1	376598	378342	+	Putative Geranylgeranyl pyrophosphate synthase/Polyprenyl synthetase
PMG11_05607	CDHK01000005.1	378486	382019	+	hypothetical protein
PMG11_05608	CDHK01000005.1	382178	387042	+	Putative ANTH domain-containing protein
PMG11_05609	CDHK01000005.1	387801	389496	-	hypothetical protein
PMG11_05610	CDHK01000005.1	390781	393314	-	Putative DNA lyase-like protein (Fragment)
PMG11_05611	CDHK01000005.1	393423	394039	+	Putative Cytochrome c oxidase subunit 6A, mitochondrial
PMG11_05612	CDHK01000005.1	394789	397616	-	hypothetical protein
PMG11_05613	CDHK01000005.1	397664	398694	+	Putative Phosphoribosylaminoimidazole-succinocarboxamide synthase
PMG11_05614	CDHK01000005.1	398912	400097	-	Putative Complex I intermediate associated protein
PMG11_05615	CDHK01000005.1	401632	403890	+	hypothetical protein
PMG11_05616	CDHK01000005.1	406637	407207	+	Putative Small secreted protein
PMG11_05617	CDHK01000005.1	407181	415247	-	hypothetical protein
PMG11_05618	CDHK01000005.1	415758	416596	+	hypothetical protein
PMG11_05619	CDHK01000005.1	417308	418162	+	Putative Translation initiation factor 1
PMG11_05620	CDHK01000005.1	419443	420216	-	hypothetical protein
PMG11_05621	CDHK01000005.1	420122	422587	+	hypothetical protein
PMG11_05622	CDHK01000005.1	422811	426098	-	hypothetical protein
PMG11_05623	CDHK01000005.1	427306	427905	+	hypothetical protein
PMG11_05624	CDHK01000005.1	429136	430273	+	Putative Rho type ras-related small GTPase
PMG11_05625	CDHK01000005.1	430106	432191	-	Putative RNA binding protein
PMG11_05626	CDHK01000005.1	432789	434112	-	hypothetical protein
PMG11_05627	CDHK01000005.1	434378	435998	+	hypothetical protein
PMG11_05628	CDHK01000005.1	434842	437341	-	Putative Cytochrome oxidase
PMG11_05629	CDHK01000005.1	437450	438981	+	hypothetical protein
PMG11_05630	CDHK01000005.1	439254	440387	-	hypothetical protein
PMG11_05631	CDHK01000005.1	440748	444043	-	hypothetical protein
PMG11_05632	CDHK01000005.1	445148	445826	+	Putative DsDNA-binding protein PDCD5
PMG11_05633	CDHK01000005.1	445391	447166	-	Putative Ubiquinone biosynthesis protein coq4, mitochondrial
PMG11_05634	CDHK01000005.1	447292	450731	+	hypothetical protein
PMG11_05635	CDHK01000005.1	449185	450429	-	hypothetical protein
PMG11_05636	CDHK01000005.1	450865	451915	+	Putative Exosome-associated family protein
PMG11_05637	CDHK01000005.1	452470	454155	-	Putative Splicing factor 3a, subunit 1
PMG11_05638	CDHK01000005.1	454159	459456	+	Putative Protein mannosyltransferase 1
PMG11_05639	CDHK01000005.1	458586	459404	-	hypothetical protein
PMG11_05640	CDHK01000005.1	460096	461934	+	Putative Palmitoyltransferase erf2
PMG11_05641	CDHK01000005.1	462930	465562	+	hypothetical protein
PMG11_05642	CDHK01000005.1	467208	469507	-	Putative LYR family protein
PMG11_05643	CDHK01000005.1	469985	470744	-	Putative Iron-sulfur cluster biosynthesis protein Isd11
PMG11_05644	CDHK01000005.1	470646	472288	+	hypothetical protein
PMG11_05645	CDHK01000005.1	472692	477676	+	hypothetical protein
PMG11_05646	CDHK01000005.1	478231	481846	+	Putative Sulfate adenylyltransferase
PMG11_05647	CDHK01000005.1	481889	483879	+	hypothetical protein
PMG11_05648	CDHK01000005.1	484633	488094	+	hypothetical protein
PMG11_05649	CDHK01000005.1	488379	489260	-	hypothetical protein
PMG11_05650	CDHK01000005.1	490191	491151	-	hypothetical protein
PMG11_05651	CDHK01000005.1	492656	493791	-	hypothetical protein
PMG11_05652	CDHK01000005.1	495354	497104	+	hypothetical protein
PMG11_05653	CDHK01000005.1	498170	501502	+	Putative GABA permease GabA
PMG11_05654	CDHK01000005.1	501597	504354	+	hypothetical protein
PMG11_05655	CDHK01000005.1	503390	504115	-	hypothetical protein
PMG11_05656	CDHK01000005.1	504796	506841	+	Putative Carbonic anhydrase
PMG11_05657	CDHK01000005.1	505971	506705	-	hypothetical protein
PMG11_05658	CDHK01000005.1	508381	508859	-	hypothetical protein
PMG11_05659	CDHK01000005.1	509674	511636	+	hypothetical protein
PMG11_05660	CDHK01000005.1	511821	513355	-	Putative Alpha-ketoglutarate-dependent taurine dioxygenase
PMG11_05661	CDHK01000005.1	514229	516863	+	Putative Permease of the major facilitator superfamily
PMG11_05662	CDHK01000005.1	516846	517377	-	hypothetical protein
PMG11_05663	CDHK01000005.1	517972	518204	-	hypothetical protein
PMG11_05664	CDHK01000005.1	521859	524455	-	hypothetical protein
PMG11_05665	CDHK01000005.1	525288	526167	+	hypothetical protein
PMG11_05666	CDHK01000005.1	526462	527264	-	hypothetical protein
PMG11_05667	CDHK01000005.1	528096	529382	-	Putative UDP-GAL-4-epimerase (Fragment)
PMG11_05668	CDHK01000005.1	530113	532001	+	Putative Cell surface spherulin 4-like protein
PMG11_05669	CDHK01000005.1	535755	536726	-	Putative Endo alpha-1,4 polygalactosaminidase
PMG11_05670	CDHK01000005.1	540167	544246	-	Putative Extracellular serine-rich protein
PMG11_05671	CDHK01000005.1	544825	554739	+	Putative Glycosyl transferase, group 1 family protein
PMG11_05672	CDHK01000005.1	545865	557554	-	hypothetical protein
PMG11_05673	CDHK01000005.1	558304	559675	-	hypothetical protein
PMG11_05674	CDHK01000005.1	559988	562197	-	Putative T-complex protein 1 subunit delta
PMG11_05675	CDHK01000005.1	562082	564303	+	Putative 26s protease regulatory subunit 7
PMG11_05676	CDHK01000005.1	564645	567605	+	Putative Succinate dehydrogenase
PMG11_05677	CDHK01000005.1	568131	569780	+	hypothetical protein
PMG11_05678	CDHK01000005.1	569873	571540	-	Putative Argininosuccinate lyase
PMG11_05679	CDHK01000005.1	571730	574357	-	hypothetical protein
PMG11_05680	CDHK01000005.1	574520	577135	+	hypothetical protein
PMG11_05681	CDHK01000005.1	577784	579989	-	hypothetical protein
PMG11_05682	CDHK01000005.1	580339	582199	-	hypothetical protein
PMG11_05683	CDHK01000005.1	584590	585064	+	hypothetical protein
PMG11_05684	CDHK01000005.1	587604	590348	-	hypothetical protein
PMG11_05685	CDHK01000005.1	590558	592995	-	Putative Function: High levels of CP-RBP30 mRNA was found in leaves but not in roots
PMG11_05686	CDHK01000005.1	593175	595780	+	Putative Glucosyltransferase
PMG11_05687	CDHK01000005.1	595608	596042	-	Putative Cytochrome c oxidase copper chaperone Cox17
PMG11_05688	CDHK01000005.1	596240	598099	+	Putative Ran specific GTPase activating protein An-RanGAP (Eurofung)
PMG11_05689	CDHK01000005.1	598261	600063	+	Putative Transcription elongation factor TFIIS/Cofactor of enhancer-binding protein
PMG11_05690	CDHK01000005.1	600350	601111	+	hypothetical protein
PMG11_05691	CDHK01000005.1	601823	602146	-	hypothetical protein
PMG11_05692	CDHK01000005.1	603177	605204	-	Putative Atypical/ABC1/ABC1-B protein kinase
PMG11_05693	CDHK01000005.1	605447	606319	-	hypothetical protein
PMG11_05694	CDHK01000005.1	606831	608083	+	Putative Metallo-beta-lactamase superfamily protein
PMG11_05695	CDHK01000005.1	622205	625961	+	Putative Plasma membrane ATPase 1
PMG11_05696	CDHK01000005.1	626132	627759	-	Putative Carbohydrate esterase family 8 protein
PMG11_05697	CDHK01000005.1	628028	634738	-	hypothetical protein
PMG11_05698	CDHK01000005.1	634466	635703	+	Putative ER-Golgi SNARE complex subunit
PMG11_05699	CDHK01000005.1	636394	639235	+	hypothetical protein
PMG11_05700	CDHK01000005.1	639804	642074	+	hypothetical protein
PMG11_05701	CDHK01000005.1	642515	644095	+	hypothetical protein
PMG11_05702	CDHK01000005.1	644585	645868	+	hypothetical protein
PMG11_05703	CDHK01000005.1	645834	648921	-	hypothetical protein
PMG11_05704	CDHK01000005.1	648962	652874	+	Putative Arsenite efflux transporter ArsB-like, puative
PMG11_05705	CDHK01000005.1	652343	653812	-	hypothetical protein
PMG11_05706	CDHK01000005.1	654702	655744	+	hypothetical protein
PMG11_05707	CDHK01000005.1	656227	657967	+	hypothetical protein
PMG11_05708	CDHK01000005.1	658808	661113	-	Putative Sodium/solute symporter
PMG11_05709	CDHK01000005.1	661747	663243	+	Putative Xenobiotic compound family
PMG11_05710	CDHK01000005.1	663916	665987	-	hypothetical protein
PMG11_05711	CDHK01000005.1	666292	670675	-	hypothetical protein
PMG11_05712	CDHK01000005.1	670838	673318	-	hypothetical protein
PMG11_05713	CDHK01000005.1	673965	675032	-	hypothetical protein
PMG11_05714	CDHK01000005.1	675896	676362	-	hypothetical protein
PMG11_05715	CDHK01000005.1	676907	677321	-	hypothetical protein
PMG11_05716	CDHK01000005.1	678308	683242	-	Putative Structural maintenance of chromosomes protein
PMG11_05717	CDHK01000005.1	683251	684734	+	hypothetical protein
PMG11_05718	CDHK01000005.1	684983	688323	+	hypothetical protein
PMG11_05719	CDHK01000005.1	687471	688361	-	Putative 40S ribosomal protein S10a
PMG11_05720	CDHK01000005.1	688496	690801	+	Putative Podospora anserina S mat genomic DNA chromosome 5, supercontig 2 (Fragment)
PMG11_05721	CDHK01000005.1	690958	692719	-	Putative Delta 6-fatty acid desaturase/delta-8 sphingolipid desaturase
PMG11_05722	CDHK01000005.1	693018	695387	+	hypothetical protein
PMG11_05723	CDHK01000005.1	698825	701518	-	hypothetical protein
PMG11_05724	CDHK01000005.1	702450	703340	+	hypothetical protein
PMG11_05725	CDHK01000005.1	703862	704711	-	hypothetical protein
PMG11_05726	CDHK01000005.1	705529	707294	+	hypothetical protein
PMG11_05727	CDHK01000005.1	707380	708436	-	hypothetical protein
PMG11_05728	CDHK01000005.1	709068	710254	+	hypothetical protein
PMG11_05729	CDHK01000005.1	710747	711868	-	hypothetical protein
PMG11_05730	CDHK01000005.1	713681	715893	-	hypothetical protein
PMG11_05731	CDHK01000005.1	717416	719580	-	Putative Dihydrolipoyl dehydrogenase
PMG11_05732	CDHK01000005.1	720857	721658	+	hypothetical protein
PMG11_05733	CDHK01000005.1	721944	723277	-	Putative Methylated-DNA-protein-cysteine methyltransferase
PMG11_05734	CDHK01000005.1	723468	726113	-	Putative General substrate transporter
PMG11_05735	CDHK01000005.1	727154	728988	+	hypothetical protein
PMG11_05736	CDHK01000005.1	729559	731607	+	hypothetical protein
PMG11_05737	CDHK01000005.1	732499	734000	-	hypothetical protein
PMG11_05738	CDHK01000005.1	734093	734613	+	hypothetical protein
PMG11_05739	CDHK01000005.1	736777	739664	-	Putative CCR4-NOT transcription complex, subunit 3
PMG11_05740	CDHK01000005.1	739625	740977	+	Putative D-tyrosyl-tRNA(Tyr) deacylase
PMG11_05741	CDHK01000005.1	741152	742568	+	Putative HSP90 co-chaperone CPR7/Cyclophilin
PMG11_05742	CDHK01000005.1	743055	745028	-	Putative Synaptic vesicle transporter SVOP
PMG11_05743	CDHK01000005.1	745603	746993	+	Putative Fructosyl amine:oxygen oxidoreductase
PMG11_05744	CDHK01000005.1	746917	748650	-	Putative Formamidase FmdS
PMG11_05745	CDHK01000005.1	750532	751320	-	hypothetical protein
PMG11_05746	CDHK01000005.1	752505	754184	+	Putative CAIB/BAIF family enzyme
PMG11_05747	CDHK01000005.1	755422	756640	-	hypothetical protein
PMG11_05748	CDHK01000005.1	756988	759907	-	Putative Transmembrane protein UsgS
PMG11_05749	CDHK01000005.1	759890	762652	+	hypothetical protein
PMG11_05750	CDHK01000005.1	763115	765610	+	hypothetical protein
PMG11_05751	CDHK01000005.1	765142	765637	-	hypothetical protein
PMG11_05752	CDHK01000005.1	765827	770096	+	Putative Nuclear protein
PMG11_05753	CDHK01000005.1	768696	770212	-	hypothetical protein
PMG11_05754	CDHK01000005.1	770564	772202	-	hypothetical protein
PMG11_05755	CDHK01000005.1	773206	774865	-	hypothetical protein
PMG11_05756	CDHK01000005.1	775575	776984	-	Putative BTB domain transcription factor
PMG11_05757	CDHK01000005.1	777237	777944	-	hypothetical protein
PMG11_05758	CDHK01000005.1	778454	783093	+	Putative Coatomer subunit alpha
PMG11_05759	CDHK01000005.1	783268	783989	-	hypothetical protein
PMG11_05760	CDHK01000005.1	784674	787119	-	hypothetical protein
PMG11_05761	CDHK01000005.1	787747	789217	+	hypothetical protein
PMG11_05762	CDHK01000005.1	789945	792511	+	Putative AP-1 complex subunit beta-1
PMG11_05763	CDHK01000005.1	793348	794625	+	Putative Alcohol dehydrogenase
PMG11_05764	CDHK01000005.1	794912	797168	+	Putative Catalytic activity: threonine synthase
PMG11_05765	CDHK01000005.1	800042	800854	-	hypothetical protein
PMG11_05766	CDHK01000005.1	802413	803493	+	hypothetical protein
PMG11_05767	CDHK01000005.1	805089	805544	+	hypothetical protein
PMG11_05768	CDHK01000005.1	808610	809690	-	hypothetical protein
PMG11_05769	CDHK01000005.1	811359	813021	+	Putative DNA primase
PMG11_05770	CDHK01000005.1	815409	816724	-	hypothetical protein
PMG11_05771	CDHK01000005.1	816913	817765	-	hypothetical protein
PMG11_05772	CDHK01000005.1	817770	820590	+	hypothetical protein
PMG11_05773	CDHK01000005.1	821410	822413	+	Putative Membrane fusion mating protein FIG1
PMG11_05774	CDHK01000005.1	823370	825815	-	hypothetical protein
PMG11_05775	CDHK01000005.1	825917	827086	+	hypothetical protein
PMG11_05776	CDHK01000005.1	826187	829042	-	hypothetical protein
PMG11_05777	CDHK01000005.1	829261	831080	+	hypothetical protein
PMG11_05778	CDHK01000005.1	831198	832141	-	Putative Sucrase/ferredoxin domain protein
PMG11_05779	CDHK01000005.1	834844	838000	+	hypothetical protein
PMG11_05780	CDHK01000005.1	838951	840785	+	hypothetical protein
PMG11_05781	CDHK01000005.1	840928	841786	-	hypothetical protein
PMG11_05782	CDHK01000005.1	842605	843408	+	hypothetical protein
PMG11_05783	CDHK01000005.1	843955	845928	-	hypothetical protein
PMG11_05784	CDHK01000005.1	846655	847685	+	hypothetical protein
PMG11_05785	CDHK01000005.1	849919	850419	+	hypothetical protein
PMG11_05786	CDHK01000005.1	850758	854073	-	Putative Alpha-galactosidase C
PMG11_05787	CDHK01000005.1	854232	856250	+	hypothetical protein
PMG11_05788	CDHK01000005.1	858992	861140	+	Putative GMC oxidoreductase
PMG11_05789	CDHK01000005.1	861289	862412	-	Putative Pirin domain protein
PMG11_05790	CDHK01000005.1	862633	864567	-	hypothetical protein
PMG11_05791	CDHK01000005.1	865113	868476	+	Putative Small oligopeptide transporter
PMG11_05792	CDHK01000005.1	868152	871517	-	hypothetical protein
PMG11_05793	CDHK01000005.1	871600	872627	+	hypothetical protein
PMG11_05794	CDHK01000005.1	873174	874222	+	Putative Mitochondrial metallochaperone Sco1
PMG11_05795	CDHK01000005.1	874459	874995	-	Putative Molybdopterin synthase large subunit CnxH
PMG11_05796	CDHK01000005.1	875157	877126	-	Putative Oligo-1,6-glucosidase
PMG11_05797	CDHK01000005.1	877834	880679	+	Putative Rna-binding protein
PMG11_05798	CDHK01000005.1	881236	883392	-	hypothetical protein
PMG11_05799	CDHK01000005.1	883741	885905	+	hypothetical protein
PMG11_05800	CDHK01000005.1	885201	887976	-	Putative Acc synthase
PMG11_05801	CDHK01000005.1	888248	889661	-	hypothetical protein
PMG11_05802	CDHK01000005.1	890814	892201	-	hypothetical protein
PMG11_05803	CDHK01000005.1	892488	894450	+	hypothetical protein
PMG11_05804	CDHK01000005.1	897845	898447	-	hypothetical protein
PMG11_05805	CDHK01000005.1	899536	903235	-	hypothetical protein
PMG11_05806	CDHK01000005.1	903540	905003	-	hypothetical protein
PMG11_05807	CDHK01000005.1	906214	906498	+	hypothetical protein
PMG11_05808	CDHK01000005.1	907407	909534	-	hypothetical protein
PMG11_05809	CDHK01000005.1	910163	911857	-	Putative Sugar transporter (Hexose transporter)
PMG11_05810	CDHK01000005.1	911597	916775	+	hypothetical protein
PMG11_05811	CDHK01000005.1	917838	918393	-	hypothetical protein
PMG11_05812	CDHK01000005.1	919251	920954	-	hypothetical protein
PMG11_05813	CDHK01000005.1	926116	929571	+	Putative pH-response regulator protein palI/RIM9
PMG11_05814	CDHK01000005.1	929681	932129	+	hypothetical protein
PMG11_05815	CDHK01000005.1	933298	935208	-	hypothetical protein
PMG11_05816	CDHK01000005.1	941142	942830	+	hypothetical protein
PMG11_05817	CDHK01000005.1	945738	946517	-	hypothetical protein
PMG11_05818	CDHK01000005.1	946933	949068	-	hypothetical protein
PMG11_05819	CDHK01000005.1	949518	950516	+	hypothetical protein
PMG11_05820	CDHK01000005.1	950681	951185	-	hypothetical protein
PMG11_05821	CDHK01000005.1	951935	956011	-	Putative Remark: AT-1 protein functions as an Ac-CoA transporter
PMG11_05822	CDHK01000005.1	952239	953476	+	hypothetical protein
PMG11_05823	CDHK01000005.1	956586	958844	+	hypothetical protein
PMG11_05824	CDHK01000005.1	958186	959848	-	hypothetical protein
PMG11_05825	CDHK01000005.1	960901	961800	-	hypothetical protein
PMG11_05826	CDHK01000005.1	962509	964765	+	Putative Phosphopantothenate-cysteine ligase
PMG11_05827	CDHK01000005.1	964745	966713	+	hypothetical protein
PMG11_05828	CDHK01000005.1	968312	970704	+	hypothetical protein
PMG11_05829	CDHK01000005.1	969458	971944	-	hypothetical protein
PMG11_05830	CDHK01000005.1	972229	974881	-	hypothetical protein
PMG11_05831	CDHK01000005.1	976088	978265	+	Putative Pantothenate kinase
PMG11_05832	CDHK01000005.1	978843	980440	+	Putative Phosphatidylinositol:UDP-GlcNAc transferase PIG-C
PMG11_05833	CDHK01000005.1	981484	982939	+	hypothetical protein
PMG11_05834	CDHK01000005.1	984496	985221	-	hypothetical protein
PMG11_05835	CDHK01000005.1	986023	988428	-	Putative Function: 6-HDNO (Precursor)
PMG11_05836	CDHK01000005.1	990879	992378	+	hypothetical protein
PMG11_05837	CDHK01000005.1	992712	994521	+	Putative Succinate-semialdehyde dehydrogenase
PMG11_05838	CDHK01000005.1	995839	998524	-	hypothetical protein
PMG11_05839	CDHK01000005.1	1001696	1004990	+	hypothetical protein
PMG11_05840	CDHK01000005.1	1005761	1006820	+	hypothetical protein
PMG11_05841	CDHK01000005.1	1008202	1012154	-	hypothetical protein
PMG11_05842	CDHK01000005.1	1013583	1015518	-	Putative Major facilitator superfamily transporter 3
PMG11_05843	CDHK01000005.1	1016328	1018675	-	hypothetical protein
PMG11_05844	CDHK01000005.1	1020725	1022639	-	hypothetical protein
PMG11_05845	CDHK01000005.1	1024029	1040063	-	hypothetical protein
PMG11_05846	CDHK01000005.1	1041294	1045683	+	hypothetical protein
PMG11_05847	CDHK01000005.1	1046412	1047717	-	hypothetical protein
PMG11_05848	CDHK01000005.1	1049238	1051491	+	hypothetical protein
PMG11_05849	CDHK01000005.1	1052442	1055865	+	hypothetical protein
PMG11_05850	CDHK01000005.1	1056640	1057373	-	hypothetical protein
PMG11_05851	CDHK01000005.1	1058839	1061302	+	hypothetical protein
PMG11_05852	CDHK01000005.1	1062032	1065918	-	hypothetical protein
PMG11_05853	CDHK01000005.1	1068242	1071913	-	hypothetical protein
PMG11_05854	CDHK01000005.1	1072325	1075950	-	Putative Septin
PMG11_05855	CDHK01000005.1	1077631	1079658	-	hypothetical protein
PMG11_05856	CDHK01000005.1	1079835	1081250	-	Putative DOPA-like protein
PMG11_05857	CDHK01000005.1	1081395	1083137	-	hypothetical protein
PMG11_05858	CDHK01000005.1	1083203	1084425	+	hypothetical protein
PMG11_05859	CDHK01000005.1	1083863	1085530	-	Putative Ribosomal protein
PMG11_05860	CDHK01000005.1	1085676	1087143	+	Putative 60S ribosomal protein
PMG11_05861	CDHK01000005.1	1091134	1093211	+	hypothetical protein
PMG11_05862	CDHK01000005.1	1094977	1102375	+	hypothetical protein
PMG11_05863	CDHK01000005.1	1103018	1103685	-	hypothetical protein
PMG11_05864	CDHK01000005.1	1104931	1105904	+	hypothetical protein
PMG11_05865	CDHK01000005.1	1106475	1107874	-	hypothetical protein
PMG11_05866	CDHK01000005.1	1108621	1112230	-	hypothetical protein
PMG11_05867	CDHK01000005.1	1108689	1109113	+	Putative Translocation complex subunit Sss1
PMG11_05868	CDHK01000005.1	1113069	1114010	+	hypothetical protein
PMG11_05869	CDHK01000005.1	1114089	1115261	+	Putative Sorting nexin SNX11
PMG11_05870	CDHK01000005.1	1114505	1117997	-	hypothetical protein
PMG11_05871	CDHK01000005.1	1117969	1119058	+	hypothetical protein
PMG11_05872	CDHK01000005.1	1118960	1121663	-	hypothetical protein
PMG11_05873	CDHK01000005.1	1126786	1128588	-	Putative 40S ribosomal protein S4
PMG11_05874	CDHK01000005.1	1128791	1130411	-	Putative Aspartate-semialdehyde dehydrogenase
PMG11_05875	CDHK01000005.1	1130641	1131716	-	Putative NmrA-like family protein
PMG11_05876	CDHK01000005.1	1132739	1134053	-	hypothetical protein
PMG11_05877	CDHK01000005.1	1134561	1135437	+	hypothetical protein
PMG11_05878	CDHK01000005.1	1136374	1138418	+	hypothetical protein
PMG11_05879	CDHK01000005.1	1138661	1140777	-	Putative Oxidoreductase, FAD-binding
PMG11_05880	CDHK01000005.1	1141163	1145026	+	hypothetical protein
PMG11_05881	CDHK01000005.1	1145532	1149911	+	hypothetical protein
PMG11_05882	CDHK01000005.1	1149889	1155638	-	Putative DNA polymerase
PMG11_05883	CDHK01000005.1	1155703	1157399	+	Putative mRNA splicing protein
PMG11_05884	CDHK01000005.1	1157629	1159318	+	Putative Ribosomal protein L37
PMG11_05885	CDHK01000005.1	1157715	1160416	-	hypothetical protein
PMG11_05886	CDHK01000005.1	1160867	1164010	+	Putative C6 transcription factor
PMG11_05887	CDHK01000005.1	1163821	1164644	-	hypothetical protein
PMG11_05888	CDHK01000005.1	1164797	1167135	-	Putative Uroporphyrin III methyltransferase
PMG11_05889	CDHK01000005.1	1167372	1170740	+	Putative PCI domain-containing protein
PMG11_05890	CDHK01000005.1	1169788	1170645	-	Putative Dihydrofolate reductase
PMG11_05891	CDHK01000005.1	1170888	1171819	+	hypothetical protein
PMG11_05892	CDHK01000005.1	1172694	1174103	-	Putative 40S ribosomal protein S27
PMG11_05893	CDHK01000005.1	1174305	1176921	-	Putative Aminoalcoholphosphotransferase
PMG11_05894	CDHK01000005.1	1177247	1179392	-	Putative NIPSNAP family protein
PMG11_05895	CDHK01000005.1	1180299	1181104	+	Putative Pyridoxamine phosphate oxidase
PMG11_05896	CDHK01000005.1	1181432	1182646	+	Putative Octanoyltransferase
PMG11_05897	CDHK01000005.1	1183016	1183583	-	Putative Rho GTPase Rho3
PMG11_05898	CDHK01000005.1	1184799	1187197	+	Putative Winged helix DNA-binding protein
PMG11_05899	CDHK01000005.1	1190453	1192764	+	hypothetical protein
PMG11_05900	CDHK01000005.1	1191613	1195201	+	hypothetical protein
PMG11_05901	CDHK01000005.1	1195237	1195822	-	hypothetical protein
PMG11_05902	CDHK01000005.1	1197270	1202061	-	Putative Pleiotropic drug resistance proteins
PMG11_05903	CDHK01000005.1	1202918	1205123	+	hypothetical protein
PMG11_05904	CDHK01000005.1	1204525	1205879	+	hypothetical protein
PMG11_05905	CDHK01000005.1	1205981	1207103	-	hypothetical protein
PMG11_05906	CDHK01000005.1	1207581	1208092	-	hypothetical protein
PMG11_05907	CDHK01000005.1	1208448	1212515	-	Putative MFS sugar transporter
PMG11_05908	CDHK01000005.1	1212025	1213366	+	hypothetical protein
PMG11_05909	CDHK01000005.1	1214173	1215232	+	hypothetical protein
PMG11_05910	CDHK01000005.1	1215637	1218037	+	hypothetical protein
PMG11_05911	CDHK01000005.1	1218660	1218968	-	hypothetical protein
PMG11_05912	CDHK01000005.1	1221058	1222453	-	hypothetical protein
PMG11_05913	CDHK01000005.1	1222737	1223501	+	Putative Integral membrane protein
PMG11_05914	CDHK01000005.1	1223337	1227801	-	Putative Chitin synthase 2
PMG11_05915	CDHK01000005.1	1228715	1229409	+	Putative Low molecular weight phosphotyrosine protein phosphatase
PMG11_05916	CDHK01000005.1	1228939	1230465	-	Putative DMQ mono-oxygenase/Ubiquinone biosynthesis protein COQ7/CLK-1/CAT5
PMG11_05917	CDHK01000005.1	1230883	1232832	+	hypothetical protein
PMG11_05918	CDHK01000005.1	1234655	1240397	+	hypothetical protein
PMG11_05919	CDHK01000005.1	1239343	1240386	-	hypothetical protein
PMG11_05920	CDHK01000005.1	1240894	1243016	+	hypothetical protein
PMG11_05921	CDHK01000005.1	1243940	1245766	+	hypothetical protein
PMG11_05922	CDHK01000005.1	1246030	1247095	-	hypothetical protein
PMG11_05923	CDHK01000005.1	1247374	1249324	+	hypothetical protein
PMG11_05924	CDHK01000005.1	1249224	1249691	+	hypothetical protein
PMG11_05925	CDHK01000005.1	1249878	1251495	+	Putative 2-polyprenyl-6-methoxyphenol hydroxylase
PMG11_05926	CDHK01000005.1	1251776	1253791	-	hypothetical protein
PMG11_05927	CDHK01000005.1	1254051	1256595	+	hypothetical protein
PMG11_05928	CDHK01000005.1	1256731	1259484	-	hypothetical protein
PMG11_05929	CDHK01000005.1	1256850	1257762	+	Putative 26S proteasome regulatory complex, subunit RPN12/PSMD8
PMG11_05930	CDHK01000005.1	1259719	1261703	+	hypothetical protein
PMG11_05931	CDHK01000005.1	1261838	1262821	+	hypothetical protein
PMG11_05932	CDHK01000005.1	1263191	1264066	-	hypothetical protein
PMG11_05933	CDHK01000005.1	1264250	1264981	+	hypothetical protein
PMG11_05934	CDHK01000005.1	1265217	1269638	-	hypothetical protein
PMG11_05935	CDHK01000005.1	1269779	1273267	+	Putative Glycosyl hydrolase
PMG11_05936	CDHK01000005.1	1272586	1273633	-	hypothetical protein
PMG11_05937	CDHK01000005.1	1274006	1275624	+	hypothetical protein
PMG11_05938	CDHK01000005.1	1275694	1278091	+	Putative Nuclear import and export protein Msn5
PMG11_05939	CDHK01000005.1	1277416	1279579	-	Putative NADH-ubiquinone oxidoreductase subunit GRIM-19
PMG11_05940	CDHK01000005.1	1279667	1281091	+	Putative tRNA (Guanine-N1-)-methyltransferase, eukaryotic
PMG11_05941	CDHK01000005.1	1281464	1284605	+	Putative Vacuolar import and degradation protein
PMG11_05942	CDHK01000005.1	1285837	1288492	-	Putative DUF1680 domain protein
PMG11_05943	CDHK01000005.1	1290327	1292353	+	hypothetical protein
PMG11_05944	CDHK01000005.1	1293115	1295017	+	hypothetical protein
PMG11_05945	CDHK01000005.1	1297328	1298585	+	Putative Aldo/keto reductase
PMG11_05946	CDHK01000005.1	1300044	1302367	+	Putative Acetoacetyl-CoA synthase
PMG11_05947	CDHK01000005.1	1302634	1305824	+	hypothetical protein
PMG11_05948	CDHK01000005.1	1304535	1305758	-	hypothetical protein
PMG11_05949	CDHK01000005.1	1306253	1308734	-	Putative SMAD6 interacting protein AMSH
PMG11_05950	CDHK01000005.1	1306367	1306687	+	hypothetical protein
PMG11_05951	CDHK01000005.1	1308804	1311427	+	hypothetical protein
PMG11_05952	CDHK01000005.1	1311731	1314533	+	hypothetical protein
PMG11_05953	CDHK01000005.1	1321414	1326770	+	hypothetical protein
PMG11_05954	CDHK01000005.1	1327054	1329289	+	hypothetical protein
PMG11_05955	CDHK01000005.1	1330172	1330807	-	hypothetical protein
PMG11_05956	CDHK01000005.1	1332915	1334243	+	hypothetical protein
PMG11_05957	CDHK01000005.1	1334582	1335823	+	hypothetical protein
PMG11_05958	CDHK01000005.1	1336561	1337880	+	hypothetical protein
PMG11_05959	CDHK01000005.1	1338026	1340050	+	hypothetical protein
PMG11_05960	CDHK01000005.1	1340256	1341837	-	hypothetical protein
PMG11_05961	CDHK01000005.1	1343438	1346807	-	Putative Isocitrate dehydrogenase
PMG11_05962	CDHK01000005.1	1346960	1351153	-	Putative C1 tetrahydrofolate ligase
PMG11_05963	CDHK01000005.1	1350941	1352959	+	Putative Eukaryotic translation initiation factor 3 subunit I
PMG11_05964	CDHK01000005.1	1353595	1354464	-	Putative Multiprotein-bridging factor 1
PMG11_05965	CDHK01000005.1	1355578	1356461	+	hypothetical protein
PMG11_05966	CDHK01000005.1	1356972	1357897	+	hypothetical protein
PMG11_05967	CDHK01000005.1	1358581	1360281	+	hypothetical protein
PMG11_05968	CDHK01000005.1	1360567	1364232	+	hypothetical protein
PMG11_05969	CDHK01000005.1	1364663	1367209	+	Putative DUF124 domain protein
PMG11_05970	CDHK01000005.1	1365785	1368558	-	Putative Translational initiation factor 2 beta (AFU_orthologue; AFUA_3G08600)
PMG11_05971	CDHK01000005.1	1368666	1369627	+	hypothetical protein
PMG11_05972	CDHK01000005.1	1370267	1371738	-	hypothetical protein
PMG11_05973	CDHK01000005.1	1371782	1372288	-	hypothetical protein
PMG11_05974	CDHK01000005.1	1374017	1376740	+	Putative Glycine-rich RNA-binding protein
PMG11_05975	CDHK01000005.1	1376191	1377700	-	hypothetical protein
PMG11_05976	CDHK01000005.1	1378009	1380404	-	Putative Major facilitator superfamily transporter
PMG11_05977	CDHK01000005.1	1381469	1384256	-	hypothetical protein
PMG11_05978	CDHK01000005.1	1385151	1386326	-	Putative Calcium binding modulator protein
PMG11_05979	CDHK01000005.1	1386902	1387955	-	Putative Short-chain dehydrogenase/reductase family protein
PMG11_05980	CDHK01000005.1	1389813	1393034	+	hypothetical protein
PMG11_05981	CDHK01000005.1	1391488	1392795	-	hypothetical protein
PMG11_05982	CDHK01000005.1	1393155	1394196	-	hypothetical protein
PMG11_05983	CDHK01000005.1	1394494	1397411	-	Putative Transcription factor
PMG11_05984	CDHK01000005.1	1401289	1401899	-	hypothetical protein
PMG11_05985	CDHK01000005.1	1402028	1408464	+	hypothetical protein
PMG11_05986	CDHK01000005.1	1407721	1408639	-	Putative ThiJ/PfpI family protein
PMG11_05987	CDHK01000005.1	1409246	1412095	-	Putative Sucrose transporter
PMG11_05988	CDHK01000005.1	1414138	1415406	+	hypothetical protein
PMG11_05989	CDHK01000005.1	1419169	1421933	-	Putative Glucose-6-phosphate 1-dehydrogenase
PMG11_05990	CDHK01000005.1	1424349	1425168	+	Putative 60S ribosomal protein L33-A
PMG11_05991	CDHK01000005.1	1427754	1430153	+	hypothetical protein
PMG11_05992	CDHK01000005.1	1430632	1432225	-	hypothetical protein
PMG11_05993	CDHK01000005.1	1432363	1434333	-	Putative Mitochondrial phosphate carrier protein 2
PMG11_05994	CDHK01000005.1	1434243	1435604	+	Putative Cystathionine beta-synthase (Beta-thionase)
PMG11_05995	CDHK01000005.1	1435467	1435927	-	Putative Vacuolar ATPase assembly integral membrane protein VMA21
PMG11_05996	CDHK01000005.1	1436836	1437671	-	hypothetical protein
PMG11_05997	CDHK01000005.1	1439130	1442822	+	hypothetical protein
PMG11_05998	CDHK01000005.1	1443018	1444755	-	Putative tRNA dihydrouridine synthase
PMG11_05999	CDHK01000005.1	1445583	1446909	+	Putative Inorganic pyrophosphatase
PMG11_06000	CDHK01000005.1	1447360	1447680	-	hypothetical protein
PMG11_06001	CDHK01000005.1	1448305	1449584	+	hypothetical protein
PMG11_06002	CDHK01000005.1	1449849	1451587	+	Putative Subunit of heteropentameric Replication factor C (RF-C) (Eurofung)
PMG11_06003	CDHK01000005.1	1453145	1454849	+	Putative Sugar transporter family protein
PMG11_06004	CDHK01000005.1	1454956	1455843	-	hypothetical protein
PMG11_06005	CDHK01000005.1	1458764	1459532	-	hypothetical protein
PMG11_06006	CDHK01000005.1	1462768	1463802	-	hypothetical protein
PMG11_06007	CDHK01000005.1	1466216	1466863	-	hypothetical protein
PMG11_06008	CDHK01000005.1	1468024	1469100	+	hypothetical protein
PMG11_06009	CDHK01000005.1	1470025	1471591	+	Putative Alternative oxidase
PMG11_06010	CDHK01000005.1	1472504	1473400	+	hypothetical protein
PMG11_06011	CDHK01000005.1	1474975	1476020	+	hypothetical protein
PMG11_06012	CDHK01000005.1	1476978	1477781	+	Putative PAD1-Phenylacrylic acid decarboxylase
PMG11_06013	CDHK01000005.1	1478804	1480312	+	Putative Ferulic acid decarboxylase 1
PMG11_06014	CDHK01000005.1	1481518	1481775	+	hypothetical protein
PMG11_06015	CDHK01000005.1	1481952	1482882	+	hypothetical protein
PMG11_06016	CDHK01000005.1	1483838	1484250	+	Putative Function: TNA1 of S. cerevisiae is a high affinity plasma membrane permease
PMG11_06017	CDHK01000005.1	1486239	1487774	-	hypothetical protein
PMG11_06018	CDHK01000005.1	1490442	1491329	-	hypothetical protein
PMG11_06019	CDHK01000005.1	1493564	1494678	+	hypothetical protein
PMG11_06020	CDHK01000005.1	1494776	1495646	-	Putative D-alanine transfer protein
PMG11_06021	CDHK01000005.1	1496912	1498072	-	hypothetical protein
PMG11_06022	CDHK01000005.1	1498207	1499430	+	Putative ATP-dependent Clp protease proteolytic subunit
PMG11_06023	CDHK01000005.1	1498894	1500832	-	hypothetical protein
PMG11_06024	CDHK01000005.1	1500946	1503008	-	Putative Aspartyl aminopeptidase
PMG11_06025	CDHK01000005.1	1503423	1506957	+	Putative Cell cycle regulatory protein
PMG11_06026	CDHK01000005.1	1507898	1509337	-	hypothetical protein
PMG11_06027	CDHK01000005.1	1509403	1511137	+	hypothetical protein
PMG11_06028	CDHK01000005.1	1511612	1516103	+	Putative Structural maintenance of chromosomes protein
PMG11_06029	CDHK01000005.1	1517169	1518907	+	hypothetical protein
PMG11_06030	CDHK01000005.1	1522500	1524828	+	hypothetical protein
PMG11_06031	CDHK01000005.1	1525034	1527035	-	hypothetical protein
PMG11_06032	CDHK01000005.1	1527588	1530185	+	hypothetical protein
PMG11_06033	CDHK01000005.1	1530338	1531337	+	Putative Transcriptional regulatory protein moc3
PMG11_06034	CDHK01000005.1	1531506	1533070	+	hypothetical protein
PMG11_06035	CDHK01000005.1	1533706	1535809	+	hypothetical protein
PMG11_06036	CDHK01000005.1	1536519	1538290	+	Putative Ca2-binding transmembrane protein LETM1/MRS7
PMG11_06037	CDHK01000005.1	1538975	1542181	+	Putative NUDIX domain protein
PMG11_06038	CDHK01000005.1	1542366	1545391	+	hypothetical protein
PMG11_06039	CDHK01000005.1	1547262	1548157	+	hypothetical protein
PMG11_06040	CDHK01000005.1	1548401	1549378	-	hypothetical protein
PMG11_06041	CDHK01000005.1	1552831	1555297	+	hypothetical protein
PMG11_06042	CDHK01000005.1	1555664	1557075	-	Putative Related to leucoanthocyanidin dioxygenase
PMG11_06043	CDHK01000005.1	1557826	1558303	+	Putative Protein mmf2, mitochondrial
PMG11_06044	CDHK01000005.1	1558914	1559726	-	Putative 5-keto-4-deoxy-D-glucarate aldolase
PMG11_06045	CDHK01000005.1	1560077	1562100	+	Putative Pantothenate transporter
PMG11_06046	CDHK01000005.1	1562901	1564643	-	hypothetical protein
PMG11_06047	CDHK01000005.1	1565041	1566739	+	hypothetical protein
PMG11_06048	CDHK01000005.1	1566966	1567331	-	hypothetical protein
PMG11_06049	CDHK01000005.1	1568686	1570156	+	hypothetical protein
PMG11_06050	CDHK01000005.1	1570274	1574430	+	Putative Alpha-mannosidase
PMG11_06051	CDHK01000005.1	1574068	1574992	-	hypothetical protein
PMG11_06052	CDHK01000005.1	1575291	1576177	+	Putative Ctr copper transporter
PMG11_06053	CDHK01000005.1	1576201	1578168	-	Putative F-box and JmjC domain protein
PMG11_06054	CDHK01000005.1	1578477	1580118	+	Putative Translation initiation factor
PMG11_06055	CDHK01000005.1	1581002	1582221	+	hypothetical protein
PMG11_06056	CDHK01000005.1	1582769	1583852	+	hypothetical protein
PMG11_06057	CDHK01000005.1	1583013	1585427	-	hypothetical protein
PMG11_06058	CDHK01000005.1	1590618	1592477	+	hypothetical protein
PMG11_06059	CDHK01000005.1	1592737	1594270	+	Putative Remark: the ORF contains a PWI motif
PMG11_06060	CDHK01000005.1	1593316	1598311	-	hypothetical protein
PMG11_06061	CDHK01000005.1	1602075	1605290	+	Putative Dual specificity serine/threonine and tyrosine kinase
PMG11_06062	CDHK01000005.1	1605351	1606838	-	Putative Ribosome biogenesis protein nsa2
PMG11_06063	CDHK01000005.1	1607151	1609913	-	hypothetical protein
PMG11_06064	CDHK01000005.1	1607241	1608035	+	hypothetical protein
PMG11_06065	CDHK01000005.1	1610854	1612278	-	hypothetical protein
PMG11_06066	CDHK01000005.1	1614408	1617755	+	Putative Remark: S. cerevisiae homolog YIL130w contains GAL4 zinc binuclear cluster domain
PMG11_06067	CDHK01000005.1	1617736	1621584	-	hypothetical protein
PMG11_06068	CDHK01000005.1	1623452	1624268	-	Putative Polymerase (RNA) II (DNA directed) polypeptide D
PMG11_06069	CDHK01000005.1	1624667	1626250	-	Putative tRNA (guanine(37)-N1)-methyltransferase
PMG11_06070	CDHK01000005.1	1628591	1630624	+	hypothetical protein
PMG11_06071	CDHK01000005.1	1630868	1632279	-	hypothetical protein
PMG11_06072	CDHK01000005.1	1632434	1634501	+	hypothetical protein
PMG11_06073	CDHK01000005.1	1634934	1636827	-	Putative Related to nicotinamide mononucleotide permease
PMG11_06074	CDHK01000005.1	1638057	1641217	-	Putative PX domain-containing protein
PMG11_06075	CDHK01000005.1	1642348	1647004	-	hypothetical protein
PMG11_06076	CDHK01000005.1	1649208	1654369	+	Putative Peroxisome assembly factor 2
PMG11_06077	CDHK01000005.1	1654703	1655917	+	hypothetical protein
PMG11_06078	CDHK01000005.1	1656780	1660628	+	hypothetical protein
PMG11_06079	CDHK01000005.1	1660980	1662642	-	hypothetical protein
PMG11_06080	CDHK01000005.1	1664177	1665168	-	hypothetical protein
PMG11_06081	CDHK01000005.1	1666730	1667934	+	hypothetical protein
PMG11_06082	CDHK01000005.1	1668252	1670401	+	Putative Amino acid permease
PMG11_06083	CDHK01000005.1	1671142	1672107	+	Putative Dehydrogenase with different specificitie
PMG11_06084	CDHK01000005.1	1672224	1674094	+	hypothetical protein
PMG11_06085	CDHK01000005.1	1674083	1674688	-	hypothetical protein
PMG11_06086	CDHK01000005.1	1676073	1677901	-	hypothetical protein
PMG11_06087	CDHK01000005.1	1677479	1682049	+	hypothetical protein
PMG11_06088	CDHK01000005.1	1682186	1683433	+	Putative Lipoyl synthase, mitochondrial
PMG11_06089	CDHK01000005.1	1684138	1685630	-	Putative Phosphoserine phosphatase
PMG11_06090	CDHK01000005.1	1686573	1687586	+	Putative 3'-phosphoadenosine-5'-phosphosulfate reductase
PMG11_06091	CDHK01000005.1	1688264	1689858	-	Putative Beta-1,6-glucanase
PMG11_06092	CDHK01000005.1	1691799	1693463	+	hypothetical protein
PMG11_06093	CDHK01000005.1	1694064	1695656	+	hypothetical protein
PMG11_06094	CDHK01000005.1	1696418	1700108	-	Putative Function: production of cell wall-degrading enzymes
PMG11_06095	CDHK01000005.1	1700482	1702110	-	Putative Small nucleolar ribonucleoprotein complex subunit Utp15
PMG11_06096	CDHK01000005.1	1703550	1706694	+	Putative Conserved serine proline-rich protein
PMG11_06097	CDHK01000005.1	1706825	1707981	+	Putative Phytanoyl-CoA dioxygenase family protein
PMG11_06098	CDHK01000005.1	1708564	1713011	+	Putative DNA-directed RNA polymerase
PMG11_06099	CDHK01000005.1	1712999	1716639	+	hypothetical protein
PMG11_06100	CDHK01000005.1	1716603	1722430	-	hypothetical protein
PMG11_06101	CDHK01000005.1	1722528	1725170	+	Putative Sec1 family protein
PMG11_06102	CDHK01000005.1	1726482	1727067	+	hypothetical protein
PMG11_06103	CDHK01000005.1	1727636	1730302	+	hypothetical protein
PMG11_06104	CDHK01000005.1	1732662	1734487	+	hypothetical protein
PMG11_06105	CDHK01000005.1	1735536	1736672	-	hypothetical protein
PMG11_06106	CDHK01000005.1	1736736	1741740	+	hypothetical protein
PMG11_06107	CDHK01000005.1	1740641	1741622	-	hypothetical protein
PMG11_06108	CDHK01000005.1	1742086	1743068	-	hypothetical protein
PMG11_06109	CDHK01000005.1	1758505	1762467	+	Putative GATA-type sexual development transcription factor NsdD
PMG11_06110	CDHK01000005.1	1771671	1773712	-	Putative Carboxylesterase family protein
PMG11_06111	CDHK01000005.1	1777108	1779456	-	Putative Glutamate-cysteine ligase
PMG11_06112	CDHK01000005.1	1780626	1781092	-	Putative NADH-ubiquinone oxidoreductase B18 subunit
PMG11_06113	CDHK01000005.1	1781150	1784208	+	Putative ANK-repeat protein MBP1
PMG11_06114	CDHK01000005.1	1785074	1788593	+	hypothetical protein
PMG11_06115	CDHK01000005.1	1788839	1792267	-	hypothetical protein
PMG11_06116	CDHK01000005.1	1796491	1797677	-	hypothetical protein
PMG11_06117	CDHK01000005.1	1798436	1799704	-	hypothetical protein
PMG11_06118	CDHK01000005.1	1800634	1802318	+	hypothetical protein
PMG11_06119	CDHK01000005.1	1802968	1806070	-	hypothetical protein
PMG11_06120	CDHK01000005.1	1806140	1811521	-	Putative Phosphatidylserine decarboxylase
PMG11_06121	CDHK01000005.1	1811906	1813953	-	Putative Permease of the major facilitator superfamily
PMG11_06122	CDHK01000005.1	1814258	1816071	+	Putative Serine/threonine-protein kinase prk1
PMG11_06123	CDHK01000005.1	1814938	1818658	-	Putative Zinc finger domain-containing protein
PMG11_06124	CDHK01000005.1	1818883	1822119	+	Putative Minichromosome maintenance protein 2
PMG11_06125	CDHK01000005.1	1822614	1825259	-	Putative Pal1 cell morphology protein
PMG11_06126	CDHK01000005.1	1827103	1829579	-	hypothetical protein
PMG11_06127	CDHK01000005.1	1830516	1830941	+	Putative Mediator of RNA polymerase II transcription subunit 31
PMG11_06128	CDHK01000005.1	1832027	1835641	+	hypothetical protein
PMG11_06129	CDHK01000005.1	1836315	1837295	-	Putative Palmitoyl-protein thioesterase
PMG11_06130	CDHK01000005.1	1837540	1839510	+	hypothetical protein
PMG11_06131	CDHK01000005.1	1840740	1841324	+	hypothetical protein
PMG11_06132	CDHK01000005.1	1841403	1842392	+	hypothetical protein
PMG11_06133	CDHK01000005.1	1842537	1843550	+	hypothetical protein
PMG11_06134	CDHK01000005.1	1846755	1847775	-	hypothetical protein
PMG11_06135	CDHK01000005.1	1848007	1848949	+	hypothetical protein
PMG11_06136	CDHK01000005.1	1850780	1852673	+	hypothetical protein
PMG11_06137	CDHK01000005.1	1853490	1854850	-	hypothetical protein
PMG11_06138	CDHK01000005.1	1855156	1856112	-	Putative Nicotinamide N-methyltransferase Nnt1
PMG11_06139	CDHK01000005.1	1857184	1857666	+	Putative Podospora anserina S mat genomic DNA chromosome 2, supercontig 2
PMG11_06140	CDHK01000005.1	1858623	1859078	-	hypothetical protein
PMG11_06141	CDHK01000005.1	1859913	1861067	+	hypothetical protein
PMG11_06142	CDHK01000005.1	1861187	1864759	-	Putative Acetamidase
PMG11_06143	CDHK01000005.1	1863482	1863928	+	hypothetical protein
PMG11_06144	CDHK01000005.1	1864069	1864836	+	hypothetical protein
PMG11_06145	CDHK01000005.1	1865856	1867191	+	hypothetical protein
PMG11_06146	CDHK01000005.1	1871781	1875213	+	hypothetical protein
PMG11_06147	CDHK01000005.1	1876996	1877610	-	hypothetical protein
PMG11_06148	CDHK01000005.1	1879219	1880881	-	Putative Metacaspase CasB
PMG11_06149	CDHK01000005.1	1882697	1884856	+	hypothetical protein
PMG11_06150	CDHK01000005.1	1885051	1887069	-	hypothetical protein
PMG11_06151	CDHK01000005.1	1888275	1891124	+	hypothetical protein
PMG11_06152	CDHK01000005.1	1891342	1893547	-	hypothetical protein
PMG11_06153	CDHK01000005.1	1896515	1899746	+	hypothetical protein
PMG11_06154	CDHK01000005.1	1901521	1902384	+	hypothetical protein
PMG11_06155	CDHK01000005.1	1906068	1907895	+	hypothetical protein
PMG11_06156	CDHK01000005.1	1908696	1910725	-	hypothetical protein
PMG11_06157	CDHK01000005.1	1912457	1916906	-	Putative Pfs, NB-ARC and TPR domain protein (JCVI)
PMG11_06158	CDHK01000005.1	1921301	1921693	-	hypothetical protein
PMG11_06159	CDHK01000005.1	1922978	1925191	-	hypothetical protein
PMG11_06160	CDHK01000005.1	1926045	1927622	+	hypothetical protein
PMG11_06161	CDHK01000005.1	1927679	1928119	-	hypothetical protein
PMG11_06162	CDHK01000005.1	1930030	1930716	-	hypothetical protein
PMG11_06163	CDHK01000005.1	1931454	1932337	-	Putative CsbD domain-containing protein
PMG11_06164	CDHK01000005.1	1932986	1935652	-	Putative Indoleamine 2,3-dioxygenase subfamily
PMG11_06165	CDHK01000005.1	1936806	1939034	-	hypothetical protein
PMG11_06166	CDHK01000005.1	1940291	1942779	+	hypothetical protein
PMG11_06167	CDHK01000005.1	1941584	1944661	-	Putative tRNA splicing protein
PMG11_06168	CDHK01000005.1	1944724	1946854	+	Putative BAR adaptor protein RVS167
PMG11_06169	CDHK01000005.1	1947770	1949060	-	hypothetical protein
PMG11_06170	CDHK01000005.1	1951617	1952985	+	hypothetical protein
PMG11_06171	CDHK01000005.1	1953313	1954494	-	hypothetical protein
PMG11_06172	CDHK01000005.1	1955711	1957378	+	Putative 2,4-dienoyl-CoA reductase
PMG11_06173	CDHK01000005.1	1957757	1959721	+	Putative ESCRT-I component
PMG11_06174	CDHK01000005.1	1960057	1962793	-	hypothetical protein
PMG11_06175	CDHK01000005.1	1964726	1968809	+	Putative Glycosyltransferase family 2 protein
PMG11_06176	CDHK01000005.1	1969139	1969947	+	Putative NEDD8-conjugating enzyme Ubc12
PMG11_06177	CDHK01000005.1	1970645	1971235	-	Putative Cytochrome c oxidase subunit 7A
PMG11_06178	CDHK01000005.1	1971362	1973143	+	hypothetical protein
PMG11_06179	CDHK01000005.1	1973089	1973721	-	hypothetical protein
PMG11_06180	CDHK01000005.1	1973263	1976479	+	hypothetical protein
PMG11_06181	CDHK01000005.1	1975259	1976443	-	Putative Threonine dehydratase
PMG11_06182	CDHK01000005.1	1976809	1978071	-	Putative Ketol-acid reductoisomerase mitochondrial
PMG11_06183	CDHK01000005.1	1979021	1981294	-	hypothetical protein
PMG11_06184	CDHK01000005.1	1982193	1986866	-	hypothetical protein
PMG11_06185	CDHK01000005.1	1987026	1989107	+	hypothetical protein
PMG11_06186	CDHK01000005.1	1989446	1994702	+	hypothetical protein
PMG11_06187	CDHK01000005.1	1992320	1993138	-	Putative Rhamnogalacturonan acetylesterase RgaE
PMG11_06188	CDHK01000005.1	1993986	1994907	-	Putative Enoyl-CoA hydratase/isomerase family protein
PMG11_06189	CDHK01000005.1	1995926	1996906	-	hypothetical protein
PMG11_06190	CDHK01000005.1	1997662	1998036	-	Putative DNA repair protein Rex1
PMG11_06191	CDHK01000005.1	1998220	2000347	-	hypothetical protein
PMG11_06192	CDHK01000005.1	2000887	2002715	-	Putative Function: ttuB of A. vitis facilitates the cellular uptake of tartrate
PMG11_06193	CDHK01000005.1	2003977	2004364	+	hypothetical protein
PMG11_06194	CDHK01000005.1	2004865	2007406	-	hypothetical protein
PMG11_06195	CDHK01000005.1	2008041	2009468	-	Putative C4-dicarboxylate transporter/malic acid transport protein
PMG11_06196	CDHK01000005.1	2010190	2011194	+	hypothetical protein
PMG11_06197	CDHK01000005.1	2012989	2013849	+	hypothetical protein
PMG11_06198	CDHK01000005.1	2013883	2014995	+	hypothetical protein
PMG11_06199	CDHK01000005.1	2015882	2017661	-	Putative Synaptic vesicle transporter SVOP
PMG11_06200	CDHK01000005.1	2018425	2019467	-	Putative Synaptic vesicle transporter SVOP and related transporters
PMG11_06201	CDHK01000005.1	2020428	2022170	-	hypothetical protein
PMG11_06202	CDHK01000005.1	2022663	2023724	+	hypothetical protein
PMG11_06203	CDHK01000005.1	2024330	2025750	-	hypothetical protein
PMG11_06204	CDHK01000005.1	2026473	2027609	+	hypothetical protein
PMG11_06205	CDHK01000005.1	2028790	2030001	+	hypothetical protein
PMG11_06206	CDHK01000005.1	2030310	2031045	-	hypothetical protein
PMG11_06207	CDHK01000005.1	2032083	2035364	-	hypothetical protein
PMG11_06208	CDHK01000005.1	2035741	2038403	-	hypothetical protein
PMG11_06209	CDHK01000005.1	2038975	2040159	-	Putative Arabinan endo-1,5-alpha-L-arabinosidase
PMG11_06210	CDHK01000005.1	2040566	2043526	-	hypothetical protein
PMG11_06211	CDHK01000005.1	2043994	2046362	-	Putative Amine oxidase
PMG11_06212	CDHK01000005.1	2047127	2049005	+	hypothetical protein
PMG11_06213	CDHK01000005.1	2049306	2050307	+	hypothetical protein
PMG11_06214	CDHK01000005.1	2051275	2054295	+	hypothetical protein
PMG11_06215	CDHK01000005.1	2054968	2056546	+	Putative Glutathione-dependent formaldehyde dehydrogenase
PMG11_06216	CDHK01000005.1	2057090	2057695	-	Putative Cupin domain protein
PMG11_06217	CDHK01000005.1	2060551	2061396	+	hypothetical protein
PMG11_06218	CDHK01000005.1	2064590	2065820	+	Putative Peptidase family T4
PMG11_06219	CDHK01000005.1	2069496	2071306	+	hypothetical protein
PMG11_06220	CDHK01000005.1	2076562	2077588	+	hypothetical protein
PMG11_06221	CDHK01000005.1	2126945	2127418	-	hypothetical protein
PMG11_06222	CDHK01000005.1	2169822	2170457	-	Putative HHE domain protein
PMG11_06223	CDHK01000005.1	2173658	2174010	+	hypothetical protein
PMG11_06224	CDHK01000005.1	2174270	2177893	-	hypothetical protein
PMG11_06225	CDHK01000005.1	2177994	2180312	+	hypothetical protein
PMG11_06226	CDHK01000005.1	2181037	2184972	+	Putative Kinetoplast-associated protein kap
PMG11_06227	CDHK01000005.1	2183881	2188673	-	hypothetical protein
PMG11_06228	CDHK01000005.1	2188827	2190078	+	hypothetical protein
PMG11_06229	CDHK01000005.1	2190584	2191774	+	Putative Diacylglycerol o-acyltransferase
PMG11_06230	CDHK01000005.1	2192144	2195134	-	Putative Kinesin family protein
PMG11_06231	CDHK01000005.1	2197459	2198722	-	Putative CMGC/CDK/CDK7 protein kinase
PMG11_06232	CDHK01000005.1	2198928	2200078	+	hypothetical protein
PMG11_06233	CDHK01000005.1	2200193	2202683	-	Putative Cytochrome P450, family 51 (Sterol 14-demethylase)
PMG11_06234	CDHK01000005.1	2203561	2205791	-	Putative Cell-cycle checkpoint serine-threonine kinase (Eurofung)
PMG11_06235	CDHK01000005.1	2206450	2212967	+	hypothetical protein
PMG11_06236	CDHK01000005.1	2213377	2215395	-	hypothetical protein
PMG11_06237	CDHK01000005.1	2215713	2220024	+	Putative Adenosinetriphosphatase
PMG11_06238	CDHK01000005.1	2220338	2222899	+	hypothetical protein
PMG11_06239	CDHK01000005.1	2223259	2227849	+	Putative ARF GTPase activator
PMG11_06240	CDHK01000005.1	2233057	2235398	+	hypothetical protein
PMG11_06241	CDHK01000005.1	2235413	2237628	+	hypothetical protein
PMG11_06242	CDHK01000005.1	2238860	2243415	-	hypothetical protein
PMG11_06243	CDHK01000005.1	2239795	2240574	+	hypothetical protein
PMG11_06244	CDHK01000005.1	2244274	2245404	-	Putative Pirin
PMG11_06245	CDHK01000005.1	2246207	2248221	+	hypothetical protein
PMG11_06246	CDHK01000005.1	2248613	2253506	+	hypothetical protein
PMG11_06247	CDHK01000005.1	2253847	2256105	-	Putative Fungal specific transcription factor domain protein
PMG11_06248	CDHK01000005.1	2256462	2257552	-	Putative (2R)-phospho-3-sulfolactate synthase
PMG11_06249	CDHK01000005.1	2258940	2261150	+	Putative Integral membrane protein
PMG11_06250	CDHK01000005.1	2261416	2264882	+	hypothetical protein
PMG11_06251	CDHK01000005.1	2265408	2266775	-	hypothetical protein
PMG11_06252	CDHK01000005.1	2267123	2269647	-	hypothetical protein
PMG11_06253	CDHK01000005.1	2270045	2271031	+	Putative Esterase/lipase
PMG11_06254	CDHK01000005.1	2272601	2274805	+	Putative Pre-mRNA splicing factor
PMG11_06255	CDHK01000005.1	2275123	2275971	+	Putative J-type chaperone
PMG11_06256	CDHK01000005.1	2276510	2280118	+	hypothetical protein
PMG11_06257	CDHK01000005.1	2280717	2283685	+	hypothetical protein
PMG11_06258	CDHK01000005.1	2285792	2286310	-	hypothetical protein
PMG11_06259	CDHK01000005.1	2286984	2288198	-	Putative RNA-3'-phosphate cyclase
PMG11_06260	CDHK01000005.1	2288472	2289187	+	Putative 3-hydroxyanthranilate 3,4-dioxygenase 1
PMG11_06261	CDHK01000005.1	2289980	2291992	-	Putative Noc1p protein
PMG11_06262	CDHK01000005.1	2292653	2294099	+	Putative Serine/threonine protein kinase
PMG11_06263	CDHK01000005.1	2294551	2295907	+	hypothetical protein
PMG11_06264	CDHK01000005.1	2296853	2299164	+	Putative MFS transporter
PMG11_06265	CDHK01000005.1	2299804	2300817	+	Putative Beta-1,4-xylosidase
PMG11_06266	CDHK01000005.1	2301626	2302237	-	hypothetical protein
PMG11_06267	CDHK01000005.1	2303068	2305826	-	Putative Oligopeptidase family protein
PMG11_06268	CDHK01000005.1	2306127	2313149	-	Putative RNA-dependent ATPase RNA helicase
PMG11_06269	CDHK01000005.1	2313228	2316603	+	Putative Mismatch repair ATPase
PMG11_06270	CDHK01000005.1	2317483	2318518	-	hypothetical protein
PMG11_06271	CDHK01000005.1	2320511	2322352	-	Putative Protein subunit of nuclear ribonuclease P
PMG11_06272	CDHK01000005.1	2322280	2324639	+	Putative Casein kinase II subunit alpha
PMG11_06273	CDHK01000005.1	2325078	2328479	+	Putative Valyl-tRNA synthetase
PMG11_06274	CDHK01000005.1	2328875	2329731	+	hypothetical protein
PMG11_06275	CDHK01000005.1	2330973	2332281	+	Putative Valyl-tRNA synthetase, mitochondrial
PMG11_06276	CDHK01000005.1	2332404	2334143	+	Putative Peroxisomal protein
PMG11_06277	CDHK01000005.1	2335071	2335770	-	hypothetical protein
PMG11_06278	CDHK01000005.1	2335752	2338579	-	hypothetical protein
PMG11_06279	CDHK01000005.1	2338731	2340765	-	hypothetical protein
PMG11_06280	CDHK01000005.1	2341943	2346051	+	hypothetical protein
PMG11_06281	CDHK01000005.1	2343469	2346396	-	Putative RING finger domain-containing protein
PMG11_06282	CDHK01000005.1	2347373	2348428	+	hypothetical protein
PMG11_06283	CDHK01000005.1	2348648	2350325	-	hypothetical protein
PMG11_06284	CDHK01000005.1	2350678	2351706	-	hypothetical protein
PMG11_06285	CDHK01000005.1	2352840	2354675	+	hypothetical protein
PMG11_06286	CDHK01000005.1	2354716	2356729	+	Putative MFS transporter
PMG11_06287	CDHK01000005.1	2358125	2358996	+	hypothetical protein
PMG11_06288	CDHK01000005.1	2360402	2362333	-	hypothetical protein
PMG11_06289	CDHK01000005.1	2362876	2364810	-	hypothetical protein
PMG11_06290	CDHK01000005.1	2365534	2367236	-	hypothetical protein
PMG11_06291	CDHK01000005.1	2368150	2369394	+	Putative Short chain dehydrogenase
PMG11_06292	CDHK01000005.1	2369771	2370458	-	hypothetical protein
PMG11_06293	CDHK01000005.1	2373143	2374541	+	hypothetical protein
PMG11_06294	CDHK01000005.1	2375491	2376574	+	Putative PX domain protein
PMG11_06295	CDHK01000005.1	2377055	2380152	-	hypothetical protein
PMG11_06296	CDHK01000005.1	2385507	2387692	+	Putative PLC-C group protein Nfis3
PMG11_06297	CDHK01000005.1	2392454	2393195	-	hypothetical protein
PMG11_06298	CDHK01000005.1	2396283	2398712	-	Putative Extracellular serine-threonine rich protein
PMG11_06299	CDHK01000005.1	2401065	2402437	+	hypothetical protein
PMG11_06300	CDHK01000005.1	2402817	2403857	-	hypothetical protein
PMG11_06301	CDHK01000005.1	2404369	2405393	+	hypothetical protein
PMG11_06302	CDHK01000005.1	2405823	2407198	-	hypothetical protein
PMG11_06303	CDHK01000005.1	2409549	2410225	+	hypothetical protein
PMG11_06304	CDHK01000005.1	2412348	2417015	+	hypothetical protein
PMG11_06305	CDHK01000005.1	2417338	2419234	+	hypothetical protein
PMG11_06306	CDHK01000005.1	2418734	2422689	-	hypothetical protein
PMG11_06307	CDHK01000005.1	2422602	2424414	+	hypothetical protein
PMG11_06308	CDHK01000005.1	2424413	2426430	-	Putative Aldehyde dehydrogenase
PMG11_06309	CDHK01000005.1	2427026	2427967	+	hypothetical protein
PMG11_06310	CDHK01000005.1	2430347	2435121	+	Putative LEA domain protein
PMG11_06311	CDHK01000005.1	2434543	2435813	-	hypothetical protein
PMG11_06312	CDHK01000005.1	2436711	2437990	-	Putative Mitochondrial thiamine pyrophosphate carrier 1
PMG11_06313	CDHK01000005.1	2438043	2440124	+	hypothetical protein
PMG11_06314	CDHK01000005.1	2440381	2441287	-	Putative Glutaredoxin-related protein
PMG11_06315	CDHK01000005.1	2441661	2446355	+	Putative 3'-5' exonuclease
PMG11_06316	CDHK01000005.1	2444457	2445986	-	hypothetical protein
PMG11_06317	CDHK01000005.1	2447594	2450972	+	hypothetical protein
PMG11_06318	CDHK01000005.1	2448074	2451337	-	hypothetical protein
PMG11_06319	CDHK01000005.1	2451571	2453189	+	Putative L-allo-threonine aldolase
PMG11_06320	CDHK01000005.1	2453298	2457698	+	hypothetical protein
PMG11_06321	CDHK01000005.1	2458256	2459335	-	hypothetical protein
PMG11_06322	CDHK01000005.1	2460042	2461882	+	hypothetical protein
PMG11_06323	CDHK01000005.1	2462283	2463800	-	hypothetical protein
PMG11_06324	CDHK01000005.1	2464260	2466704	-	hypothetical protein
PMG11_06325	CDHK01000005.1	2467758	2468630	+	hypothetical protein
PMG11_06326	CDHK01000005.1	2468947	2470554	+	hypothetical protein
PMG11_06327	CDHK01000005.1	2471654	2473832	+	hypothetical protein
PMG11_06328	CDHK01000005.1	2474168	2474674	+	Putative NADH-ubiquinone oxidoreductase 12 kDa subunit
PMG11_06329	CDHK01000005.1	2475159	2476811	-	hypothetical protein
PMG11_06330	CDHK01000005.1	2477144	2478870	-	Putative MFS multidrug transporter
PMG11_06331	CDHK01000005.1	2480420	2481958	-	Putative Bromodomain associated domain protein
PMG11_06332	CDHK01000005.1	2482417	2483799	+	Putative Transcription initiation factor TFIID subunit 7
PMG11_06333	CDHK01000005.1	2484139	2484738	+	hypothetical protein
PMG11_06334	CDHK01000005.1	2485689	2486830	+	Putative Enoyl-CoA hydratase/isomerase family protein
PMG11_06335	CDHK01000005.1	2486945	2488492	-	hypothetical protein
PMG11_06336	CDHK01000005.1	2492036	2492326	-	hypothetical protein
PMG11_06337	CDHK01000005.1	2492762	2493547	-	hypothetical protein
PMG11_06338	CDHK01000005.1	2494258	2496322	+	hypothetical protein
PMG11_06339	CDHK01000005.1	2496403	2498064	-	hypothetical protein
PMG11_06340	CDHK01000005.1	2498749	2500344	+	hypothetical protein
PMG11_06341	CDHK01000005.1	2508753	2511838	+	hypothetical protein
PMG11_06342	CDHK01000005.1	2512020	2516890	+	hypothetical protein
PMG11_06343	CDHK01000005.1	2520194	2520688	-	hypothetical protein
PMG11_06344	CDHK01000005.1	2522515	2524944	+	hypothetical protein
PMG11_06345	CDHK01000005.1	2526118	2528159	+	hypothetical protein
PMG11_06346	CDHK01000005.1	2528253	2529657	-	hypothetical protein
PMG11_06347	CDHK01000005.1	2532545	2538451	-	Putative Kinesin family protein
PMG11_06348	CDHK01000005.1	2543978	2544972	+	hypothetical protein
PMG11_06349	CDHK01000005.1	2545443	2546528	+	Putative CCAAT-binding transcription factor subunit HAPB
PMG11_06350	CDHK01000005.1	2547651	2549026	-	hypothetical protein
PMG11_06351	CDHK01000005.1	2549707	2556729	+	Putative Remark: a splice site was detected upstream of the START codon
PMG11_06352	CDHK01000005.1	2554439	2556205	-	hypothetical protein
PMG11_06353	CDHK01000005.1	2556935	2559613	+	hypothetical protein
PMG11_06354	CDHK01000005.1	2566035	2567038	+	hypothetical protein
PMG11_06355	CDHK01000005.1	2567227	2569417	+	Putative Cytochrome P450 71A20
PMG11_06356	CDHK01000005.1	2571570	2575483	-	hypothetical protein
PMG11_06357	CDHK01000005.1	2577520	2580730	-	Putative Eukaryotic translation initiation factor 3 subunit D
PMG11_06358	CDHK01000005.1	2577608	2578507	+	hypothetical protein
PMG11_06359	CDHK01000005.1	2581535	2581953	+	hypothetical protein
PMG11_06360	CDHK01000005.1	2583290	2585065	-	hypothetical protein
PMG11_06361	CDHK01000005.1	2585607	2586424	+	hypothetical protein
PMG11_06362	CDHK01000005.1	2586701	2588500	-	Putative Thermophilic glucose-6-phosphate isomerase
PMG11_06363	CDHK01000005.1	2592322	2592647	-	hypothetical protein
PMG11_06364	CDHK01000005.1	2593914	2595056	-	hypothetical protein
PMG11_06365	CDHK01000005.1	2597348	2599270	-	hypothetical protein
PMG11_06366	CDHK01000005.1	2600631	2602220	-	hypothetical protein
PMG11_06367	CDHK01000005.1	2604282	2606999	-	hypothetical protein
PMG11_06368	CDHK01000005.1	2608470	2611068	-	hypothetical protein
PMG11_06369	CDHK01000005.1	2611754	2613585	-	Putative Zinc/cadmium resistance protein
PMG11_06370	CDHK01000005.1	2615192	2616274	-	hypothetical protein
PMG11_06371	CDHK01000005.1	2617279	2618584	+	hypothetical protein
PMG11_06372	CDHK01000005.1	2619766	2621410	+	hypothetical protein
PMG11_06373	CDHK01000005.1	2621515	2622765	-	hypothetical protein
PMG11_06374	CDHK01000005.1	2623277	2626651	-	hypothetical protein
PMG11_06375	CDHK01000005.1	2625187	2626649	+	hypothetical protein
PMG11_06376	CDHK01000005.1	2627395	2629945	-	hypothetical protein
PMG11_06377	CDHK01000005.1	2629946	2632976	+	hypothetical protein
PMG11_06378	CDHK01000005.1	2630936	2636884	-	hypothetical protein
PMG11_06379	CDHK01000005.1	2636525	2639032	+	hypothetical protein
PMG11_06380	CDHK01000005.1	2639163	2640261	+	hypothetical protein
PMG11_06381	CDHK01000005.1	2642116	2643021	+	hypothetical protein
PMG11_06382	CDHK01000005.1	2643633	2644384	+	hypothetical protein
PMG11_06383	CDHK01000005.1	2645389	2646511	+	hypothetical protein
PMG11_06384	CDHK01000005.1	2646595	2648461	-	Putative Fatty acid desaturase
PMG11_06385	CDHK01000005.1	2651124	2651902	+	hypothetical protein
PMG11_06386	CDHK01000005.1	2652827	2655074	+	Putative MFS multidrug transporter
PMG11_06387	CDHK01000005.1	2655439	2659676	-	hypothetical protein
PMG11_06388	CDHK01000005.1	2660989	2662239	+	Putative OPA3 domain protein
PMG11_06389	CDHK01000005.1	2663238	2667452	+	Putative Myosin-1
PMG11_06390	CDHK01000005.1	2668032	2668857	-	hypothetical protein
PMG11_06391	CDHK01000005.1	2669573	2672043	-	hypothetical protein
PMG11_06392	CDHK01000005.1	2674664	2678356	-	Putative Chitin synthase F
PMG11_06393	CDHK01000005.1	2682915	2686423	+	Putative SKT5
PMG11_06394	CDHK01000005.1	2687113	2688580	-	hypothetical protein
PMG11_06395	CDHK01000005.1	2689140	2690629	+	hypothetical protein
PMG11_06396	CDHK01000005.1	2691392	2692419	-	Putative Thiol methyltransferase
PMG11_06397	CDHK01000005.1	2693843	2698272	+	Putative Multidrug resistance protein CDR2
PMG11_06398	CDHK01000005.1	2702120	2702834	-	Putative NADH-ubiquinone oxidoreductase subunit
PMG11_06399	CDHK01000005.1	2704178	2707152	+	hypothetical protein
PMG11_06400	CDHK01000005.1	2708003	2709172	-	hypothetical protein
PMG11_06401	CDHK01000005.1	2710090	2711118	+	hypothetical protein
PMG11_06402	CDHK01000005.1	2712583	2715879	-	hypothetical protein
PMG11_06403	CDHK01000005.1	2712748	2713821	+	Putative Ribokinase
PMG11_06404	CDHK01000005.1	2716197	2718458	-	Putative Quinate permease
PMG11_06405	CDHK01000005.1	2719043	2720376	+	hypothetical protein
PMG11_06406	CDHK01000005.1	2720586	2722080	-	hypothetical protein
PMG11_06407	CDHK01000005.1	2724679	2727095	-	hypothetical protein
PMG11_06408	CDHK01000005.1	2730126	2730813	+	hypothetical protein
PMG11_06409	CDHK01000005.1	2731540	2732501	+	hypothetical protein
PMG11_06410	CDHK01000005.1	2732924	2733760	-	Putative Endo-1,4-beta-D-glucanase
PMG11_06411	CDHK01000005.1	2736072	2737149	-	hypothetical protein
PMG11_06412	CDHK01000005.1	2740615	2741307	+	hypothetical protein
PMG11_06413	CDHK01000005.1	2743691	2745222	+	hypothetical protein
PMG11_06414	CDHK01000005.1	2747886	2748442	+	hypothetical protein
PMG11_06415	CDHK01000005.1	2752020	2752318	+	hypothetical protein
PMG11_06416	CDHK01000005.1	2752349	2752754	+	hypothetical protein
PMG11_06417	CDHK01000005.1	2753940	2754788	+	hypothetical protein
PMG11_06418	CDHK01000005.1	2756626	2760631	-	hypothetical protein
PMG11_06419	CDHK01000005.1	2756647	2757961	+	hypothetical protein
PMG11_06420	CDHK01000005.1	2765075	2766191	-	hypothetical protein
PMG11_06421	CDHK01000005.1	2769721	2770109	+	hypothetical protein
PMG11_06422	CDHK01000005.1	2770682	2772494	-	Putative Acyl-CoA carboxylate CoA-transferase
PMG11_06423	CDHK01000005.1	2773877	2780044	-	Putative Sin3 protein
PMG11_06424	CDHK01000005.1	2780337	2784004	-	Putative RGB-1 protein phosphatase 2A regulatory B subunit
PMG11_06425	CDHK01000005.1	2784746	2785927	+	hypothetical protein
PMG11_06426	CDHK01000005.1	2786666	2787773	+	hypothetical protein
PMG11_06427	CDHK01000005.1	2788348	2789163	-	hypothetical protein
PMG11_06428	CDHK01000005.1	2789828	2792646	-	Putative Fumarate reductase
PMG11_06429	CDHK01000005.1	2794636	2795244	-	hypothetical protein
PMG11_06430	CDHK01000005.1	2797858	2799974	+	Putative Uric acid-xanthine permease
PMG11_06431	CDHK01000005.1	2800396	2802740	-	Putative Aldehyde dehydrogenase family protein
PMG11_06432	CDHK01000005.1	2804036	2805757	+	hypothetical protein
PMG11_06433	CDHK01000005.1	2804866	2808880	-	hypothetical protein
PMG11_06434	CDHK01000005.1	2809703	2811776	+	hypothetical protein
PMG11_06435	CDHK01000005.1	2811725	2813628	-	Putative COP9 signalosome, subunit CSN4
PMG11_06436	CDHK01000005.1	2814147	2815652	+	hypothetical protein
PMG11_06437	CDHK01000005.1	2815976	2817909	+	hypothetical protein
PMG11_06438	CDHK01000005.1	2822892	2826590	+	hypothetical protein
PMG11_06439	CDHK01000005.1	2827375	2829277	+	Putative Fe2 /Zn2 regulated transporter
PMG11_06440	CDHK01000005.1	2829697	2830719	+	Putative DUTPase
PMG11_06441	CDHK01000005.1	2833040	2835225	-	Putative Sel1-like protein
PMG11_06442	CDHK01000005.1	2835649	2836773	-	Putative F1F0-ATP synthase, subunit b/ATP4
PMG11_06443	CDHK01000005.1	2836920	2839922	+	hypothetical protein
PMG11_06444	CDHK01000005.1	2837636	2840663	-	Putative Gamma-glutamyltranspeptidase family protein
PMG11_06445	CDHK01000005.1	2842954	2843853	+	hypothetical protein
PMG11_06446	CDHK01000005.1	2844306	2846422	+	hypothetical protein
PMG11_06447	CDHK01000005.1	2847111	2849130	-	hypothetical protein
PMG11_06448	CDHK01000005.1	2850378	2852555	-	hypothetical protein
PMG11_06449	CDHK01000005.1	2852988	2853859	-	Putative DNA repair/transcription protein
PMG11_06450	CDHK01000005.1	2853967	2855215	+	Putative FAS1 domain-containing protein
PMG11_06451	CDHK01000005.1	2854058	2856269	-	Putative DUF850 domain protein
PMG11_06452	CDHK01000005.1	2855991	2857591	+	Putative Signal peptidase complex component
PMG11_06453	CDHK01000005.1	2856504	2858896	-	Putative Methylenetetrahydrofolate dehydrogenase
PMG11_06454	CDHK01000005.1	2860279	2863308	-	Putative ATP synthase subunit alpha
PMG11_06455	CDHK01000005.1	2863349	2864916	-	Putative DUF962 domain protein
PMG11_06456	CDHK01000005.1	2865252	2867333	-	hypothetical protein
PMG11_06457	CDHK01000005.1	2869153	2869854	+	Putative DNA-directed RNA polymerase subunit E'
PMG11_06458	CDHK01000005.1	2871081	2872754	+	hypothetical protein
PMG11_06459	CDHK01000005.1	2873725	2874555	-	hypothetical protein
PMG11_06460	CDHK01000005.1	2875262	2880329	-	hypothetical protein
PMG11_06461	CDHK01000005.1	2881590	2884436	+	hypothetical protein
PMG11_06462	CDHK01000005.1	2884787	2886178	+	hypothetical protein
PMG11_06463	CDHK01000005.1	2886418	2888908	+	Putative Peroxin-5
PMG11_06464	CDHK01000005.1	2889035	2891625	+	hypothetical protein
PMG11_06465	CDHK01000005.1	2892193	2893956	-	Putative Cytochrome P450 monooxygenase
PMG11_06466	CDHK01000005.1	2894499	2895974	+	Putative NADH-cytochrome b-5 reductase
PMG11_06467	CDHK01000005.1	2896679	2898604	+	hypothetical protein
PMG11_06468	CDHK01000005.1	2900883	2901264	+	hypothetical protein
PMG11_06469	CDHK01000005.1	2902751	2904041	-	hypothetical protein
PMG11_06470	CDHK01000005.1	2905555	2907403	+	Putative FAD/FMN-containing isoamyl alcohol oxidase MreA
PMG11_06471	CDHK01000005.1	2907208	2910033	-	Putative COG1565 domain protein
PMG11_06472	CDHK01000005.1	2909484	2911002	+	Putative Cysteine synthase 2
PMG11_06473	CDHK01000005.1	2911110	2913080	-	hypothetical protein
PMG11_06474	CDHK01000005.1	2913257	2915072	+	Putative Atg6p
PMG11_06475	CDHK01000005.1	2920683	2922155	+	hypothetical protein
PMG11_06476	CDHK01000005.1	2923407	2925913	-	Putative Peroxin 13
PMG11_06477	CDHK01000005.1	2926079	2929470	-	Putative Oxidoreductin
PMG11_06478	CDHK01000005.1	2932832	2933772	-	hypothetical protein
PMG11_06479	CDHK01000005.1	2933964	2935473	-	hypothetical protein
PMG11_06480	CDHK01000005.1	2938905	2940172	+	hypothetical protein
PMG11_06481	CDHK01000005.1	2940368	2941915	+	hypothetical protein
PMG11_06482	CDHK01000005.1	2941356	2943857	-	hypothetical protein
PMG11_06483	CDHK01000005.1	2944976	2946735	-	hypothetical protein
PMG11_06484	CDHK01000005.1	2947109	2949745	-	hypothetical protein
PMG11_06485	CDHK01000005.1	2950786	2951736	+	Putative Dihydrodipicolinate synthetase family protein
PMG11_06486	CDHK01000005.1	2952224	2954790	+	Putative Beta-hexosaminidase (Precursor)
PMG11_06487	CDHK01000005.1	2960335	2961872	+	hypothetical protein
PMG11_06488	CDHK01000005.1	2970627	2974113	+	Putative Zinc finger protein
PMG11_06489	CDHK01000005.1	2974186	2975496	+	hypothetical protein
PMG11_06490	CDHK01000005.1	2978733	2979891	-	hypothetical protein
PMG11_06491	CDHK01000005.1	2983302	2985441	-	hypothetical protein
PMG11_06492	CDHK01000005.1	2985596	2986898	-	hypothetical protein
PMG11_06493	CDHK01000005.1	2987097	2987609	+	Putative Small nuclear ribonucleoprotein SmG
PMG11_06494	CDHK01000005.1	2987549	2994597	-	Putative TATA binding protein associated factor
PMG11_06495	CDHK01000005.1	2992556	2994188	+	Putative Catalytic activity: CDP-ethanolamine 1 (Precursor)
PMG11_06496	CDHK01000005.1	2994494	2995858	-	Putative Amidohydrolase
PMG11_06497	CDHK01000005.1	2996871	2998505	+	hypothetical protein
PMG11_06498	CDHK01000005.1	2999540	3000546	+	hypothetical protein
PMG11_06499	CDHK01000005.1	3001546	3003430	-	Putative Function: high affinity glucose transporter (Precursor)
PMG11_06500	CDHK01000005.1	3003922	3006675	-	Putative Catalytic activity: hydrolysis of terminal
PMG11_06501	CDHK01000005.1	3007572	3008750	+	hypothetical protein
PMG11_06502	CDHK01000005.1	3008865	3014084	-	hypothetical protein
PMG11_06503	CDHK01000005.1	3015385	3015876	+	hypothetical protein
PMG11_06504	CDHK01000005.1	3015950	3019793	-	Putative Mechanosensitive ion channel family
PMG11_06505	CDHK01000005.1	3021704	3022922	-	hypothetical protein
PMG11_06506	CDHK01000005.1	3024460	3025529	+	hypothetical protein
PMG11_06507	CDHK01000005.1	3026188	3029646	-	hypothetical protein
PMG11_06508	CDHK01000005.1	3029815	3032453	-	Putative Protein kinase response regulator receiver domain-containing protein
PMG11_06509	CDHK01000005.1	3036187	3039153	+	hypothetical protein
PMG11_06510	CDHK01000005.1	3039146	3042325	-	hypothetical protein
PMG11_06511	CDHK01000005.1	3041742	3042253	+	hypothetical protein
PMG11_06512	CDHK01000005.1	3042955	3045990	+	Putative Amino acid permease
PMG11_06513	CDHK01000005.1	3047406	3049373	+	hypothetical protein
PMG11_06514	CDHK01000005.1	3049646	3050962	-	Putative C-3 sterol dehydrogenase/C-4 decarboxylase
PMG11_06515	CDHK01000005.1	3051162	3053585	-	hypothetical protein
PMG11_06516	CDHK01000005.1	3054445	3059973	+	Putative Rho GTPase activator
PMG11_06517	CDHK01000005.1	3060259	3061913	-	hypothetical protein
PMG11_06518	CDHK01000005.1	3061933	3063756	+	Putative 26S proteasome regulatory subunit S5A
PMG11_06519	CDHK01000005.1	3063397	3063987	-	Putative Sybindin-like family protein
PMG11_06520	CDHK01000005.1	3065568	3066615	-	hypothetical protein
PMG11_06521	CDHK01000005.1	3067247	3067657	-	hypothetical protein
PMG11_06522	CDHK01000005.1	3070718	3072328	-	hypothetical protein
PMG11_06523	CDHK01000005.1	3074236	3079237	-	Putative Remark: CDR4 seems to be involved in fluconazole resistance in C. albicans
PMG11_06524	CDHK01000005.1	3080407	3082376	-	Putative Arylsulfotransferase
PMG11_06525	CDHK01000005.1	3082639	3085044	+	Putative Remark: Botryotinia fuckeliana=Botrytis cinerea (Precursor)
PMG11_06526	CDHK01000005.1	3085094	3087494	-	Putative Alpha-L-arabinofuranosidase A
PMG11_06527	CDHK01000005.1	3088365	3092337	-	hypothetical protein
PMG11_06528	CDHK01000005.1	3092558	3094279	-	hypothetical protein
PMG11_06529	CDHK01000005.1	3095169	3098877	-	hypothetical protein
PMG11_06530	CDHK01000005.1	3100416	3100854	+	hypothetical protein
PMG11_06531	CDHK01000005.1	3102966	3104086	+	hypothetical protein
PMG11_06532	CDHK01000005.1	3104694	3105652	-	Putative Ribulose-phosphate 3-epimerase
PMG11_06533	CDHK01000005.1	3108745	3112694	+	hypothetical protein
PMG11_06534	CDHK01000005.1	3113056	3113564	+	Putative Small nuclear ribonucleoprotein LSM2
PMG11_06535	CDHK01000005.1	3114273	3116816	+	hypothetical protein
PMG11_06536	CDHK01000005.1	3117212	3119822	+	Putative Benzoate 4-monooxygenase
PMG11_06537	CDHK01000005.1	3119957	3125221	-	Putative Small oligopeptide transporter, OPT family
PMG11_06538	CDHK01000005.1	3125359	3128709	-	hypothetical protein
PMG11_06539	CDHK01000005.1	3130260	3130967	+	hypothetical protein
PMG11_06540	CDHK01000005.1	3131567	3132885	+	hypothetical protein
PMG11_06541	CDHK01000005.1	3132940	3133487	+	Putative Glutathione-dependent formaldehyde-activating enzyme
PMG11_06542	CDHK01000005.1	3133924	3135474	+	hypothetical protein
PMG11_06543	CDHK01000005.1	3135646	3137594	+	Putative Citrate synthase
PMG11_06544	CDHK01000005.1	3139468	3140514	+	hypothetical protein
PMG11_06545	CDHK01000005.1	3141079	3141804	+	hypothetical protein
PMG11_06546	CDHK01000005.1	3142023	3142658	-	hypothetical protein
PMG11_06547	CDHK01000005.1	3143210	3145261	+	Putative Autophagy-related protein 22-2
PMG11_06548	CDHK01000005.1	3146382	3147385	-	Putative Endo-1,4-beta-xylanase
PMG11_06549	CDHK01000005.1	3152023	3153505	-	hypothetical protein
PMG11_06550	CDHK01000005.1	3154334	3155904	+	hypothetical protein
PMG11_06551	CDHK01000005.1	3156025	3156868	+	hypothetical protein
PMG11_06552	CDHK01000005.1	3159158	3160888	+	hypothetical protein
PMG11_06553	CDHK01000005.1	3162163	3163672	-	hypothetical protein
PMG11_06554	CDHK01000005.1	3166235	3167563	-	hypothetical protein
PMG11_06555	CDHK01000005.1	3169463	3170404	-	hypothetical protein
PMG11_06556	CDHK01000005.1	3170734	3173485	-	Putative Flavonol reductase/cinnamoyl-CoA reductase
PMG11_06557	CDHK01000005.1	3175362	3176312	+	hypothetical protein
PMG11_06558	CDHK01000005.1	3176450	3177527	-	Putative Mannitol dehydrogenase
PMG11_06559	CDHK01000005.1	3178071	3180845	+	Putative Synaptic vesicle transporter SVOP
PMG11_06560	CDHK01000005.1	3182902	3186087	+	Putative MFS transporter
PMG11_06561	CDHK01000005.1	3184809	3186178	-	hypothetical protein
PMG11_06562	CDHK01000005.1	3187073	3189770	+	Putative Oxalate decarboxylase
PMG11_06563	CDHK01000005.1	3192898	3195244	-	hypothetical protein
PMG11_06564	CDHK01000005.1	3196318	3198971	-	hypothetical protein
PMG11_06565	CDHK01000005.1	3200173	3201566	+	hypothetical protein
PMG11_06566	CDHK01000005.1	3202928	3204182	-	hypothetical protein
PMG11_06567	CDHK01000005.1	3207756	3208782	+	Putative Chitinase
PMG11_06568	CDHK01000005.1	3209170	3211642	-	hypothetical protein
PMG11_06569	CDHK01000005.1	3212051	3213667	-	hypothetical protein
PMG11_06570	CDHK01000005.1	3214132	3215949	+	hypothetical protein
PMG11_06571	CDHK01000005.1	3215998	3217098	-	hypothetical protein
PMG11_06572	CDHK01000005.1	3217243	3218806	-	hypothetical protein
PMG11_06573	CDHK01000005.1	3218889	3220145	+	hypothetical protein
PMG11_06574	CDHK01000005.1	3220932	3221797	+	Putative YjgF-like protein (Fragment)
PMG11_06575	CDHK01000005.1	3221971	3222720	+	hypothetical protein
PMG11_06576	CDHK01000005.1	3222942	3225398	-	hypothetical protein
PMG11_06577	CDHK01000005.1	3225261	3226684	+	hypothetical protein
PMG11_06578	CDHK01000005.1	3226910	3244114	-	hypothetical protein
PMG11_06579	CDHK01000005.1	3245904	3246987	+	hypothetical protein
PMG11_06580	CDHK01000005.1	3247097	3248203	-	hypothetical protein
PMG11_06581	CDHK01000005.1	3248537	3253407	+	hypothetical protein
PMG11_06582	CDHK01000005.1	3254444	3255440	-	hypothetical protein
PMG11_06583	CDHK01000005.1	3254519	3256952	+	hypothetical protein
PMG11_06584	CDHK01000005.1	3257076	3258647	-	hypothetical protein
PMG11_06585	CDHK01000005.1	3258368	3260316	+	hypothetical protein
PMG11_06586	CDHK01000005.1	3260443	3261979	+	hypothetical protein
PMG11_06587	CDHK01000005.1	3261980	3267517	+	hypothetical protein
PMG11_06588	CDHK01000005.1	3267627	3273979	-	hypothetical protein
PMG11_06589	CDHK01000005.1	3274107	3277175	-	hypothetical protein
PMG11_06590	CDHK01000005.1	3274136	3275292	+	hypothetical protein
PMG11_06591	CDHK01000005.1	3276791	3277896	+	hypothetical protein
PMG11_06592	CDHK01000005.1	3278395	3279732	-	hypothetical protein
PMG11_06593	CDHK01000005.1	3283026	3284488	+	hypothetical protein
PMG11_06594	CDHK01000005.1	3297665	3298992	+	hypothetical protein
PMG11_06595	CDHK01000005.1	3340454	3342369	-	Putative Permease of the major facilitator superfamily
PMG11_06596	CDHK01000005.1	3342874	3344113	+	Putative Iron/ascorbate family oxidoreductases
PMG11_06597	CDHK01000005.1	3346171	3348676	+	hypothetical protein
PMG11_06598	CDHK01000005.1	3350442	3351354	+	hypothetical protein
PMG11_06599	CDHK01000005.1	3352260	3353796	-	hypothetical protein
PMG11_06600	CDHK01000005.1	3354710	3357319	-	hypothetical protein
PMG11_06601	CDHK01000005.1	3360333	3361721	+	hypothetical protein
PMG11_06602	CDHK01000006.1	18975	19650	+	Putative Endo-1,4-beta-xylanase
PMG11_06603	CDHK01000006.1	22055	23751	-	hypothetical protein
PMG11_06604	CDHK01000006.1	25588	26036	+	hypothetical protein
PMG11_06605	CDHK01000006.1	30882	31475	-	Putative 16 kDa allergen
PMG11_06606	CDHK01000006.1	64211	64617	+	hypothetical protein
PMG11_06607	CDHK01000006.1	67819	69267	+	Putative Beta-1,4-endoglucanase
PMG11_06608	CDHK01000006.1	70251	71057	+	Putative Endo-beta-1,4-glucanase Cel45A
PMG11_06609	CDHK01000006.1	71763	73193	-	hypothetical protein
PMG11_06610	CDHK01000006.1	74847	77207	-	hypothetical protein
PMG11_06611	CDHK01000006.1	78361	79795	+	hypothetical protein
PMG11_06612	CDHK01000006.1	81288	81668	+	hypothetical protein
PMG11_06613	CDHK01000006.1	84825	85640	+	Putative Aspergillopepsin
PMG11_06614	CDHK01000006.1	86487	87914	+	hypothetical protein
PMG11_06615	CDHK01000006.1	88145	88894	-	hypothetical protein
PMG11_06616	CDHK01000006.1	89197	89763	-	hypothetical protein
PMG11_06617	CDHK01000006.1	91001	92185	+	Putative Penicillolysin
PMG11_06618	CDHK01000006.1	92447	93305	-	hypothetical protein
PMG11_06619	CDHK01000006.1	94727	96015	+	Putative Endopolygalacturonase I
PMG11_06620	CDHK01000006.1	96603	98299	+	hypothetical protein
PMG11_06621	CDHK01000006.1	98304	100113	-	hypothetical protein
PMG11_06622	CDHK01000006.1	101031	102756	+	Putative Metal-dependent amidase/aminoacylase/carboxypeptidase
PMG11_06623	CDHK01000006.1	103072	105425	+	hypothetical protein
PMG11_06624	CDHK01000006.1	105562	106359	-	hypothetical protein
PMG11_06625	CDHK01000006.1	107097	107960	-	Putative Formyltetrahydrofolate deformylase
PMG11_06626	CDHK01000006.1	109246	110895	+	Putative Cellobiohydrolase
PMG11_06627	CDHK01000006.1	113714	114978	-	Putative Aspergillus niger contig An13c0060, genomic contig
PMG11_06628	CDHK01000006.1	115681	116937	+	Putative Carboxy-cis,cis-muconate cyclase
PMG11_06629	CDHK01000006.1	117465	119126	+	hypothetical protein
PMG11_06630	CDHK01000006.1	119452	120838	+	Putative Serine/threonine-protein phosphatase
PMG11_06631	CDHK01000006.1	121115	123733	+	Putative 2-polyprenyl-6-methoxyphenol hydroxylase
PMG11_06632	CDHK01000006.1	124052	128361	-	Putative Flavodoxin and radical SAM domain protein
PMG11_06633	CDHK01000006.1	124373	125330	+	hypothetical protein
PMG11_06634	CDHK01000006.1	128465	131177	+	hypothetical protein
PMG11_06635	CDHK01000006.1	130423	131076	-	hypothetical protein
PMG11_06636	CDHK01000006.1	131626	134236	+	Putative 2-polyprenyl-6-methoxyphenol hydroxylase
PMG11_06637	CDHK01000006.1	134469	136741	+	Putative Nonsense-mediated mRNA decay protein
PMG11_06638	CDHK01000006.1	139835	141997	+	hypothetical protein
PMG11_06639	CDHK01000006.1	145112	147419	+	hypothetical protein
PMG11_06640	CDHK01000006.1	147617	147925	-	hypothetical protein
PMG11_06641	CDHK01000006.1	148617	150447	+	Putative Salicylate hydroxylase
PMG11_06642	CDHK01000006.1	150975	153053	-	Putative ALDH-like protein
PMG11_06643	CDHK01000006.1	155052	157203	-	Putative DUF1446 domain protein
PMG11_06644	CDHK01000006.1	157676	160420	-	Putative Meiotic recombination protein Mre11
PMG11_06645	CDHK01000006.1	160718	167032	+	hypothetical protein
PMG11_06646	CDHK01000006.1	165057	166732	-	Putative 1,3-beta-glucanosyltransferase Gel2
PMG11_06647	CDHK01000006.1	167924	168641	-	Putative Translocase of outer membrane complex, subunit TOM20
PMG11_06648	CDHK01000006.1	169342	171551	+	Putative Exocyst complex component exo84
PMG11_06649	CDHK01000006.1	172234	173286	-	hypothetical protein
PMG11_06650	CDHK01000006.1	173761	174760	+	hypothetical protein
PMG11_06651	CDHK01000006.1	175118	178684	-	hypothetical protein
PMG11_06652	CDHK01000006.1	175203	176172	+	hypothetical protein
PMG11_06653	CDHK01000006.1	179183	181180	+	Putative Acyl-CoA synthetase
PMG11_06654	CDHK01000006.1	181318	183053	-	Putative Permease of the major facilitator superfamily
PMG11_06655	CDHK01000006.1	183730	191513	-	Putative Carbamoyl-phosphate synthase
PMG11_06656	CDHK01000006.1	191798	196151	+	hypothetical protein
PMG11_06657	CDHK01000006.1	196605	199787	+	hypothetical protein
PMG11_06658	CDHK01000006.1	200028	201192	+	Putative Synaptobrevin/VAMP-like protein
PMG11_06659	CDHK01000006.1	202394	206761	+	hypothetical protein
PMG11_06660	CDHK01000006.1	207764	210863	+	hypothetical protein
PMG11_06661	CDHK01000006.1	211591	213162	+	hypothetical protein
PMG11_06662	CDHK01000006.1	213628	216879	-	hypothetical protein
PMG11_06663	CDHK01000006.1	217416	218842	+	Putative 3-oxoacyl-(Acyl-carrier-protein) reductase
PMG11_06664	CDHK01000006.1	218253	223104	-	Putative Denn domain-containing protein
PMG11_06665	CDHK01000006.1	227520	232689	-	Putative Vps15p
PMG11_06666	CDHK01000006.1	233165	236555	+	hypothetical protein
PMG11_06667	CDHK01000006.1	238112	239336	+	hypothetical protein
PMG11_06668	CDHK01000006.1	242549	244764	-	Putative Pantothenate transporter
PMG11_06669	CDHK01000006.1	245569	247252	-	hypothetical protein
PMG11_06670	CDHK01000006.1	247886	249212	+	Putative Alpha-ketoglutarate-dependent taurine dioxygenase
PMG11_06671	CDHK01000006.1	249601	250627	+	Putative Isopentenyl diphosphate isomerase
PMG11_06672	CDHK01000006.1	251002	251801	-	Putative DUF domain protein (AFU_orthologue; AFUA_6G11150)
PMG11_06673	CDHK01000006.1	252314	255730	+	hypothetical protein
PMG11_06674	CDHK01000006.1	254902	255856	-	Putative Possible replication factor-a protein
PMG11_06675	CDHK01000006.1	256025	259255	+	Putative ATP-dependent RNA helicase dbp10
PMG11_06676	CDHK01000006.1	263386	267311	+	hypothetical protein
PMG11_06677	CDHK01000006.1	267414	269280	-	Putative High-affinity permease for basic amino acids
PMG11_06678	CDHK01000006.1	269871	272597	-	Putative ATP-dependent RNA helicase dbp4
PMG11_06679	CDHK01000006.1	272731	274296	+	Putative DnaJ domain protein
PMG11_06680	CDHK01000006.1	275086	276210	+	hypothetical protein
PMG11_06681	CDHK01000006.1	277261	278380	+	hypothetical protein
PMG11_06682	CDHK01000006.1	279041	281138	-	Putative RRM domain
PMG11_06683	CDHK01000006.1	282452	283749	-	Putative 3-hydroxyisobutyrate dehydrogenase
PMG11_06684	CDHK01000006.1	284841	293781	-	Putative Fry-like conserved proteins
PMG11_06685	CDHK01000006.1	295209	300315	+	Putative NADPH--cytochrome P450 reductase
PMG11_06686	CDHK01000006.1	300510	305897	+	hypothetical protein
PMG11_06687	CDHK01000006.1	305038	305610	-	hypothetical protein
PMG11_06688	CDHK01000006.1	306077	306637	+	Putative Apoptosis-inducing TAF9-like domain 1 family protein
PMG11_06689	CDHK01000006.1	307580	309429	+	hypothetical protein
PMG11_06690	CDHK01000006.1	308615	311154	-	hypothetical protein
PMG11_06691	CDHK01000006.1	312780	315199	+	Putative UV damage repair endonuclease
PMG11_06692	CDHK01000006.1	315504	318953	+	hypothetical protein
PMG11_06693	CDHK01000006.1	319190	321315	+	Putative Acyl-CoA dehydrogenase
PMG11_06694	CDHK01000006.1	322802	323686	+	hypothetical protein
PMG11_06695	CDHK01000006.1	323913	325930	+	hypothetical protein
PMG11_06696	CDHK01000006.1	324234	326540	-	hypothetical protein
PMG11_06697	CDHK01000006.1	329136	330564	+	Putative Serine/threonine-protein phosphatase
PMG11_06698	CDHK01000006.1	331139	332086	-	hypothetical protein
PMG11_06699	CDHK01000006.1	332941	335760	-	Putative Homogentisate 1,2-dioxygenase
PMG11_06700	CDHK01000006.1	335963	337982	-	Putative Catalytic activity: lipases catalyse the reaction
PMG11_06701	CDHK01000006.1	338286	340384	-	hypothetical protein
PMG11_06702	CDHK01000006.1	340417	342573	-	hypothetical protein
PMG11_06703	CDHK01000006.1	342878	344784	-	hypothetical protein
PMG11_06704	CDHK01000006.1	345268	347298	+	Putative HAD superfamily hydrolase
PMG11_06705	CDHK01000006.1	347107	348602	-	hypothetical protein
PMG11_06706	CDHK01000006.1	348875	351060	+	hypothetical protein
PMG11_06707	CDHK01000006.1	351362	353509	+	Putative Alpha-ketoglutarate-dependent taurine dioxygenase
PMG11_06708	CDHK01000006.1	354748	355429	-	Putative 10 kDa heat shock protein, mitochondrial
PMG11_06709	CDHK01000006.1	355912	357025	-	Putative Pre-mRNA polyadenylation factor fip1
PMG11_06710	CDHK01000006.1	357666	358895	+	Putative XAP5 domain protein
PMG11_06711	CDHK01000006.1	359073	360282	+	Putative XAP5 domain-containing protein
PMG11_06712	CDHK01000006.1	361806	364692	-	Putative ATP citrate lyase, subunit 2
PMG11_06713	CDHK01000006.1	364772	368261	+	Putative ATP-citrate synthase subunit 1
PMG11_06714	CDHK01000006.1	368387	370022	+	hypothetical protein
PMG11_06715	CDHK01000006.1	368475	370625	-	Putative ATP binding protein
PMG11_06716	CDHK01000006.1	370708	372700	+	Putative Spindle assembly checkpoint protein SLDB
PMG11_06717	CDHK01000006.1	372262	373152	-	Putative Ribose 5-phosphate isomerase A
PMG11_06718	CDHK01000006.1	374236	375362	-	hypothetical protein
PMG11_06719	CDHK01000006.1	375847	378468	+	Putative NEDD8-activating enzyme E1 regulatory subunit
PMG11_06720	CDHK01000006.1	376458	379738	-	hypothetical protein
PMG11_06721	CDHK01000006.1	379856	380258	+	hypothetical protein
PMG11_06722	CDHK01000006.1	380295	383055	-	Putative Arrestin domain-containing protein
PMG11_06723	CDHK01000006.1	383134	384318	+	hypothetical protein
PMG11_06724	CDHK01000006.1	388541	389451	+	Putative GPI anchored CFEM domain protein
PMG11_06725	CDHK01000006.1	390154	392105	-	Putative Major facilitator superfamily permease
PMG11_06726	CDHK01000006.1	392747	393330	-	Putative Catalytic activity: scytalone dehydratases catalize the reaction of Scytalone <=> 1
PMG11_06727	CDHK01000006.1	393578	394613	+	Putative Short chain dehydrogenase/reductase SDR
PMG11_06728	CDHK01000006.1	395241	397300	-	Putative WD40 repeat
PMG11_06729	CDHK01000006.1	398317	400502	+	Putative Malic enzyme
PMG11_06730	CDHK01000006.1	400930	403880	-	hypothetical protein
PMG11_06731	CDHK01000006.1	404841	405295	-	Putative Transcriptional elongation regulator Elc1/Elongin C
PMG11_06732	CDHK01000006.1	405446	407224	+	Putative 3-oxoacyl-acyl carrier protein reductase
PMG11_06733	CDHK01000006.1	406720	409786	-	hypothetical protein
PMG11_06734	CDHK01000006.1	410603	413857	+	hypothetical protein
PMG11_06735	CDHK01000006.1	411960	414307	-	hypothetical protein
PMG11_06736	CDHK01000006.1	414433	415131	+	Putative Peptidyl-prolyl cis-trans isomerase
PMG11_06737	CDHK01000006.1	414524	417227	-	hypothetical protein
PMG11_06738	CDHK01000006.1	419901	425853	+	hypothetical protein
PMG11_06739	CDHK01000006.1	423993	426152	-	Putative Lariat debranching enzyme
PMG11_06740	CDHK01000006.1	426604	427200	+	hypothetical protein
PMG11_06741	CDHK01000006.1	427390	430548	+	Putative Tip120
PMG11_06742	CDHK01000006.1	431251	432510	+	Putative Alpha-L-arabinofuranosidase axhA
PMG11_06743	CDHK01000006.1	434379	439073	+	hypothetical protein
PMG11_06744	CDHK01000006.1	437701	438792	-	hypothetical protein
PMG11_06745	CDHK01000006.1	439693	441342	+	hypothetical protein
PMG11_06746	CDHK01000006.1	442416	444943	-	hypothetical protein
PMG11_06747	CDHK01000006.1	443785	446563	+	Putative Permease of the major facilitator superfamily
PMG11_06748	CDHK01000006.1	446721	448413	-	hypothetical protein
PMG11_06749	CDHK01000006.1	448592	451541	+	Putative Thermophilic glucose-6-phosphate isomerase and related metalloenzymes
PMG11_06750	CDHK01000006.1	451843	452960	+	hypothetical protein
PMG11_06751	CDHK01000006.1	455021	461265	-	hypothetical protein
PMG11_06752	CDHK01000006.1	464825	465061	+	hypothetical protein
PMG11_06753	CDHK01000006.1	466266	469372	-	hypothetical protein
PMG11_06754	CDHK01000006.1	469532	473573	+	hypothetical protein
PMG11_06755	CDHK01000006.1	473594	474199	-	hypothetical protein
PMG11_06756	CDHK01000006.1	474644	475724	-	Putative Conserved protein/domain typically associated with flavoprotein oxygenases
PMG11_06757	CDHK01000006.1	476140	478986	-	hypothetical protein
PMG11_06758	CDHK01000006.1	479273	480731	-	hypothetical protein
PMG11_06759	CDHK01000006.1	482547	484381	-	Putative Delta-1-pyrroline-5-carboxylate dehydrogenase, mitochondrial
PMG11_06760	CDHK01000006.1	485219	488740	+	Putative Sorting nexin mvp1
PMG11_06761	CDHK01000006.1	489938	493219	+	Putative Na /H antiporter Nha1
PMG11_06762	CDHK01000006.1	493768	497072	-	Putative Vacuolar assembly/sorting protein PEP5/VPS11
PMG11_06763	CDHK01000006.1	497675	499945	-	hypothetical protein
PMG11_06764	CDHK01000006.1	502978	505116	-	hypothetical protein
PMG11_06765	CDHK01000006.1	505122	507228	-	Putative C2H2 transcription factor
PMG11_06766	CDHK01000006.1	517877	519846	-	Putative Ribosome biogenesis protein
PMG11_06767	CDHK01000006.1	519968	522160	+	Putative GTP binding protein
PMG11_06768	CDHK01000006.1	522240	525227	+	hypothetical protein
PMG11_06769	CDHK01000006.1	530444	532211	+	Putative Glucose transporter
PMG11_06770	CDHK01000006.1	533665	534251	-	hypothetical protein
PMG11_06771	CDHK01000006.1	536708	539200	+	Putative Protein transporter of the TRAM
PMG11_06772	CDHK01000006.1	540806	541970	+	hypothetical protein
PMG11_06773	CDHK01000006.1	542069	542666	-	hypothetical protein
PMG11_06774	CDHK01000006.1	545818	546501	-	hypothetical protein
PMG11_06775	CDHK01000006.1	547104	547866	-	hypothetical protein
PMG11_06776	CDHK01000006.1	548712	549689	+	Putative Function: Deletion analysis demonstrated that a 412-residue N-terminal domain
PMG11_06777	CDHK01000006.1	550283	551798	+	hypothetical protein
PMG11_06778	CDHK01000006.1	552352	554308	-	hypothetical protein
PMG11_06779	CDHK01000006.1	554883	556476	-	Putative MAPKKK cascade protein kinase regulator Ste50
PMG11_06780	CDHK01000006.1	558653	559171	+	hypothetical protein
PMG11_06781	CDHK01000006.1	560821	562660	-	hypothetical protein
PMG11_06782	CDHK01000006.1	563228	564412	+	hypothetical protein
PMG11_06783	CDHK01000006.1	564972	566665	+	hypothetical protein
PMG11_06784	CDHK01000006.1	566692	569713	-	hypothetical protein
PMG11_06785	CDHK01000006.1	570170	571511	-	hypothetical protein
PMG11_06786	CDHK01000006.1	573212	575234	+	hypothetical protein
PMG11_06787	CDHK01000006.1	575600	576982	+	hypothetical protein
PMG11_06788	CDHK01000006.1	577064	578111	-	Putative 2,5-dichloro-2,5-cyclohexadiene-1,4-diol dehydrogenase
PMG11_06789	CDHK01000006.1	578222	579896	+	hypothetical protein
PMG11_06790	CDHK01000006.1	580049	581448	-	hypothetical protein
PMG11_06791	CDHK01000006.1	582491	585349	-	hypothetical protein
PMG11_06792	CDHK01000006.1	585739	586624	-	Putative 60S ribosomal protein L43
PMG11_06793	CDHK01000006.1	587029	588956	+	hypothetical protein
PMG11_06794	CDHK01000006.1	588984	590394	-	hypothetical protein
PMG11_06795	CDHK01000006.1	590832	592332	-	hypothetical protein
PMG11_06796	CDHK01000006.1	592476	592802	+	Putative Pre-mRNA splicing factor ini1
PMG11_06797	CDHK01000006.1	593072	594361	-	hypothetical protein
PMG11_06798	CDHK01000006.1	594933	596097	-	Putative Mitochondrial succinate-fumarate antiporter (Eurofung)
PMG11_06799	CDHK01000006.1	597813	600054	+	hypothetical protein
PMG11_06800	CDHK01000006.1	600109	601834	-	Putative Peroxin 26
PMG11_06801	CDHK01000006.1	603047	605365	+	hypothetical protein
PMG11_06802	CDHK01000006.1	605498	606915	+	Putative 50S ribosomal subunit L30
PMG11_06803	CDHK01000006.1	605659	607772	-	Putative Cript family protein
PMG11_06804	CDHK01000006.1	607983	610003	-	hypothetical protein
PMG11_06805	CDHK01000006.1	611869	613696	+	hypothetical protein
PMG11_06806	CDHK01000006.1	615213	615674	-	Putative Catalytic activity: ATP H2O = ADP orthophosphate
PMG11_06807	CDHK01000006.1	620382	621214	+	hypothetical protein
PMG11_06808	CDHK01000006.1	623375	624269	+	hypothetical protein
PMG11_06809	CDHK01000006.1	624791	626945	-	hypothetical protein
PMG11_06810	CDHK01000006.1	627155	627926	-	hypothetical protein
PMG11_06811	CDHK01000006.1	628105	629885	-	hypothetical protein
PMG11_06812	CDHK01000006.1	630626	632223	-	hypothetical protein
PMG11_06813	CDHK01000006.1	632616	634333	+	hypothetical protein
PMG11_06814	CDHK01000006.1	634403	634962	-	hypothetical protein
PMG11_06815	CDHK01000006.1	636597	637358	-	hypothetical protein
PMG11_06816	CDHK01000006.1	637454	638453	-	hypothetical protein
PMG11_06817	CDHK01000006.1	640022	641955	-	hypothetical protein
PMG11_06818	CDHK01000006.1	643203	644399	-	Putative Aad6p (Fragment)
PMG11_06819	CDHK01000006.1	644715	645392	-	hypothetical protein
PMG11_06820	CDHK01000006.1	646825	647467	-	hypothetical protein
PMG11_06821	CDHK01000006.1	648765	649892	-	Putative Related to carboxyphosphonoenolpyruvate phosphonomutase
PMG11_06822	CDHK01000006.1	650424	652103	+	Putative Permease of the major facilitator superfamily
PMG11_06823	CDHK01000006.1	652729	653268	+	hypothetical protein
PMG11_06824	CDHK01000006.1	653307	655051	+	hypothetical protein
PMG11_06825	CDHK01000006.1	656103	656930	-	hypothetical protein
PMG11_06826	CDHK01000006.1	659029	660461	+	hypothetical protein
PMG11_06827	CDHK01000006.1	660995	668117	+	hypothetical protein
PMG11_06828	CDHK01000006.1	668303	671267	+	hypothetical protein
PMG11_06829	CDHK01000006.1	671745	674122	-	Putative Nuclear export protein Noc3
PMG11_06830	CDHK01000006.1	674229	675374	+	Putative 60S ribosome subunit biogenesis protein NIP7
PMG11_06831	CDHK01000006.1	675746	678343	+	Putative Defective in cullin neddylation protein
PMG11_06832	CDHK01000006.1	677954	678905	-	Putative Peroxisomal membrane protein A
PMG11_06833	CDHK01000006.1	680691	681851	+	hypothetical protein
PMG11_06834	CDHK01000006.1	682563	683599	+	hypothetical protein
PMG11_06835	CDHK01000006.1	686164	689493	+	Putative Cell division cycle protein 48
PMG11_06836	CDHK01000006.1	690031	691650	-	Putative Synaptic vesicle transporter SVOP
PMG11_06837	CDHK01000006.1	693659	698323	+	hypothetical protein
PMG11_06838	CDHK01000006.1	698960	699349	+	Putative Glyoxalase/bleomycin resistance protein/dioxygenase
PMG11_06839	CDHK01000006.1	699719	704957	-	hypothetical protein
PMG11_06840	CDHK01000006.1	705117	708738	-	hypothetical protein
PMG11_06841	CDHK01000006.1	709132	710010	-	hypothetical protein
PMG11_06842	CDHK01000006.1	710548	712133	+	Putative Methionyl aminopeptidase
PMG11_06843	CDHK01000006.1	713680	717710	+	hypothetical protein
PMG11_06844	CDHK01000006.1	717587	719190	-	hypothetical protein
PMG11_06845	CDHK01000006.1	719050	721529	+	Putative Glycosyltransferase family 57 protein
PMG11_06846	CDHK01000006.1	723439	727597	+	Putative Chromatin remodeling complex WSTF-ISWI, large subunit
PMG11_06847	CDHK01000006.1	727726	729633	+	Putative Mitochondrial carrier protein
PMG11_06848	CDHK01000006.1	729775	731244	+	hypothetical protein
PMG11_06849	CDHK01000006.1	731398	733576	-	Putative Nonsense-mediated mRNA decay protein 3
PMG11_06850	CDHK01000006.1	733716	735908	+	hypothetical protein
PMG11_06851	CDHK01000006.1	736042	739716	+	Putative Peroxin 12
PMG11_06852	CDHK01000006.1	737924	740758	-	hypothetical protein
PMG11_06853	CDHK01000006.1	741296	742912	+	hypothetical protein
PMG11_06854	CDHK01000006.1	743299	745021	-	hypothetical protein
PMG11_06855	CDHK01000006.1	745958	748404	-	Putative Aconitase/homoaconitase
PMG11_06856	CDHK01000006.1	748825	752698	-	hypothetical protein
PMG11_06857	CDHK01000006.1	748856	749625	+	hypothetical protein
PMG11_06858	CDHK01000006.1	753209	754240	-	hypothetical protein
PMG11_06859	CDHK01000006.1	754900	755940	+	hypothetical protein
PMG11_06860	CDHK01000006.1	756107	758235	-	Putative 60s ribosomal protein l36
PMG11_06861	CDHK01000006.1	758759	761500	+	hypothetical protein
PMG11_06862	CDHK01000006.1	765981	766554	-	hypothetical protein
PMG11_06863	CDHK01000006.1	767990	768959	-	hypothetical protein
PMG11_06864	CDHK01000006.1	771223	773397	-	Putative DUF1237 domain protein
PMG11_06865	CDHK01000006.1	773982	775995	-	hypothetical protein
PMG11_06866	CDHK01000006.1	776048	778213	+	hypothetical protein
PMG11_06867	CDHK01000006.1	776061	779587	-	hypothetical protein
PMG11_06868	CDHK01000006.1	779747	782401	-	Putative TRAPP complex protein TRS85
PMG11_06869	CDHK01000006.1	782550	784510	+	hypothetical protein
PMG11_06870	CDHK01000006.1	784618	786567	+	hypothetical protein
PMG11_06871	CDHK01000006.1	786795	789779	-	Putative Polyphosphoinositide phosphatase Fig4
PMG11_06872	CDHK01000006.1	790254	791953	-	Putative Acyl-CoA dehydrogenase
PMG11_06873	CDHK01000006.1	792221	794536	-	hypothetical protein
PMG11_06874	CDHK01000006.1	795558	798991	+	Putative DNA polymerase
PMG11_06875	CDHK01000006.1	799416	800490	+	hypothetical protein
PMG11_06876	CDHK01000006.1	801775	802642	+	hypothetical protein
PMG11_06877	CDHK01000006.1	803177	803776	-	hypothetical protein
PMG11_06878	CDHK01000006.1	804783	806064	+	hypothetical protein
PMG11_06879	CDHK01000006.1	806290	806892	-	Putative Cyanate hydratase
PMG11_06880	CDHK01000006.1	807357	812057	+	Putative Phospholipase D Active site motif protein
PMG11_06881	CDHK01000006.1	813869	817373	-	hypothetical protein
PMG11_06882	CDHK01000006.1	818198	818644	+	hypothetical protein
PMG11_06883	CDHK01000006.1	820096	822365	+	hypothetical protein
PMG11_06884	CDHK01000006.1	822863	824586	+	Putative Palmitoyltransferase
PMG11_06885	CDHK01000006.1	823159	832343	-	hypothetical protein
PMG11_06886	CDHK01000006.1	825060	825989	+	Putative Remark: ORF 3'truncated due to end of contig (Fragment)
PMG11_06887	CDHK01000006.1	832796	833512	-	hypothetical protein
PMG11_06888	CDHK01000006.1	834857	837636	+	hypothetical protein
PMG11_06889	CDHK01000006.1	837883	839200	-	Putative C6 finger domain protein
PMG11_06890	CDHK01000006.1	839614	840783	+	Putative Delta-aminolevulinic acid dehydratase
PMG11_06891	CDHK01000006.1	843225	843725	+	hypothetical protein
PMG11_06892	CDHK01000006.1	844286	845079	-	hypothetical protein
PMG11_06893	CDHK01000006.1	845427	847634	+	hypothetical protein
PMG11_06894	CDHK01000006.1	848469	849938	-	hypothetical protein
PMG11_06895	CDHK01000006.1	851257	852150	-	Putative Oxidoreductase family, NAD-binding Rossmann fold protein
PMG11_06896	CDHK01000006.1	852504	853943	-	Putative Oxidoreductase family, NAD-binding Rossmann fold protein
PMG11_06897	CDHK01000006.1	854206	855943	-	hypothetical protein
PMG11_06898	CDHK01000006.1	856404	859895	-	hypothetical protein
PMG11_06899	CDHK01000006.1	860682	861901	+	hypothetical protein
PMG11_06900	CDHK01000006.1	862500	872402	+	hypothetical protein
PMG11_06901	CDHK01000006.1	872430	873230	+	Putative Alpha/beta hydrolase
PMG11_06902	CDHK01000006.1	873139	875900	-	Putative Glutamyl-tRNA synthetase
PMG11_06903	CDHK01000006.1	875289	877647	+	hypothetical protein
PMG11_06904	CDHK01000006.1	878245	879213	+	hypothetical protein
PMG11_06905	CDHK01000006.1	879319	882897	-	hypothetical protein
PMG11_06906	CDHK01000006.1	882897	884307	+	Putative COP9 signalosome
PMG11_06907	CDHK01000006.1	884546	890032	-	hypothetical protein
PMG11_06908	CDHK01000006.1	900677	905304	+	Putative Function: AmdA
PMG11_06909	CDHK01000006.1	903629	905952	-	Putative Uracil phosphoribosyltransferase
PMG11_06910	CDHK01000006.1	906385	908009	+	hypothetical protein
PMG11_06911	CDHK01000006.1	908200	908804	-	hypothetical protein
PMG11_06912	CDHK01000006.1	910211	910528	-	hypothetical protein
PMG11_06913	CDHK01000006.1	912780	914540	-	hypothetical protein
PMG11_06914	CDHK01000006.1	915565	917604	-	hypothetical protein
PMG11_06915	CDHK01000006.1	920696	923794	+	Putative G2/mitotic-specific cyclin cdc13
PMG11_06916	CDHK01000006.1	923938	928221	-	Putative Function: might be involved in mRNA splicing
PMG11_06917	CDHK01000006.1	928331	930591	+	Putative Histidine triad nucleotide binding protein
PMG11_06918	CDHK01000006.1	929690	930643	-	hypothetical protein
PMG11_06919	CDHK01000006.1	930824	933682	+	Putative CCCH zinc finger protein
PMG11_06920	CDHK01000006.1	931870	935663	-	hypothetical protein
PMG11_06921	CDHK01000006.1	935773	939001	+	Putative Importin subunit alpha
PMG11_06922	CDHK01000006.1	939142	945783	-	hypothetical protein
PMG11_06923	CDHK01000006.1	943555	945782	+	hypothetical protein
PMG11_06924	CDHK01000006.1	946343	948506	-	hypothetical protein
PMG11_06925	CDHK01000006.1	948904	950351	-	hypothetical protein
PMG11_06926	CDHK01000006.1	950514	956364	-	Putative Function: RRP5 is required for formation of both 18S and 5. 8S rRNA in yeast
PMG11_06927	CDHK01000006.1	956753	959504	+	Putative WD40 repeat-containing protein L2DTL
PMG11_06928	CDHK01000006.1	960012	961169	+	hypothetical protein
PMG11_06929	CDHK01000006.1	961343	963361	-	Putative T-complex protein 1 subunit alpha
PMG11_06930	CDHK01000006.1	963435	965998	+	Putative Prolyl-tRNA synthetase
PMG11_06931	CDHK01000006.1	966907	969096	-	hypothetical protein
PMG11_06932	CDHK01000006.1	972136	972507	-	hypothetical protein
PMG11_06933	CDHK01000006.1	973343	973744	-	hypothetical protein
PMG11_06934	CDHK01000006.1	974637	975020	-	hypothetical protein
PMG11_06935	CDHK01000006.1	975374	976464	-	Putative 3' exoribonuclease family protein
PMG11_06936	CDHK01000006.1	977348	983259	-	Putative Phosphatidylethanolamine N-methyltransferase
PMG11_06937	CDHK01000006.1	983416	984808	+	Putative Cytosolic Fe-S cluster assembly factor NBP35
PMG11_06938	CDHK01000006.1	987198	988890	+	Putative DHN1
PMG11_06939	CDHK01000006.1	991447	992309	-	hypothetical protein
PMG11_06940	CDHK01000006.1	994968	996419	-	hypothetical protein
PMG11_06941	CDHK01000006.1	1003577	1004991	+	hypothetical protein
PMG11_06942	CDHK01000006.1	1005341	1006675	-	Putative tRNA-binding protein
PMG11_06943	CDHK01000006.1	1009422	1010261	+	Putative BZIP transcription factor JlbA/IDI-4
PMG11_06944	CDHK01000006.1	1010568	1012380	+	hypothetical protein
PMG11_06945	CDHK01000006.1	1013993	1015116	+	hypothetical protein
PMG11_06946	CDHK01000006.1	1015801	1017435	+	Putative Glycosyltransferase family 62 protein
PMG11_06947	CDHK01000006.1	1018297	1019692	+	hypothetical protein
PMG11_06948	CDHK01000006.1	1019896	1021065	-	hypothetical protein
PMG11_06949	CDHK01000006.1	1022107	1023354	+	hypothetical protein
PMG11_06950	CDHK01000006.1	1023551	1024102	-	hypothetical protein
PMG11_06951	CDHK01000006.1	1024732	1027158	-	Putative Mitotic spindle checkpoint protein
PMG11_06952	CDHK01000006.1	1029985	1031336	+	hypothetical protein
PMG11_06953	CDHK01000006.1	1032254	1035985	+	hypothetical protein
PMG11_06954	CDHK01000006.1	1037201	1038578	+	hypothetical protein
PMG11_06955	CDHK01000006.1	1037277	1040923	-	hypothetical protein
PMG11_06956	CDHK01000006.1	1042388	1044247	+	hypothetical protein
PMG11_06957	CDHK01000006.1	1044528	1045472	-	Putative Phytanoyl-CoA dioxygenase family protein
PMG11_06958	CDHK01000006.1	1046258	1052147	-	hypothetical protein
PMG11_06959	CDHK01000006.1	1053360	1056430	+	Putative Hch
PMG11_06960	CDHK01000006.1	1057013	1058095	+	hypothetical protein
PMG11_06961	CDHK01000006.1	1058977	1060197	-	Putative Tryptophan synthase beta chain 1
PMG11_06962	CDHK01000006.1	1061174	1064276	-	hypothetical protein
PMG11_06963	CDHK01000006.1	1063364	1064185	+	hypothetical protein
PMG11_06964	CDHK01000006.1	1064551	1065057	-	hypothetical protein
PMG11_06965	CDHK01000006.1	1067233	1068054	-	hypothetical protein
PMG11_06966	CDHK01000006.1	1072775	1073896	-	Putative Protocatechuate 3,4-dioxygenase beta subunit
PMG11_06967	CDHK01000006.1	1075486	1076211	+	hypothetical protein
PMG11_06968	CDHK01000006.1	1077558	1079106	+	hypothetical protein
PMG11_06969	CDHK01000006.1	1080419	1081805	+	Putative Protocatechuate 3,4-dioxygenase beta subunit
PMG11_06970	CDHK01000006.1	1084227	1085640	+	hypothetical protein
PMG11_06971	CDHK01000006.1	1088314	1089584	+	hypothetical protein
PMG11_06972	CDHK01000006.1	1090548	1092479	-	hypothetical protein
PMG11_06973	CDHK01000006.1	1094276	1095535	-	Putative RNA polymerase II holoenzyme cyclin-like subunit
PMG11_06974	CDHK01000006.1	1094994	1099411	+	Putative Calcium dependent mitochondrial carrier protein
PMG11_06975	CDHK01000006.1	1097594	1100322	-	Putative Glutathione S-transferase
PMG11_06976	CDHK01000006.1	1100508	1104443	-	Putative Ubiquitin-activating enzyme E1
PMG11_06977	CDHK01000006.1	1104585	1107641	+	hypothetical protein
PMG11_06978	CDHK01000006.1	1109459	1110519	+	Putative Dehydrogenase with different specificitie
PMG11_06979	CDHK01000006.1	1110960	1113179	-	hypothetical protein
PMG11_06980	CDHK01000006.1	1113527	1114554	-	hypothetical protein
PMG11_06981	CDHK01000006.1	1115171	1116231	-	hypothetical protein
PMG11_06982	CDHK01000006.1	1119991	1124124	+	Putative Hexokinase
PMG11_06983	CDHK01000006.1	1123866	1124289	-	Putative Remark: A. niger EST an_3119 has the database entry number EMBLEST:BE758865 (Precursor)
PMG11_06984	CDHK01000006.1	1124442	1125235	+	Putative Transcription initiation factor IIA subunit 2
PMG11_06985	CDHK01000006.1	1125428	1126692	+	hypothetical protein
PMG11_06986	CDHK01000006.1	1125763	1129066	-	hypothetical protein
PMG11_06987	CDHK01000006.1	1130097	1135667	-	hypothetical protein
PMG11_06988	CDHK01000006.1	1134256	1135871	+	hypothetical protein
PMG11_06989	CDHK01000006.1	1136054	1137737	+	hypothetical protein
PMG11_06990	CDHK01000006.1	1138318	1139187	+	Putative Ribulose-5-phosphate 4-epimerase
PMG11_06991	CDHK01000006.1	1139376	1141690	-	hypothetical protein
PMG11_06992	CDHK01000006.1	1142859	1143554	-	Putative Demethylmenaquinone methyltransferase
PMG11_06993	CDHK01000006.1	1144241	1146043	+	Putative Permease of the major facilitator superfamily
PMG11_06994	CDHK01000006.1	1147582	1149277	+	hypothetical protein
PMG11_06995	CDHK01000006.1	1149520	1150753	-	hypothetical protein
PMG11_06996	CDHK01000006.1	1160636	1161316	-	hypothetical protein
PMG11_06997	CDHK01000006.1	1171482	1174690	+	hypothetical protein
PMG11_06998	CDHK01000006.1	1179580	1180295	-	hypothetical protein
PMG11_06999	CDHK01000006.1	1182135	1182866	+	hypothetical protein
PMG11_07000	CDHK01000006.1	1188921	1189383	+	hypothetical protein
PMG11_07001	CDHK01000006.1	1189453	1189864	+	hypothetical protein
PMG11_07002	CDHK01000006.1	1190608	1192328	+	hypothetical protein
PMG11_07003	CDHK01000006.1	1210770	1211507	-	hypothetical protein
PMG11_07004	CDHK01000006.1	1218329	1219423	-	hypothetical protein
PMG11_07005	CDHK01000006.1	1225425	1226381	-	hypothetical protein
PMG11_07006	CDHK01000006.1	1226885	1227639	-	hypothetical protein
PMG11_07007	CDHK01000006.1	1233942	1234295	+	hypothetical protein
PMG11_07008	CDHK01000006.1	1238237	1239039	-	hypothetical protein
PMG11_07009	CDHK01000006.1	1243585	1245514	+	hypothetical protein
PMG11_07010	CDHK01000006.1	1245934	1246425	-	hypothetical protein
PMG11_07011	CDHK01000006.1	1247058	1248801	+	hypothetical protein
PMG11_07012	CDHK01000006.1	1251276	1251887	-	hypothetical protein
PMG11_07013	CDHK01000006.1	1258266	1259192	+	hypothetical protein
PMG11_07014	CDHK01000006.1	1274905	1275882	+	hypothetical protein
PMG11_07015	CDHK01000006.1	1285863	1286840	+	hypothetical protein
PMG11_07016	CDHK01000006.1	1308904	1310813	-	hypothetical protein
PMG11_07017	CDHK01000006.1	1311964	1313885	+	hypothetical protein
PMG11_07018	CDHK01000006.1	1314109	1315857	+	hypothetical protein
PMG11_07019	CDHK01000006.1	1319882	1320583	+	hypothetical protein
PMG11_07020	CDHK01000006.1	1320944	1321813	-	hypothetical protein
PMG11_07021	CDHK01000006.1	1323018	1323476	+	hypothetical protein
PMG11_07022	CDHK01000006.1	1323867	1325793	+	hypothetical protein
PMG11_07023	CDHK01000006.1	1327378	1329729	+	hypothetical protein
PMG11_07024	CDHK01000006.1	1372336	1373695	+	Putative Protein kinase-like protein
PMG11_07025	CDHK01000006.1	1378378	1382169	-	hypothetical protein
PMG11_07026	CDHK01000006.1	1383335	1384240	+	hypothetical protein
PMG11_07027	CDHK01000006.1	1394286	1396880	-	Putative Phosphate transporter
PMG11_07028	CDHK01000006.1	1397106	1400240	-	hypothetical protein
PMG11_07029	CDHK01000006.1	1400509	1401932	-	Putative Pyruvate formate lyase activating enzyme
PMG11_07030	CDHK01000006.1	1402202	1406143	-	Putative Xylanolytic transcriptional activator xlnR
PMG11_07031	CDHK01000006.1	1406391	1408981	+	hypothetical protein
PMG11_07032	CDHK01000006.1	1409321	1410370	-	Putative Short-chain dehydrogenase
PMG11_07033	CDHK01000006.1	1410850	1412423	+	Putative Oxidoreductase, short chain dehydrogenase/reductase family
PMG11_07034	CDHK01000006.1	1414187	1415650	+	hypothetical protein
PMG11_07035	CDHK01000006.1	1416112	1417504	-	hypothetical protein
PMG11_07036	CDHK01000006.1	1418466	1419919	+	hypothetical protein
PMG11_07037	CDHK01000006.1	1420133	1424886	+	Putative DNA-dependent RNA polymerase (Fragment)
PMG11_07038	CDHK01000006.1	1425895	1431347	+	Putative Sulfite reductase beta subunit
PMG11_07039	CDHK01000006.1	1431281	1432229	-	hypothetical protein
PMG11_07040	CDHK01000006.1	1432569	1434815	-	Putative UPF0596 Golgi apparatus membrane protein c
PMG11_07041	CDHK01000006.1	1436987	1439466	+	Putative MFS multidrug transporter
PMG11_07042	CDHK01000006.1	1440400	1442013	-	Putative Secretion related GTPase C
PMG11_07043	CDHK01000006.1	1442134	1443024	+	Putative F1F0 ATP synthase subunit C
PMG11_07044	CDHK01000006.1	1443535	1445883	+	Putative Molybdenum cofactor biosynthesis protein Gephyrin
PMG11_07045	CDHK01000006.1	1446993	1448939	+	Putative Polysaccharide lyase family 4 protein
PMG11_07046	CDHK01000006.1	1449045	1453287	-	Putative DDHD domain protein
PMG11_07047	CDHK01000006.1	1453015	1454430	-	hypothetical protein
PMG11_07048	CDHK01000006.1	1456038	1458650	+	Putative 2-polyprenyl-6-methoxyphenol hydroxylase
PMG11_07049	CDHK01000006.1	1458785	1459845	+	Putative DUF866 domain protein
PMG11_07050	CDHK01000006.1	1459998	1462001	+	Putative LSM domain protein
PMG11_07051	CDHK01000006.1	1464074	1464325	+	hypothetical protein
PMG11_07052	CDHK01000006.1	1465985	1467760	-	hypothetical protein
PMG11_07053	CDHK01000006.1	1468870	1470927	+	hypothetical protein
PMG11_07054	CDHK01000006.1	1472088	1472578	+	Putative DASH complex subunit DAD1
PMG11_07055	CDHK01000006.1	1472740	1474844	-	Putative Protein rho4
PMG11_07056	CDHK01000006.1	1475034	1477782	+	Putative PAP2 domain protein
PMG11_07057	CDHK01000006.1	1477893	1479910	+	hypothetical protein
PMG11_07058	CDHK01000006.1	1480318	1482428	-	hypothetical protein
PMG11_07059	CDHK01000006.1	1483062	1485140	+	hypothetical protein
PMG11_07060	CDHK01000006.1	1485650	1486994	-	hypothetical protein
PMG11_07061	CDHK01000006.1	1487371	1488487	+	Putative Oxidoreductase, short chain dehydrogenase/reductase family
PMG11_07062	CDHK01000006.1	1490784	1491943	+	Putative Related to 3-oxoacyl-
PMG11_07063	CDHK01000006.1	1493002	1495377	+	hypothetical protein
PMG11_07064	CDHK01000006.1	1495696	1496919	-	Putative Remark: ORF contains 1 frameshift
PMG11_07065	CDHK01000006.1	1497345	1498424	+	hypothetical protein
PMG11_07066	CDHK01000006.1	1498769	1500055	+	hypothetical protein
PMG11_07067	CDHK01000006.1	1500612	1503779	-	hypothetical protein
PMG11_07068	CDHK01000006.1	1503790	1505976	-	Putative WD domain, G-beta repeat protein
PMG11_07069	CDHK01000006.1	1508370	1509586	+	Putative FAD dependent oxidoreductase superfamily
PMG11_07070	CDHK01000006.1	1510574	1512125	-	hypothetical protein
PMG11_07071	CDHK01000006.1	1514453	1516787	+	Putative Quinate permease
PMG11_07072	CDHK01000006.1	1517835	1520345	+	Putative Sugar transporter
PMG11_07073	CDHK01000006.1	1520650	1522158	-	hypothetical protein
PMG11_07074	CDHK01000006.1	1522448	1524439	-	Putative CCCH finger DNA binding protein
PMG11_07075	CDHK01000006.1	1524873	1526281	-	Putative Hsp90 binding co-chaperone
PMG11_07076	CDHK01000006.1	1526395	1527644	+	Putative Vacuolar protein sorting protein 24
PMG11_07077	CDHK01000006.1	1527910	1530579	+	hypothetical protein
PMG11_07078	CDHK01000006.1	1530610	1531735	-	Putative EF-hand superfamily Ca2-modulated protein
PMG11_07079	CDHK01000006.1	1532046	1534442	+	hypothetical protein
PMG11_07080	CDHK01000006.1	1534833	1536251	+	hypothetical protein
PMG11_07081	CDHK01000006.1	1537250	1538328	+	hypothetical protein
PMG11_07082	CDHK01000006.1	1538601	1540519	+	hypothetical protein
PMG11_07083	CDHK01000006.1	1543032	1543673	-	hypothetical protein
PMG11_07084	CDHK01000006.1	1552062	1554664	+	Putative Sexual differentiation process protein
PMG11_07085	CDHK01000006.1	1554893	1558215	-	Putative DNA replication licensing factor, MCM6 component
PMG11_07086	CDHK01000006.1	1558629	1561179	+	hypothetical protein
PMG11_07087	CDHK01000006.1	1563767	1567652	+	hypothetical protein
PMG11_07088	CDHK01000006.1	1570966	1572033	-	hypothetical protein
PMG11_07089	CDHK01000006.1	1575727	1576511	-	hypothetical protein
PMG11_07090	CDHK01000006.1	1576872	1578212	-	hypothetical protein
PMG11_07091	CDHK01000006.1	1578613	1579645	+	hypothetical protein
PMG11_07092	CDHK01000006.1	1579741	1581588	-	Putative Ferro-O2-oxidoreductase
PMG11_07093	CDHK01000006.1	1582563	1584751	-	Putative Plasma membrane iron permease
PMG11_07094	CDHK01000006.1	1585374	1586924	-	hypothetical protein
PMG11_07095	CDHK01000006.1	1589805	1591694	-	hypothetical protein
PMG11_07096	CDHK01000006.1	1592195	1593570	+	hypothetical protein
PMG11_07097	CDHK01000006.1	1593718	1595690	-	Putative Permease of the major facilitator superfamily
PMG11_07098	CDHK01000006.1	1595692	1597368	+	Putative Related to linoleate diol synthase
PMG11_07099	CDHK01000006.1	1597572	1600006	-	hypothetical protein
PMG11_07100	CDHK01000006.1	1600516	1602813	-	Putative FAD binding domain protein
PMG11_07101	CDHK01000006.1	1603003	1604949	-	hypothetical protein
PMG11_07102	CDHK01000006.1	1606675	1608152	-	Putative U2 small nuclear ribonucleoprotein A'
PMG11_07103	CDHK01000006.1	1608340	1611369	-	Putative Nucleoside phosphatase
PMG11_07104	CDHK01000006.1	1611624	1614313	-	Putative Ammonium transporter
PMG11_07105	CDHK01000006.1	1616060	1616862	+	hypothetical protein
PMG11_07106	CDHK01000006.1	1616975	1621690	-	Putative Acyltransferase
PMG11_07107	CDHK01000006.1	1619277	1621699	+	Putative Pantoate--beta-alanine ligase
PMG11_07108	CDHK01000006.1	1621912	1624227	+	Putative ATP-dependent RNA helicase dbp7
PMG11_07109	CDHK01000006.1	1624302	1625692	-	hypothetical protein
PMG11_07110	CDHK01000006.1	1626408	1627492	-	hypothetical protein
PMG11_07111	CDHK01000006.1	1627943	1630696	-	hypothetical protein
PMG11_07112	CDHK01000006.1	1630834	1633281	-	Putative Multidrug resistance protein fnx1
PMG11_07113	CDHK01000006.1	1633556	1634449	+	hypothetical protein
PMG11_07114	CDHK01000006.1	1634737	1637111	-	hypothetical protein
PMG11_07115	CDHK01000006.1	1638077	1639829	+	Putative D-aspartate oxidase
PMG11_07116	CDHK01000006.1	1639902	1640636	+	hypothetical protein
PMG11_07117	CDHK01000006.1	1641443	1642071	+	Putative COPI-coated vesicle protein
PMG11_07118	CDHK01000006.1	1643336	1646481	+	Putative Iron transporter biosynthesis regulating transcription factor (Fragment)
PMG11_07119	CDHK01000006.1	1646613	1647941	+	hypothetical protein
PMG11_07120	CDHK01000006.1	1648485	1649872	-	hypothetical protein
PMG11_07121	CDHK01000006.1	1653331	1654323	-	hypothetical protein
PMG11_07122	CDHK01000006.1	1654326	1656521	-	hypothetical protein
PMG11_07123	CDHK01000006.1	1657229	1658277	-	hypothetical protein
PMG11_07124	CDHK01000006.1	1658852	1659880	-	hypothetical protein
PMG11_07125	CDHK01000006.1	1660733	1661680	-	hypothetical protein
PMG11_07126	CDHK01000006.1	1662569	1664170	+	Putative Oxidoreductase
PMG11_07127	CDHK01000006.1	1668543	1669591	+	Putative Protein ras-1
PMG11_07128	CDHK01000006.1	1670662	1671856	-	Putative Molybdopterin binding domain protein
PMG11_07129	CDHK01000006.1	1672163	1672925	+	hypothetical protein
PMG11_07130	CDHK01000006.1	1675129	1675464	-	Putative Title: questionable ORF
PMG11_07131	CDHK01000006.1	1676055	1677079	+	hypothetical protein
PMG11_07132	CDHK01000006.1	1681312	1683197	+	hypothetical protein
PMG11_07133	CDHK01000006.1	1686631	1687788	-	hypothetical protein
PMG11_07134	CDHK01000006.1	1688338	1689587	+	hypothetical protein
PMG11_07135	CDHK01000006.1	1689839	1690643	+	Putative Ribonuclease P complex subunit Pop4
PMG11_07136	CDHK01000006.1	1691262	1692663	-	hypothetical protein
PMG11_07137	CDHK01000006.1	1692698	1693032	+	hypothetical protein
PMG11_07138	CDHK01000006.1	1693061	1694281	-	Putative PAXNEB protein superfamily
PMG11_07139	CDHK01000006.1	1694576	1695070	+	Putative DNA-directed RNA polymerases i, ii, and iii 145 kDa polypeptide
PMG11_07140	CDHK01000006.1	1696401	1697894	-	hypothetical protein
PMG11_07141	CDHK01000006.1	1699066	1700385	-	Putative Thiamin pyrophosphokinase-related protein
PMG11_07142	CDHK01000006.1	1700731	1702309	+	hypothetical protein
PMG11_07143	CDHK01000006.1	1702538	1705099	-	hypothetical protein
PMG11_07144	CDHK01000006.1	1708581	1709327	-	hypothetical protein
PMG11_07145	CDHK01000006.1	1712986	1714717	-	hypothetical protein
PMG11_07146	CDHK01000006.1	1715417	1716825	+	hypothetical protein
PMG11_07147	CDHK01000006.1	1718506	1720815	-	hypothetical protein
PMG11_07148	CDHK01000006.1	1729050	1730020	-	hypothetical protein
PMG11_07149	CDHK01000006.1	1730406	1732846	-	Putative Translation initiation factor eIF-2B alpha subunit
PMG11_07150	CDHK01000006.1	1732418	1733993	+	Putative Centromere-associated protein
PMG11_07151	CDHK01000006.1	1734151	1734801	-	hypothetical protein
PMG11_07152	CDHK01000006.1	1735111	1737782	+	Putative Vesicle coat complex AP-3, beta subunit
PMG11_07153	CDHK01000006.1	1738512	1739623	+	Putative Serine/threonine-protein phosphatase
PMG11_07154	CDHK01000006.1	1739829	1741279	-	Putative Rho-GDP dissociation inhibitor
PMG11_07155	CDHK01000006.1	1742126	1744563	+	hypothetical protein
PMG11_07156	CDHK01000006.1	1744882	1746947	+	Putative mRNA cleavage and polyadenylation factor IA/II complex, subunit CLP1
PMG11_07157	CDHK01000006.1	1747045	1751408	-	hypothetical protein
PMG11_07158	CDHK01000006.1	1751586	1752822	+	Putative Podospora anserina S mat genomic DNA chromosome 1, supercontig 6
PMG11_07159	CDHK01000006.1	1753043	1754823	-	hypothetical protein
PMG11_07160	CDHK01000006.1	1755270	1757237	+	hypothetical protein
PMG11_07161	CDHK01000006.1	1757483	1758040	+	Putative Ribosomal protein S19
PMG11_07162	CDHK01000006.1	1758755	1759720	-	Putative RNA polymerase II transcription factor
PMG11_07163	CDHK01000006.1	1760070	1763173	-	Putative Homeodomain-like protein
PMG11_07164	CDHK01000006.1	1764429	1766177	+	hypothetical protein
PMG11_07165	CDHK01000006.1	1765453	1769279	+	hypothetical protein
PMG11_07166	CDHK01000006.1	1769592	1772843	+	Putative Serine/threonine protein kinase nrc-2
PMG11_07167	CDHK01000006.1	1773057	1773670	+	hypothetical protein
PMG11_07168	CDHK01000006.1	1773930	1775557	-	Putative 37S ribosomal protein S5
PMG11_07169	CDHK01000006.1	1775673	1777584	+	Putative tRNA(M5U54)methyltransferase
PMG11_07170	CDHK01000006.1	1777873	1779421	-	Putative Actin-like protein 3
PMG11_07171	CDHK01000006.1	1780240	1782045	+	hypothetical protein
PMG11_07172	CDHK01000006.1	1781828	1784030	-	hypothetical protein
PMG11_07173	CDHK01000006.1	1784984	1788347	+	hypothetical protein
PMG11_07174	CDHK01000006.1	1789111	1793846	+	Putative Complex: Pho85(cyclin-dependent kinase)/Pho80(cyclin)
PMG11_07175	CDHK01000006.1	1794700	1794984	-	hypothetical protein
PMG11_07176	CDHK01000006.1	1799911	1800853	-	hypothetical protein
PMG11_07177	CDHK01000006.1	1801100	1802797	+	hypothetical protein
PMG11_07178	CDHK01000006.1	1802815	1804159	-	hypothetical protein
PMG11_07179	CDHK01000006.1	1804683	1809171	+	hypothetical protein
PMG11_07180	CDHK01000006.1	1813930	1815267	-	hypothetical protein
PMG11_07181	CDHK01000006.1	1815792	1816813	-	hypothetical protein
PMG11_07182	CDHK01000006.1	1818009	1819723	-	hypothetical protein
PMG11_07183	CDHK01000006.1	1820430	1821694	-	hypothetical protein
PMG11_07184	CDHK01000006.1	1822334	1824372	-	Putative Permease of the major facilitator superfamily
PMG11_07185	CDHK01000006.1	1826258	1827776	+	hypothetical protein
PMG11_07186	CDHK01000006.1	1831736	1833396	+	hypothetical protein
PMG11_07187	CDHK01000006.1	1834191	1836852	-	hypothetical protein
PMG11_07188	CDHK01000006.1	1837087	1838850	-	hypothetical protein
PMG11_07189	CDHK01000006.1	1841485	1843765	-	Putative Cell wall glucanase/allergen F16-like protein
PMG11_07190	CDHK01000006.1	1845357	1847413	-	hypothetical protein
PMG11_07191	CDHK01000006.1	1848048	1849000	+	hypothetical protein
PMG11_07192	CDHK01000006.1	1851328	1852764	-	hypothetical protein
PMG11_07193	CDHK01000006.1	1852858	1856257	-	Putative Protein methyltransferase RmtC
PMG11_07194	CDHK01000006.1	1856415	1858805	+	Putative Pre-mRNA splicing factor ATP-dependent RNA helicase PRP43
PMG11_07195	CDHK01000006.1	1859149	1862029	-	hypothetical protein
PMG11_07196	CDHK01000006.1	1861889	1862568	+	hypothetical protein
PMG11_07197	CDHK01000006.1	1863770	1865191	+	Putative Aquaporin
PMG11_07198	CDHK01000006.1	1866254	1867619	+	hypothetical protein
PMG11_07199	CDHK01000006.1	1867625	1870069	-	hypothetical protein
PMG11_07200	CDHK01000006.1	1870584	1872014	+	hypothetical protein
PMG11_07201	CDHK01000006.1	1872040	1874481	-	Putative Protein-vacuolar targeting protein Atg18
PMG11_07202	CDHK01000006.1	1878701	1884217	+	hypothetical protein
PMG11_07203	CDHK01000006.1	1881478	1884992	-	Putative MLH1-like protein
PMG11_07204	CDHK01000006.1	1885116	1887493	+	hypothetical protein
PMG11_07205	CDHK01000006.1	1889002	1889781	+	hypothetical protein
PMG11_07206	CDHK01000006.1	1890169	1891401	-	hypothetical protein
PMG11_07207	CDHK01000006.1	1892202	1893029	+	hypothetical protein
PMG11_07208	CDHK01000006.1	1894782	1898245	+	Putative 26S proteasome regulatory subunit rpn-1
PMG11_07209	CDHK01000006.1	1898447	1899853	+	Putative Serine/threonine protein kinase
PMG11_07210	CDHK01000006.1	1900590	1905314	-	Putative Lon protease homolog 2, peroxisomal
PMG11_07211	CDHK01000006.1	1900686	1901579	+	hypothetical protein
PMG11_07212	CDHK01000006.1	1905515	1906925	+	Putative Porphobilinogen deaminase
PMG11_07213	CDHK01000006.1	1907027	1908334	-	hypothetical protein
PMG11_07214	CDHK01000006.1	1908939	1914117	+	hypothetical protein
PMG11_07215	CDHK01000006.1	1914373	1928416	+	Putative Dynein heavy chain, cytoplasmic
PMG11_07216	CDHK01000006.1	1928315	1929747	-	Putative Survival factor 1
PMG11_07217	CDHK01000006.1	1930072	1931021	+	Putative 60S ribosomal protein L19, mitochondrial
PMG11_07218	CDHK01000006.1	1933187	1935994	+	hypothetical protein
PMG11_07219	CDHK01000006.1	1936888	1937959	+	Putative Mitochondrial carrier protein PET8
PMG11_07220	CDHK01000006.1	1938126	1938902	-	hypothetical protein
PMG11_07221	CDHK01000006.1	1939192	1943455	+	hypothetical protein
PMG11_07222	CDHK01000006.1	1943706	1945790	+	hypothetical protein
PMG11_07223	CDHK01000006.1	1945984	1948731	+	hypothetical protein
PMG11_07224	CDHK01000006.1	1949206	1951256	+	Putative DEHA2G13156p
PMG11_07225	CDHK01000006.1	1951315	1952337	-	Putative Dihydrodipicolinate synthetase family protein
PMG11_07226	CDHK01000006.1	1953458	1955714	+	hypothetical protein
PMG11_07227	CDHK01000006.1	1953927	1961385	-	hypothetical protein
PMG11_07228	CDHK01000006.1	1962207	1967494	+	Putative Sec7 domain protein
PMG11_07229	CDHK01000006.1	1972060	1975335	-	Putative Pre-mRNA-splicing factor SYF1
PMG11_07230	CDHK01000006.1	1975438	1976897	+	Putative Vacuolar H-ATPase V1 sector, subunit D
PMG11_07231	CDHK01000006.1	1976470	1978080	-	Putative Small nuclear ribonucleoprotein U1a,U2b
PMG11_07232	CDHK01000006.1	1978338	1982289	-	hypothetical protein
PMG11_07233	CDHK01000006.1	1982947	1984329	-	hypothetical protein
PMG11_07234	CDHK01000006.1	1985021	1990364	-	Putative Protein kinase C
PMG11_07235	CDHK01000006.1	1990909	1993002	-	hypothetical protein
PMG11_07236	CDHK01000006.1	1993483	1995517	-	hypothetical protein
PMG11_07237	CDHK01000006.1	1993569	1994046	+	Putative Eukaryotic initiation factor 1A
PMG11_07238	CDHK01000006.1	1995907	1996335	-	Putative Alpha-1,3-mannosyltransferase
PMG11_07239	CDHK01000006.1	1996890	1998316	+	Putative Serine/threonine-protein phosphatase
PMG11_07240	CDHK01000006.1	1998757	2001588	-	Putative Nitrogen assimilation transcription factor nirA
PMG11_07241	CDHK01000006.1	2004065	2006479	+	hypothetical protein
PMG11_07242	CDHK01000006.1	2007248	2010632	-	Putative DNA ligase
PMG11_07243	CDHK01000006.1	2010897	2014480	-	hypothetical protein
PMG11_07244	CDHK01000006.1	2015035	2017012	+	hypothetical protein
PMG11_07245	CDHK01000006.1	2017330	2021405	+	hypothetical protein
PMG11_07246	CDHK01000006.1	2019993	2024074	-	hypothetical protein
PMG11_07247	CDHK01000006.1	2024146	2026964	+	Putative AdoMet-dependent rRNA methyltransferase spb1
PMG11_07248	CDHK01000006.1	2027478	2030573	+	Putative Histone-lysine N-methyltransferase, H3 lysine-79 specific
PMG11_07249	CDHK01000006.1	2029732	2030532	-	hypothetical protein
PMG11_07250	CDHK01000006.1	2030660	2032154	+	Putative PcvA
PMG11_07251	CDHK01000006.1	2032445	2034615	+	hypothetical protein
PMG11_07252	CDHK01000006.1	2034961	2036698	+	hypothetical protein
PMG11_07253	CDHK01000006.1	2037331	2038536	-	hypothetical protein
PMG11_07254	CDHK01000006.1	2040479	2043815	+	Putative Alpha-1,2 mannosyltransferase KTR1
PMG11_07255	CDHK01000006.1	2044182	2046301	+	hypothetical protein
PMG11_07256	CDHK01000006.1	2046687	2047547	+	hypothetical protein
PMG11_07257	CDHK01000006.1	2047918	2048815	-	hypothetical protein
PMG11_07258	CDHK01000006.1	2050297	2050982	-	hypothetical protein
PMG11_07259	CDHK01000006.1	2052100	2053323	+	Putative Cutinase
PMG11_07260	CDHK01000006.1	2055533	2058319	+	Putative Ribonucleoside-diphosphate reductase M2 subunit
PMG11_07261	CDHK01000006.1	2057821	2058636	-	hypothetical protein
PMG11_07262	CDHK01000006.1	2059450	2062799	-	hypothetical protein
PMG11_07263	CDHK01000006.1	2063411	2064097	-	Putative WD repeat protein
PMG11_07264	CDHK01000006.1	2064563	2070112	+	hypothetical protein
PMG11_07265	CDHK01000006.1	2071079	2071689	+	hypothetical protein
PMG11_07266	CDHK01000006.1	2072229	2074267	-	hypothetical protein
PMG11_07267	CDHK01000006.1	2073736	2075945	+	Putative Pseudouridine synthase
PMG11_07268	CDHK01000006.1	2076240	2077383	-	Putative Nucleolar protein-like/EBNA1-binding protein
PMG11_07269	CDHK01000006.1	2077638	2078027	+	hypothetical protein
PMG11_07270	CDHK01000006.1	2078229	2079803	-	Putative Protein disulfide-isomerase tigA
PMG11_07271	CDHK01000006.1	2079872	2083084	-	Putative XPG I-region protein
PMG11_07272	CDHK01000006.1	2083973	2085591	+	Putative Iron/ascorbate family oxidoreductases
PMG11_07273	CDHK01000006.1	2084909	2088736	-	Putative MYND-type zinc finger protein samB
PMG11_07274	CDHK01000006.1	2093108	2094536	+	Putative Heterotrimeric G protein beta subunit
PMG11_07275	CDHK01000006.1	2097761	2098746	+	hypothetical protein
PMG11_07276	CDHK01000006.1	2100227	2102354	-	Putative Transcription initiation factor subunit
PMG11_07277	CDHK01000006.1	2102653	2104403	-	Putative Ran-binding protein RANBP1 and related RanBD domain proteins
PMG11_07278	CDHK01000006.1	2104826	2107974	-	hypothetical protein
PMG11_07279	CDHK01000006.1	2108252	2109176	+	hypothetical protein
PMG11_07280	CDHK01000006.1	2109646	2110272	+	hypothetical protein
PMG11_07281	CDHK01000006.1	2110560	2111099	-	hypothetical protein
PMG11_07282	CDHK01000006.1	2111743	2113545	-	Putative Mitochondrial oxaloacetate transporter
PMG11_07283	CDHK01000006.1	2113873	2115113	+	Putative WD repeat protein (AFU_orthologue; AFUA_5G12370)
PMG11_07284	CDHK01000006.1	2115375	2117105	-	hypothetical protein
PMG11_07285	CDHK01000006.1	2117931	2119892	-	Putative Integral membrane protein
PMG11_07286	CDHK01000006.1	2120103	2122762	+	hypothetical protein
PMG11_07287	CDHK01000006.1	2121510	2122457	-	hypothetical protein
PMG11_07288	CDHK01000006.1	2122839	2126147	+	Putative mRNA decapping complex subunit Dcp2
PMG11_07289	CDHK01000006.1	2127608	2128912	+	hypothetical protein
PMG11_07290	CDHK01000006.1	2129108	2130400	-	hypothetical protein
PMG11_07291	CDHK01000006.1	2132012	2133633	+	hypothetical protein
PMG11_07292	CDHK01000006.1	2133814	2135014	-	hypothetical protein
PMG11_07293	CDHK01000006.1	2135643	2135975	-	hypothetical protein
PMG11_07294	CDHK01000006.1	2136689	2137924	+	hypothetical protein
PMG11_07295	CDHK01000006.1	2138336	2139488	+	Putative Isopenicillin N synthase
PMG11_07296	CDHK01000006.1	2139745	2140744	-	Putative Short chain dehydrogenase/reductase family
PMG11_07297	CDHK01000006.1	2141993	2143914	+	Putative Stress response protein Rds1
PMG11_07298	CDHK01000006.1	2144266	2145186	+	hypothetical protein
PMG11_07299	CDHK01000006.1	2145322	2146364	-	hypothetical protein
PMG11_07300	CDHK01000006.1	2146529	2147641	-	hypothetical protein
PMG11_07301	CDHK01000006.1	2148202	2149402	-	Putative Catalytic activity: a nitrile H(2)O <=> a carboxylate NH(3) (Precursor)
PMG11_07302	CDHK01000006.1	2149615	2152281	-	hypothetical protein
PMG11_07303	CDHK01000006.1	2152641	2155701	-	hypothetical protein
PMG11_07304	CDHK01000006.1	2157555	2160161	-	hypothetical protein
PMG11_07305	CDHK01000006.1	2162366	2164622	+	Putative Integral membrane protein TmpA
PMG11_07306	CDHK01000006.1	2166750	2168093	+	hypothetical protein
PMG11_07307	CDHK01000006.1	2168734	2170171	+	hypothetical protein
PMG11_07308	CDHK01000006.1	2170195	2170939	-	hypothetical protein
PMG11_07309	CDHK01000006.1	2172092	2172862	-	Putative Arrestin (Or S-antigen), nitrogen terminal domain protein
PMG11_07310	CDHK01000006.1	2173151	2173702	-	hypothetical protein
PMG11_07311	CDHK01000006.1	2180169	2181193	+	Putative N-acetylglucosaminyl phosphatidylinositol de-N-acetylase
PMG11_07312	CDHK01000006.1	2181757	2184081	-	hypothetical protein
PMG11_07313	CDHK01000006.1	2186907	2187998	+	hypothetical protein
PMG11_07314	CDHK01000006.1	2188437	2188943	+	Putative U6 small nuclear ribonucleoprotein
PMG11_07315	CDHK01000006.1	2189620	2191659	+	Putative GTP-binding protein
PMG11_07316	CDHK01000006.1	2192293	2193288	+	hypothetical protein
PMG11_07317	CDHK01000006.1	2193541	2197536	-	Putative DNA repair protein rad5
PMG11_07318	CDHK01000006.1	2197787	2199047	+	hypothetical protein
PMG11_07319	CDHK01000006.1	2199217	2201312	-	hypothetical protein
PMG11_07320	CDHK01000006.1	2203057	2205427	+	hypothetical protein
PMG11_07321	CDHK01000006.1	2205744	2207027	-	hypothetical protein
PMG11_07322	CDHK01000006.1	2207637	2210412	-	hypothetical protein
PMG11_07323	CDHK01000006.1	2210967	2212586	+	hypothetical protein
PMG11_07324	CDHK01000006.1	2212833	2213612	-	hypothetical protein
PMG11_07325	CDHK01000006.1	2214803	2216269	+	hypothetical protein
PMG11_07326	CDHK01000006.1	2216766	2217710	-	Putative Oxidoreductase, short chain dehydrogenase/reductase family
PMG11_07327	CDHK01000006.1	2218845	2221509	+	hypothetical protein
PMG11_07328	CDHK01000006.1	2221616	2225483	-	Putative DNA polymerase gamma
PMG11_07329	CDHK01000006.1	2225799	2226476	+	hypothetical protein
PMG11_07330	CDHK01000006.1	2226419	2228711	-	Putative UPF0052 domain-containing protein
PMG11_07331	CDHK01000006.1	2229300	2238786	-	Putative Serine/threonine-protein kinase tel1
PMG11_07332	CDHK01000006.1	2238849	2244473	+	hypothetical protein
PMG11_07333	CDHK01000006.1	2244694	2248282	+	Putative Function: CUL-4A of H. sapiens is a member of the cullin/Cdc53 family of proteins
PMG11_07334	CDHK01000006.1	2248817	2249146	+	hypothetical protein
PMG11_07335	CDHK01000006.1	2249807	2250857	+	hypothetical protein
PMG11_07336	CDHK01000006.1	2251705	2254582	+	Putative Dihydroxyacetone kinase
PMG11_07337	CDHK01000006.1	2254624	2256080	-	Putative Small nuclear ribonucleoprotein Sm D2
PMG11_07338	CDHK01000006.1	2256144	2260899	+	hypothetical protein
PMG11_07339	CDHK01000006.1	2261245	2261819	-	Putative SsDNA binding protein Ssb3
PMG11_07340	CDHK01000006.1	2262370	2263812	+	hypothetical protein
PMG11_07341	CDHK01000006.1	2264305	2265152	-	Putative BET3 family protein
PMG11_07342	CDHK01000006.1	2266403	2268704	-	hypothetical protein
PMG11_07343	CDHK01000006.1	2269378	2270580	-	hypothetical protein
PMG11_07344	CDHK01000006.1	2282440	2284146	+	Putative DUF1264 domain protein
PMG11_07345	CDHK01000006.1	2284308	2284899	+	hypothetical protein
PMG11_07346	CDHK01000006.1	2284735	2287668	-	Putative Phosphatidylethanolamine binding protein
PMG11_07347	CDHK01000006.1	2286619	2287557	+	hypothetical protein
PMG11_07348	CDHK01000006.1	2287929	2289795	+	Putative Enoyl-CoA hydratase
PMG11_07349	CDHK01000006.1	2290174	2291776	+	hypothetical protein
PMG11_07350	CDHK01000006.1	2291851	2296180	+	hypothetical protein
PMG11_07351	CDHK01000006.1	2295181	2295993	-	hypothetical protein
PMG11_07352	CDHK01000006.1	2296300	2297794	+	hypothetical protein
PMG11_07353	CDHK01000006.1	2297789	2300009	-	Putative Arylsulfatase
PMG11_07354	CDHK01000006.1	2300338	2302608	+	hypothetical protein
PMG11_07355	CDHK01000006.1	2303324	2304298	-	hypothetical protein
PMG11_07356	CDHK01000006.1	2306126	2308031	-	hypothetical protein
PMG11_07357	CDHK01000006.1	2308584	2310320	-	Putative Nuclear protein SNF4
PMG11_07358	CDHK01000006.1	2310842	2311959	-	hypothetical protein
PMG11_07359	CDHK01000006.1	2312030	2315620	-	hypothetical protein
PMG11_07360	CDHK01000006.1	2316195	2318419	-	Putative Mitochondrial division protein 1
PMG11_07361	CDHK01000006.1	2319024	2320096	+	Putative Chorismate mutase
PMG11_07362	CDHK01000006.1	2320280	2321267	-	Putative Protein bcp1
PMG11_07363	CDHK01000006.1	2321771	2322502	-	hypothetical protein
PMG11_07364	CDHK01000006.1	2323451	2323916	+	hypothetical protein
PMG11_07365	CDHK01000006.1	2323480	2326280	-	hypothetical protein
PMG11_07366	CDHK01000006.1	2326680	2330073	+	Putative Fungal transcriptional regulatory protein
PMG11_07367	CDHK01000006.1	2335051	2337443	+	Putative Vegetative cell wall protein gp1
PMG11_07368	CDHK01000006.1	2338465	2342298	-	Putative Non-ribosomal peptide synthetase/alpha-aminoadipate reductase
PMG11_07369	CDHK01000006.1	2345280	2346423	+	hypothetical protein
PMG11_07370	CDHK01000006.1	2347269	2349525	+	hypothetical protein
PMG11_07371	CDHK01000006.1	2349729	2350703	+	hypothetical protein
PMG11_07372	CDHK01000006.1	2351881	2353100	-	hypothetical protein
PMG11_07373	CDHK01000006.1	2354256	2354576	+	hypothetical protein
PMG11_07374	CDHK01000006.1	2355407	2357478	+	Putative Kinesin family protein
PMG11_07375	CDHK01000006.1	2357837	2359740	+	Putative Translation initiation factor eif-2b delta subunit
PMG11_07376	CDHK01000006.1	2360178	2363437	-	Putative DNA polymerase alpha subunit B
PMG11_07377	CDHK01000006.1	2360313	2360852	+	hypothetical protein
PMG11_07378	CDHK01000006.1	2363434	2364883	+	Putative CRAL/TRIO domain protein
PMG11_07379	CDHK01000006.1	2364972	2367203	-	hypothetical protein
PMG11_07380	CDHK01000006.1	2371480	2372756	-	hypothetical protein
PMG11_07381	CDHK01000006.1	2373810	2374574	+	hypothetical protein
PMG11_07382	CDHK01000006.1	2375961	2382748	+	hypothetical protein
PMG11_07383	CDHK01000006.1	2383196	2385009	+	hypothetical protein
PMG11_07384	CDHK01000006.1	2385689	2386969	+	Putative Taurine dioxygenase family protein
PMG11_07385	CDHK01000006.1	2387564	2389105	+	hypothetical protein
PMG11_07386	CDHK01000006.1	2389358	2391160	-	hypothetical protein
PMG11_07387	CDHK01000006.1	2391962	2394010	-	hypothetical protein
PMG11_07388	CDHK01000006.1	2395024	2396680	+	Putative Podospora anserina S mat genomic DNA chromosome 2, supercontig 2
PMG11_07389	CDHK01000006.1	2400380	2408870	+	Putative Kinesin family protein
PMG11_07390	CDHK01000006.1	2407281	2409091	-	hypothetical protein
PMG11_07391	CDHK01000006.1	2409622	2411277	+	Putative Glycosyltransferase
PMG11_07392	CDHK01000006.1	2411333	2413719	+	hypothetical protein
PMG11_07393	CDHK01000006.1	2414418	2417184	+	hypothetical protein
PMG11_07394	CDHK01000006.1	2416095	2418800	-	hypothetical protein
PMG11_07395	CDHK01000006.1	2419135	2424187	-	hypothetical protein
PMG11_07396	CDHK01000006.1	2426675	2428443	+	hypothetical protein
PMG11_07397	CDHK01000006.1	2430275	2432144	+	hypothetical protein
PMG11_07398	CDHK01000006.1	2433700	2435082	+	hypothetical protein
PMG11_07399	CDHK01000006.1	2435676	2436482	+	hypothetical protein
PMG11_07400	CDHK01000006.1	2437057	2437534	+	Putative Stress responsive A/B barrel domain protein
PMG11_07401	CDHK01000006.1	2437764	2438852	-	hypothetical protein
PMG11_07402	CDHK01000006.1	2439818	2441771	-	Putative DMT family organic anion transporter
PMG11_07403	CDHK01000006.1	2442912	2444639	+	hypothetical protein
PMG11_07404	CDHK01000006.1	2444542	2445469	-	hypothetical protein
PMG11_07405	CDHK01000006.1	2445527	2446199	-	hypothetical protein
PMG11_07406	CDHK01000006.1	2446890	2447944	-	hypothetical protein
PMG11_07407	CDHK01000006.1	2450717	2451904	+	hypothetical protein
PMG11_07408	CDHK01000006.1	2452671	2454363	-	hypothetical protein
PMG11_07409	CDHK01000006.1	2455515	2458262	-	hypothetical protein
PMG11_07410	CDHK01000006.1	2459114	2460692	+	hypothetical protein
PMG11_07411	CDHK01000006.1	2460395	2463775	-	Putative PH signal transduction protein PalH
PMG11_07412	CDHK01000006.1	2464297	2466962	-	Putative Aspartic protease pep1
PMG11_07413	CDHK01000006.1	2468867	2473030	-	Putative C6 transcription factor
PMG11_07414	CDHK01000006.1	2473390	2475658	-	hypothetical protein
PMG11_07415	CDHK01000006.1	2475851	2476993	+	hypothetical protein
PMG11_07416	CDHK01000006.1	2476270	2480596	-	hypothetical protein
PMG11_07417	CDHK01000006.1	2481143	2483176	-	Putative Cyclophilin type, U box-containing peptidyl-prolyl cis-trans isomerase
PMG11_07418	CDHK01000006.1	2484238	2489130	+	hypothetical protein
PMG11_07419	CDHK01000006.1	2487081	2489231	-	hypothetical protein
PMG11_07420	CDHK01000006.1	2489694	2491973	-	hypothetical protein
PMG11_07421	CDHK01000006.1	2492975	2495658	+	hypothetical protein
PMG11_07422	CDHK01000006.1	2495951	2497636	+	hypothetical protein
PMG11_07423	CDHK01000006.1	2498939	2502550	-	hypothetical protein
PMG11_07424	CDHK01000006.1	2502481	2503741	+	Putative Vacuolar assembly/sorting protein
PMG11_07425	CDHK01000006.1	2503942	2505537	-	hypothetical protein
PMG11_07426	CDHK01000006.1	2506788	2508511	+	hypothetical protein
PMG11_07427	CDHK01000006.1	2509141	2510282	+	Putative Triosephosphate isomerase
PMG11_07428	CDHK01000006.1	2510272	2512159	-	Putative Mitochondrial distribution and morphology protein 10
PMG11_07429	CDHK01000006.1	2512289	2513470	+	Putative 60S acidic ribosomal protein P0
PMG11_07430	CDHK01000006.1	2513496	2515573	-	Putative U1 small nuclear ribonucleoprotein 70 kDa
PMG11_07431	CDHK01000006.1	2515723	2516281	+	Putative Mitochondrial/chloroplast ribosomal protein 36a
PMG11_07432	CDHK01000006.1	2516560	2518056	-	hypothetical protein
PMG11_07433	CDHK01000006.1	2518388	2520138	-	Putative Cell cycle control protein
PMG11_07434	CDHK01000006.1	2520433	2520982	+	hypothetical protein
PMG11_07435	CDHK01000006.1	2521399	2524992	+	Putative Small GTP-binding protein
PMG11_07436	CDHK01000006.1	2525866	2526603	-	Putative 3'-5' exoribonuclease
PMG11_07437	CDHK01000006.1	2526762	2529785	-	Putative Vacuolar protein 8
PMG11_07438	CDHK01000006.1	2531108	2534198	+	Putative FHA domain protein
PMG11_07439	CDHK01000006.1	2535164	2536214	+	hypothetical protein
PMG11_07440	CDHK01000006.1	2537399	2539639	+	Putative Amino acid transporters
PMG11_07441	CDHK01000006.1	2539714	2541583	+	Putative UPF0187 domain protein
PMG11_07442	CDHK01000006.1	2541950	2543669	-	hypothetical protein
PMG11_07443	CDHK01000006.1	2543753	2546570	+	Putative Vacuolar protein sorting vps16
PMG11_07444	CDHK01000006.1	2544987	2547332	-	hypothetical protein
PMG11_07445	CDHK01000006.1	2547477	2549910	+	hypothetical protein
PMG11_07446	CDHK01000006.1	2550001	2550957	-	hypothetical protein
PMG11_07447	CDHK01000006.1	2552282	2555834	-	hypothetical protein
PMG11_07448	CDHK01000006.1	2557953	2561933	-	hypothetical protein
PMG11_07449	CDHK01000006.1	2562439	2565303	-	Putative Aspergillus niger contig An14c0130, genomic contig
PMG11_07450	CDHK01000006.1	2565311	2568050	+	hypothetical protein
PMG11_07451	CDHK01000006.1	2568280	2572269	+	Putative Pre-mRNA-splicing factor ATP-dependent RNA helicase prp22
PMG11_07452	CDHK01000006.1	2572463	2573403	+	Putative Phosphoglycerate mutase
PMG11_07453	CDHK01000006.1	2574163	2575509	+	Putative Alkanesulfonate monooxygenase
PMG11_07454	CDHK01000006.1	2575650	2576459	-	hypothetical protein
PMG11_07455	CDHK01000006.1	2576635	2578152	+	Putative Oxidoreductase, short chain dehydrogenase/reductase family
PMG11_07456	CDHK01000006.1	2578278	2580476	-	Putative UDP-glucose 4-epimerase
PMG11_07457	CDHK01000006.1	2580540	2584679	-	Putative Topisomerase II associated protein
PMG11_07458	CDHK01000006.1	2585109	2586489	+	Putative Glycolipid 2-alpha-mannosyltransferase
PMG11_07459	CDHK01000006.1	2586425	2588183	-	Putative 37S ribosomal protein S12
PMG11_07460	CDHK01000006.1	2588448	2589309	+	Putative Aspergillus niger contig An14c0130, genomic contig
PMG11_07461	CDHK01000006.1	2590303	2591307	-	Putative Aspergillus niger contig An14c0130, genomic contig
PMG11_07462	CDHK01000006.1	2592792	2594329	-	Putative Phosphomevalonate kinase
PMG11_07463	CDHK01000006.1	2595358	2596539	-	Putative Catalytic activity: S-adenosyl-L-methionine 5-alpha-cholest-8
PMG11_07464	CDHK01000006.1	2599981	2605960	+	Putative Aspergillus niger contig An14c0130, genomic contig
PMG11_07465	CDHK01000006.1	2606753	2607790	+	Putative ThiJ/PfpI family protein
PMG11_07466	CDHK01000006.1	2608656	2610817	-	hypothetical protein
PMG11_07467	CDHK01000006.1	2611067	2615194	+	hypothetical protein
PMG11_07468	CDHK01000006.1	2613410	2615321	-	hypothetical protein
PMG11_07469	CDHK01000006.1	2618009	2619271	+	Putative Pyridoxamine-phosphate oxidase
PMG11_07470	CDHK01000006.1	2619512	2620136	+	hypothetical protein
PMG11_07471	CDHK01000006.1	2619923	2623647	-	Putative Cl-channel CLC-3
PMG11_07472	CDHK01000006.1	2623822	2624567	+	hypothetical protein
PMG11_07473	CDHK01000006.1	2624948	2627588	+	Putative Cytochrome b-c1 complex subunit Rieske, mitochondrial
PMG11_07474	CDHK01000006.1	2624963	2628490	-	hypothetical protein
PMG11_07475	CDHK01000006.1	2628690	2629946	-	Putative DEHA2B13618p
PMG11_07476	CDHK01000006.1	2632471	2634172	+	Putative SH3 domain protein
PMG11_07477	CDHK01000006.1	2635159	2636055	+	hypothetical protein
PMG11_07478	CDHK01000006.1	2637016	2637814	+	Putative Aspergillus niger contig An14c0130, genomic contig
PMG11_07479	CDHK01000006.1	2638605	2639978	+	Putative Cytochrome c oxidase polypeptide 5, mitochondrial
PMG11_07480	CDHK01000006.1	2640044	2643802	+	Putative ATP synthase subunit beta
PMG11_07481	CDHK01000006.1	2644085	2647195	-	Putative Glycoside hydrolase family 13 protein
PMG11_07482	CDHK01000006.1	2651105	2653611	-	Putative Alpha-1,2-mannosidase family protein
PMG11_07483	CDHK01000006.1	2655040	2655804	+	hypothetical protein
PMG11_07484	CDHK01000006.1	2655838	2656555	-	hypothetical protein
PMG11_07485	CDHK01000006.1	2657866	2658980	-	hypothetical protein
PMG11_07486	CDHK01000006.1	2660883	2661798	+	hypothetical protein
PMG11_07487	CDHK01000006.1	2662159	2663288	+	hypothetical protein
PMG11_07488	CDHK01000006.1	2663439	2664713	+	hypothetical protein
PMG11_07489	CDHK01000006.1	2665124	2666793	+	Putative Oxidoreductase, acting on the CH-OH group of donors, NAD or NADP as acceptor
PMG11_07490	CDHK01000006.1	2667143	2668061	+	Putative Fructose/tagatose bisphosphate aldolase
PMG11_07491	CDHK01000006.1	2668286	2669131	-	hypothetical protein
PMG11_07492	CDHK01000006.1	2670917	2674055	+	hypothetical protein
PMG11_07493	CDHK01000006.1	2673152	2674189	-	Putative C-5 sterol desaturase
PMG11_07494	CDHK01000006.1	2676204	2678015	-	Putative Benzoate 4-monooxygenase cytochrome P450
PMG11_07495	CDHK01000006.1	2679199	2680183	-	Putative Iron-sulfur protein subunit of succinate dehydrogenase Sdh2
PMG11_07496	CDHK01000006.1	2680581	2682181	-	hypothetical protein
PMG11_07497	CDHK01000006.1	2682782	2684897	-	hypothetical protein
PMG11_07498	CDHK01000006.1	2685138	2687806	+	Putative Amidase family protein
PMG11_07499	CDHK01000006.1	2688034	2689640	+	hypothetical protein
PMG11_07500	CDHK01000006.1	2690684	2693146	+	Putative Pectin lyase B
PMG11_07501	CDHK01000006.1	2693600	2694718	-	hypothetical protein
PMG11_07502	CDHK01000006.1	2695586	2699560	-	hypothetical protein
PMG11_07503	CDHK01000006.1	2697509	2700529	+	hypothetical protein
PMG11_07504	CDHK01000006.1	2700457	2702320	-	hypothetical protein
PMG11_07505	CDHK01000006.1	2705028	2706663	+	hypothetical protein
PMG11_07506	CDHK01000006.1	2707772	2709787	+	hypothetical protein
PMG11_07507	CDHK01000006.1	2710335	2711322	-	hypothetical protein
PMG11_07508	CDHK01000006.1	2711769	2713079	-	hypothetical protein
PMG11_07509	CDHK01000006.1	2713638	2716182	-	Putative Catalase-peroxidase
PMG11_07510	CDHK01000006.1	2718876	2719508	+	hypothetical protein
PMG11_07511	CDHK01000006.1	2719585	2720136	+	hypothetical protein
PMG11_07512	CDHK01000006.1	2720175	2721075	-	hypothetical protein
PMG11_07513	CDHK01000006.1	2721497	2721802	-	Putative Glutaredoxin domain protein
PMG11_07514	CDHK01000006.1	2722786	2723845	+	Putative CORD and CS domain protein
PMG11_07515	CDHK01000006.1	2726161	2729378	+	Putative Ethanolamine kinase
PMG11_07516	CDHK01000006.1	2730285	2732659	-	Putative Catalase
PMG11_07517	CDHK01000006.1	2733579	2734912	-	Putative 3-dehydroshikimate dehydratase
PMG11_07518	CDHK01000006.1	2735520	2737086	+	hypothetical protein
PMG11_07519	CDHK01000006.1	2737239	2740286	-	hypothetical protein
PMG11_07520	CDHK01000006.1	2741241	2742317	+	Putative Shikimate 5-dehydrogenase
PMG11_07521	CDHK01000006.1	2742595	2743889	-	Putative Protein qutG
PMG11_07522	CDHK01000006.1	2744957	2745644	+	Putative Catabolic 3-dehydroquinase 1
PMG11_07523	CDHK01000006.1	2745920	2749225	-	hypothetical protein
PMG11_07524	CDHK01000006.1	2749318	2752770	+	hypothetical protein
PMG11_07525	CDHK01000006.1	2753707	2754942	+	hypothetical protein
PMG11_07526	CDHK01000006.1	2755956	2761107	+	hypothetical protein
PMG11_07527	CDHK01000006.1	2762895	2764040	-	hypothetical protein
PMG11_07528	CDHK01000006.1	2765068	2767702	+	Putative Vacuolar ATP synthase subunit c
PMG11_07529	CDHK01000006.1	2767010	2767760	-	Putative Adenylyl-sulfate kinase
PMG11_07530	CDHK01000006.1	2767846	2769356	-	Putative Adenylyl-sulfate kinase
PMG11_07531	CDHK01000006.1	2770785	2772194	+	hypothetical protein
PMG11_07532	CDHK01000006.1	2772705	2773832	-	hypothetical protein
PMG11_07533	CDHK01000006.1	2775280	2778525	+	Putative Alpha-1,2-mannosidase family protein
PMG11_07534	CDHK01000006.1	2779488	2782816	-	hypothetical protein
PMG11_07535	CDHK01000006.1	2787783	2788793	+	hypothetical protein
PMG11_07536	CDHK01000006.1	2790495	2791664	+	hypothetical protein
PMG11_07537	CDHK01000006.1	2793047	2795165	+	hypothetical protein
PMG11_07538	CDHK01000006.1	2795957	2800574	+	Putative Choline dehydrogenase and related flavoproteins
PMG11_07539	CDHK01000006.1	2799356	2800729	-	Putative S-adenosylmethionine synthase
PMG11_07540	CDHK01000006.1	2801323	2802189	+	Putative ATP binding protein
PMG11_07541	CDHK01000006.1	2802840	2803389	-	hypothetical protein
PMG11_07542	CDHK01000006.1	2803740	2808232	-	hypothetical protein
PMG11_07543	CDHK01000006.1	2810751	2813371	+	hypothetical protein
PMG11_07544	CDHK01000006.1	2813495	2815519	-	hypothetical protein
PMG11_07545	CDHK01000006.1	2815990	2817112	-	Putative Remark: the systematic name for S. cerevisiae NAS6 is YGR232W
PMG11_07546	CDHK01000006.1	2817202	2819090	+	Putative Pre-mRNA-splicing factor prp46
PMG11_07547	CDHK01000006.1	2819245	2821765	-	Putative Origin recognition complex, subunit 1
PMG11_07548	CDHK01000006.1	2822367	2823490	-	Putative Prefoldin subunit 5
PMG11_07549	CDHK01000006.1	2823703	2827070	-	Putative Prolyl-tRNA synthetase
PMG11_07550	CDHK01000006.1	2826123	2830032	+	Putative CCAAT-box-binding transcription factor
PMG11_07551	CDHK01000006.1	2830732	2834615	+	Putative Amino acid transporter
PMG11_07552	CDHK01000006.1	2834642	2836448	+	Putative Aminomethyltransferase
PMG11_07553	CDHK01000006.1	2836738	2837766	-	hypothetical protein
PMG11_07554	CDHK01000006.1	2838203	2839900	+	hypothetical protein
PMG11_07555	CDHK01000006.1	2839864	2841525	-	hypothetical protein
PMG11_07556	CDHK01000006.1	2842076	2843627	-	Putative V-type H-transporting ATPase 54 kDa subunit
PMG11_07557	CDHK01000006.1	2843333	2847026	+	hypothetical protein
PMG11_07558	CDHK01000006.1	2847124	2849627	-	hypothetical protein
PMG11_07559	CDHK01000006.1	2851281	2852236	+	hypothetical protein
PMG11_07560	CDHK01000006.1	2852764	2855816	+	hypothetical protein
PMG11_07561	CDHK01000006.1	2856790	2857299	-	hypothetical protein
PMG11_07562	CDHK01000006.1	2863607	2867730	+	hypothetical protein
PMG11_07563	CDHK01000006.1	2871092	2872282	-	hypothetical protein
PMG11_07564	CDHK01000006.1	2872433	2876058	+	hypothetical protein
PMG11_07565	CDHK01000006.1	2876962	2877856	+	hypothetical protein
PMG11_07566	CDHK01000006.1	2879631	2880384	-	Putative Grg1 protein
PMG11_07567	CDHK01000006.1	2884556	2886205	+	hypothetical protein
PMG11_07568	CDHK01000006.1	2887176	2888668	-	hypothetical protein
PMG11_07569	CDHK01000006.1	2889003	2892419	-	hypothetical protein
PMG11_07570	CDHK01000006.1	2900465	2901988	-	Putative Glycerol-3-phosphate phosphatase
PMG11_07571	CDHK01000006.1	2902052	2904139	+	Putative GTP-binding protein
PMG11_07572	CDHK01000006.1	2904258	2905806	+	hypothetical protein
PMG11_07573	CDHK01000006.1	2905974	2909166	-	hypothetical protein
PMG11_07574	CDHK01000006.1	2909251	2913396	+	hypothetical protein
PMG11_07575	CDHK01000006.1	2914061	2915234	-	Putative 60S ribosomal protein L35
PMG11_07576	CDHK01000006.1	2915530	2916362	+	Putative Golgi SNAP receptor complex member 1
PMG11_07577	CDHK01000006.1	2915846	2917898	-	hypothetical protein
PMG11_07578	CDHK01000006.1	2918383	2920904	+	hypothetical protein
PMG11_07579	CDHK01000006.1	2921106	2924534	+	hypothetical protein
PMG11_07580	CDHK01000006.1	2925180	2925639	-	hypothetical protein
PMG11_07581	CDHK01000006.1	2926320	2929719	-	hypothetical protein
PMG11_07582	CDHK01000006.1	2930231	2932652	-	Putative Puf family RNA-binding protein
PMG11_07583	CDHK01000006.1	2933206	2934144	-	hypothetical protein
PMG11_07584	CDHK01000006.1	2936270	2941043	-	hypothetical protein
PMG11_07585	CDHK01000006.1	2945253	2945844	-	hypothetical protein
PMG11_07586	CDHK01000006.1	2946380	2947435	-	hypothetical protein
PMG11_07587	CDHK01000006.1	2948137	2949918	-	hypothetical protein
PMG11_07588	CDHK01000006.1	2951995	2953877	+	hypothetical protein
PMG11_07589	CDHK01000006.1	2954909	2957999	+	Putative Peptide transporter MTD1
PMG11_07590	CDHK01000006.1	2958047	2959521	-	hypothetical protein
PMG11_07591	CDHK01000006.1	2960595	2963956	+	hypothetical protein
PMG11_07592	CDHK01000006.1	2963239	2964350	-	hypothetical protein
PMG11_07593	CDHK01000006.1	2965562	2966680	+	hypothetical protein
PMG11_07594	CDHK01000006.1	2967233	2969734	+	hypothetical protein
PMG11_07595	CDHK01000006.1	2969997	2971162	-	hypothetical protein
PMG11_07596	CDHK01000006.1	2971731	2973190	-	hypothetical protein
PMG11_07597	CDHK01000006.1	2973880	2974776	+	hypothetical protein
PMG11_07598	CDHK01000006.1	2978044	2979842	-	hypothetical protein
PMG11_07599	CDHK01000006.1	2982829	2983730	+	hypothetical protein
PMG11_07600	CDHK01000006.1	2983396	2985546	+	hypothetical protein
PMG11_07601	CDHK01000006.1	2985658	2987390	+	Putative DNA repair protein rhp51
PMG11_07602	CDHK01000006.1	2987547	2992213	+	hypothetical protein
PMG11_07603	CDHK01000006.1	2992855	2998474	-	hypothetical protein
PMG11_07604	CDHK01000006.1	3004269	3023496	+	hypothetical protein
PMG11_07605	CDHK01000006.1	3023882	3024948	-	hypothetical protein
PMG11_07606	CDHK01000006.1	3025706	3028066	-	Putative Synaptic vesicle transporter SVOP and related transporters
PMG11_07607	CDHK01000006.1	3028297	3031512	-	hypothetical protein
PMG11_07608	CDHK01000006.1	3031628	3034838	-	Putative Phosphoglycerate kinase
PMG11_07609	CDHK01000006.1	3031832	3032346	+	hypothetical protein
PMG11_07610	CDHK01000006.1	3035414	3036537	-	Putative Peroxisomal membrane protein
PMG11_07611	CDHK01000006.1	3037147	3039065	-	hypothetical protein
PMG11_07612	CDHK01000006.1	3038893	3041990	+	Putative Related to U1 snRNP protein
PMG11_07613	CDHK01000006.1	3042497	3045464	+	Putative Endopolygalacturonase AN8327
PMG11_07614	CDHK01000006.1	3045072	3045865	-	hypothetical protein
PMG11_07615	CDHK01000006.1	3046507	3049909	-	Putative Translation initiation factor rli1
PMG11_07616	CDHK01000006.1	3050016	3056033	+	Putative Chromodomain-helicase DNA-binding protein
PMG11_07617	CDHK01000006.1	3056573	3058092	-	hypothetical protein
PMG11_07618	CDHK01000006.1	3058350	3059812	-	Putative Pyridoxal reductase
PMG11_07619	CDHK01000006.1	3060618	3061343	-	hypothetical protein
PMG11_07620	CDHK01000006.1	3061861	3063423	-	Putative DUF907 domain protein
PMG11_07621	CDHK01000006.1	3064255	3065069	-	hypothetical protein
PMG11_07622	CDHK01000006.1	3065999	3067549	-	Putative mRNA splicing factor PRP31
PMG11_07623	CDHK01000006.1	3067754	3070328	+	Putative Pre-mRNA-splicing factor clf1
PMG11_07624	CDHK01000006.1	3071736	3075292	+	hypothetical protein
PMG11_07625	CDHK01000006.1	3075438	3078665	+	hypothetical protein
PMG11_07626	CDHK01000006.1	3079228	3080431	-	Putative Rieske 2Fe-2S family protein
PMG11_07627	CDHK01000006.1	3081736	3083707	-	hypothetical protein
PMG11_07628	CDHK01000006.1	3083932	3086896	-	hypothetical protein
PMG11_07629	CDHK01000006.1	3087428	3089612	-	hypothetical protein
PMG11_07630	CDHK01000006.1	3091440	3092634	-	hypothetical protein
PMG11_07631	CDHK01000006.1	3092872	3093832	-	Putative 3-oxoacyl-(Acyl-carrier-protein) reductase
PMG11_07632	CDHK01000006.1	3094142	3095111	-	Putative TIM-barrel enzyme family protein
PMG11_07633	CDHK01000006.1	3096196	3098886	+	hypothetical protein
PMG11_07634	CDHK01000006.1	3105965	3107647	+	Putative C2H2 transcription factor
PMG11_07635	CDHK01000006.1	3107992	3111908	+	hypothetical protein
PMG11_07636	CDHK01000006.1	3112082	3114606	+	Putative Adenosylhomocysteinase
PMG11_07637	CDHK01000006.1	3114817	3117009	-	hypothetical protein
PMG11_07638	CDHK01000006.1	3117746	3119150	+	hypothetical protein
PMG11_07639	CDHK01000006.1	3120726	3122537	+	Putative 1,4-beta-D-glucan cellobiohydrolase C
PMG11_07640	CDHK01000006.1	3122779	3126531	-	hypothetical protein
PMG11_07641	CDHK01000006.1	3126657	3127948	-	hypothetical protein
PMG11_07642	CDHK01000006.1	3128407	3129378	+	hypothetical protein
PMG11_07643	CDHK01000006.1	3130283	3134283	+	hypothetical protein
PMG11_07644	CDHK01000006.1	3135602	3137504	-	hypothetical protein
PMG11_07645	CDHK01000006.1	3138013	3139676	-	Putative Peptidase dimerisation domain protein
PMG11_07646	CDHK01000006.1	3139816	3142422	+	hypothetical protein
PMG11_07647	CDHK01000006.1	3144476	3145151	-	hypothetical protein
PMG11_07648	CDHK01000006.1	3147270	3149435	-	hypothetical protein
PMG11_07649	CDHK01000006.1	3150668	3151408	+	hypothetical protein
PMG11_07650	CDHK01000006.1	3151917	3153015	+	Putative Casein kinase II beta 2 subunit
PMG11_07651	CDHK01000006.1	3152523	3154650	-	Putative Kynurenine formamidase
PMG11_07652	CDHK01000006.1	3154714	3156490	+	Putative Eukaryotic translation initiation factor 3 subunit H
PMG11_07653	CDHK01000006.1	3156750	3158028	+	hypothetical protein
PMG11_07654	CDHK01000006.1	3157268	3165763	-	Putative Remark: due to contig end (Fragment)
PMG11_07655	CDHK01000006.1	3166449	3168068	-	hypothetical protein
PMG11_07656	CDHK01000006.1	3168076	3172126	+	Putative DEAD/DEAH box RNA helicase
PMG11_07657	CDHK01000006.1	3172323	3172779	-	hypothetical protein
PMG11_07658	CDHK01000006.1	3174108	3176051	+	hypothetical protein
PMG11_07659	CDHK01000006.1	3176583	3177212	-	hypothetical protein
PMG11_07660	CDHK01000006.1	3177747	3179616	-	hypothetical protein
PMG11_07661	CDHK01000006.1	3183015	3184001	+	hypothetical protein
PMG11_07662	CDHK01000006.1	3184864	3186558	+	hypothetical protein
PMG11_07663	CDHK01000006.1	3186740	3187735	-	Putative Short-chain dehydrogenase
PMG11_07664	CDHK01000006.1	3188085	3192873	+	Putative Pleiotropic drug resistance proteins (PDR1-15), ABC superfamily
PMG11_07665	CDHK01000006.1	3193280	3193968	-	hypothetical protein
PMG11_07666	CDHK01000006.1	3194792	3196597	-	hypothetical protein
PMG11_07667	CDHK01000006.1	3197144	3198115	-	hypothetical protein
PMG11_07668	CDHK01000006.1	3200235	3201862	+	hypothetical protein
PMG11_07669	CDHK01000006.1	3201931	3202992	-	Putative Conserved aldo-keto oxidoreductase, NADPH-dependent
PMG11_07670	CDHK01000006.1	3203563	3205308	+	Putative Podospora anserina S mat genomic DNA chromosome 6, supercontig 4
PMG11_07671	CDHK01000006.1	3204153	3207800	-	Putative MFS sugar transporter
PMG11_07672	CDHK01000006.1	3206798	3210138	+	Putative Alpha-L-arabinofuranosidase
PMG11_07673	CDHK01000006.1	3210080	3210474	-	hypothetical protein
PMG11_07674	CDHK01000006.1	3210799	3212372	+	hypothetical protein
PMG11_07675	CDHK01000006.1	3212658	3217333	-	hypothetical protein
PMG11_07676	CDHK01000006.1	3217423	3221007	+	Putative Mitochondrial import inner membrane translocase
PMG11_07677	CDHK01000006.1	3217664	3218365	-	hypothetical protein
PMG11_07678	CDHK01000006.1	3221278	3222966	+	hypothetical protein
PMG11_07679	CDHK01000006.1	3223273	3224568	+	hypothetical protein
PMG11_07680	CDHK01000006.1	3224616	3226027	-	Putative Remark: human SGT interacts with the nonstructural protein NS1 of parvovirus H-1 (Precursor)
PMG11_07681	CDHK01000006.1	3226040	3229975	+	Putative DUF1339 domain protein
PMG11_07682	CDHK01000006.1	3230044	3231152	-	Putative Translation machinery-associated protein 20
PMG11_07683	CDHK01000006.1	3231353	3233411	-	Putative GTP-dependent nucleic acid-binding protein engD
PMG11_07684	CDHK01000006.1	3240724	3241527	-	Putative Glutathione S-transferase domain-containing protein
PMG11_07685	CDHK01000006.1	3242943	3243566	-	hypothetical protein
PMG11_07686	CDHK01000006.1	3244374	3245372	+	Putative WW domain-containing oxidoreductase
PMG11_07687	CDHK01000006.1	3245774	3246956	-	hypothetical protein
PMG11_07688	CDHK01000006.1	3250754	3253235	-	Putative Dihydroxyacetone synthase
PMG11_07689	CDHK01000006.1	3255652	3257380	+	Putative Vitamin H transporter
PMG11_07690	CDHK01000006.1	3259928	3260824	+	Putative Dehydrogenases with different specificities
PMG11_07691	CDHK01000006.1	3259950	3263256	-	Putative Dihydroxyacetone synthase
PMG11_07692	CDHK01000006.1	3275398	3276966	+	hypothetical protein
PMG11_07693	CDHK01000006.1	3277479	3279073	+	hypothetical protein
PMG11_07694	CDHK01000007.1	47474	48460	-	hypothetical protein
PMG11_07695	CDHK01000007.1	71249	73267	+	hypothetical protein
PMG11_07696	CDHK01000007.1	117533	118713	+	Putative Delta-aminolevulinic acid dehydratase
PMG11_07697	CDHK01000007.1	117806	123456	-	Putative Acetyltransferase
PMG11_07698	CDHK01000007.1	124232	129281	+	Putative Exportin KapK
PMG11_07699	CDHK01000007.1	130634	131234	+	hypothetical protein
PMG11_07700	CDHK01000007.1	130878	135258	-	hypothetical protein
PMG11_07701	CDHK01000007.1	134178	134705	+	hypothetical protein
PMG11_07702	CDHK01000007.1	137141	137497	+	hypothetical protein
PMG11_07703	CDHK01000007.1	141290	144133	+	Putative Glycerol-3-phosphate dehydrogenase
PMG11_07704	CDHK01000007.1	144264	146171	+	hypothetical protein
PMG11_07705	CDHK01000007.1	147882	148376	-	hypothetical protein
PMG11_07706	CDHK01000007.1	151401	153724	+	Putative Guanylate kinase
PMG11_07707	CDHK01000007.1	153860	154862	+	Putative Guanylate kinase
PMG11_07708	CDHK01000007.1	155108	156980	-	Putative Cell division control protein 10
PMG11_07709	CDHK01000007.1	156997	157887	+	Putative WD domain protein
PMG11_07710	CDHK01000007.1	158041	160069	+	Putative WD40 repeat protein
PMG11_07711	CDHK01000007.1	159214	160445	-	Putative Kinetochore protein
PMG11_07712	CDHK01000007.1	160558	163895	+	hypothetical protein
PMG11_07713	CDHK01000007.1	164030	169074	-	hypothetical protein
PMG11_07714	CDHK01000007.1	164107	164896	+	Putative Heavy metal ion transporter
PMG11_07715	CDHK01000007.1	168750	169223	+	hypothetical protein
PMG11_07716	CDHK01000007.1	169645	172305	+	Putative Zn-finger protein
PMG11_07717	CDHK01000007.1	174319	177258	+	Putative IQ calmodulin-binding motif domain protein
PMG11_07718	CDHK01000007.1	177744	179087	+	Putative WD40 repeat protein
PMG11_07719	CDHK01000007.1	179544	182020	-	Putative Pheromone-processing carboxypeptidase kex1
PMG11_07720	CDHK01000007.1	182336	183818	-	Putative Remark: a splice site was detected upstream of the START codon
PMG11_07721	CDHK01000007.1	184603	185317	+	Putative Regulator of ATP-sensitive K channels Alpha-endosulfine
PMG11_07722	CDHK01000007.1	186142	189146	-	Putative ICE2 family protein
PMG11_07723	CDHK01000007.1	189870	191010	+	Putative UPF0160 domain protein MYG1
PMG11_07724	CDHK01000007.1	191660	192232	-	hypothetical protein
PMG11_07725	CDHK01000007.1	192425	194438	+	Putative Methionyl-tRNA synthetase
PMG11_07726	CDHK01000007.1	195131	196315	-	Putative Nuclear pore complex protein SonA
PMG11_07727	CDHK01000007.1	197764	199756	-	hypothetical protein
PMG11_07728	CDHK01000007.1	202703	204232	+	hypothetical protein
PMG11_07729	CDHK01000007.1	205302	207826	+	hypothetical protein
PMG11_07730	CDHK01000007.1	208015	209126	-	hypothetical protein
PMG11_07731	CDHK01000007.1	214305	216364	-	hypothetical protein
PMG11_07732	CDHK01000007.1	216464	217640	+	hypothetical protein
PMG11_07733	CDHK01000007.1	218043	219117	-	hypothetical protein
PMG11_07734	CDHK01000007.1	219664	221382	-	Putative Major facilitator superfamily transporter
PMG11_07735	CDHK01000007.1	221637	222896	+	Putative Adenosine deaminase
PMG11_07736	CDHK01000007.1	223021	224487	-	hypothetical protein
PMG11_07737	CDHK01000007.1	226506	227849	-	hypothetical protein
PMG11_07738	CDHK01000007.1	228211	230856	+	hypothetical protein
PMG11_07739	CDHK01000007.1	231660	232213	-	Putative CipC protein
PMG11_07740	CDHK01000007.1	236806	237616	+	hypothetical protein
PMG11_07741	CDHK01000007.1	238340	242816	-	Putative Intermediate filament protein
PMG11_07742	CDHK01000007.1	242805	244519	+	Putative Phospholipid methyltransferase
PMG11_07743	CDHK01000007.1	245316	246974	+	hypothetical protein
PMG11_07744	CDHK01000007.1	247015	249237	-	hypothetical protein
PMG11_07745	CDHK01000007.1	249509	251002	-	hypothetical protein
PMG11_07746	CDHK01000007.1	251914	256489	-	hypothetical protein
PMG11_07747	CDHK01000007.1	257304	261080	+	hypothetical protein
PMG11_07748	CDHK01000007.1	261645	264088	+	Putative 60S ribosomal protein
PMG11_07749	CDHK01000007.1	262931	266889	+	hypothetical protein
PMG11_07750	CDHK01000007.1	266126	267470	-	Putative Expressed protein
PMG11_07751	CDHK01000007.1	269311	270742	+	hypothetical protein
PMG11_07752	CDHK01000007.1	270986	272356	+	hypothetical protein
PMG11_07753	CDHK01000007.1	277174	279894	+	hypothetical protein
PMG11_07754	CDHK01000007.1	279917	281602	-	hypothetical protein
PMG11_07755	CDHK01000007.1	282327	283265	+	hypothetical protein
PMG11_07756	CDHK01000007.1	283299	283655	+	hypothetical protein
PMG11_07757	CDHK01000007.1	284134	285661	-	hypothetical protein
PMG11_07758	CDHK01000007.1	286250	287638	+	hypothetical protein
PMG11_07759	CDHK01000007.1	288463	289945	-	hypothetical protein
PMG11_07760	CDHK01000007.1	291718	292299	+	hypothetical protein
PMG11_07761	CDHK01000007.1	293615	295176	-	hypothetical protein
PMG11_07762	CDHK01000007.1	296119	297471	+	hypothetical protein
PMG11_07763	CDHK01000007.1	299056	301382	-	Putative Polyamine transporter TPO5
PMG11_07764	CDHK01000007.1	301971	305376	-	hypothetical protein
PMG11_07765	CDHK01000007.1	305889	307064	-	hypothetical protein
PMG11_07766	CDHK01000007.1	307977	309610	+	hypothetical protein
PMG11_07767	CDHK01000007.1	309920	312635	+	hypothetical protein
PMG11_07768	CDHK01000007.1	312847	315667	-	Putative Protein kinase activator
PMG11_07769	CDHK01000007.1	312985	313383	+	hypothetical protein
PMG11_07770	CDHK01000007.1	315604	317475	+	hypothetical protein
PMG11_07771	CDHK01000007.1	317625	319148	-	hypothetical protein
PMG11_07772	CDHK01000007.1	319291	321839	+	Putative Eukaryotic ribosome biogenesis protein
PMG11_07773	CDHK01000007.1	323332	325369	+	hypothetical protein
PMG11_07774	CDHK01000007.1	325593	328143	-	Putative CdcH
PMG11_07775	CDHK01000007.1	328249	329792	+	Putative SNF7 family protein
PMG11_07776	CDHK01000007.1	329381	330258	-	Putative DUF1000 domain protein
PMG11_07777	CDHK01000007.1	330664	332789	-	Putative P-loop containing nucleoside triphosphate hydrolase
PMG11_07778	CDHK01000007.1	333029	334837	+	hypothetical protein
PMG11_07779	CDHK01000007.1	334843	335743	-	Putative Mitotic-spindle organizing protein 1
PMG11_07780	CDHK01000007.1	337085	339230	+	Putative PP2C-like protein
PMG11_07781	CDHK01000007.1	340650	342322	+	Putative Phosphorylcholine transferase/cholinephosphate cytidylyltransferase
PMG11_07782	CDHK01000007.1	343576	344829	-	hypothetical protein
PMG11_07783	CDHK01000007.1	345430	347662	-	hypothetical protein
PMG11_07784	CDHK01000007.1	347786	349366	-	Putative Endoglucanase
PMG11_07785	CDHK01000007.1	350978	353002	-	hypothetical protein
PMG11_07786	CDHK01000007.1	353333	355969	-	Putative U3 small nucleolar RNA-associated protein 25
PMG11_07787	CDHK01000007.1	355802	358108	+	Putative Eukaryotic translation initiation factor 3 subunit F
PMG11_07788	CDHK01000007.1	360609	361907	-	hypothetical protein
PMG11_07789	CDHK01000007.1	362487	363092	-	Putative Complex: S. cerevisiae TFIID is composed of TBP
PMG11_07790	CDHK01000007.1	363537	364022	+	Putative Transmembrane protein
PMG11_07791	CDHK01000007.1	364345	366684	-	hypothetical protein
PMG11_07792	CDHK01000007.1	366863	369145	-	hypothetical protein
PMG11_07793	CDHK01000007.1	366998	367591	+	Putative Cell cycle control protein Cwf18
PMG11_07794	CDHK01000007.1	369236	372726	+	hypothetical protein
PMG11_07795	CDHK01000007.1	372990	374384	-	Putative 50S ribosomal protein L17
PMG11_07796	CDHK01000007.1	374522	374962	+	hypothetical protein
PMG11_07797	CDHK01000007.1	375282	376070	-	hypothetical protein
PMG11_07798	CDHK01000007.1	376685	377261	+	Putative 40S ribosomal protein S23
PMG11_07799	CDHK01000007.1	378047	379588	-	Putative Translation initiation factor 2B, beta subunit
PMG11_07800	CDHK01000007.1	379753	382158	+	Putative Nuclear envelope morphology protein
PMG11_07801	CDHK01000007.1	385437	386754	+	hypothetical protein
PMG11_07802	CDHK01000007.1	386937	388151	-	hypothetical protein
PMG11_07803	CDHK01000007.1	389191	390672	+	hypothetical protein
PMG11_07804	CDHK01000007.1	391302	393640	-	hypothetical protein
PMG11_07805	CDHK01000007.1	394124	395748	-	Putative Hydroxyindole-O-methyltransferase and related SAM-dependent methyltransferases
PMG11_07806	CDHK01000007.1	397593	398238	-	hypothetical protein
PMG11_07807	CDHK01000007.1	406915	409100	+	hypothetical protein
PMG11_07808	CDHK01000007.1	410957	412541	+	hypothetical protein
PMG11_07809	CDHK01000007.1	412857	413881	+	hypothetical protein
PMG11_07810	CDHK01000007.1	414148	416299	+	hypothetical protein
PMG11_07811	CDHK01000007.1	416524	419284	+	hypothetical protein
PMG11_07812	CDHK01000007.1	419722	421361	+	Putative Permease of the major facilitator superfamily
PMG11_07813	CDHK01000007.1	422082	423766	+	Putative Nitrilotriacetate monooxygenase component A
PMG11_07814	CDHK01000007.1	423945	425436	+	Putative Nuclear protein export protein Yrb2
PMG11_07815	CDHK01000007.1	426070	428973	+	hypothetical protein
PMG11_07816	CDHK01000007.1	429596	430474	-	Putative Trans-aconitate methyltransferase
PMG11_07817	CDHK01000007.1	431350	435231	+	hypothetical protein
PMG11_07818	CDHK01000007.1	436668	437258	-	hypothetical protein
PMG11_07819	CDHK01000007.1	439781	440841	+	hypothetical protein
PMG11_07820	CDHK01000007.1	442703	444086	+	hypothetical protein
PMG11_07821	CDHK01000007.1	444625	446185	-	Putative 40S ribosomal protein S9
PMG11_07822	CDHK01000007.1	446344	447533	+	Putative 50S ribosomal protein L13
PMG11_07823	CDHK01000007.1	446559	448944	-	Putative Uricase
PMG11_07824	CDHK01000007.1	449802	450868	+	hypothetical protein
PMG11_07825	CDHK01000007.1	452050	453897	+	hypothetical protein
PMG11_07826	CDHK01000007.1	454082	456774	-	hypothetical protein
PMG11_07827	CDHK01000007.1	454161	455256	+	hypothetical protein
PMG11_07828	CDHK01000007.1	457694	459172	-	hypothetical protein
PMG11_07829	CDHK01000007.1	460467	462228	-	Putative C2H2 transcription factor
PMG11_07830	CDHK01000007.1	466495	468733	+	hypothetical protein
PMG11_07831	CDHK01000007.1	471950	473778	-	Putative Amino acid transporters
PMG11_07832	CDHK01000007.1	474278	474555	-	hypothetical protein
PMG11_07833	CDHK01000007.1	475039	475961	-	hypothetical protein
PMG11_07834	CDHK01000007.1	476146	479772	-	hypothetical protein
PMG11_07835	CDHK01000007.1	479173	480152	+	Putative NADH-ubiquinone oxidoreductase subunit
PMG11_07836	CDHK01000007.1	480499	486841	+	Putative Coatomer subunit beta
PMG11_07837	CDHK01000007.1	483105	487804	-	Putative Serine threonine-protein kinase gad8
PMG11_07838	CDHK01000007.1	487839	490278	+	Putative SAGA complex component
PMG11_07839	CDHK01000007.1	490406	491726	+	Putative Enoyl-CoA hydratase
PMG11_07840	CDHK01000007.1	492919	493783	+	hypothetical protein
PMG11_07841	CDHK01000007.1	494535	496545	-	Putative Mannitol-1-phosphate dehydrogenase
PMG11_07842	CDHK01000007.1	499446	500503	-	hypothetical protein
PMG11_07843	CDHK01000007.1	504929	507101	+	Putative Pi-transporter A-1
PMG11_07844	CDHK01000007.1	507850	509751	-	Putative Tap domain protein
PMG11_07845	CDHK01000007.1	510186	511379	+	hypothetical protein
PMG11_07846	CDHK01000007.1	511473	513120	-	hypothetical protein
PMG11_07847	CDHK01000007.1	513307	514649	-	hypothetical protein
PMG11_07848	CDHK01000007.1	515658	517343	+	hypothetical protein
PMG11_07849	CDHK01000007.1	517607	518462	-	hypothetical protein
PMG11_07850	CDHK01000007.1	518185	520970	+	hypothetical protein
PMG11_07851	CDHK01000007.1	521721	522604	+	hypothetical protein
PMG11_07852	CDHK01000007.1	523820	524179	-	hypothetical protein
PMG11_07853	CDHK01000007.1	524261	525913	-	hypothetical protein
PMG11_07854	CDHK01000007.1	527081	530761	-	Putative Protein required for meiosis
PMG11_07855	CDHK01000007.1	531209	533595	-	Putative Prephenate dehydrogenase
PMG11_07856	CDHK01000007.1	533705	534786	+	Putative 40S ribosomal protein S11
PMG11_07857	CDHK01000007.1	534877	536855	+	hypothetical protein
PMG11_07858	CDHK01000007.1	537226	539129	-	Putative Branched-chain-amino-acid aminotransferase
PMG11_07859	CDHK01000007.1	541433	542423	+	hypothetical protein
PMG11_07860	CDHK01000007.1	545465	547759	+	hypothetical protein
PMG11_07861	CDHK01000007.1	549030	551259	+	Putative Eukaryotic translation initiation factor 3 subunit L
PMG11_07862	CDHK01000007.1	552142	553932	-	Putative Iron-binding protein erpA
PMG11_07863	CDHK01000007.1	552149	555478	+	Putative Kynureninase 1
PMG11_07864	CDHK01000007.1	556082	557706	+	hypothetical protein
PMG11_07865	CDHK01000007.1	557962	558645	-	Putative ER membrane DUF1077 domain protein
PMG11_07866	CDHK01000007.1	559194	561942	+	Putative AP-2 complex subunit beta
PMG11_07867	CDHK01000007.1	563869	567143	-	Putative Pre-mRNA-splicing factor cwc25
PMG11_07868	CDHK01000007.1	563949	565485	+	hypothetical protein
PMG11_07869	CDHK01000007.1	567481	572454	-	Putative SH3 domain protein
PMG11_07870	CDHK01000007.1	572758	574174	+	hypothetical protein
PMG11_07871	CDHK01000007.1	574259	574983	-	Putative 40S ribosomal protein S17
PMG11_07872	CDHK01000007.1	575328	576752	-	Putative DNA-dependent protein kinase
PMG11_07873	CDHK01000007.1	576968	578399	-	Putative Ketoreductase
PMG11_07874	CDHK01000007.1	579849	587816	+	Putative FKBP12-rapamycin complex-associated protein
PMG11_07875	CDHK01000007.1	587944	589950	+	hypothetical protein
PMG11_07876	CDHK01000007.1	590313	591469	+	Putative NAD binding Rossmann fold oxidoreductase
PMG11_07877	CDHK01000007.1	591676	592629	-	hypothetical protein
PMG11_07878	CDHK01000007.1	594053	595009	-	Putative Aldehyde reductase
PMG11_07879	CDHK01000007.1	596056	597202	+	Putative Aldo/keto reductase family proteins
PMG11_07880	CDHK01000007.1	597552	601076	-	hypothetical protein
PMG11_07881	CDHK01000007.1	601708	606516	-	hypothetical protein
PMG11_07882	CDHK01000007.1	613535	614513	+	Putative Polygalacturonase
PMG11_07883	CDHK01000007.1	613954	616619	-	Putative Acyl-CoA synthetase
PMG11_07884	CDHK01000007.1	617397	618905	-	Putative 40S ribosomal protein S15
PMG11_07885	CDHK01000007.1	619154	620091	-	Putative 60S acidic ribosomal protein P2/allergen Asp F 8
PMG11_07886	CDHK01000007.1	620500	621687	+	hypothetical protein
PMG11_07887	CDHK01000007.1	622091	623503	+	Putative ATP-dependent (S)-NAD(P)H-hydrate dehydratase
PMG11_07888	CDHK01000007.1	625061	625751	+	hypothetical protein
PMG11_07889	CDHK01000007.1	625093	628726	-	Putative DNA replication licensing factor mcm7
PMG11_07890	CDHK01000007.1	628912	633123	+	Putative Peroxisome biosynthesis protein (PAS1/Peroxin-1)
PMG11_07891	CDHK01000007.1	633503	634062	-	hypothetical protein
PMG11_07892	CDHK01000007.1	634599	634976	-	hypothetical protein
PMG11_07893	CDHK01000007.1	635368	637128	-	hypothetical protein
PMG11_07894	CDHK01000007.1	637288	642088	-	Putative Carbamoyl-phosphate synthase
PMG11_07895	CDHK01000007.1	642818	644708	-	hypothetical protein
PMG11_07896	CDHK01000007.1	645461	646924	+	hypothetical protein
PMG11_07897	CDHK01000007.1	647324	649058	+	Putative Vip1 protein
PMG11_07898	CDHK01000007.1	648854	649358	-	hypothetical protein
PMG11_07899	CDHK01000007.1	650058	653622	-	Putative Karyopherin
PMG11_07900	CDHK01000007.1	653980	658481	-	Putative DEAD/DEAH box RNA helicase
PMG11_07901	CDHK01000007.1	659518	662087	-	hypothetical protein
PMG11_07902	CDHK01000007.1	666538	669600	-	Putative Actin-like ATPase
PMG11_07903	CDHK01000007.1	670306	673591	+	hypothetical protein
PMG11_07904	CDHK01000007.1	673951	675885	-	hypothetical protein
PMG11_07905	CDHK01000007.1	676078	679187	+	Putative AMP-binding enzyme
PMG11_07906	CDHK01000007.1	679494	679814	+	hypothetical protein
PMG11_07907	CDHK01000007.1	683691	688430	-	hypothetical protein
PMG11_07908	CDHK01000007.1	694656	696138	-	Putative Eukaryotic translation initiation factor 3 subunit G
PMG11_07909	CDHK01000007.1	696578	698524	-	hypothetical protein
PMG11_07910	CDHK01000007.1	698972	699706	+	hypothetical protein
PMG11_07911	CDHK01000007.1	700362	701451	-	hypothetical protein
PMG11_07912	CDHK01000007.1	701521	704027	+	hypothetical protein
PMG11_07913	CDHK01000007.1	703114	705765	-	Putative Purine-cytosine permease
PMG11_07914	CDHK01000007.1	709953	711424	-	Putative Oxidoreductase, 2-nitropropane dioxygenase family
PMG11_07915	CDHK01000007.1	711576	714844	+	Putative Folic acid synthesis protein
PMG11_07916	CDHK01000007.1	712786	716332	-	Putative Arf GTPase-activating protein
PMG11_07917	CDHK01000007.1	717499	717869	-	hypothetical protein
PMG11_07918	CDHK01000007.1	719286	719730	-	hypothetical protein
PMG11_07919	CDHK01000007.1	720308	721648	-	Putative Import inner membrane translocase subunit tim21
PMG11_07920	CDHK01000007.1	721775	723725	-	Putative Enolase C-terminal domain-like protein
PMG11_07921	CDHK01000007.1	723941	726851	-	Putative Rbm25 protein
PMG11_07922	CDHK01000007.1	727116	730190	+	Putative Glucose-6-phosphate isomerase
PMG11_07923	CDHK01000007.1	730204	732693	+	hypothetical protein
PMG11_07924	CDHK01000007.1	731936	732595	-	hypothetical protein
PMG11_07925	CDHK01000007.1	732818	733529	+	hypothetical protein
PMG11_07926	CDHK01000007.1	734294	736202	-	Putative DUF185 domain protein
PMG11_07927	CDHK01000007.1	736308	737719	-	hypothetical protein
PMG11_07928	CDHK01000007.1	740374	742807	+	hypothetical protein
PMG11_07929	CDHK01000007.1	744130	746207	-	Putative Cmgc/cdk/pitslre protein kinase
PMG11_07930	CDHK01000007.1	746190	747148	+	Putative Superoxide dismutase copper chaperone Lys7
PMG11_07931	CDHK01000007.1	748011	748906	+	hypothetical protein
PMG11_07932	CDHK01000007.1	748954	750051	-	hypothetical protein
PMG11_07933	CDHK01000007.1	752117	753613	-	hypothetical protein
PMG11_07934	CDHK01000007.1	754727	758256	+	Putative NADPH oxidase regulator NoxR
PMG11_07935	CDHK01000007.1	758318	760399	+	hypothetical protein
PMG11_07936	CDHK01000007.1	760005	762393	-	Putative Aspartate aminotransferase
PMG11_07937	CDHK01000007.1	764419	767139	-	hypothetical protein
PMG11_07938	CDHK01000007.1	769665	773040	+	hypothetical protein
PMG11_07939	CDHK01000007.1	773223	774731	+	hypothetical protein
PMG11_07940	CDHK01000007.1	775080	779274	+	hypothetical protein
PMG11_07941	CDHK01000007.1	779989	780810	+	hypothetical protein
PMG11_07942	CDHK01000007.1	782021	783045	+	hypothetical protein
PMG11_07943	CDHK01000007.1	783458	784412	-	Putative Mitochondrial genome maintenance protein MGM101
PMG11_07944	CDHK01000007.1	784614	785120	-	hypothetical protein
PMG11_07945	CDHK01000007.1	785260	787527	+	Putative Biotin apo-protein ligase
PMG11_07946	CDHK01000007.1	788332	792400	-	hypothetical protein
PMG11_07947	CDHK01000007.1	792410	796959	+	hypothetical protein
PMG11_07948	CDHK01000007.1	797317	801786	+	hypothetical protein
PMG11_07949	CDHK01000007.1	797986	799029	-	hypothetical protein
PMG11_07950	CDHK01000007.1	802304	803344	+	hypothetical protein
PMG11_07951	CDHK01000007.1	806071	807479	+	hypothetical protein
PMG11_07952	CDHK01000007.1	808868	810742	-	Putative Aldehyde dehydrogenase (NAD)
PMG11_07953	CDHK01000007.1	814003	815017	+	Putative Dihydrodipicolinate synthase/N-acetylneuraminate lyase
PMG11_07954	CDHK01000007.1	815192	817637	-	hypothetical protein
PMG11_07955	CDHK01000007.1	817985	819227	-	hypothetical protein
PMG11_07956	CDHK01000007.1	819552	821575	+	Putative FMN-dependent dehydrogenase family protein
PMG11_07957	CDHK01000007.1	821782	824847	-	hypothetical protein
PMG11_07958	CDHK01000007.1	822081	822495	+	hypothetical protein
PMG11_07959	CDHK01000007.1	825658	827317	+	hypothetical protein
PMG11_07960	CDHK01000007.1	828936	831108	-	Putative Endoglucanase
PMG11_07961	CDHK01000007.1	832107	833121	-	hypothetical protein
PMG11_07962	CDHK01000007.1	833863	834992	+	hypothetical protein
PMG11_07963	CDHK01000007.1	836024	842385	+	Putative Translation initiation factor 4F, ribosome/mRNA-bridging subunit
PMG11_07964	CDHK01000007.1	843016	845354	-	Putative Universal stress protein family domain protein
PMG11_07965	CDHK01000007.1	847413	848264	-	hypothetical protein
PMG11_07966	CDHK01000007.1	855920	857155	-	hypothetical protein
PMG11_07967	CDHK01000007.1	857284	857856	-	hypothetical protein
PMG11_07968	CDHK01000007.1	859070	859501	-	hypothetical protein
PMG11_07969	CDHK01000007.1	859823	860290	-	hypothetical protein
PMG11_07970	CDHK01000007.1	864281	866191	-	Putative ATP-dependent RNA helicase pitchoune
PMG11_07971	CDHK01000007.1	866532	868437	-	hypothetical protein
PMG11_07972	CDHK01000007.1	869301	871699	-	Putative Bifunctional purine biosynthesis protein
PMG11_07973	CDHK01000007.1	871937	874612	-	hypothetical protein
PMG11_07974	CDHK01000007.1	876323	877039	+	hypothetical protein
PMG11_07975	CDHK01000007.1	877782	879263	+	hypothetical protein
PMG11_07976	CDHK01000007.1	879550	880032	+	hypothetical protein
PMG11_07977	CDHK01000007.1	880074	881953	-	hypothetical protein
PMG11_07978	CDHK01000007.1	882039	885476	+	hypothetical protein
PMG11_07979	CDHK01000007.1	884832	886956	-	hypothetical protein
PMG11_07980	CDHK01000007.1	887047	888041	+	hypothetical protein
PMG11_07981	CDHK01000007.1	888402	891307	-	Putative INO80 chromatin remodeling complex
PMG11_07982	CDHK01000007.1	891731	895938	-	Putative ATP-dependent RNA helicase ded-1
PMG11_07983	CDHK01000007.1	896131	897687	-	Putative Peptidyl-prolyl cis-trans isomerase
PMG11_07984	CDHK01000007.1	897871	898818	+	Putative 40S ribosomal protein S13
PMG11_07985	CDHK01000007.1	898995	900532	-	Putative Microtubule associated protein
PMG11_07986	CDHK01000007.1	900707	908292	+	hypothetical protein
PMG11_07987	CDHK01000007.1	900776	903409	-	hypothetical protein
PMG11_07988	CDHK01000007.1	907630	908485	-	hypothetical protein
PMG11_07989	CDHK01000007.1	908791	911596	-	Putative CAAX prenyl protease
PMG11_07990	CDHK01000007.1	908957	909478	+	hypothetical protein
PMG11_07991	CDHK01000007.1	911732	914516	-	Putative Eukaryotic translation initiation factor 2 subunit gamma-like protein
PMG11_07992	CDHK01000007.1	914761	916558	-	hypothetical protein
PMG11_07993	CDHK01000007.1	917004	922109	+	Putative MYB and HSA domain-containing protein
PMG11_07994	CDHK01000007.1	922571	927731	-	Putative WD40-repeat-containing subunit of the 18S rRNA processing complex
PMG11_07995	CDHK01000007.1	922601	924184	+	hypothetical protein
PMG11_07996	CDHK01000007.1	927850	932361	+	hypothetical protein
PMG11_07997	CDHK01000007.1	928695	933119	-	Putative SnRNP assembly factor
PMG11_07998	CDHK01000007.1	933216	934514	-	Putative Proteasome subunit beta type
PMG11_07999	CDHK01000007.1	934512	936715	+	Putative Small nucleolar ribonucleoprotein complex subunit
PMG11_08000	CDHK01000007.1	937098	938282	+	hypothetical protein
PMG11_08001	CDHK01000007.1	938972	943044	+	hypothetical protein
PMG11_08002	CDHK01000007.1	941116	943209	-	Putative Dipeptidyl aminopeptidases/acylaminoacyl-peptidases
PMG11_08003	CDHK01000007.1	943407	945916	-	hypothetical protein
PMG11_08004	CDHK01000007.1	947340	948687	+	Putative Cytochrome c oxidase-assembly factor cox23, mitochondrial
PMG11_08005	CDHK01000007.1	948941	952558	+	hypothetical protein
PMG11_08006	CDHK01000007.1	952747	953802	+	Putative 60S ribosomal protein L36
PMG11_08007	CDHK01000007.1	953411	956482	-	hypothetical protein
PMG11_08008	CDHK01000007.1	956342	957776	+	Putative Proteasome subunit beta type
PMG11_08009	CDHK01000007.1	957607	959058	-	Putative Epoxide hydrolase
PMG11_08010	CDHK01000007.1	959703	960731	-	hypothetical protein
PMG11_08011	CDHK01000007.1	961226	962134	+	hypothetical protein
PMG11_08012	CDHK01000007.1	962349	962836	-	hypothetical protein
PMG11_08013	CDHK01000007.1	963083	964842	+	Putative Molecular chaperone
PMG11_08014	CDHK01000007.1	965213	968736	+	hypothetical protein
PMG11_08015	CDHK01000007.1	968972	970127	+	hypothetical protein
PMG11_08016	CDHK01000007.1	970353	971482	-	hypothetical protein
PMG11_08017	CDHK01000007.1	972099	975566	-	Putative 5-methyltetrahydropteroyltriglutamate-homocysteine methyltransferase
PMG11_08018	CDHK01000007.1	976063	980967	+	hypothetical protein
PMG11_08019	CDHK01000007.1	979307	981295	-	Putative SWR1-complex protein 4
PMG11_08020	CDHK01000007.1	981578	982483	+	Putative Endosomal cargo receptor
PMG11_08021	CDHK01000007.1	983252	986044	-	hypothetical protein
PMG11_08022	CDHK01000007.1	987758	992046	-	hypothetical protein
PMG11_08023	CDHK01000007.1	990621	994274	-	hypothetical protein
PMG11_08024	CDHK01000007.1	995593	997406	-	hypothetical protein
PMG11_08025	CDHK01000007.1	1002146	1002559	-	hypothetical protein
PMG11_08026	CDHK01000007.1	1003462	1004421	+	hypothetical protein
PMG11_08027	CDHK01000007.1	1004966	1006912	-	hypothetical protein
PMG11_08028	CDHK01000007.1	1006999	1011088	+	hypothetical protein
PMG11_08029	CDHK01000007.1	1009643	1010794	-	hypothetical protein
PMG11_08030	CDHK01000007.1	1012019	1012354	-	hypothetical protein
PMG11_08031	CDHK01000007.1	1013639	1017550	-	hypothetical protein
PMG11_08032	CDHK01000007.1	1018078	1019749	+	hypothetical protein
PMG11_08033	CDHK01000007.1	1020895	1025350	-	hypothetical protein
PMG11_08034	CDHK01000007.1	1025458	1026707	-	Putative 37S ribosomal protein Rsm25
PMG11_08035	CDHK01000007.1	1026834	1029609	+	hypothetical protein
PMG11_08036	CDHK01000007.1	1029948	1031927	+	hypothetical protein
PMG11_08037	CDHK01000007.1	1032370	1034455	-	Putative KH domain protein
PMG11_08038	CDHK01000007.1	1035254	1036439	+	Putative Acetolactate synthase, small subunit
PMG11_08039	CDHK01000007.1	1035257	1041280	-	hypothetical protein
PMG11_08040	CDHK01000007.1	1039802	1041279	+	Putative Ornithine carbamoyltransferase
PMG11_08041	CDHK01000007.1	1042130	1043471	+	hypothetical protein
PMG11_08042	CDHK01000007.1	1043933	1045365	+	hypothetical protein
PMG11_08043	CDHK01000007.1	1043997	1047703	-	Putative Tethering factor for nuclear proteasome sts1
PMG11_08044	CDHK01000007.1	1047839	1051473	-	Putative ATP-dependent RNA helicase DOB1
PMG11_08045	CDHK01000007.1	1052137	1052810	+	Putative Cytochrome c subunit
PMG11_08046	CDHK01000007.1	1052909	1057669	+	hypothetical protein
PMG11_08047	CDHK01000007.1	1058738	1061158	+	Putative Protease S8 tripeptidyl peptidase I
PMG11_08048	CDHK01000007.1	1061400	1062622	-	hypothetical protein
PMG11_08049	CDHK01000007.1	1062837	1063765	+	hypothetical protein
PMG11_08050	CDHK01000007.1	1064274	1065562	-	Putative Diphosphomevalonate decarboxylase
PMG11_08051	CDHK01000007.1	1065786	1066664	+	Putative Cytochrome c1 heme lyase
PMG11_08052	CDHK01000007.1	1067020	1067891	-	Putative Syntaxin
PMG11_08053	CDHK01000007.1	1068082	1070612	+	hypothetical protein
PMG11_08054	CDHK01000007.1	1070835	1071636	+	hypothetical protein
PMG11_08055	CDHK01000007.1	1075896	1078854	-	hypothetical protein
PMG11_08056	CDHK01000007.1	1081721	1086343	+	hypothetical protein
PMG11_08057	CDHK01000007.1	1086435	1088935	-	hypothetical protein
PMG11_08058	CDHK01000007.1	1089859	1091475	-	Putative Alcohol dehydrogenase I
PMG11_08059	CDHK01000007.1	1093665	1095073	+	Putative GPR1/FUN34/YaaH-class plasma membrane protein
PMG11_08060	CDHK01000007.1	1095521	1096547	+	hypothetical protein
PMG11_08061	CDHK01000007.1	1097650	1099518	-	Putative Acyl-CoA thioesterase
PMG11_08062	CDHK01000007.1	1100453	1103296	+	hypothetical protein
PMG11_08063	CDHK01000007.1	1104210	1105328	+	hypothetical protein
PMG11_08064	CDHK01000007.1	1106009	1108220	-	Putative D-isomer specific 2-hydroxyacid dehydrogenase
PMG11_08065	CDHK01000007.1	1109137	1110605	-	hypothetical protein
PMG11_08066	CDHK01000007.1	1111393	1112853	-	hypothetical protein
PMG11_08067	CDHK01000007.1	1115793	1117702	-	hypothetical protein
PMG11_08068	CDHK01000007.1	1118214	1122068	-	Putative Catalytic activity:
PMG11_08069	CDHK01000007.1	1122285	1123491	+	Putative Hydrolase, TatD family protein
PMG11_08070	CDHK01000007.1	1124528	1126403	-	hypothetical protein
PMG11_08071	CDHK01000007.1	1126886	1129048	+	Putative Amino acid transporter protein
PMG11_08072	CDHK01000007.1	1129696	1132559	+	hypothetical protein
PMG11_08073	CDHK01000007.1	1135915	1137666	-	Putative Hexokinase
PMG11_08074	CDHK01000007.1	1138295	1139475	-	Putative SIR2 family histone deacetylase
PMG11_08075	CDHK01000007.1	1139959	1142487	+	Putative Golgi family transport complex COD1 protein
PMG11_08076	CDHK01000007.1	1143038	1146340	-	Putative Ammonium transporter
PMG11_08077	CDHK01000007.1	1150294	1152083	+	hypothetical protein
PMG11_08078	CDHK01000007.1	1152290	1152675	+	hypothetical protein
PMG11_08079	CDHK01000007.1	1153075	1156975	-	Putative Secretory pathway Ca2-ATPase
PMG11_08080	CDHK01000007.1	1157662	1160352	+	Putative Rad21 protein
PMG11_08081	CDHK01000007.1	1160769	1164037	+	Putative MFS transporter
PMG11_08082	CDHK01000007.1	1165329	1169420	+	Putative Transcription activator of gluconeogenesis acuK
PMG11_08083	CDHK01000007.1	1169839	1170636	+	Putative Riboflavin kinase
PMG11_08084	CDHK01000007.1	1170847	1175834	-	Putative IdgA domain protein
PMG11_08085	CDHK01000007.1	1170972	1172534	+	hypothetical protein
PMG11_08086	CDHK01000007.1	1175845	1177982	+	hypothetical protein
PMG11_08087	CDHK01000007.1	1178011	1179746	+	hypothetical protein
PMG11_08088	CDHK01000007.1	1180478	1182250	-	hypothetical protein
PMG11_08089	CDHK01000007.1	1184366	1184827	-	hypothetical protein
PMG11_08090	CDHK01000007.1	1190374	1192552	+	hypothetical protein
PMG11_08091	CDHK01000007.1	1194116	1195582	-	Putative Gluconate transport-inducing protein
PMG11_08092	CDHK01000007.1	1208395	1210711	-	Putative Glucose-inhibited division protein A containing protein
PMG11_08093	CDHK01000007.1	1210838	1211545	+	Putative 1,2-dihydroxy-3-keto-5-methylthiopentene dioxygenase
PMG11_08094	CDHK01000007.1	1210891	1213510	-	Putative Maintenance of mitochondrial morphology protein 1
PMG11_08095	CDHK01000007.1	1213597	1216892	-	hypothetical protein
PMG11_08096	CDHK01000007.1	1213597	1215716	+	hypothetical protein
PMG11_08097	CDHK01000007.1	1216918	1220334	+	Putative E3 ubiquitin-protein ligase bre1
PMG11_08098	CDHK01000007.1	1220379	1221605	-	Putative Urease accessory protein UreF
PMG11_08099	CDHK01000007.1	1221895	1224414	+	hypothetical protein
PMG11_08100	CDHK01000007.1	1224576	1226337	-	hypothetical protein
PMG11_08101	CDHK01000007.1	1226814	1229310	+	Putative Phosphatidyl synthase
PMG11_08102	CDHK01000007.1	1230440	1233090	-	hypothetical protein
PMG11_08103	CDHK01000007.1	1234256	1239937	+	Putative ABC drug exporter AtrF
PMG11_08104	CDHK01000007.1	1240175	1243370	-	hypothetical protein
PMG11_08105	CDHK01000007.1	1243788	1244144	-	hypothetical protein
PMG11_08106	CDHK01000007.1	1245388	1246287	+	hypothetical protein
PMG11_08107	CDHK01000007.1	1246727	1247173	-	hypothetical protein
PMG11_08108	CDHK01000007.1	1247942	1249796	+	hypothetical protein
PMG11_08109	CDHK01000007.1	1250729	1252400	+	hypothetical protein
PMG11_08110	CDHK01000007.1	1253040	1254112	-	Putative Glucose 1-dehydrogenase
PMG11_08111	CDHK01000007.1	1254997	1257081	+	hypothetical protein
PMG11_08112	CDHK01000007.1	1257072	1259194	-	hypothetical protein
PMG11_08113	CDHK01000007.1	1259738	1261168	-	Putative Glycoside hydrolase family 5 protein
PMG11_08114	CDHK01000007.1	1261473	1265489	-	Putative Glycosylphosphatidylinositol anchor synthesis protein
PMG11_08115	CDHK01000007.1	1266517	1267044	-	hypothetical protein
PMG11_08116	CDHK01000007.1	1272443	1277708	+	hypothetical protein
PMG11_08117	CDHK01000007.1	1277823	1282808	-	hypothetical protein
PMG11_08118	CDHK01000007.1	1277905	1278905	+	Putative Pre-mRNA-splicing factor CWC21
PMG11_08119	CDHK01000007.1	1282950	1283473	+	hypothetical protein
PMG11_08120	CDHK01000007.1	1283173	1289668	-	hypothetical protein
PMG11_08121	CDHK01000007.1	1289751	1293487	+	Putative Nuclear export receptor CSE1/CAS
PMG11_08122	CDHK01000007.1	1293708	1294357	-	Putative Peptidyl-tRNA hydrolase domain protein
PMG11_08123	CDHK01000007.1	1295929	1296372	+	hypothetical protein
PMG11_08124	CDHK01000007.1	1297185	1297607	-	Putative Mitochondrial cytochrome c oxidase assembly factor
PMG11_08125	CDHK01000007.1	1298059	1298965	+	Putative Peroxisomal D3,D2-enoyl-CoA isomerase
PMG11_08126	CDHK01000007.1	1298286	1300663	-	Putative Cell cycle control protein Cdc123
PMG11_08127	CDHK01000007.1	1300564	1303469	+	hypothetical protein
PMG11_08128	CDHK01000007.1	1304080	1305473	+	hypothetical protein
PMG11_08129	CDHK01000007.1	1307015	1308488	+	hypothetical protein
PMG11_08130	CDHK01000007.1	1309158	1310565	+	hypothetical protein
PMG11_08131	CDHK01000007.1	1310862	1311811	-	hypothetical protein
PMG11_08132	CDHK01000007.1	1311987	1312925	-	hypothetical protein
PMG11_08133	CDHK01000007.1	1316857	1324394	-	Putative HEAT repeat protein
PMG11_08134	CDHK01000007.1	1317234	1317548	+	Putative C2H2 finger domain protein
PMG11_08135	CDHK01000007.1	1324547	1325443	+	hypothetical protein
PMG11_08136	CDHK01000007.1	1324825	1328199	-	hypothetical protein
PMG11_08137	CDHK01000007.1	1328338	1331244	-	Putative CLPTM1 domain protein
PMG11_08138	CDHK01000007.1	1330830	1332839	+	Putative Short chain dehydrogenase/reductase family protein
PMG11_08139	CDHK01000007.1	1333181	1335962	-	hypothetical protein
PMG11_08140	CDHK01000007.1	1335939	1336819	+	Putative Protein transport protein sec22
PMG11_08141	CDHK01000007.1	1336966	1338268	-	Putative Killer toxin sensitivity protein
PMG11_08142	CDHK01000007.1	1339857	1340659	+	Putative Podospora anserina S mat genomic DNA chromosome 2, supercontig 2 (Fragment)
PMG11_08143	CDHK01000007.1	1341083	1342390	+	hypothetical protein
PMG11_08144	CDHK01000007.1	1342624	1345448	+	Putative Glucosidase I
PMG11_08145	CDHK01000007.1	1345252	1346531	-	hypothetical protein
PMG11_08146	CDHK01000007.1	1346636	1351526	+	hypothetical protein
PMG11_08147	CDHK01000007.1	1348603	1351526	-	hypothetical protein
PMG11_08148	CDHK01000007.1	1352404	1353627	-	hypothetical protein
PMG11_08149	CDHK01000007.1	1355094	1356236	+	hypothetical protein
PMG11_08150	CDHK01000007.1	1356305	1359095	-	hypothetical protein
PMG11_08151	CDHK01000007.1	1359236	1360338	+	Putative PAP2 domain protein
PMG11_08152	CDHK01000007.1	1360988	1364577	+	hypothetical protein
PMG11_08153	CDHK01000007.1	1364870	1365984	+	Putative Ribosomal large subunit biogenesis protein MAK16
PMG11_08154	CDHK01000007.1	1366308	1367436	+	hypothetical protein
PMG11_08155	CDHK01000007.1	1368588	1372037	-	Putative Sugar transporter
PMG11_08156	CDHK01000007.1	1374136	1375973	-	hypothetical protein
PMG11_08157	CDHK01000007.1	1376437	1381019	-	Putative Phospholipid-translocating P-type ATPase
PMG11_08158	CDHK01000007.1	1381212	1388167	+	hypothetical protein
PMG11_08159	CDHK01000007.1	1388103	1389508	-	hypothetical protein
PMG11_08160	CDHK01000007.1	1389613	1391564	-	hypothetical protein
PMG11_08161	CDHK01000007.1	1391660	1396683	+	hypothetical protein
PMG11_08162	CDHK01000007.1	1397348	1398364	+	hypothetical protein
PMG11_08163	CDHK01000007.1	1399252	1399866	+	hypothetical protein
PMG11_08164	CDHK01000007.1	1399901	1403274	-	Putative GTPase-activating protein Gyp7
PMG11_08165	CDHK01000007.1	1403977	1405182	+	Putative Rieske
PMG11_08166	CDHK01000007.1	1405646	1407093	+	hypothetical protein
PMG11_08167	CDHK01000007.1	1407941	1409332	+	hypothetical protein
PMG11_08168	CDHK01000007.1	1411597	1416696	+	hypothetical protein
PMG11_08169	CDHK01000007.1	1418595	1419699	+	hypothetical protein
PMG11_08170	CDHK01000007.1	1419471	1422181	-	hypothetical protein
PMG11_08171	CDHK01000007.1	1422360	1424077	-	hypothetical protein
PMG11_08172	CDHK01000007.1	1424880	1425502	-	Putative p-hydroxylaminobenzoate lyase
PMG11_08173	CDHK01000007.1	1426044	1428503	-	Putative MFS transporter
PMG11_08174	CDHK01000007.1	1430050	1432989	-	Putative Signal sequence receptor alpha subunit
PMG11_08175	CDHK01000007.1	1432137	1434650	+	Putative ER to Golgi transport protein Yif1
PMG11_08176	CDHK01000007.1	1434966	1436282	+	Putative Ribosomal protein L14
PMG11_08177	CDHK01000007.1	1436449	1437662	+	Putative Nascent polypeptide-associated complex (NAC) subunit
PMG11_08178	CDHK01000007.1	1437919	1438917	+	Putative ATP synthase subunit d, mitochondrial
PMG11_08179	CDHK01000007.1	1439604	1441058	+	hypothetical protein
PMG11_08180	CDHK01000007.1	1441284	1441558	-	hypothetical protein
PMG11_08181	CDHK01000007.1	1442353	1446821	-	Putative Oxidoreductase
PMG11_08182	CDHK01000007.1	1442704	1444299	+	hypothetical protein
PMG11_08183	CDHK01000007.1	1447185	1449995	-	hypothetical protein
PMG11_08184	CDHK01000007.1	1450088	1452600	-	Putative Amidophosphoribosyltransferase
PMG11_08185	CDHK01000007.1	1454417	1456865	+	hypothetical protein
PMG11_08186	CDHK01000007.1	1457063	1459563	+	Putative 2-methylcitrate dehydratase
PMG11_08187	CDHK01000007.1	1459638	1461037	-	Putative Endo-xylogalacturonan hydrolase A
PMG11_08188	CDHK01000007.1	1461980	1463079	+	Putative Pectinesterase
PMG11_08189	CDHK01000007.1	1463717	1464214	+	hypothetical protein
PMG11_08190	CDHK01000007.1	1464309	1466973	-	hypothetical protein
PMG11_08191	CDHK01000007.1	1467855	1469305	+	hypothetical protein
PMG11_08192	CDHK01000007.1	1469027	1471928	-	hypothetical protein
PMG11_08193	CDHK01000007.1	1472122	1474149	-	hypothetical protein
PMG11_08194	CDHK01000007.1	1474154	1476079	+	Putative UNC93-like protein
PMG11_08195	CDHK01000007.1	1476840	1477976	-	hypothetical protein
PMG11_08196	CDHK01000007.1	1478636	1482872	+	Putative Sodium transport ATPase
PMG11_08197	CDHK01000007.1	1481890	1484325	-	hypothetical protein
PMG11_08198	CDHK01000007.1	1486895	1487818	-	hypothetical protein
PMG11_08199	CDHK01000007.1	1489022	1491325	-	Putative 8-amino-7-oxononanoate synthase
PMG11_08200	CDHK01000007.1	1489769	1493911	+	Putative Onanonoxo-7-onima-8-eninoihtemlysoneda
PMG11_08201	CDHK01000007.1	1494505	1495925	+	Putative Catalytic activity: Formamide <=> cyanide H(2)O
PMG11_08202	CDHK01000007.1	1497264	1498404	+	hypothetical protein
PMG11_08203	CDHK01000007.1	1499854	1501453	+	Putative Amino acid transporter (Eurofung)
PMG11_08204	CDHK01000007.1	1502166	1506454	+	hypothetical protein
PMG11_08205	CDHK01000007.1	1506493	1506972	-	hypothetical protein
PMG11_08206	CDHK01000007.1	1507794	1508840	-	hypothetical protein
PMG11_08207	CDHK01000007.1	1509899	1511737	-	Putative Biotin synthetase
PMG11_08208	CDHK01000007.1	1512321	1513379	-	hypothetical protein
PMG11_08209	CDHK01000007.1	1516472	1518595	+	Putative AMP dependent ligase
PMG11_08210	CDHK01000007.1	1518725	1520726	-	Putative Citrate synthase
PMG11_08211	CDHK01000007.1	1521368	1525497	+	Putative Elongation factor 3
PMG11_08212	CDHK01000007.1	1525947	1529764	+	hypothetical protein
PMG11_08213	CDHK01000007.1	1531167	1531865	+	hypothetical protein
PMG11_08214	CDHK01000007.1	1532681	1534479	+	hypothetical protein
PMG11_08215	CDHK01000007.1	1535103	1537079	-	hypothetical protein
PMG11_08216	CDHK01000007.1	1537925	1541173	-	Putative Malate synthase
PMG11_08217	CDHK01000007.1	1544119	1546006	+	hypothetical protein
PMG11_08218	CDHK01000007.1	1546120	1546949	-	hypothetical protein
PMG11_08219	CDHK01000007.1	1547292	1549169	+	hypothetical protein
PMG11_08220	CDHK01000007.1	1550242	1551337	+	Putative Iron/ascorbate family oxidoreductase
PMG11_08221	CDHK01000007.1	1551844	1554046	+	hypothetical protein
PMG11_08222	CDHK01000007.1	1556015	1556447	+	hypothetical protein
PMG11_08223	CDHK01000007.1	1556790	1559267	-	hypothetical protein
PMG11_08224	CDHK01000007.1	1559371	1563059	+	Putative Gaba permease
PMG11_08225	CDHK01000007.1	1561852	1563059	-	hypothetical protein
PMG11_08226	CDHK01000007.1	1564387	1565270	+	hypothetical protein
PMG11_08227	CDHK01000007.1	1565376	1567160	-	hypothetical protein
PMG11_08228	CDHK01000007.1	1568579	1570441	-	Putative Podospora anserina S mat genomic DNA chromosome 4, supercontig 1
PMG11_08229	CDHK01000007.1	1571149	1572846	-	hypothetical protein
PMG11_08230	CDHK01000007.1	1573195	1575584	+	hypothetical protein
PMG11_08231	CDHK01000007.1	1575621	1578004	-	hypothetical protein
PMG11_08232	CDHK01000007.1	1578303	1580950	-	Putative Major facilitator superfamily transporter
PMG11_08233	CDHK01000007.1	1581109	1582948	+	Putative Taurine catabolism dioxygenase
PMG11_08234	CDHK01000007.1	1583710	1584492	-	hypothetical protein
PMG11_08235	CDHK01000007.1	1587139	1588188	+	Putative Fungal cellulose binding domain protein
PMG11_08236	CDHK01000007.1	1588905	1590515	-	Putative Exo-rhamnogalacturonase b
PMG11_08237	CDHK01000007.1	1591317	1593166	+	Putative Glycoside hydrolase family 43 protein
PMG11_08238	CDHK01000007.1	1595888	1597965	+	hypothetical protein
PMG11_08239	CDHK01000007.1	1600151	1601589	-	Putative Threonine dehydrogenase and related Zn-dependent dehydrogenases
PMG11_08240	CDHK01000007.1	1607340	1609769	+	Putative Sugar transporter family protein
PMG11_08241	CDHK01000007.1	1612985	1614444	+	Putative Protocatechuate 3,4-dioxygenase beta subunit
PMG11_08242	CDHK01000007.1	1614866	1616221	-	hypothetical protein
PMG11_08243	CDHK01000007.1	1617606	1619068	-	hypothetical protein
PMG11_08244	CDHK01000007.1	1619196	1621014	-	hypothetical protein
PMG11_08245	CDHK01000007.1	1623587	1625081	-	Putative Metal-dependent amidase/aminoacylase/carboxypeptidase
PMG11_08246	CDHK01000007.1	1626352	1628230	+	Putative Permease of the major facilitator superfamily
PMG11_08247	CDHK01000007.1	1628504	1631390	-	Putative FAD binding domain protein
PMG11_08248	CDHK01000007.1	1633012	1635217	+	hypothetical protein
PMG11_08249	CDHK01000007.1	1636521	1639475	+	hypothetical protein
PMG11_08250	CDHK01000007.1	1639445	1640428	-	hypothetical protein
PMG11_08251	CDHK01000007.1	1641773	1643615	+	hypothetical protein
PMG11_08252	CDHK01000007.1	1643805	1644716	-	hypothetical protein
PMG11_08253	CDHK01000007.1	1645452	1647187	-	Putative Exopolygalacturonase X
PMG11_08254	CDHK01000007.1	1648082	1648918	-	Putative UPF0041 domain protein
PMG11_08255	CDHK01000007.1	1649324	1649983	+	Putative NADH-ubiquinone oxidoreductase 105 kDa subunit
PMG11_08256	CDHK01000007.1	1649863	1651603	-	Putative Dioxygenase
PMG11_08257	CDHK01000007.1	1651690	1656812	-	hypothetical protein
PMG11_08258	CDHK01000007.1	1657605	1657892	+	hypothetical protein
PMG11_08259	CDHK01000007.1	1659627	1660288	+	Putative Synaptobrevin
PMG11_08260	CDHK01000007.1	1661565	1664945	+	Putative Acetylglutamate kinase
PMG11_08261	CDHK01000007.1	1665625	1667894	+	hypothetical protein
PMG11_08262	CDHK01000007.1	1669307	1671326	+	hypothetical protein
PMG11_08263	CDHK01000007.1	1675171	1679128	+	hypothetical protein
PMG11_08264	CDHK01000007.1	1679184	1687185	-	hypothetical protein
PMG11_08265	CDHK01000007.1	1688018	1688721	+	hypothetical protein
PMG11_08266	CDHK01000007.1	1689224	1691102	+	hypothetical protein
PMG11_08267	CDHK01000007.1	1692003	1694214	+	Putative 1,3-beta-glucanosyltransferase Gel3
PMG11_08268	CDHK01000007.1	1694244	1696905	-	Putative Isocitrate lyase
PMG11_08269	CDHK01000007.1	1697643	1698484	-	hypothetical protein
PMG11_08270	CDHK01000007.1	1698779	1699506	+	hypothetical protein
PMG11_08271	CDHK01000007.1	1700154	1701338	-	Putative Esterase STE1
PMG11_08272	CDHK01000007.1	1703488	1709761	+	hypothetical protein
PMG11_08273	CDHK01000007.1	1710062	1714351	+	hypothetical protein
PMG11_08274	CDHK01000007.1	1715115	1717444	-	Putative Dihydroxy acid dehydratase
PMG11_08275	CDHK01000007.1	1717948	1718868	+	hypothetical protein
PMG11_08276	CDHK01000007.1	1718942	1719442	-	hypothetical protein
PMG11_08277	CDHK01000007.1	1719546	1721279	-	hypothetical protein
PMG11_08278	CDHK01000007.1	1722868	1723375	+	Putative Ethanolamine utilization protein EutQ
PMG11_08279	CDHK01000007.1	1724319	1728107	+	Putative Serine/threonine-protein kinase sid2
PMG11_08280	CDHK01000007.1	1727399	1728047	-	hypothetical protein
PMG11_08281	CDHK01000007.1	1728521	1732390	-	Putative Metalloreductase
PMG11_08282	CDHK01000007.1	1731340	1731989	+	Putative Copper transporter family protein
PMG11_08283	CDHK01000007.1	1732742	1733871	+	Putative GPI anchored protein
PMG11_08284	CDHK01000007.1	1734553	1737829	-	hypothetical protein
PMG11_08285	CDHK01000007.1	1741101	1742891	+	hypothetical protein
PMG11_08286	CDHK01000007.1	1743023	1745721	+	hypothetical protein
PMG11_08287	CDHK01000007.1	1748967	1753757	+	Putative Glycosyl hydrolase family protein
PMG11_08288	CDHK01000007.1	1755507	1757923	+	Putative Exoinulinase
PMG11_08289	CDHK01000007.1	1758647	1761349	-	Putative Maltose permease MAL31
PMG11_08290	CDHK01000007.1	1762712	1764188	+	hypothetical protein
PMG11_08291	CDHK01000007.1	1765073	1768498	+	hypothetical protein
PMG11_08292	CDHK01000007.1	1767158	1768946	-	hypothetical protein
PMG11_08293	CDHK01000007.1	1769909	1771642	+	hypothetical protein
PMG11_08294	CDHK01000007.1	1774932	1776050	+	Putative Alkanesulfonate monooxygenase
PMG11_08295	CDHK01000007.1	1776325	1776729	-	hypothetical protein
PMG11_08296	CDHK01000007.1	1778835	1779679	+	Putative Lysophospholipase
PMG11_08297	CDHK01000007.1	1780021	1780784	-	hypothetical protein
PMG11_08298	CDHK01000007.1	1781525	1783341	+	Putative Nascent polypeptide-associated complex subunit beta
PMG11_08299	CDHK01000007.1	1783538	1785132	+	Putative Nascent polypeptide-associated complex subunit beta
PMG11_08300	CDHK01000007.1	1785396	1787155	-	hypothetical protein
PMG11_08301	CDHK01000007.1	1787528	1789368	-	hypothetical protein
PMG11_08302	CDHK01000007.1	1789562	1791190	-	hypothetical protein
PMG11_08303	CDHK01000007.1	1791903	1793294	+	Putative Glycolate oxidase
PMG11_08304	CDHK01000007.1	1793667	1797211	+	hypothetical protein
PMG11_08305	CDHK01000007.1	1798144	1799561	-	Putative C2H2 conidiation transcription factor
PMG11_08306	CDHK01000007.1	1812518	1816875	-	hypothetical protein
PMG11_08307	CDHK01000007.1	1816986	1817422	+	hypothetical protein
PMG11_08308	CDHK01000007.1	1817187	1820227	-	Putative Ankyrin repeat and BTB/POZ domain protein
PMG11_08309	CDHK01000007.1	1820478	1824553	+	Putative G2-specific protein kinase nimA
PMG11_08310	CDHK01000007.1	1824911	1827453	+	hypothetical protein
PMG11_08311	CDHK01000007.1	1827778	1830626	+	hypothetical protein
PMG11_08312	CDHK01000007.1	1829662	1830784	-	hypothetical protein
PMG11_08313	CDHK01000007.1	1832101	1838728	+	Putative Non-ribosomal peptide synthetase modules and related proteins
PMG11_08314	CDHK01000007.1	1838992	1841825	-	hypothetical protein
PMG11_08315	CDHK01000007.1	1842134	1846683	-	Putative ABC multidrug transporter SitT
PMG11_08316	CDHK01000007.1	1847430	1849244	-	Putative Acetyltransferase SidF
PMG11_08317	CDHK01000007.1	1849470	1850478	+	Putative Enoyl-CoA hydratase (Fragment)
PMG11_08318	CDHK01000007.1	1851828	1852938	+	Putative Podospora anserina S mat genomic DNA chromosome 2, supercontig 2 (Fragment)
PMG11_08319	CDHK01000007.1	1853379	1853921	+	hypothetical protein
PMG11_08320	CDHK01000007.1	1854076	1855833	-	hypothetical protein
PMG11_08321	CDHK01000007.1	1856501	1859565	+	hypothetical protein
PMG11_08322	CDHK01000007.1	1859832	1860704	-	hypothetical protein
PMG11_08323	CDHK01000007.1	1862771	1863423	+	hypothetical protein
PMG11_08324	CDHK01000007.1	1864730	1865323	-	hypothetical protein
PMG11_08325	CDHK01000007.1	1865484	1868125	+	Putative ATP-dependent RNA helicase sub2
PMG11_08326	CDHK01000007.1	1873806	1877767	+	hypothetical protein
PMG11_08327	CDHK01000007.1	1878518	1878937	+	Putative DASH complex subunit Hsk3
PMG11_08328	CDHK01000007.1	1879137	1880229	-	Putative Phosphoglycerate mutase family protein
PMG11_08329	CDHK01000007.1	1882791	1884683	+	hypothetical protein
PMG11_08330	CDHK01000007.1	1884905	1886510	+	Putative Alpha-galactosidase/alpha-n-acetylgalactosaminidase
PMG11_08331	CDHK01000007.1	1886547	1888724	-	Putative Magnesium transporter, CorA family
PMG11_08332	CDHK01000007.1	1889714	1892267	+	Putative Acid phosphatase AphA
PMG11_08333	CDHK01000007.1	1894984	1896708	+	Putative 60S ribosomal protein L24
PMG11_08334	CDHK01000007.1	1897005	1897661	-	Putative Glucosamine-phosphate N-acetyltransferase
PMG11_08335	CDHK01000007.1	1898340	1900669	-	Putative Fumarate lyase
PMG11_08336	CDHK01000007.1	1901036	1902806	-	Putative Esterase
PMG11_08337	CDHK01000007.1	1903951	1905320	+	Putative Aspartate aminotransferase
PMG11_08338	CDHK01000007.1	1905527	1907292	-	Putative BRCA1 C Terminus domain-containing protein
PMG11_08339	CDHK01000007.1	1907530	1907997	-	hypothetical protein
PMG11_08340	CDHK01000007.1	1908372	1909654	+	Putative Eukaryotic translation initiation factor eIF-1A subunit
PMG11_08341	CDHK01000007.1	1910074	1912350	-	hypothetical protein
PMG11_08342	CDHK01000007.1	1912423	1916145	-	Putative DNA repair protein RAD1
PMG11_08343	CDHK01000007.1	1916208	1916907	-	hypothetical protein
PMG11_08344	CDHK01000007.1	1917535	1920916	+	Putative Proline-rich protein LAS17
PMG11_08345	CDHK01000007.1	1920693	1921327	-	Putative Ubiquitin carrier protein
PMG11_08346	CDHK01000007.1	1921617	1926378	+	Putative WD repeat protein
PMG11_08347	CDHK01000007.1	1926974	1927761	-	Putative Peroxisomal membrane protein
PMG11_08348	CDHK01000007.1	1928046	1930687	+	Putative Pyrroline-5-carboxylate reductase
PMG11_08349	CDHK01000007.1	1931288	1933520	-	Putative 1-pyrroline-5-carboxylate dehydrogenase
PMG11_08350	CDHK01000007.1	1933808	1934711	+	hypothetical protein
PMG11_08351	CDHK01000007.1	1934776	1937838	+	Putative FAD dependent oxidoreductase (Fragment)
PMG11_08352	CDHK01000007.1	1934776	1936031	-	Putative Pyrroline-5-carboxylate reductase
PMG11_08353	CDHK01000007.1	1938695	1941227	-	hypothetical protein
PMG11_08354	CDHK01000007.1	1942879	1943870	-	Putative DUF1348 domain protein
PMG11_08355	CDHK01000007.1	1945269	1950153	+	hypothetical protein
PMG11_08356	CDHK01000007.1	1950375	1950578	+	hypothetical protein
PMG11_08357	CDHK01000007.1	1951088	1951485	+	hypothetical protein
PMG11_08358	CDHK01000007.1	1953256	1954690	-	Putative YALI0F15037p
PMG11_08359	CDHK01000007.1	1961921	1965819	-	hypothetical protein
PMG11_08360	CDHK01000007.1	1967378	1969751	-	hypothetical protein
PMG11_08361	CDHK01000007.1	1970671	1971825	-	Putative ARP2/3 complex 20 kDa subunit
PMG11_08362	CDHK01000007.1	1972081	1974234	+	Putative Ubiquitin carboxyl-terminal hydrolase
PMG11_08363	CDHK01000007.1	1974396	1975325	+	hypothetical protein
PMG11_08364	CDHK01000007.1	1976507	1978588	+	Putative MFS drug efflux pump
PMG11_08365	CDHK01000007.1	1978890	1982557	+	hypothetical protein
PMG11_08366	CDHK01000007.1	1981839	1982761	-	hypothetical protein
PMG11_08367	CDHK01000007.1	1984074	1986386	+	hypothetical protein
PMG11_08368	CDHK01000007.1	1988345	1991035	+	Putative Hexokinase
PMG11_08369	CDHK01000007.1	1990970	1992133	-	Putative Voltage-gated shaker-like K channel, subunit beta/KCNAB
PMG11_08370	CDHK01000007.1	1993622	1996506	+	hypothetical protein
PMG11_08371	CDHK01000007.1	1996846	1998129	-	hypothetical protein
PMG11_08372	CDHK01000007.1	1998278	2000021	-	Putative Function: TRI11 (Precursor)
PMG11_08373	CDHK01000007.1	2000445	2002555	-	hypothetical protein
PMG11_08374	CDHK01000007.1	2003374	2005203	-	hypothetical protein
PMG11_08375	CDHK01000007.1	2005248	2006395	+	hypothetical protein
PMG11_08376	CDHK01000007.1	2007174	2010063	-	hypothetical protein
PMG11_08377	CDHK01000007.1	2011540	2014997	-	hypothetical protein
PMG11_08378	CDHK01000007.1	2011595	2012803	+	Putative 3' exoribonuclease family protein
PMG11_08379	CDHK01000007.1	2015175	2015775	+	Putative Peptidyl-prolyl cis-trans isomerase
PMG11_08380	CDHK01000007.1	2016478	2017257	+	hypothetical protein
PMG11_08381	CDHK01000007.1	2017746	2020913	+	hypothetical protein
PMG11_08382	CDHK01000007.1	2020152	2021837	-	hypothetical protein
PMG11_08383	CDHK01000007.1	2026470	2030307	+	hypothetical protein
PMG11_08384	CDHK01000007.1	2032175	2033092	+	Putative MADS box transcription factor Mcm1
PMG11_08385	CDHK01000007.1	2035048	2037077	-	hypothetical protein
PMG11_08386	CDHK01000007.1	2036741	2038442	+	Putative Vacuolar ATP synthase subunit E
PMG11_08387	CDHK01000007.1	2038751	2041145	-	hypothetical protein
PMG11_08388	CDHK01000007.1	2044024	2049870	+	Putative Phospholipid-translocating P-type ATPase domain-containing protein
PMG11_08389	CDHK01000007.1	2050687	2057303	+	hypothetical protein
PMG11_08390	CDHK01000007.1	2059817	2062825	+	hypothetical protein
PMG11_08391	CDHK01000007.1	2063350	2064381	+	hypothetical protein
PMG11_08392	CDHK01000007.1	2065003	2067372	+	Putative Selenocysteine lyase
PMG11_08393	CDHK01000007.1	2068454	2072772	+	hypothetical protein
PMG11_08394	CDHK01000007.1	2073466	2074308	+	hypothetical protein
PMG11_08395	CDHK01000007.1	2074960	2076783	+	Putative NCS1 allantoate transporter
PMG11_08396	CDHK01000007.1	2075908	2078675	-	Putative Pre-rRNA-processing protein ipi1
PMG11_08397	CDHK01000007.1	2080701	2084744	-	Putative GATA transcriptional activator AreA
PMG11_08398	CDHK01000007.1	2087446	2088096	-	hypothetical protein
PMG11_08399	CDHK01000007.1	2091236	2092615	-	Putative Transcription factor cys6
PMG11_08400	CDHK01000007.1	2098963	2103238	-	hypothetical protein
PMG11_08401	CDHK01000007.1	2103587	2105027	-	Putative Dienelactone hydrolase family protein
PMG11_08402	CDHK01000007.1	2112250	2113603	+	Putative Zinc finger domain-containing protein
PMG11_08403	CDHK01000007.1	2114804	2116227	+	hypothetical protein
PMG11_08404	CDHK01000007.1	2116266	2118971	-	hypothetical protein
PMG11_08405	CDHK01000007.1	2122291	2123977	+	hypothetical protein
PMG11_08406	CDHK01000007.1	2125433	2128470	+	hypothetical protein
PMG11_08407	CDHK01000007.1	2128535	2130213	-	hypothetical protein
PMG11_08408	CDHK01000007.1	2130497	2132618	-	Putative MFS transporter
PMG11_08409	CDHK01000007.1	2133318	2134830	+	Putative NADP-dependent alcohol dehydrogenase
PMG11_08410	CDHK01000007.1	2135025	2136776	-	hypothetical protein
PMG11_08411	CDHK01000007.1	2137350	2138507	-	Putative Function: the qa-4 gene of Neurospora crassa encodes 3-dehydroshikimate dehydratase
PMG11_08412	CDHK01000007.1	2139202	2140000	+	Putative Allergen
PMG11_08413	CDHK01000007.1	2140131	2142130	-	hypothetical protein
PMG11_08414	CDHK01000007.1	2143138	2145119	-	hypothetical protein
PMG11_08415	CDHK01000007.1	2146226	2147116	-	hypothetical protein
PMG11_08416	CDHK01000007.1	2150981	2152694	+	hypothetical protein
PMG11_08417	CDHK01000007.1	2154225	2155669	-	Putative UPF0075 family protein
PMG11_08418	CDHK01000007.1	2156055	2157941	+	Putative DUF89 domain protein
PMG11_08419	CDHK01000007.1	2157903	2160074	-	hypothetical protein
PMG11_08420	CDHK01000007.1	2160240	2162353	+	hypothetical protein
PMG11_08421	CDHK01000007.1	2163237	2164610	-	hypothetical protein
PMG11_08422	CDHK01000007.1	2166099	2166899	+	hypothetical protein
PMG11_08423	CDHK01000007.1	2168729	2169487	+	hypothetical protein
PMG11_08424	CDHK01000007.1	2170121	2174633	-	hypothetical protein
PMG11_08425	CDHK01000007.1	2180495	2181925	-	Putative Alpha-ketoglutarate dependent xanthine dioxygenase
PMG11_08426	CDHK01000007.1	2182172	2183186	+	hypothetical protein
PMG11_08427	CDHK01000007.1	2184013	2185563	+	hypothetical protein
PMG11_08428	CDHK01000007.1	2186387	2187198	+	hypothetical protein
PMG11_08429	CDHK01000007.1	2187428	2189785	-	hypothetical protein
PMG11_08430	CDHK01000007.1	2189978	2191859	+	Putative NCS1 allantoate transporter
PMG11_08431	CDHK01000007.1	2196079	2196626	-	hypothetical protein
PMG11_08432	CDHK01000007.1	2201149	2202621	-	Putative Aquaporin-like protein
PMG11_08433	CDHK01000007.1	2206039	2207436	-	Putative Imidazolonepropionase and related amidohydrolases
PMG11_08434	CDHK01000007.1	2208546	2210027	+	hypothetical protein
PMG11_08435	CDHK01000007.1	2210669	2213324	-	hypothetical protein
PMG11_08436	CDHK01000008.1	3138	5475	-	hypothetical protein
PMG11_08437	CDHK01000008.1	7555	8065	-	hypothetical protein
PMG11_08438	CDHK01000008.1	8756	10890	-	hypothetical protein
PMG11_08439	CDHK01000008.1	16030	17544	+	Putative Alpha-N-arabinofuranosidase B
PMG11_08440	CDHK01000008.1	18175	19987	+	hypothetical protein
PMG11_08441	CDHK01000008.1	20272	22586	-	Putative Purine-cytosine permease
PMG11_08442	CDHK01000008.1	24434	26204	-	Putative Inorganic phosphate transporter
PMG11_08443	CDHK01000008.1	27066	28222	+	Putative Epoxidase subunit A
PMG11_08444	CDHK01000008.1	28674	29405	+	hypothetical protein
PMG11_08445	CDHK01000008.1	32259	33643	+	hypothetical protein
PMG11_08446	CDHK01000008.1	36172	36981	-	Putative Secreted protein
PMG11_08447	CDHK01000008.1	37629	39513	-	Putative C6 zinc finger domain protein
PMG11_08448	CDHK01000008.1	40196	41618	-	hypothetical protein
PMG11_08449	CDHK01000008.1	44994	46714	-	Putative Permease of the major facilitator superfamily
PMG11_08450	CDHK01000008.1	46985	48505	+	hypothetical protein
PMG11_08451	CDHK01000008.1	48545	51058	-	hypothetical protein
PMG11_08452	CDHK01000008.1	51278	53544	-	Putative Cytochrome P450 phenylacetate 2-hydroxylase
PMG11_08453	CDHK01000008.1	54522	55400	-	hypothetical protein
PMG11_08454	CDHK01000008.1	55774	57657	+	Putative Fe2 transporter MMT1
PMG11_08455	CDHK01000008.1	57873	64521	-	Putative MYB DNA-binding domain protein
PMG11_08456	CDHK01000008.1	65122	66287	+	Putative Deoxyhypusine synthase
PMG11_08457	CDHK01000008.1	67926	71715	+	hypothetical protein
PMG11_08458	CDHK01000008.1	72283	74499	-	Putative Nucleolar protein NOP2
PMG11_08459	CDHK01000008.1	74678	75706	+	hypothetical protein
PMG11_08460	CDHK01000008.1	75024	79551	-	Putative Cell differentiation and development protein Fsr1/Pro11
PMG11_08461	CDHK01000008.1	79979	81249	-	Putative DNA repair protein rad14
PMG11_08462	CDHK01000008.1	81433	82523	-	Putative PIG-P
PMG11_08463	CDHK01000008.1	82911	85528	-	hypothetical protein
PMG11_08464	CDHK01000008.1	86334	86789	+	hypothetical protein
PMG11_08465	CDHK01000008.1	86828	88123	+	hypothetical protein
PMG11_08466	CDHK01000008.1	88497	90242	+	Putative Cytochrome P450
PMG11_08467	CDHK01000008.1	90655	91781	+	Putative Short-chain dehydrogenase
PMG11_08468	CDHK01000008.1	92106	93885	+	hypothetical protein
PMG11_08469	CDHK01000008.1	95643	98437	+	Putative DUF221 domain protein
PMG11_08470	CDHK01000008.1	98694	101058	-	Putative Endoglucanase Cel5C
PMG11_08471	CDHK01000008.1	101888	105150	-	hypothetical protein
PMG11_08472	CDHK01000008.1	105372	107100	+	hypothetical protein
PMG11_08473	CDHK01000008.1	107417	108330	-	Putative ARP2/3 complex 21 kDa subunit
PMG11_08474	CDHK01000008.1	108571	110023	+	Putative Replication factor C, subunit 3
PMG11_08475	CDHK01000008.1	110617	112895	+	hypothetical protein
PMG11_08476	CDHK01000008.1	113067	113510	+	hypothetical protein
PMG11_08477	CDHK01000008.1	113967	116090	+	hypothetical protein
PMG11_08478	CDHK01000008.1	116490	118865	-	Putative Heat shock transcription factor 2 (Fragment)
PMG11_08479	CDHK01000008.1	119826	120853	-	hypothetical protein
PMG11_08480	CDHK01000008.1	122142	123184	+	hypothetical protein
PMG11_08481	CDHK01000008.1	123318	125018	-	hypothetical protein
PMG11_08482	CDHK01000008.1	130633	134546	+	Putative mRNA cleavage and polyadenylation factor I complex
PMG11_08483	CDHK01000008.1	135647	136385	-	Putative Histone H2A.Z
PMG11_08484	CDHK01000008.1	137201	137979	+	Putative Phosphate transporter
PMG11_08485	CDHK01000008.1	139861	141825	+	Putative Glyceraldehyde-3-phosphate dehydrogenase
PMG11_08486	CDHK01000008.1	144195	147766	+	Putative Histone deacetylase HdaA
PMG11_08487	CDHK01000008.1	148783	149244	+	hypothetical protein
PMG11_08488	CDHK01000008.1	150423	154661	+	Putative N-arginine dibasic convertase NRD1 and related Zn2-dependent endopeptidases
PMG11_08489	CDHK01000008.1	154762	156275	+	Putative Cleavage and polyadenylation specific factor 5
PMG11_08490	CDHK01000008.1	157521	158599	+	hypothetical protein
PMG11_08491	CDHK01000008.1	158830	160694	+	hypothetical protein
PMG11_08492	CDHK01000008.1	160779	161790	+	Putative Dephospho-CoA kinase
PMG11_08493	CDHK01000008.1	161975	162682	-	hypothetical protein
PMG11_08494	CDHK01000008.1	162870	164260	+	Putative NADH-ubiquinone oxidoreductase
PMG11_08495	CDHK01000008.1	163578	164881	-	Putative UPF0047 domain protein
PMG11_08496	CDHK01000008.1	169377	170087	-	hypothetical protein
PMG11_08497	CDHK01000008.1	178501	180311	-	Putative Chromate transporter
PMG11_08498	CDHK01000008.1	180643	182387	-	hypothetical protein
PMG11_08499	CDHK01000008.1	182668	183665	-	Putative UPF0047 domain protein
PMG11_08500	CDHK01000008.1	184172	185441	-	hypothetical protein
PMG11_08501	CDHK01000008.1	185449	186106	-	hypothetical protein
PMG11_08502	CDHK01000008.1	186784	188478	-	hypothetical protein
PMG11_08503	CDHK01000008.1	194840	197805	+	hypothetical protein
PMG11_08504	CDHK01000008.1	199326	200646	-	hypothetical protein
PMG11_08505	CDHK01000008.1	200930	203322	+	Putative F-box domain protein
PMG11_08506	CDHK01000008.1	203467	205521	-	hypothetical protein
PMG11_08507	CDHK01000008.1	205961	207231	-	Putative Catalytic activity: cEH of C. sp. acts on epoxides
PMG11_08508	CDHK01000008.1	208670	209332	+	hypothetical protein
PMG11_08509	CDHK01000008.1	209616	210194	+	hypothetical protein
PMG11_08510	CDHK01000008.1	210540	212953	+	hypothetical protein
PMG11_08511	CDHK01000008.1	213230	214865	-	Putative Alpha galactosidase (Precursor)
PMG11_08512	CDHK01000008.1	215262	219798	-	hypothetical protein
PMG11_08513	CDHK01000008.1	219915	220631	+	Putative Zinc finger protein
PMG11_08514	CDHK01000008.1	220785	222190	-	Putative Proteasome subunit alpha type
PMG11_08515	CDHK01000008.1	222471	226053	-	Putative Related to centractin (ARP1)
PMG11_08516	CDHK01000008.1	228114	229280	+	hypothetical protein
PMG11_08517	CDHK01000008.1	229981	233636	-	hypothetical protein
PMG11_08518	CDHK01000008.1	234677	235763	-	Putative Mitochondrial import inner membrane translocase subunit tim22
PMG11_08519	CDHK01000008.1	235899	238356	-	hypothetical protein
PMG11_08520	CDHK01000008.1	239931	243024	-	Putative Serine/threonine protein kinase
PMG11_08521	CDHK01000008.1	243025	245289	-	Putative Actin interacting protein
PMG11_08522	CDHK01000008.1	245749	246904	+	Putative NAD dependent epimerase/dehydratase family protein
PMG11_08523	CDHK01000008.1	247659	251150	+	hypothetical protein
PMG11_08524	CDHK01000008.1	251217	252382	-	hypothetical protein
PMG11_08525	CDHK01000008.1	253829	255435	+	hypothetical protein
PMG11_08526	CDHK01000008.1	256127	258048	+	hypothetical protein
PMG11_08527	CDHK01000008.1	258493	259603	+	hypothetical protein
PMG11_08528	CDHK01000008.1	259901	260639	-	hypothetical protein
PMG11_08529	CDHK01000008.1	262422	263463	-	hypothetical protein
PMG11_08530	CDHK01000008.1	264203	267656	-	Putative P-loop containing nucleoside triphosphate hydrolase
PMG11_08531	CDHK01000008.1	267826	270822	-	Putative Vacuolar ATP synthase catalytic subunit a
PMG11_08532	CDHK01000008.1	271196	272985	+	hypothetical protein
PMG11_08533	CDHK01000008.1	273178	274585	+	hypothetical protein
PMG11_08534	CDHK01000008.1	276609	278725	+	hypothetical protein
PMG11_08535	CDHK01000008.1	279692	280347	+	hypothetical protein
PMG11_08536	CDHK01000008.1	280517	282388	-	hypothetical protein
PMG11_08537	CDHK01000008.1	282859	285123	-	Putative ATP-dependent RNA helicase FAL1
PMG11_08538	CDHK01000008.1	285225	286861	+	Putative Splicing factor 3a subunit 3
PMG11_08539	CDHK01000008.1	287523	290445	+	hypothetical protein
PMG11_08540	CDHK01000008.1	290616	292888	-	Putative Anaphase promoting complex subunit (Cdc23)
PMG11_08541	CDHK01000008.1	293419	294550	+	Putative Farnesyl pyrophosphate synthetase
PMG11_08542	CDHK01000008.1	295513	297292	+	hypothetical protein
PMG11_08543	CDHK01000008.1	298679	299407	+	hypothetical protein
PMG11_08544	CDHK01000008.1	300101	302246	+	hypothetical protein
PMG11_08545	CDHK01000008.1	302248	304443	-	Putative Thiamine biosynthesis protein Nmt1
PMG11_08546	CDHK01000008.1	304620	308495	-	Putative UDP-Glycosyltransferase/glycogen phosphorylase
PMG11_08547	CDHK01000008.1	310761	311447	+	hypothetical protein
PMG11_08548	CDHK01000008.1	311709	315648	-	Putative Vacuolar sorting protein VPS45
PMG11_08549	CDHK01000008.1	315670	318466	+	Putative DNA replication licensing factor mcm5
PMG11_08550	CDHK01000008.1	320183	321543	-	hypothetical protein
PMG11_08551	CDHK01000008.1	322726	323643	+	hypothetical protein
PMG11_08552	CDHK01000008.1	324648	327684	+	Putative Siderophore iron transporter
PMG11_08553	CDHK01000008.1	328125	330344	-	hypothetical protein
PMG11_08554	CDHK01000008.1	331158	332757	+	hypothetical protein
PMG11_08555	CDHK01000008.1	332810	336326	+	Putative Transferase family protein
PMG11_08556	CDHK01000008.1	339576	340010	-	hypothetical protein
PMG11_08557	CDHK01000008.1	341089	342449	+	hypothetical protein
PMG11_08558	CDHK01000008.1	342982	343707	+	hypothetical protein
PMG11_08559	CDHK01000008.1	344584	346695	-	hypothetical protein
PMG11_08560	CDHK01000008.1	347414	349102	+	Putative Ribokinase
PMG11_08561	CDHK01000008.1	350866	351973	+	hypothetical protein
PMG11_08562	CDHK01000008.1	351049	354822	-	hypothetical protein
PMG11_08563	CDHK01000008.1	355444	359065	+	Putative Protein phosphatase 2a
PMG11_08564	CDHK01000008.1	359917	372381	+	Putative Histone acetylase complex subunit Paf400
PMG11_08565	CDHK01000008.1	372396	373444	-	Putative MRNA splicing protein Yju2
PMG11_08566	CDHK01000008.1	373580	376496	+	Putative Cell division cycle
PMG11_08567	CDHK01000008.1	377755	379959	+	hypothetical protein
PMG11_08568	CDHK01000008.1	381249	383443	+	hypothetical protein
PMG11_08569	CDHK01000008.1	384443	386253	+	hypothetical protein
PMG11_08570	CDHK01000008.1	386883	389046	-	hypothetical protein
PMG11_08571	CDHK01000008.1	390223	390930	-	hypothetical protein
PMG11_08572	CDHK01000008.1	391660	393012	+	hypothetical protein
PMG11_08573	CDHK01000008.1	393341	395944	-	Putative Fungal specific transcription factor domain protein
PMG11_08574	CDHK01000008.1	396279	398545	-	Putative Polyamine transporter 2
PMG11_08575	CDHK01000008.1	402451	406886	+	Putative Phosphoribosylformylglycinamidine synthase
PMG11_08576	CDHK01000008.1	407093	409984	-	hypothetical protein
PMG11_08577	CDHK01000008.1	410135	413419	+	Putative Glycolipid 2-alpha-mannosyltransferase
PMG11_08578	CDHK01000008.1	410763	413419	-	Putative Cytochrome c oxidase polypeptide VI, mitochondrial
PMG11_08579	CDHK01000008.1	414687	416908	+	Putative Fatty acyl-CoA elongase/Polyunsaturated fatty acid specific elongation enzyme
PMG11_08580	CDHK01000008.1	420193	422673	+	hypothetical protein
PMG11_08581	CDHK01000008.1	420244	428007	-	Putative NAD(P) transhydrogenase
PMG11_08582	CDHK01000008.1	428677	431959	-	Putative Isoflavone reductase
PMG11_08583	CDHK01000008.1	432231	434743	-	hypothetical protein
PMG11_08584	CDHK01000008.1	435576	436674	+	hypothetical protein
PMG11_08585	CDHK01000008.1	437265	438568	+	Putative Oxidoreductase, short-chain dehydrogenase/reductase family
PMG11_08586	CDHK01000008.1	438974	440819	-	hypothetical protein
PMG11_08587	CDHK01000008.1	443326	444904	-	hypothetical protein
PMG11_08588	CDHK01000008.1	445730	446468	-	hypothetical protein
PMG11_08589	CDHK01000008.1	447517	450807	-	hypothetical protein
PMG11_08590	CDHK01000008.1	451778	453507	-	hypothetical protein
PMG11_08591	CDHK01000008.1	454460	456496	-	hypothetical protein
PMG11_08592	CDHK01000008.1	457054	459023	-	Putative Calcineurin A
PMG11_08593	CDHK01000008.1	459682	462181	-	hypothetical protein
PMG11_08594	CDHK01000008.1	462806	464077	+	hypothetical protein
PMG11_08595	CDHK01000008.1	464504	465551	+	hypothetical protein
PMG11_08596	CDHK01000008.1	465668	469810	-	hypothetical protein
PMG11_08597	CDHK01000008.1	470283	471296	+	Putative Reductase with broad range of substrate specificity
PMG11_08598	CDHK01000008.1	471755	472450	-	hypothetical protein
PMG11_08599	CDHK01000008.1	473382	475239	+	hypothetical protein
PMG11_08600	CDHK01000008.1	476592	478459	-	hypothetical protein
PMG11_08601	CDHK01000008.1	478679	479597	+	hypothetical protein
PMG11_08602	CDHK01000008.1	482037	483345	+	Putative Isoflavone reductase family protein
PMG11_08603	CDHK01000008.1	484018	486127	+	hypothetical protein
PMG11_08604	CDHK01000008.1	486132	490620	+	hypothetical protein
PMG11_08605	CDHK01000008.1	492401	494561	+	hypothetical protein
PMG11_08606	CDHK01000008.1	495706	496712	-	hypothetical protein
PMG11_08607	CDHK01000008.1	499277	500494	+	Putative L-fuculose-phosphate aldolase
PMG11_08608	CDHK01000008.1	501417	507271	+	Putative ABC transporter
PMG11_08609	CDHK01000008.1	508101	510147	+	Putative MFS allantoate transporter
PMG11_08610	CDHK01000008.1	510820	514359	-	hypothetical protein
PMG11_08611	CDHK01000008.1	516704	519525	+	hypothetical protein
PMG11_08612	CDHK01000008.1	518648	519448	-	hypothetical protein
PMG11_08613	CDHK01000008.1	519686	520805	+	hypothetical protein
PMG11_08614	CDHK01000008.1	521057	523065	-	hypothetical protein
PMG11_08615	CDHK01000008.1	523364	524662	+	hypothetical protein
PMG11_08616	CDHK01000008.1	524833	528386	+	Putative High-temperature-induced dauer-formation protein
PMG11_08617	CDHK01000008.1	528454	529921	+	hypothetical protein
PMG11_08618	CDHK01000008.1	531086	532915	+	hypothetical protein
PMG11_08619	CDHK01000008.1	533313	533681	+	hypothetical protein
PMG11_08620	CDHK01000008.1	536719	539854	+	Putative Ceramide glucosyltransferase
PMG11_08621	CDHK01000008.1	538964	539718	-	hypothetical protein
PMG11_08622	CDHK01000008.1	540588	541442	-	Putative WW domain protein
PMG11_08623	CDHK01000008.1	542252	543600	+	hypothetical protein
PMG11_08624	CDHK01000008.1	545477	546244	-	hypothetical protein
PMG11_08625	CDHK01000008.1	547260	548956	-	Putative 2-nitropropane dioxygenase
PMG11_08626	CDHK01000008.1	549788	551005	+	Putative Succinate dehydrogenase cytochrome b560 subunit
PMG11_08627	CDHK01000008.1	554265	555149	+	Putative RNase III domain protein
PMG11_08628	CDHK01000008.1	555960	557727	+	Putative AP-1 complex subunit mu
PMG11_08629	CDHK01000008.1	558784	559825	+	hypothetical protein
PMG11_08630	CDHK01000008.1	560314	561865	-	Putative Small monomeric GTPase
PMG11_08631	CDHK01000008.1	566902	569822	-	Putative DUF1688 domain-containing protein
PMG11_08632	CDHK01000008.1	575828	576774	+	Putative Single-stranded DNA-binding protein
PMG11_08633	CDHK01000008.1	576465	579281	-	hypothetical protein
PMG11_08634	CDHK01000008.1	579734	581263	+	hypothetical protein
PMG11_08635	CDHK01000008.1	580176	585401	-	Putative Catalytic activity: Inositol-1
PMG11_08636	CDHK01000008.1	585427	588465	-	hypothetical protein
PMG11_08637	CDHK01000008.1	585560	586675	+	hypothetical protein
PMG11_08638	CDHK01000008.1	588804	593089	-	Putative DUF625 domain protein
PMG11_08639	CDHK01000008.1	594013	596237	+	hypothetical protein
PMG11_08640	CDHK01000008.1	596619	600307	-	hypothetical protein
PMG11_08641	CDHK01000008.1	604281	609689	+	hypothetical protein
PMG11_08642	CDHK01000008.1	610280	612468	-	Putative Squalene monooxygenase Erg1
PMG11_08643	CDHK01000008.1	612692	614796	-	hypothetical protein
PMG11_08644	CDHK01000008.1	615044	617680	-	hypothetical protein
PMG11_08645	CDHK01000008.1	617976	619688	+	hypothetical protein
PMG11_08646	CDHK01000008.1	619838	622548	-	hypothetical protein
PMG11_08647	CDHK01000008.1	625442	628284	-	hypothetical protein
PMG11_08648	CDHK01000008.1	629182	630710	+	hypothetical protein
PMG11_08649	CDHK01000008.1	631790	632344	-	hypothetical protein
PMG11_08650	CDHK01000008.1	633483	636290	-	hypothetical protein
PMG11_08651	CDHK01000008.1	636639	638795	-	hypothetical protein
PMG11_08652	CDHK01000008.1	638978	640656	-	Putative Ferrochelatase
PMG11_08653	CDHK01000008.1	640851	643051	+	Putative ATP-dependent DNA helicase II subunit 1
PMG11_08654	CDHK01000008.1	644820	645819	-	hypothetical protein
PMG11_08655	CDHK01000008.1	646439	646694	-	hypothetical protein
PMG11_08656	CDHK01000008.1	647919	649248	-	Putative Pre-mRNA-splicing factor cwc24
PMG11_08657	CDHK01000008.1	649535	656341	+	hypothetical protein
PMG11_08658	CDHK01000008.1	656593	658309	+	hypothetical protein
PMG11_08659	CDHK01000008.1	658300	660481	-	hypothetical protein
PMG11_08660	CDHK01000008.1	661123	662798	+	hypothetical protein
PMG11_08661	CDHK01000008.1	663677	666388	-	hypothetical protein
PMG11_08662	CDHK01000008.1	666815	668745	+	hypothetical protein
PMG11_08663	CDHK01000008.1	673430	673749	-	hypothetical protein
PMG11_08664	CDHK01000008.1	678858	680942	-	hypothetical protein
PMG11_08665	CDHK01000008.1	681153	683536	-	hypothetical protein
PMG11_08666	CDHK01000008.1	683691	685619	+	Putative Catalytic activity: ATP Propanoyl-CoA HCO3-= ADP Orthophosphate
PMG11_08667	CDHK01000008.1	686372	688141	+	hypothetical protein
PMG11_08668	CDHK01000008.1	687364	690039	-	Putative Amino acid permease
PMG11_08669	CDHK01000008.1	690566	694302	+	hypothetical protein
PMG11_08670	CDHK01000008.1	697006	699189	+	hypothetical protein
PMG11_08671	CDHK01000008.1	700885	702213	+	hypothetical protein
PMG11_08672	CDHK01000008.1	703746	706224	+	hypothetical protein
PMG11_08673	CDHK01000008.1	705808	707156	-	hypothetical protein
PMG11_08674	CDHK01000008.1	707658	708444	-	hypothetical protein
PMG11_08675	CDHK01000008.1	709072	709779	-	Putative (S)-2-haloacid dehalogenase 4A
PMG11_08676	CDHK01000008.1	710235	713789	+	hypothetical protein
PMG11_08677	CDHK01000008.1	712693	714366	-	hypothetical protein
PMG11_08678	CDHK01000008.1	714803	715799	-	hypothetical protein
PMG11_08679	CDHK01000008.1	716323	717846	+	Putative Oxidoreductase, short-chain dehydrogenase/reductase family
PMG11_08680	CDHK01000008.1	717965	718982	-	hypothetical protein
PMG11_08681	CDHK01000008.1	721195	723157	+	hypothetical protein
PMG11_08682	CDHK01000008.1	728678	729846	+	hypothetical protein
PMG11_08683	CDHK01000008.1	731564	737123	+	hypothetical protein
PMG11_08684	CDHK01000008.1	738121	740482	+	hypothetical protein
PMG11_08685	CDHK01000008.1	740777	742550	+	hypothetical protein
PMG11_08686	CDHK01000008.1	742714	746805	+	Putative GTPase activating protein
PMG11_08687	CDHK01000008.1	747108	753584	-	hypothetical protein
PMG11_08688	CDHK01000008.1	755334	757768	+	hypothetical protein
PMG11_08689	CDHK01000008.1	758877	760906	+	Putative Phenylacetyl-CoA ligase
PMG11_08690	CDHK01000008.1	761493	762605	+	hypothetical protein
PMG11_08691	CDHK01000008.1	762781	764661	+	Putative Angio-associated migratory cell protein
PMG11_08692	CDHK01000008.1	765019	765337	-	Putative NADH-ubiquinone oxidoreductase B12 subunit
PMG11_08693	CDHK01000008.1	765450	767581	+	Putative CCR4-NOT transcription complex subunit 7
PMG11_08694	CDHK01000008.1	767720	770372	+	Putative Copper amine oxidase 1
PMG11_08695	CDHK01000008.1	771490	773049	+	hypothetical protein
PMG11_08696	CDHK01000008.1	774312	775547	+	hypothetical protein
PMG11_08697	CDHK01000008.1	776258	777287	-	hypothetical protein
PMG11_08698	CDHK01000008.1	777962	778531	+	hypothetical protein
PMG11_08699	CDHK01000008.1	778623	779922	-	hypothetical protein
PMG11_08700	CDHK01000008.1	780545	781183	-	Putative F-box domain protein
PMG11_08701	CDHK01000008.1	781890	782997	-	Putative Chaperone binding protein
PMG11_08702	CDHK01000008.1	783879	785432	-	hypothetical protein
PMG11_08703	CDHK01000008.1	786362	786725	+	hypothetical protein
PMG11_08704	CDHK01000008.1	789936	790931	+	hypothetical protein
PMG11_08705	CDHK01000008.1	791533	792831	+	Putative NAD binding Rossmann fold oxidoreductase
PMG11_08706	CDHK01000008.1	793646	794746	+	hypothetical protein
PMG11_08707	CDHK01000008.1	795805	796758	+	hypothetical protein
PMG11_08708	CDHK01000008.1	797054	801050	+	Putative ABC transporter-like protein
PMG11_08709	CDHK01000008.1	800139	801448	-	hypothetical protein
PMG11_08710	CDHK01000008.1	801727	803137	-	hypothetical protein
PMG11_08711	CDHK01000008.1	803129	805144	+	Putative Proteasome regulatory particle subunit
PMG11_08712	CDHK01000008.1	805236	807263	+	Putative WD repeat protein (AFU_orthologue; AFUA_5G07060)
PMG11_08713	CDHK01000008.1	807657	811046	+	hypothetical protein
PMG11_08714	CDHK01000008.1	811591	814917	+	Putative Beta-glucosidase (Fragment)
PMG11_08715	CDHK01000008.1	814987	816949	-	Putative Glycosyl transferase
PMG11_08716	CDHK01000008.1	819961	822167	-	hypothetical protein
PMG11_08717	CDHK01000008.1	822533	827475	+	hypothetical protein
PMG11_08718	CDHK01000008.1	827504	829120	-	hypothetical protein
PMG11_08719	CDHK01000008.1	831542	832224	+	hypothetical protein
PMG11_08720	CDHK01000008.1	834729	839270	-	hypothetical protein
PMG11_08721	CDHK01000008.1	834737	836119	+	hypothetical protein
PMG11_08722	CDHK01000008.1	839902	841512	+	hypothetical protein
PMG11_08723	CDHK01000008.1	841886	844057	+	Putative RNP domain protein
PMG11_08724	CDHK01000008.1	844216	846108	+	Putative Zinc finger protein gcs1
PMG11_08725	CDHK01000008.1	846348	849092	-	Putative Ribosome-releasing factor 2, mitochondrial
PMG11_08726	CDHK01000008.1	849572	851470	+	Putative Vacuolar protein sorting-associated protein 17
PMG11_08727	CDHK01000008.1	851717	852118	-	hypothetical protein
PMG11_08728	CDHK01000008.1	852444	856421	-	hypothetical protein
PMG11_08729	CDHK01000008.1	857160	858344	-	hypothetical protein
PMG11_08730	CDHK01000008.1	859726	861423	+	hypothetical protein
PMG11_08731	CDHK01000008.1	861600	869401	+	hypothetical protein
PMG11_08732	CDHK01000008.1	869758	871098	-	hypothetical protein
PMG11_08733	CDHK01000008.1	874128	876251	-	Putative Homoserine O-acetyltransferase
PMG11_08734	CDHK01000008.1	876454	877426	+	Putative 60S ribosomal protein L30-2
PMG11_08735	CDHK01000008.1	877456	880271	+	Putative Alpha-glucuronidase
PMG11_08736	CDHK01000008.1	882453	884355	+	hypothetical protein
PMG11_08737	CDHK01000008.1	884397	885518	-	hypothetical protein
PMG11_08738	CDHK01000008.1	886502	888283	+	hypothetical protein
PMG11_08739	CDHK01000008.1	888542	891194	+	hypothetical protein
PMG11_08740	CDHK01000008.1	889878	892814	-	hypothetical protein
PMG11_08741	CDHK01000008.1	892888	895001	+	hypothetical protein
PMG11_08742	CDHK01000008.1	895181	896475	+	hypothetical protein
PMG11_08743	CDHK01000008.1	896678	899297	+	hypothetical protein
PMG11_08744	CDHK01000008.1	899387	900727	+	Putative Electron transfer flavoprotein, beta subunit
PMG11_08745	CDHK01000008.1	901214	905269	+	Putative LAS seventeen-binding protein 3
PMG11_08746	CDHK01000008.1	905974	907036	-	hypothetical protein
PMG11_08747	CDHK01000008.1	908458	910208	+	hypothetical protein
PMG11_08748	CDHK01000008.1	910549	911130	+	hypothetical protein
PMG11_08749	CDHK01000008.1	911729	914091	+	hypothetical protein
PMG11_08750	CDHK01000008.1	914182	916326	-	hypothetical protein
PMG11_08751	CDHK01000008.1	916785	917920	+	Putative Galactose-proton symport
PMG11_08752	CDHK01000008.1	919131	920012	+	hypothetical protein
PMG11_08753	CDHK01000008.1	920111	921267	+	hypothetical protein
PMG11_08754	CDHK01000008.1	921386	928513	+	hypothetical protein
PMG11_08755	CDHK01000008.1	928881	930880	+	hypothetical protein
PMG11_08756	CDHK01000008.1	931876	932494	-	hypothetical protein
PMG11_08757	CDHK01000008.1	932563	933757	-	Putative Protein fmp52-2, mitochondrial
PMG11_08758	CDHK01000008.1	935232	936751	+	hypothetical protein
PMG11_08759	CDHK01000008.1	936770	939074	-	Putative Peroxin 3
PMG11_08760	CDHK01000008.1	939732	940552	+	Putative DUF1649 domain protein
PMG11_08761	CDHK01000008.1	941354	942417	-	Putative Protein yop1
PMG11_08762	CDHK01000008.1	944667	945708	+	Putative RAS small monomeric GTPase
PMG11_08763	CDHK01000008.1	945209	948294	-	Putative Methylcrotonoyl-CoA carboxylase beta chain, mitochondrial
PMG11_08764	CDHK01000008.1	948524	950522	+	Putative Isovaleryl-CoA dehydrogenase
PMG11_08765	CDHK01000008.1	951106	953255	-	hypothetical protein
PMG11_08766	CDHK01000008.1	954374	955365	+	hypothetical protein
PMG11_08767	CDHK01000008.1	955685	956943	-	hypothetical protein
PMG11_08768	CDHK01000008.1	959479	962046	+	hypothetical protein
PMG11_08769	CDHK01000008.1	962786	964877	+	Putative Induction: S. cerevisiae HXT genes are induced by glucose
PMG11_08770	CDHK01000008.1	965709	967118	+	hypothetical protein
PMG11_08771	CDHK01000008.1	967476	970148	+	Putative 3-methylcrotonyl-CoA carboxylase subunit alpha
PMG11_08772	CDHK01000008.1	971746	973643	+	Putative D-arabinitol dehydrogenase
PMG11_08773	CDHK01000008.1	977157	978454	+	hypothetical protein
PMG11_08774	CDHK01000008.1	978970	979773	-	hypothetical protein
PMG11_08775	CDHK01000008.1	981334	983254	-	hypothetical protein
PMG11_08776	CDHK01000008.1	983812	988572	+	hypothetical protein
PMG11_08777	CDHK01000008.1	989617	991811	-	Putative Function: N. crassa Hex1 is required for the assembly of the Woronin body
PMG11_08778	CDHK01000008.1	992653	999223	-	hypothetical protein
PMG11_08779	CDHK01000008.1	999488	1001185	+	hypothetical protein
PMG11_08780	CDHK01000008.1	1001882	1003738	-	hypothetical protein
PMG11_08781	CDHK01000008.1	1006105	1008130	+	hypothetical protein
PMG11_08782	CDHK01000008.1	1007405	1010789	-	hypothetical protein
PMG11_08783	CDHK01000008.1	1010839	1016617	-	Putative Ribosomal protein L24E
PMG11_08784	CDHK01000008.1	1029189	1031423	-	hypothetical protein
PMG11_08785	CDHK01000008.1	1035640	1038304	-	hypothetical protein
PMG11_08786	CDHK01000008.1	1039600	1040061	+	hypothetical protein
PMG11_08787	CDHK01000008.1	1043456	1048611	-	hypothetical protein
PMG11_08788	CDHK01000008.1	1048744	1056842	+	Putative Myosin heavy chain
PMG11_08789	CDHK01000008.1	1057403	1058322	+	hypothetical protein
PMG11_08790	CDHK01000008.1	1058623	1059478	+	Putative mRNA splicing factor
PMG11_08791	CDHK01000008.1	1058706	1060994	-	Putative Conserved ATP/GTP binding protein
PMG11_08792	CDHK01000008.1	1061111	1063371	+	Putative Nonglycosylated anion transporter
PMG11_08793	CDHK01000008.1	1063683	1066446	-	Putative Phosphoinositide 3-kinase
PMG11_08794	CDHK01000008.1	1066802	1068232	+	hypothetical protein
PMG11_08795	CDHK01000008.1	1069031	1070168	+	hypothetical protein
PMG11_08796	CDHK01000008.1	1071693	1072439	+	Putative Integral membrane protein
PMG11_08797	CDHK01000008.1	1073274	1074159	-	hypothetical protein
PMG11_08798	CDHK01000008.1	1076345	1077175	-	hypothetical protein
PMG11_08799	CDHK01000008.1	1079369	1083562	+	hypothetical protein
PMG11_08800	CDHK01000008.1	1081954	1083418	-	hypothetical protein
PMG11_08801	CDHK01000008.1	1083688	1085706	-	Putative ThiF domain protein
PMG11_08802	CDHK01000008.1	1087115	1088899	-	Putative Homoserine O-acetyltransferase
PMG11_08803	CDHK01000008.1	1089135	1091078	-	hypothetical protein
PMG11_08804	CDHK01000008.1	1094605	1095744	+	hypothetical protein
PMG11_08805	CDHK01000008.1	1095717	1098689	-	Putative cAMP-dependent protein kinase catalytic subunit (Eurofung)
PMG11_08806	CDHK01000008.1	1098727	1100161	-	Putative Vacuolar ATPase proteolipid subunit c
PMG11_08807	CDHK01000008.1	1100152	1105274	+	Putative Rho1 guanine nucleotide exchange factor 2
PMG11_08808	CDHK01000008.1	1106617	1108337	-	hypothetical protein
PMG11_08809	CDHK01000008.1	1106701	1112051	+	hypothetical protein
PMG11_08810	CDHK01000008.1	1112058	1114706	-	Putative Septin
PMG11_08811	CDHK01000008.1	1114918	1118086	+	Putative SVP1-like protein 2
PMG11_08812	CDHK01000008.1	1115778	1118091	-	Putative RNA binding domain protein
PMG11_08813	CDHK01000008.1	1118140	1120609	+	Putative Dynein family protein
PMG11_08814	CDHK01000008.1	1121152	1123009	-	Putative MFS transporter
PMG11_08815	CDHK01000008.1	1124424	1126489	-	Putative Spermine/spermidine synthase family protein
PMG11_08816	CDHK01000008.1	1126625	1127352	+	hypothetical protein
PMG11_08817	CDHK01000008.1	1127933	1130192	-	Putative AMP-binding enzyme
PMG11_08818	CDHK01000008.1	1131788	1132449	-	hypothetical protein
PMG11_08819	CDHK01000008.1	1133177	1136255	+	hypothetical protein
PMG11_08820	CDHK01000008.1	1136335	1137575	+	Putative Function: RO10 of N. crassa
PMG11_08821	CDHK01000008.1	1139916	1140919	+	Putative High osmolarity signaling protein sho1
PMG11_08822	CDHK01000008.1	1142274	1144359	+	Putative PQ loop repeat protein
PMG11_08823	CDHK01000008.1	1144465	1148286	+	Putative Related to SSK1-two-component signal transducer
PMG11_08824	CDHK01000008.1	1148283	1149339	-	hypothetical protein
PMG11_08825	CDHK01000008.1	1150710	1151597	+	hypothetical protein
PMG11_08826	CDHK01000008.1	1152195	1153818	+	hypothetical protein
PMG11_08827	CDHK01000008.1	1154429	1157557	-	Putative Gmp synthase
PMG11_08828	CDHK01000008.1	1158613	1160960	-	hypothetical protein
PMG11_08829	CDHK01000008.1	1161106	1162878	+	hypothetical protein
PMG11_08830	CDHK01000008.1	1163260	1165095	+	hypothetical protein
PMG11_08831	CDHK01000008.1	1165263	1166714	+	hypothetical protein
PMG11_08832	CDHK01000008.1	1167639	1169171	+	hypothetical protein
PMG11_08833	CDHK01000008.1	1169478	1170419	+	hypothetical protein
PMG11_08834	CDHK01000008.1	1173018	1175283	+	hypothetical protein
PMG11_08835	CDHK01000008.1	1176645	1178870	-	hypothetical protein
PMG11_08836	CDHK01000008.1	1183229	1184884	+	Putative Carboxylesterase type B
PMG11_08837	CDHK01000008.1	1186532	1188343	-	hypothetical protein
PMG11_08838	CDHK01000008.1	1188767	1192652	-	Putative YALI0F12375p
PMG11_08839	CDHK01000008.1	1195468	1196099	-	Putative 37S ribosomal protein S16 (AFU_orthologue; AFUA_5G08350)
PMG11_08840	CDHK01000008.1	1196414	1197480	+	Putative AI-BP family protein
PMG11_08841	CDHK01000008.1	1197534	1200840	-	Putative Complex: Ufd3p is an in vivo ligand of Cdc48p
PMG11_08842	CDHK01000008.1	1201286	1202614	+	Putative Serine/threonine kinase receptor-associated protein
PMG11_08843	CDHK01000008.1	1203140	1204762	-	hypothetical protein
PMG11_08844	CDHK01000008.1	1205031	1208222	-	Putative Alpha-actinin, sarcomeric (F-actin cross linking protein)
PMG11_08845	CDHK01000008.1	1208517	1210795	+	Putative Aldo-keto reductase
PMG11_08846	CDHK01000008.1	1209788	1211629	-	Putative tRNA a64-2'-o-ribosylphosphate transferase
PMG11_08847	CDHK01000008.1	1212888	1214576	+	Putative HAD superfamily hydrolase
PMG11_08848	CDHK01000008.1	1215566	1217701	+	Putative ADP-ribose pyrophosphatase
PMG11_08849	CDHK01000008.1	1217186	1218062	-	Putative Nucleoside diphosphate-sugar hydrolase of the MutT
PMG11_08850	CDHK01000008.1	1222045	1226173	+	hypothetical protein
PMG11_08851	CDHK01000008.1	1226446	1228525	+	hypothetical protein
PMG11_08852	CDHK01000008.1	1229033	1230510	+	hypothetical protein
PMG11_08853	CDHK01000008.1	1231740	1232075	+	hypothetical protein
PMG11_08854	CDHK01000008.1	1232940	1233523	+	hypothetical protein
PMG11_08855	CDHK01000008.1	1233799	1235568	-	hypothetical protein
PMG11_08856	CDHK01000008.1	1236255	1238700	+	Putative Arginine biosynthesis ArgJ, mitochondrial
PMG11_08857	CDHK01000008.1	1240149	1241444	+	hypothetical protein
PMG11_08858	CDHK01000008.1	1242544	1243317	+	hypothetical protein
PMG11_08859	CDHK01000008.1	1244334	1245517	-	Putative Autophagy-related protein 3
PMG11_08860	CDHK01000008.1	1245956	1246913	-	Putative Cyclin domain protein
PMG11_08861	CDHK01000008.1	1247726	1249799	+	hypothetical protein
PMG11_08862	CDHK01000008.1	1250217	1251949	+	Putative Protein transport protein SEC61 alpha subunit
PMG11_08863	CDHK01000008.1	1252723	1254283	+	Putative Pyridoxine biosynthesis protein
PMG11_08864	CDHK01000008.1	1255796	1256302	+	hypothetical protein
PMG11_08865	CDHK01000008.1	1256660	1257395	+	hypothetical protein
PMG11_08866	CDHK01000008.1	1260360	1262078	+	hypothetical protein
PMG11_08867	CDHK01000008.1	1262841	1266356	+	hypothetical protein
PMG11_08868	CDHK01000008.1	1264783	1266162	-	hypothetical protein
PMG11_08869	CDHK01000008.1	1266710	1270195	+	Putative Exocyst complex component Sec8
PMG11_08870	CDHK01000008.1	1270591	1274457	+	hypothetical protein
PMG11_08871	CDHK01000008.1	1275148	1276338	+	Putative Extracellular cellulase CelA/allergen Asp F7-like
PMG11_08872	CDHK01000008.1	1276788	1279452	-	Putative Helix loop helix transcription factor EB
PMG11_08873	CDHK01000008.1	1280307	1282133	-	hypothetical protein
PMG11_08874	CDHK01000008.1	1282269	1286906	-	Putative MCM3-associated protein
PMG11_08875	CDHK01000008.1	1287040	1290489	-	hypothetical protein
PMG11_08876	CDHK01000008.1	1305128	1310959	-	Putative ABC metal ion transporter
PMG11_08877	CDHK01000008.1	1312402	1315523	-	hypothetical protein
PMG11_08878	CDHK01000008.1	1315530	1318889	+	hypothetical protein
PMG11_08879	CDHK01000008.1	1319357	1321350	+	Putative Ankyrin repeat protein
PMG11_08880	CDHK01000008.1	1321614	1324028	+	hypothetical protein
PMG11_08881	CDHK01000008.1	1327793	1329510	+	hypothetical protein
PMG11_08882	CDHK01000008.1	1330830	1332071	+	hypothetical protein
PMG11_08883	CDHK01000008.1	1332287	1334544	-	Putative AP-2 complex subunit mu-1
PMG11_08884	CDHK01000008.1	1335931	1336239	+	hypothetical protein
PMG11_08885	CDHK01000008.1	1336845	1338812	-	hypothetical protein
PMG11_08886	CDHK01000008.1	1338997	1343187	-	hypothetical protein
PMG11_08887	CDHK01000008.1	1343440	1344492	+	hypothetical protein
PMG11_08888	CDHK01000008.1	1343882	1349467	-	hypothetical protein
PMG11_08889	CDHK01000008.1	1350834	1355731	+	hypothetical protein
PMG11_08890	CDHK01000008.1	1354196	1355632	-	hypothetical protein
PMG11_08891	CDHK01000008.1	1355802	1358684	+	Putative Cysteinyl-tRNA synthetase
PMG11_08892	CDHK01000008.1	1359068	1360407	+	hypothetical protein
PMG11_08893	CDHK01000008.1	1360599	1362309	+	Putative YBR147W
PMG11_08894	CDHK01000008.1	1362210	1363318	-	hypothetical protein
PMG11_08895	CDHK01000008.1	1364815	1366443	+	hypothetical protein
PMG11_08896	CDHK01000008.1	1366656	1368732	+	hypothetical protein
PMG11_08897	CDHK01000008.1	1369368	1371859	-	Putative Oxidosqualene:lanosterol cyclase (AFU_orthologue; AFUA_5G04080)
PMG11_08898	CDHK01000008.1	1372757	1374278	+	hypothetical protein
PMG11_08899	CDHK01000008.1	1374582	1375179	-	Putative Ubiquitin carrier protein
PMG11_08900	CDHK01000008.1	1375580	1377345	-	hypothetical protein
PMG11_08901	CDHK01000008.1	1377964	1378417	-	Putative Long chronological lifespan protein 2
PMG11_08902	CDHK01000008.1	1378612	1379430	+	Putative Mitochondrial ribosomal protein MRP7
PMG11_08903	CDHK01000008.1	1380218	1382317	-	hypothetical protein
PMG11_08904	CDHK01000008.1	1382680	1384372	-	Putative FAD/FMN-containing dehydrogenase
PMG11_08905	CDHK01000008.1	1385005	1388170	-	hypothetical protein
PMG11_08906	CDHK01000008.1	1388526	1390394	-	hypothetical protein
PMG11_08907	CDHK01000008.1	1390717	1393184	+	hypothetical protein
PMG11_08908	CDHK01000008.1	1393613	1398293	-	hypothetical protein
PMG11_08909	CDHK01000008.1	1398464	1400449	-	hypothetical protein
PMG11_08910	CDHK01000008.1	1400702	1401111	+	Putative Nop10 family nucleolar RNA-binding protein
PMG11_08911	CDHK01000008.1	1401088	1402938	-	hypothetical protein
PMG11_08912	CDHK01000008.1	1403421	1404455	-	hypothetical protein
PMG11_08913	CDHK01000008.1	1404987	1406961	+	hypothetical protein
PMG11_08914	CDHK01000008.1	1407345	1408239	-	hypothetical protein
PMG11_08915	CDHK01000008.1	1408725	1410398	-	hypothetical protein
PMG11_08916	CDHK01000008.1	1416069	1417470	+	hypothetical protein
PMG11_08917	CDHK01000008.1	1417875	1419425	-	Putative Aminopeptidase I zinc metalloprotease
PMG11_08918	CDHK01000008.1	1420252	1422143	+	Putative Alcohol dehydrogenase
PMG11_08919	CDHK01000008.1	1423809	1425377	+	hypothetical protein
PMG11_08920	CDHK01000008.1	1426043	1428635	-	hypothetical protein
PMG11_08921	CDHK01000008.1	1428374	1429110	+	Putative 2Fe-2S iron-sulfur cluster binding domain protein
PMG11_08922	CDHK01000008.1	1429387	1430307	-	Putative Ribosomal RNA-processing protein 15
PMG11_08923	CDHK01000008.1	1430464	1434794	-	hypothetical protein
PMG11_08924	CDHK01000008.1	1430551	1432215	+	Putative Signal recognition particle 54 kDa protein
PMG11_08925	CDHK01000008.1	1435006	1435977	-	Putative Class III chitinase
PMG11_08926	CDHK01000008.1	1437663	1440302	+	hypothetical protein
PMG11_08927	CDHK01000008.1	1440667	1442689	-	hypothetical protein
PMG11_08928	CDHK01000008.1	1445257	1447267	-	hypothetical protein
PMG11_08929	CDHK01000008.1	1448081	1450270	-	hypothetical protein
PMG11_08930	CDHK01000008.1	1450455	1452437	-	Putative Beta-glucosidase 1B
PMG11_08931	CDHK01000008.1	1452583	1454494	+	Putative Lactose permease
PMG11_08932	CDHK01000008.1	1457575	1461501	+	hypothetical protein
PMG11_08933	CDHK01000008.1	1461718	1463388	+	hypothetical protein
PMG11_08934	CDHK01000008.1	1466747	1467868	+	hypothetical protein
PMG11_08935	CDHK01000008.1	1468169	1470506	+	hypothetical protein
PMG11_08936	CDHK01000008.1	1470998	1473098	+	hypothetical protein
PMG11_08937	CDHK01000008.1	1474700	1479726	+	hypothetical protein
PMG11_08938	CDHK01000008.1	1480366	1482107	+	hypothetical protein
PMG11_08939	CDHK01000008.1	1484490	1486306	+	hypothetical protein
PMG11_08940	CDHK01000008.1	1486651	1488101	+	Putative Transcription initiation factor TFIID complex 60 kDa subunit
PMG11_08941	CDHK01000008.1	1489752	1491296	+	Putative S-adenosylmethionine decarboxylase
PMG11_08942	CDHK01000008.1	1491840	1493847	+	Putative Transcription factor TFIID complex subunit Taf11
PMG11_08943	CDHK01000008.1	1494398	1496405	+	hypothetical protein
PMG11_08944	CDHK01000008.1	1496483	1498321	-	hypothetical protein
PMG11_08945	CDHK01000008.1	1498932	1499693	-	Putative Outer membrane protein Tom13
PMG11_08946	CDHK01000008.1	1500228	1501910	+	hypothetical protein
PMG11_08947	CDHK01000008.1	1502040	1503206	+	Putative Cytosolic Fe-S cluster assembly factor cfd1
PMG11_08948	CDHK01000008.1	1503484	1504728	-	hypothetical protein
PMG11_08949	CDHK01000008.1	1505118	1506064	+	hypothetical protein
PMG11_08950	CDHK01000008.1	1506249	1507299	-	Putative Mitochondrial large ribosomal subunit protein L1
PMG11_08951	CDHK01000008.1	1506399	1509930	+	Putative Glutamyl-tRNA synthetase
PMG11_08952	CDHK01000008.1	1510527	1511414	-	hypothetical protein
PMG11_08953	CDHK01000008.1	1511446	1516281	-	Putative Plasma membrane H-transporting ATPase
PMG11_08954	CDHK01000008.1	1516604	1518508	-	hypothetical protein
PMG11_08955	CDHK01000008.1	1519628	1520920	-	hypothetical protein
PMG11_08956	CDHK01000008.1	1521049	1522451	-	Putative PQ loop repeat protein
PMG11_08957	CDHK01000008.1	1524497	1527818	-	Putative Glucosidase II alpha subunit
PMG11_08958	CDHK01000008.1	1527848	1528790	+	Putative Nucleoside diphosphate kinase
PMG11_08959	CDHK01000008.1	1528886	1529787	-	hypothetical protein
PMG11_08960	CDHK01000008.1	1530184	1532346	+	Putative Methylenetetrahydrofolate reductase
PMG11_08961	CDHK01000008.1	1532789	1534352	-	hypothetical protein
PMG11_08962	CDHK01000008.1	1534602	1535324	+	Putative Thymidylate kinase
PMG11_08963	CDHK01000008.1	1535396	1536660	-	Putative Structure-specific endonuclease subunit slx1
PMG11_08964	CDHK01000008.1	1537967	1546083	+	Putative DNA-binding protein jumonji/RBP2/SMCY
PMG11_08965	CDHK01000008.1	1544613	1545833	-	hypothetical protein
PMG11_08966	CDHK01000008.1	1546731	1553338	-	Putative SH3-domain-containing protein
PMG11_08967	CDHK01000008.1	1546988	1548394	+	hypothetical protein
PMG11_08968	CDHK01000008.1	1554766	1556934	+	hypothetical protein
PMG11_08969	CDHK01000008.1	1558094	1566945	+	Putative Conidial pigment polyketide synthase PksP/Alb1
PMG11_08970	CDHK01000008.1	1565978	1568369	-	hypothetical protein
PMG11_08971	CDHK01000008.1	1568490	1570275	-	hypothetical protein
PMG11_08972	CDHK01000008.1	1570456	1575350	+	hypothetical protein
PMG11_08973	CDHK01000008.1	1574602	1575962	-	Putative NADH pyrophosphatase I of the Nudix family of hydrolase
PMG11_08974	CDHK01000008.1	1576240	1581423	+	Putative Glutamine-dependent NAD() synthetase
PMG11_08975	CDHK01000008.1	1579844	1581385	-	hypothetical protein
PMG11_08976	CDHK01000008.1	1581675	1583968	-	hypothetical protein
PMG11_08977	CDHK01000008.1	1584098	1587385	-	Putative DNA repair helicase RAD25
PMG11_08978	CDHK01000008.1	1587416	1588280	+	hypothetical protein
PMG11_08979	CDHK01000008.1	1588359	1589272	-	hypothetical protein
PMG11_08980	CDHK01000008.1	1591475	1593310	+	hypothetical protein
PMG11_08981	CDHK01000008.1	1593696	1594715	+	hypothetical protein
PMG11_08982	CDHK01000008.1	1597261	1598082	-	hypothetical protein
PMG11_08983	CDHK01000008.1	1600375	1601310	-	hypothetical protein
PMG11_08984	CDHK01000008.1	1605667	1606857	-	Putative Erp2,4
PMG11_08985	CDHK01000008.1	1606934	1612107	-	Putative Ubiquitin carboxyl-terminal hydrolase (Fragment)
PMG11_08986	CDHK01000008.1	1612320	1613837	+	Putative Pyruvate dehydrogenase kinase
PMG11_08987	CDHK01000008.1	1614552	1615076	+	hypothetical protein
PMG11_08988	CDHK01000008.1	1615321	1616434	-	hypothetical protein
PMG11_08989	CDHK01000008.1	1616667	1617306	+	hypothetical protein
PMG11_08990	CDHK01000008.1	1617421	1622244	-	hypothetical protein
PMG11_08991	CDHK01000008.1	1622355	1624344	-	Putative Translation initiation factor eIF4E3
PMG11_08992	CDHK01000008.1	1625182	1630559	-	Putative CTD kinase subunit alpha
PMG11_08993	CDHK01000008.1	1631047	1631911	-	hypothetical protein
PMG11_08994	CDHK01000008.1	1632577	1634534	-	Putative GTP cyclohydrolase I
PMG11_08995	CDHK01000008.1	1635455	1637152	-	Putative Chromatin assembly factor 1 subunit C
PMG11_08996	CDHK01000008.1	1637033	1642225	+	Putative 5'-3' exonuclease XRN1/KEM1/SEP1 involved in DNA strand exchange and mRNA turnover
PMG11_08997	CDHK01000008.1	1642356	1644242	-	hypothetical protein
PMG11_08998	CDHK01000008.1	1644454	1647598	-	Putative WD repeat protein
PMG11_08999	CDHK01000008.1	1647606	1649794	+	Putative Sep5
PMG11_09000	CDHK01000008.1	1649978	1651245	+	Putative WD domain protein
PMG11_09001	CDHK01000008.1	1651484	1652536	+	hypothetical protein
PMG11_09002	CDHK01000008.1	1653120	1655731	-	hypothetical protein
PMG11_09003	CDHK01000008.1	1657209	1660202	+	hypothetical protein
PMG11_09004	CDHK01000008.1	1661085	1662630	+	hypothetical protein
PMG11_09005	CDHK01000008.1	1662620	1664965	-	Putative Transcriptional regulator Cwf13/SkiP
PMG11_09006	CDHK01000008.1	1665149	1668067	-	hypothetical protein
PMG11_09007	CDHK01000008.1	1668841	1675891	-	hypothetical protein
PMG11_09008	CDHK01000008.1	1668880	1670241	+	hypothetical protein
PMG11_09009	CDHK01000008.1	1682521	1684516	-	Putative 60S ribosomal protein L4-B
PMG11_09010	CDHK01000008.1	1684789	1688942	+	hypothetical protein
PMG11_09011	CDHK01000008.1	1689482	1690693	-	hypothetical protein
PMG11_09012	CDHK01000008.1	1696058	1697347	-	Putative Impact family protein
PMG11_09013	CDHK01000008.1	1697512	1699888	-	hypothetical protein
PMG11_09014	CDHK01000008.1	1701727	1704420	+	Putative LCCL domain protein
PMG11_09015	CDHK01000008.1	1704615	1707405	+	hypothetical protein
PMG11_09016	CDHK01000008.1	1707827	1711338	+	Putative Lysophospholipase
PMG11_09017	CDHK01000008.1	1713003	1715401	+	Putative Nitrogen metabolite repression regulator NmrA
PMG11_09018	CDHK01000008.1	1716392	1719169	+	hypothetical protein
PMG11_09019	CDHK01000008.1	1716948	1719323	-	Putative SNARE domain protein
PMG11_09020	CDHK01000008.1	1719539	1721754	+	hypothetical protein
PMG11_09021	CDHK01000008.1	1722826	1724238	+	hypothetical protein
PMG11_09022	CDHK01000008.1	1724891	1725481	+	hypothetical protein
PMG11_09023	CDHK01000008.1	1725813	1726583	-	Putative Phospholipase/Carboxylesterase superfamily
PMG11_09024	CDHK01000008.1	1727686	1728387	+	hypothetical protein
PMG11_09025	CDHK01000008.1	1728655	1731139	-	Putative Glucoamylase
PMG11_09026	CDHK01000008.1	1735681	1736968	+	Putative CipC protein
PMG11_09027	CDHK01000008.1	1737210	1741103	+	hypothetical protein
PMG11_09028	CDHK01000008.1	1741812	1742810	+	hypothetical protein
PMG11_09029	CDHK01000008.1	1742692	1744527	-	Putative Bax Inhibitor family protein
PMG11_09030	CDHK01000008.1	1744715	1746090	+	hypothetical protein
PMG11_09031	CDHK01000008.1	1746386	1748166	-	Putative Amino acid transporter
PMG11_09032	CDHK01000008.1	1748532	1749635	-	Putative NAD-dependent 15-hydroxyprostaglandin dehydrogenase
PMG11_09033	CDHK01000008.1	1750779	1752402	+	Putative DUF1479 domain protein (AFU_orthologue; AFUA_5G09280)
PMG11_09034	CDHK01000008.1	1751638	1754187	-	hypothetical protein
PMG11_09035	CDHK01000008.1	1755959	1758870	+	Putative Chitin synthase G
PMG11_09036	CDHK01000008.1	1759184	1759980	+	hypothetical protein
PMG11_09037	CDHK01000008.1	1760127	1763659	+	hypothetical protein
PMG11_09038	CDHK01000008.1	1764100	1767546	+	hypothetical protein
PMG11_09039	CDHK01000008.1	1768882	1769928	-	Putative Fatty acid hydroxylase superfamily protein
PMG11_09040	CDHK01000008.1	1771730	1773318	-	hypothetical protein
PMG11_09041	CDHK01000008.1	1773983	1776790	-	Putative Transcription factor (Snd1/p100)
PMG11_09042	CDHK01000008.1	1777072	1778902	-	Putative Superoxide dismutase
PMG11_09043	CDHK01000008.1	1779509	1780746	-	Putative Transaldolase
PMG11_09044	CDHK01000008.1	1781803	1789762	-	Putative Beige/BEACH domain-containing protein
PMG11_09045	CDHK01000008.1	1790933	1793287	+	Putative Cerevisin
PMG11_09046	CDHK01000008.1	1794932	1797023	+	hypothetical protein
PMG11_09047	CDHK01000008.1	1797383	1800172	-	Putative MFS general substrate transporter
PMG11_09048	CDHK01000008.1	1801740	1802889	-	hypothetical protein
PMG11_09049	CDHK01000008.1	1803782	1805570	-	Putative Ubiquitin carrier protein
PMG11_09050	CDHK01000008.1	1806237	1814127	+	Putative Multidrug resistance-associated protein
PMG11_09051	CDHK01000008.1	1812351	1814035	-	hypothetical protein
PMG11_09052	CDHK01000008.1	1815078	1816281	-	hypothetical protein
PMG11_09053	CDHK01000008.1	1817758	1819319	-	hypothetical protein
PMG11_09054	CDHK01000008.1	1819937	1821154	-	Putative Arp2/3 complex subunit Arc16
PMG11_09055	CDHK01000008.1	1821580	1823307	+	hypothetical protein
PMG11_09056	CDHK01000008.1	1823514	1824450	-	Putative Short chain dehydrogenase
PMG11_09057	CDHK01000008.1	1824693	1827616	+	hypothetical protein
PMG11_09058	CDHK01000008.1	1828010	1831909	+	Putative Function: SPT8 of S. cerevisiae is a member of the yeast SAGA complex
PMG11_09059	CDHK01000008.1	1830741	1831796	-	hypothetical protein
PMG11_09060	CDHK01000008.1	1832042	1833419	+	Putative Pre-mRNA-processing factor
PMG11_09061	CDHK01000008.1	1833264	1834869	-	hypothetical protein
PMG11_09062	CDHK01000008.1	1836476	1838005	-	Putative Sterol uptake control protein 2
PMG11_09063	CDHK01000008.1	1838626	1839548	+	hypothetical protein
PMG11_09064	CDHK01000008.1	1840249	1844499	-	Putative Sugar transporter
PMG11_09065	CDHK01000008.1	1845904	1847172	+	hypothetical protein
PMG11_09066	CDHK01000008.1	1848346	1849335	+	hypothetical protein
PMG11_09067	CDHK01000008.1	1850952	1852275	-	Putative ER membrane protein
PMG11_09068	CDHK01000008.1	1856467	1859462	-	hypothetical protein
PMG11_09069	CDHK01000008.1	1859784	1863493	-	hypothetical protein
PMG11_09070	CDHK01000008.1	1864381	1865370	+	Putative Podospora anserina S mat genomic DNA chromosome 1, supercontig 5
PMG11_09071	CDHK01000008.1	1867149	1867473	-	Putative NADH-ubiquinone oxidoreductase 9.5 kDa subunit
PMG11_09072	CDHK01000008.1	1867880	1869418	+	Putative Oligosaccharyl transferase subunit (Beta)
PMG11_09073	CDHK01000008.1	1869834	1870397	-	Putative Short chain dehydrogenase
PMG11_09074	CDHK01000008.1	1870498	1872527	+	Putative Triglyceride lipase-cholesterol esterase
PMG11_09075	CDHK01000008.1	1872722	1873875	-	hypothetical protein
PMG11_09076	CDHK01000008.1	1875133	1880745	-	Putative Superfamily II DNA/RNA helicases
PMG11_09077	CDHK01000008.1	1880930	1883168	-	hypothetical protein
PMG11_09078	CDHK01000008.1	1884260	1885036	-	hypothetical protein
PMG11_09079	CDHK01000008.1	1886144	1887443	-	Putative 60S ribosomal protein L2
PMG11_09080	CDHK01000008.1	1888156	1890860	+	hypothetical protein
PMG11_09081	CDHK01000008.1	1889648	1891863	-	hypothetical protein
PMG11_09082	CDHK01000008.1	1891907	1893914	+	Putative Possible pfkB family carbohydrate kinase
PMG11_09083	CDHK01000008.1	1893918	1897887	-	hypothetical protein
PMG11_09084	CDHK01000008.1	1898336	1899263	+	Putative C2H2 zinc finger domain-containing protein
PMG11_09085	CDHK01000008.1	1898987	1902860	-	Putative Regulatory protein
PMG11_09086	CDHK01000008.1	1904350	1906485	-	Putative Quinidine resistance protein 1
PMG11_09087	CDHK01000008.1	1907189	1912275	+	Putative MAP kinase kinase kinase Ste11/SteC
PMG11_09088	CDHK01000008.1	1911355	1912592	-	Putative Ribosomal protein L5/L7
PMG11_09089	CDHK01000008.1	1913130	1916456	+	Putative Ubiquitin C-terminal hydrolase family protein (Fragment)
PMG11_09090	CDHK01000008.1	1916569	1917237	-	hypothetical protein
PMG11_09091	CDHK01000008.1	1917537	1920986	+	Putative DigA protein
PMG11_09092	CDHK01000008.1	1928509	1932992	+	hypothetical protein
PMG11_09093	CDHK01000008.1	1933223	1936705	+	hypothetical protein
PMG11_09094	CDHK01000008.1	1937057	1937590	+	Putative Spo12 family protein
PMG11_09095	CDHK01000008.1	1938494	1940091	+	Putative Acyl-dehydrogenase family protein
PMG11_09096	CDHK01000008.1	1940538	1942562	-	Putative Ribosome biogenesis GTPase Lsg1
PMG11_09097	CDHK01000008.1	1942823	1944721	+	Putative Low-temperature viability protein ltv1
PMG11_09098	CDHK01000008.1	1944679	1945505	-	hypothetical protein
PMG11_09099	CDHK01000008.1	1945871	1947760	-	Putative CDP-diacylglycerol-glycerol-3-phosphate 3-phosphatidyltransferase
PMG11_09100	CDHK01000008.1	1947836	1948648	+	Putative NADH-ubiquinone oxidoreductase subunit B17.2
PMG11_09101	CDHK01000008.1	1949064	1952797	-	hypothetical protein
PMG11_09102	CDHK01000008.1	1953116	1955530	+	hypothetical protein
PMG11_09103	CDHK01000008.1	1955655	1957292	-	hypothetical protein
PMG11_09104	CDHK01000008.1	1958033	1961499	+	hypothetical protein
PMG11_09105	CDHK01000008.1	1961410	1962216	-	hypothetical protein
PMG11_09106	CDHK01000008.1	1962563	1963866	-	Putative Exo-arabinanase abnx-Penicillium chrysogenum (Precursor)
PMG11_09107	CDHK01000008.1	1965787	1972128	-	hypothetical protein
PMG11_09108	CDHK01000008.1	1972191	1974192	+	Putative Glutathione synthetase
PMG11_09109	CDHK01000008.1	1974948	1977709	+	Putative D-xylose-proton symporter
PMG11_09110	CDHK01000008.1	1977985	1978453	+	hypothetical protein
PMG11_09111	CDHK01000008.1	1978625	1979179	+	hypothetical protein
PMG11_09112	CDHK01000008.1	1979927	1981773	-	Putative UPF0187 domain membrane protein (AFU_orthologue; AFUA_5G06660)
PMG11_09113	CDHK01000008.1	1982733	1984443	-	Putative Synaptic vesicle transporter SVOP
PMG11_09114	CDHK01000008.1	1989783	1992348	+	Putative Integral membrane protein
PMG11_09115	CDHK01000008.1	1994340	1996759	+	Putative 4-aminobutyrate aminotransferase
PMG11_09116	CDHK01000008.1	1996727	1997332	-	Putative Transcription elongation factor SPT4
PMG11_09117	CDHK01000008.1	1997327	1999702	+	Putative Serine/threonine-protein phosphatase
PMG11_09118	CDHK01000008.1	2000001	2001671	+	hypothetical protein
PMG11_09119	CDHK01000008.1	2002014	2003754	+	Putative DUF89 domain protein
PMG11_09120	CDHK01000008.1	2003529	2007515	-	hypothetical protein
PMG11_09121	CDHK01000008.1	2006910	2007323	+	hypothetical protein
PMG11_09122	CDHK01000008.1	2007538	2013916	+	Putative eIF-2alpha kinase GCN2
PMG11_09123	CDHK01000008.1	2012630	2014914	-	Putative Pre-mRNA-splicing factor cwc2
PMG11_09124	CDHK01000008.1	2015093	2016908	+	Putative GTP-binding protein 1
PMG11_09125	CDHK01000008.1	2016977	2018995	-	Putative Carbamoyl-phosphate synthase arginine-specific small chain-like protein
PMG11_09126	CDHK01000008.1	2019481	2020367	+	hypothetical protein
PMG11_09127	CDHK01000008.1	2020609	2022552	+	hypothetical protein
PMG11_09128	CDHK01000008.1	2022782	2024649	-	hypothetical protein
PMG11_09129	CDHK01000008.1	2025028	2026300	-	Putative DnaJ domain protein Psi
PMG11_09130	CDHK01000008.1	2027511	2029420	-	Putative Carboxypeptidase C
PMG11_09131	CDHK01000008.1	2030477	2031767	+	hypothetical protein
PMG11_09132	CDHK01000008.1	2033368	2035068	+	hypothetical protein
PMG11_09133	CDHK01000008.1	2035261	2037794	-	Putative Duf895 domain membrane protein
PMG11_09134	CDHK01000008.1	2040331	2040960	-	hypothetical protein
PMG11_09135	CDHK01000008.1	2041487	2043366	-	hypothetical protein
PMG11_09136	CDHK01000008.1	2043711	2045602	-	hypothetical protein
PMG11_09137	CDHK01000008.1	2046466	2048444	+	hypothetical protein
PMG11_09138	CDHK01000008.1	2048747	2049348	-	hypothetical protein
PMG11_09139	CDHK01000008.1	2049938	2051515	-	hypothetical protein
PMG11_09140	CDHK01000008.1	2052730	2054985	+	hypothetical protein
PMG11_09141	CDHK01000008.1	2058645	2062492	+	Putative Transcription factor steA
PMG11_09142	CDHK01000008.1	2062669	2065435	+	Putative General alpha-glucoside permease
PMG11_09143	CDHK01000008.1	2065618	2068594	+	Putative Sodium/hydrogen exchanger
PMG11_09144	CDHK01000008.1	2069656	2072149	+	Putative Amino acid transporters
PMG11_09145	CDHK01000008.1	2073024	2075739	-	Putative Alcohol dehydrogenase 1
PMG11_09146	CDHK01000008.1	2077231	2083871	+	Putative Chromodomain-helicase-DNA-binding protein
PMG11_09147	CDHK01000008.1	2085073	2087840	+	Putative 5-aminolevulinate synthase, mitochondrial
PMG11_09148	CDHK01000008.1	2087941	2090883	+	hypothetical protein
PMG11_09149	CDHK01000008.1	2088047	2091562	-	hypothetical protein
PMG11_09150	CDHK01000008.1	2092801	2095514	-	Putative Permease of the major facilitator superfamily
PMG11_09151	CDHK01000008.1	2096910	2098241	+	Putative Rieske
PMG11_09152	CDHK01000008.1	2098397	2099076	-	hypothetical protein
PMG11_09153	CDHK01000008.1	2099857	2101489	-	Putative Benomyl/methotrexate resistance protein
PMG11_09154	CDHK01000008.1	2103509	2105250	+	hypothetical protein
PMG11_09155	CDHK01000008.1	2105811	2107745	-	hypothetical protein
PMG11_09156	CDHK01000008.1	2107811	2108245	-	hypothetical protein
PMG11_09157	CDHK01000008.1	2109381	2110775	+	hypothetical protein
PMG11_09158	CDHK01000008.1	2110936	2111939	-	hypothetical protein
PMG11_09159	CDHK01000008.1	2112635	2113782	+	hypothetical protein
PMG11_09160	CDHK01000008.1	2114070	2115473	-	Putative Succinyl-CoA ligase subunit alpha
PMG11_09161	CDHK01000008.1	2115652	2118263	+	Putative ELP3/histone acetyltransferase
PMG11_09162	CDHK01000008.1	2118187	2118732	-	hypothetical protein
PMG11_09163	CDHK01000008.1	2119267	2121116	-	Putative Glycosyl hydrolase family 43 protein
PMG11_09164	CDHK01000008.1	2121909	2123741	-	hypothetical protein
PMG11_09165	CDHK01000008.1	2126747	2127757	+	hypothetical protein
PMG11_09166	CDHK01000008.1	2129347	2130789	+	hypothetical protein
PMG11_09167	CDHK01000008.1	2131242	2132617	-	hypothetical protein
PMG11_09168	CDHK01000008.1	2133219	2135310	+	hypothetical protein
PMG11_09169	CDHK01000008.1	2136262	2137835	-	hypothetical protein
PMG11_09170	CDHK01000008.1	2139176	2140555	+	hypothetical protein
PMG11_09171	CDHK01000008.1	2141437	2142636	-	hypothetical protein
PMG11_09172	CDHK01000008.1	2144429	2145293	+	hypothetical protein
PMG11_09173	CDHK01000008.1	2145390	2146257	+	hypothetical protein
PMG11_09174	CDHK01000008.1	2148244	2149943	+	hypothetical protein
PMG11_09175	CDHK01000008.1	2152616	2153409	+	hypothetical protein
PMG11_09176	CDHK01000008.1	2155881	2156401	+	hypothetical protein
PMG11_09177	CDHK01000008.1	2163984	2164262	+	hypothetical protein
PMG11_09178	CDHK01000008.1	2166985	2169579	-	hypothetical protein
PMG11_09179	CDHK01000008.1	2169694	2170408	-	hypothetical protein
PMG11_09180	CDHK01000008.1	2170807	2171058	-	hypothetical protein
PMG11_09181	CDHK01000008.1	2171882	2172856	+	hypothetical protein
PMG11_09182	CDHK01000008.1	2173719	2174728	-	hypothetical protein
PMG11_09183	CDHK01000008.1	2174847	2175917	-	hypothetical protein
PMG11_09184	CDHK01000008.1	2176984	2178183	+	hypothetical protein
PMG11_09185	CDHK01000008.1	2178291	2179220	+	hypothetical protein
PMG11_09186	CDHK01000008.1	2181722	2183261	+	hypothetical protein
PMG11_09187	CDHK01000008.1	2184201	2186106	-	hypothetical protein
PMG11_09188	CDHK01000008.1	2187489	2189460	-	hypothetical protein
PMG11_09189	CDHK01000008.1	2196732	2197208	+	hypothetical protein
PMG11_09190	CDHK01000008.1	2197296	2197508	+	hypothetical protein
PMG11_09191	CDHK01000008.1	2208692	2209245	+	hypothetical protein
PMG11_09192	CDHK01000009.1	5008	5644	+	Putative Cox19p
PMG11_09193	CDHK01000009.1	5959	8511	+	Putative Nitrogen permease regulator 3
PMG11_09194	CDHK01000009.1	10534	15969	+	hypothetical protein
PMG11_09195	CDHK01000009.1	16097	18074	+	Putative Stomatin family protein
PMG11_09196	CDHK01000009.1	18192	22368	+	Putative Protein hir1
PMG11_09197	CDHK01000009.1	25238	27419	-	hypothetical protein
PMG11_09198	CDHK01000009.1	29562	31503	-	hypothetical protein
PMG11_09199	CDHK01000009.1	32256	33814	+	hypothetical protein
PMG11_09200	CDHK01000009.1	33926	36264	-	hypothetical protein
PMG11_09201	CDHK01000009.1	37787	39592	+	hypothetical protein
PMG11_09202	CDHK01000009.1	39804	41007	-	hypothetical protein
PMG11_09203	CDHK01000009.1	42663	44485	+	Putative 4-hydroxyphenylpyruvate dioxygenase
PMG11_09204	CDHK01000009.1	47016	48298	+	hypothetical protein
PMG11_09205	CDHK01000009.1	49685	51934	+	hypothetical protein
PMG11_09206	CDHK01000009.1	52978	53629	+	Putative DUF636 domain protein
PMG11_09207	CDHK01000009.1	56073	56861	+	hypothetical protein
PMG11_09208	CDHK01000009.1	57582	59475	+	hypothetical protein
PMG11_09209	CDHK01000009.1	59771	60873	+	Putative Aldo/keto reductase family protein
PMG11_09210	CDHK01000009.1	61150	64019	-	Putative Protein kinase family protein
PMG11_09211	CDHK01000009.1	65567	70553	-	hypothetical protein
PMG11_09212	CDHK01000009.1	71962	75668	+	Putative Bud site selection protein
PMG11_09213	CDHK01000009.1	76159	77489	+	hypothetical protein
PMG11_09214	CDHK01000009.1	76887	82114	-	hypothetical protein
PMG11_09215	CDHK01000009.1	83009	84336	+	hypothetical protein
PMG11_09216	CDHK01000009.1	84592	86364	-	Putative Aldo-keto reductase
PMG11_09217	CDHK01000009.1	87545	91581	+	hypothetical protein
PMG11_09218	CDHK01000009.1	92666	96132	-	Putative HLH transcription factor (GlcD gamma)
PMG11_09219	CDHK01000009.1	102454	104549	+	Putative SFT2 domain protein
PMG11_09220	CDHK01000009.1	104976	107453	-	Putative TRNA ligase
PMG11_09221	CDHK01000009.1	107891	108550	+	Putative Ankyrin repeat protein
PMG11_09222	CDHK01000009.1	109138	109997	+	hypothetical protein
PMG11_09223	CDHK01000009.1	110357	111437	-	Putative GPR1/FUN34/YaaH-class plasma membrane protein
PMG11_09224	CDHK01000009.1	113718	115757	+	Putative L-amino acid oxidase LaoA
PMG11_09225	CDHK01000009.1	118752	120057	-	hypothetical protein
PMG11_09226	CDHK01000009.1	120805	121923	-	hypothetical protein
PMG11_09227	CDHK01000009.1	124724	125879	+	hypothetical protein
PMG11_09228	CDHK01000009.1	127224	129455	+	hypothetical protein
PMG11_09229	CDHK01000009.1	129767	130673	-	Putative Subunit of the major N alpha-acetyltransferase
PMG11_09230	CDHK01000009.1	131677	133735	-	hypothetical protein
PMG11_09231	CDHK01000009.1	133781	135648	+	hypothetical protein
PMG11_09232	CDHK01000009.1	136910	139389	-	hypothetical protein
PMG11_09233	CDHK01000009.1	139561	141624	+	Putative WD-repeat protein pop3
PMG11_09234	CDHK01000009.1	141820	143114	-	Putative Dynein light chain
PMG11_09235	CDHK01000009.1	144061	146242	-	hypothetical protein
PMG11_09236	CDHK01000009.1	147045	148321	-	hypothetical protein
PMG11_09237	CDHK01000009.1	149112	150377	+	hypothetical protein
PMG11_09238	CDHK01000009.1	150170	152686	-	hypothetical protein
PMG11_09239	CDHK01000009.1	153411	157726	+	hypothetical protein
PMG11_09240	CDHK01000009.1	158123	159880	+	hypothetical protein
PMG11_09241	CDHK01000009.1	161199	165432	-	Putative E3 ubiquitin-protein ligase
PMG11_09242	CDHK01000009.1	166473	168024	-	Putative Splicing factor RNPS1
PMG11_09243	CDHK01000009.1	168355	169460	-	Putative Vacuolar protein sorting 29
PMG11_09244	CDHK01000009.1	170053	172245	+	Putative Aminotransferase
PMG11_09245	CDHK01000009.1	172323	173093	-	hypothetical protein
PMG11_09246	CDHK01000009.1	174408	176021	-	hypothetical protein
PMG11_09247	CDHK01000009.1	176343	179712	-	hypothetical protein
PMG11_09248	CDHK01000009.1	181865	182412	-	hypothetical protein
PMG11_09249	CDHK01000009.1	183614	185672	+	hypothetical protein
PMG11_09250	CDHK01000009.1	185982	187369	+	hypothetical protein
PMG11_09251	CDHK01000009.1	187860	189492	+	hypothetical protein
PMG11_09252	CDHK01000009.1	190091	190595	-	Putative Vacuolar transporter chaperone 1
PMG11_09253	CDHK01000009.1	192127	194638	-	hypothetical protein
PMG11_09254	CDHK01000009.1	196512	198569	+	Putative Related to DUF895 domain membrane protein
PMG11_09255	CDHK01000009.1	201306	203288	-	Putative C2H2 transcription factor
PMG11_09256	CDHK01000009.1	212650	213904	+	hypothetical protein
PMG11_09257	CDHK01000009.1	214293	214481	+	hypothetical protein
PMG11_09258	CDHK01000009.1	217446	221956	+	Putative DNA polymerase
PMG11_09259	CDHK01000009.1	222166	224224	+	hypothetical protein
PMG11_09260	CDHK01000009.1	224959	226475	-	hypothetical protein
PMG11_09261	CDHK01000009.1	228644	230880	+	Putative Thiamin biosynthesis protein Thi-4
PMG11_09262	CDHK01000009.1	231318	234695	+	Putative DEAD/DEAH box helicase
PMG11_09263	CDHK01000009.1	236043	236651	-	hypothetical protein
PMG11_09264	CDHK01000009.1	237432	240781	-	Putative Zn(II)2Cys6 transcription factor
PMG11_09265	CDHK01000009.1	248198	248955	-	Putative Phosphoribosylglycinamide formyltransferase
PMG11_09266	CDHK01000009.1	249265	254842	-	Putative RING finger domain-containing protein
PMG11_09267	CDHK01000009.1	253393	254703	+	hypothetical protein
PMG11_09268	CDHK01000009.1	255104	256774	+	hypothetical protein
PMG11_09269	CDHK01000009.1	257211	259390	-	hypothetical protein
PMG11_09270	CDHK01000009.1	259923	261605	-	Putative Catalase
PMG11_09271	CDHK01000009.1	262823	263261	-	hypothetical protein
PMG11_09272	CDHK01000009.1	265399	266619	-	hypothetical protein
PMG11_09273	CDHK01000009.1	267233	269059	+	hypothetical protein
PMG11_09274	CDHK01000009.1	269225	271720	+	Putative Maltose permease MAL61
PMG11_09275	CDHK01000009.1	271827	274312	+	hypothetical protein
PMG11_09276	CDHK01000009.1	273651	274743	-	Putative Enoyl-CoA hydratase/isomerase family protein
PMG11_09277	CDHK01000009.1	275083	276527	+	Putative Golgi membrane protein
PMG11_09278	CDHK01000009.1	277073	277445	+	hypothetical protein
PMG11_09279	CDHK01000009.1	277795	278573	-	hypothetical protein
PMG11_09280	CDHK01000009.1	281172	281521	+	hypothetical protein
PMG11_09281	CDHK01000009.1	284128	292448	+	hypothetical protein
PMG11_09282	CDHK01000009.1	292971	293952	+	hypothetical protein
PMG11_09283	CDHK01000009.1	294120	294701	-	hypothetical protein
PMG11_09284	CDHK01000009.1	295072	298851	-	Putative Amine oxidase
PMG11_09285	CDHK01000009.1	295226	296318	+	hypothetical protein
PMG11_09286	CDHK01000009.1	299364	301491	+	Putative ALDH-like protein
PMG11_09287	CDHK01000009.1	303699	304641	+	hypothetical protein
PMG11_09288	CDHK01000009.1	304714	306492	-	hypothetical protein
PMG11_09289	CDHK01000009.1	307358	309020	+	hypothetical protein
PMG11_09290	CDHK01000009.1	309057	309401	-	hypothetical protein
PMG11_09291	CDHK01000009.1	309837	311759	-	hypothetical protein
PMG11_09292	CDHK01000009.1	312436	314457	-	Putative Serine/threonine-protein phosphatase
PMG11_09293	CDHK01000009.1	317084	318447	+	hypothetical protein
PMG11_09294	CDHK01000009.1	318087	322619	-	hypothetical protein
PMG11_09295	CDHK01000009.1	324130	327387	-	Putative pH-response regulator protein palA/RIM20
PMG11_09296	CDHK01000009.1	327595	330394	-	hypothetical protein
PMG11_09297	CDHK01000009.1	331690	333140	+	Putative Sterol carrier protein 2
PMG11_09298	CDHK01000009.1	333330	334454	-	hypothetical protein
PMG11_09299	CDHK01000009.1	334788	335451	+	hypothetical protein
PMG11_09300	CDHK01000009.1	337418	338333	+	hypothetical protein
PMG11_09301	CDHK01000009.1	338341	339447	-	hypothetical protein
PMG11_09302	CDHK01000009.1	339393	341055	+	hypothetical protein
PMG11_09303	CDHK01000009.1	342791	343614	-	Putative Protein get1
PMG11_09304	CDHK01000009.1	343988	345061	+	hypothetical protein
PMG11_09305	CDHK01000009.1	345552	345904	-	Putative 4f5 domain protein
PMG11_09306	CDHK01000009.1	346887	348456	+	hypothetical protein
PMG11_09307	CDHK01000009.1	348666	350139	+	hypothetical protein
PMG11_09308	CDHK01000009.1	350765	353107	+	hypothetical protein
PMG11_09309	CDHK01000009.1	355742	356692	-	hypothetical protein
PMG11_09310	CDHK01000009.1	358534	361051	+	hypothetical protein
PMG11_09311	CDHK01000009.1	361129	364585	+	hypothetical protein
PMG11_09312	CDHK01000009.1	363791	364417	-	hypothetical protein
PMG11_09313	CDHK01000009.1	364761	365304	+	hypothetical protein
PMG11_09314	CDHK01000009.1	366044	372559	+	Putative N-end rule pathway, recognition component UBR1
PMG11_09315	CDHK01000009.1	373092	375064	+	hypothetical protein
PMG11_09316	CDHK01000009.1	377241	381731	-	Putative Complex: Sec6p of S. cerevisiae and six other proteins
PMG11_09317	CDHK01000009.1	377353	378741	+	hypothetical protein
PMG11_09318	CDHK01000009.1	381857	384923	-	Putative Glutamate decarboxylase/sphingosine phosphate lyase
PMG11_09319	CDHK01000009.1	382087	382371	+	Putative 50S ribosomal protein L30
PMG11_09320	CDHK01000009.1	385156	387270	-	Putative Homocitrate synthase
PMG11_09321	CDHK01000009.1	390137	390963	-	hypothetical protein
PMG11_09322	CDHK01000009.1	391677	392984	+	hypothetical protein
PMG11_09323	CDHK01000009.1	393562	394281	+	Putative Peptidyl-tRNA hydrolase 2, mitochondrial
PMG11_09324	CDHK01000009.1	395162	397177	+	Putative U4/U6.U5 snRNP associated protein
PMG11_09325	CDHK01000009.1	397625	399406	-	hypothetical protein
PMG11_09326	CDHK01000009.1	401475	403100	+	hypothetical protein
PMG11_09327	CDHK01000009.1	403452	403832	-	Putative Bacteriodes thetaiotaomicron symbiotic chitinase
PMG11_09328	CDHK01000009.1	403921	404835	-	hypothetical protein
PMG11_09329	CDHK01000009.1	410249	411317	+	hypothetical protein
PMG11_09330	CDHK01000009.1	412153	413373	-	hypothetical protein
PMG11_09331	CDHK01000009.1	413725	414696	+	hypothetical protein
PMG11_09332	CDHK01000009.1	415939	418023	+	Putative Aminotransferase class I and II
PMG11_09333	CDHK01000009.1	418068	428266	-	hypothetical protein
PMG11_09334	CDHK01000009.1	429190	430185	-	hypothetical protein
PMG11_09335	CDHK01000009.1	432269	433996	-	hypothetical protein
PMG11_09336	CDHK01000009.1	434726	436255	+	hypothetical protein
PMG11_09337	CDHK01000009.1	435541	439158	-	Putative YagE family protein
PMG11_09338	CDHK01000009.1	439852	442059	-	hypothetical protein
PMG11_09339	CDHK01000009.1	446464	448013	+	hypothetical protein
PMG11_09340	CDHK01000009.1	450480	454074	-	Putative Zn-finger
PMG11_09341	CDHK01000009.1	460364	461824	-	hypothetical protein
PMG11_09342	CDHK01000009.1	464446	469437	-	Putative P-type ATPase
PMG11_09343	CDHK01000009.1	472198	475315	-	Putative RfeF
PMG11_09344	CDHK01000009.1	475742	480573	-	Putative Signal recognition particle subunit SRP72
PMG11_09345	CDHK01000009.1	476591	477982	+	hypothetical protein
PMG11_09346	CDHK01000009.1	482137	482523	-	hypothetical protein
PMG11_09347	CDHK01000009.1	483373	484107	+	hypothetical protein
PMG11_09348	CDHK01000009.1	485808	487158	-	hypothetical protein
PMG11_09349	CDHK01000009.1	487464	488378	+	hypothetical protein
PMG11_09350	CDHK01000009.1	489580	490338	+	hypothetical protein
PMG11_09351	CDHK01000009.1	490935	492679	+	hypothetical protein
PMG11_09352	CDHK01000009.1	492989	494900	+	hypothetical protein
PMG11_09353	CDHK01000009.1	497656	499633	+	hypothetical protein
PMG11_09354	CDHK01000009.1	500736	501470	-	hypothetical protein
PMG11_09355	CDHK01000009.1	501861	502554	+	Putative Small nuclear ribonucleoprotein Sm D3
PMG11_09356	CDHK01000009.1	503204	504626	+	hypothetical protein
PMG11_09357	CDHK01000009.1	504816	506314	-	hypothetical protein
PMG11_09358	CDHK01000009.1	511350	512079	+	hypothetical protein
PMG11_09359	CDHK01000009.1	518672	520673	+	hypothetical protein
PMG11_09360	CDHK01000009.1	519183	521551	-	hypothetical protein
PMG11_09361	CDHK01000009.1	523488	524586	-	hypothetical protein
PMG11_09362	CDHK01000009.1	526330	527206	+	hypothetical protein
PMG11_09363	CDHK01000009.1	528692	529320	-	hypothetical protein
PMG11_09364	CDHK01000009.1	532180	536680	-	Putative CaaX farnesyltransferase beta subunit Ram1
PMG11_09365	CDHK01000009.1	537774	540191	+	Putative Remark: blastp matches are unspecific
PMG11_09366	CDHK01000009.1	542110	543219	+	Putative Ubiquitin
PMG11_09367	CDHK01000009.1	543802	547785	+	hypothetical protein
PMG11_09368	CDHK01000009.1	546562	547656	-	Putative 3-demethylubiquinone-9 3-methyltransferase
PMG11_09369	CDHK01000009.1	548290	550778	-	hypothetical protein
PMG11_09370	CDHK01000009.1	552236	556677	+	Putative Alpha-glucosidase
PMG11_09371	CDHK01000009.1	557592	560467	+	Putative Extracellular alpha-amylase amyA/amyB-Aspergillus niger (Precursor)
PMG11_09372	CDHK01000009.1	560511	563788	-	hypothetical protein
PMG11_09373	CDHK01000009.1	573854	576085	-	Putative AhpA protein
PMG11_09374	CDHK01000009.1	583247	584730	-	Putative Pyrroline-5-carboxylate reductase
PMG11_09375	CDHK01000009.1	585834	588792	-	Putative FAD binding domain protein
PMG11_09376	CDHK01000009.1	737240	739435	-	hypothetical protein
PMG11_09377	CDHK01000009.1	739811	741335	+	Putative Glutamate semialdehyde dehydrogenase
PMG11_09378	CDHK01000009.1	741479	742625	-	Putative 60S ribosomal protein L18
PMG11_09379	CDHK01000009.1	743472	745415	-	Putative Solute carrier protein
PMG11_09380	CDHK01000009.1	746054	747750	+	Putative Pre-mRNA splicing factor
PMG11_09381	CDHK01000009.1	748325	753127	+	Putative 5-oxoprolinase
PMG11_09382	CDHK01000009.1	751831	753540	-	hypothetical protein
PMG11_09383	CDHK01000009.1	753992	757280	-	hypothetical protein
PMG11_09384	CDHK01000009.1	757962	758396	-	Putative DDHD domain protein
PMG11_09385	CDHK01000009.1	758745	761775	-	hypothetical protein
PMG11_09386	CDHK01000009.1	764174	766960	+	Putative Fimbrin
PMG11_09387	CDHK01000009.1	766942	768169	-	hypothetical protein
PMG11_09388	CDHK01000009.1	768279	770485	-	hypothetical protein
PMG11_09389	CDHK01000009.1	771034	772841	+	hypothetical protein
PMG11_09390	CDHK01000009.1	773396	776166	+	hypothetical protein
PMG11_09391	CDHK01000009.1	774812	776375	-	hypothetical protein
PMG11_09392	CDHK01000009.1	776684	778072	-	hypothetical protein
PMG11_09393	CDHK01000009.1	778533	781051	+	hypothetical protein
PMG11_09394	CDHK01000009.1	778590	785980	-	hypothetical protein
PMG11_09395	CDHK01000009.1	786146	788901	+	Putative Leukotriene A-4 hydrolase homolog
PMG11_09396	CDHK01000009.1	788190	790226	-	hypothetical protein
PMG11_09397	CDHK01000009.1	791765	794761	-	hypothetical protein
PMG11_09398	CDHK01000009.1	795522	798394	-	hypothetical protein
PMG11_09399	CDHK01000009.1	799377	800222	-	hypothetical protein
PMG11_09400	CDHK01000009.1	800272	800921	-	hypothetical protein
PMG11_09401	CDHK01000009.1	803346	805058	-	hypothetical protein
PMG11_09402	CDHK01000009.1	805573	808544	+	hypothetical protein
PMG11_09403	CDHK01000009.1	810315	811304	+	Putative Mitochondrial phosphate carrier protein
PMG11_09404	CDHK01000009.1	811376	811807	+	Putative Mitochondrial phosphate carrier protein
PMG11_09405	CDHK01000009.1	813280	814671	+	hypothetical protein
PMG11_09406	CDHK01000009.1	817012	817553	-	hypothetical protein
PMG11_09407	CDHK01000009.1	820233	821850	+	hypothetical protein
PMG11_09408	CDHK01000009.1	822909	824829	-	hypothetical protein
PMG11_09409	CDHK01000009.1	825814	826950	-	Putative Cyanamide hydratase
PMG11_09410	CDHK01000009.1	827468	828154	+	hypothetical protein
PMG11_09411	CDHK01000009.1	828876	830670	+	hypothetical protein
PMG11_09412	CDHK01000009.1	831056	832128	+	hypothetical protein
PMG11_09413	CDHK01000009.1	831087	833059	-	Putative TipA protein
PMG11_09414	CDHK01000009.1	833146	835430	+	Putative Serine/threonine-protein kinase
PMG11_09415	CDHK01000009.1	834889	835725	-	Putative Mitochondrial inner membrane protease atp23
PMG11_09416	CDHK01000009.1	835769	837877	+	Putative Gamma-glutamyl kinase
PMG11_09417	CDHK01000009.1	836664	838972	-	hypothetical protein
PMG11_09418	CDHK01000009.1	839135	840351	+	Putative SRP receptor beta subunit
PMG11_09419	CDHK01000009.1	840580	841041	-	hypothetical protein
PMG11_09420	CDHK01000009.1	842854	844961	+	hypothetical protein
PMG11_09421	CDHK01000009.1	846392	848123	+	hypothetical protein
PMG11_09422	CDHK01000009.1	848520	850077	-	hypothetical protein
PMG11_09423	CDHK01000009.1	850206	852461	-	Putative Cystathionine beta-synthase
PMG11_09424	CDHK01000009.1	854899	856367	+	Putative Calcium/proton exchanger
PMG11_09425	CDHK01000009.1	856758	858490	+	hypothetical protein
PMG11_09426	CDHK01000009.1	859722	861560	+	hypothetical protein
PMG11_09427	CDHK01000009.1	862461	863255	+	hypothetical protein
PMG11_09428	CDHK01000009.1	863923	866483	+	Putative Palmitoyltransferase
PMG11_09429	CDHK01000009.1	869793	872069	-	Putative L-ornithine N5 monooxygenase
PMG11_09430	CDHK01000009.1	873790	890659	+	hypothetical protein
PMG11_09431	CDHK01000009.1	891374	897612	+	Putative Function: SWE1 is a protein kinase that acts both on serines and on tyrosines
PMG11_09432	CDHK01000009.1	898047	901702	+	Putative Pre-mRNA-splicing factor ATP-dependent RNA helicase PRP2
PMG11_09433	CDHK01000009.1	902579	904772	+	hypothetical protein
PMG11_09434	CDHK01000009.1	905184	906401	+	hypothetical protein
PMG11_09435	CDHK01000009.1	908144	909013	+	Putative Cytochrome b5
PMG11_09436	CDHK01000009.1	909066	914390	-	hypothetical protein
PMG11_09437	CDHK01000009.1	917427	918038	-	hypothetical protein
PMG11_09438	CDHK01000009.1	919362	921268	+	hypothetical protein
PMG11_09439	CDHK01000009.1	922055	923224	+	Putative Peptidyl-prolyl cis-trans isomerase
PMG11_09440	CDHK01000009.1	929427	930363	+	Putative Ras small monomeric GTPase RasB
PMG11_09441	CDHK01000009.1	932324	934797	+	Putative Acyl-CoA synthetase
PMG11_09442	CDHK01000009.1	935605	936291	-	hypothetical protein
PMG11_09443	CDHK01000009.1	938011	938754	+	hypothetical protein
PMG11_09444	CDHK01000009.1	940089	941085	-	hypothetical protein
PMG11_09445	CDHK01000009.1	942408	943104	+	hypothetical protein
PMG11_09446	CDHK01000009.1	943847	944438	-	hypothetical protein
PMG11_09447	CDHK01000009.1	946575	949358	+	Putative Serine hydroxymethyltransferase
PMG11_09448	CDHK01000009.1	949478	951198	+	hypothetical protein
PMG11_09449	CDHK01000009.1	951666	954600	+	Putative Patatin-like serine hydrolase
PMG11_09450	CDHK01000009.1	954923	958546	+	hypothetical protein
PMG11_09451	CDHK01000009.1	958560	960200	-	hypothetical protein
PMG11_09452	CDHK01000009.1	961196	961917	-	hypothetical protein
PMG11_09453	CDHK01000009.1	964733	965956	-	Putative Phosphopyruvate hydratase
PMG11_09454	CDHK01000009.1	969449	971569	-	Putative APSES transcription factor StuA
PMG11_09455	CDHK01000009.1	984894	990276	-	hypothetical protein
PMG11_09456	CDHK01000009.1	987693	998752	+	Putative Protein containing adaptin N-terminal region
PMG11_09457	CDHK01000009.1	999225	1000151	+	Putative Ribosomal protein L19
PMG11_09458	CDHK01000009.1	1001033	1002886	-	hypothetical protein
PMG11_09459	CDHK01000009.1	1003189	1008102	+	hypothetical protein
PMG11_09460	CDHK01000009.1	1008455	1010146	-	Putative Carboxylesterase
PMG11_09461	CDHK01000009.1	1011923	1012436	+	hypothetical protein
PMG11_09462	CDHK01000009.1	1012870	1018648	-	hypothetical protein
PMG11_09463	CDHK01000009.1	1030333	1033049	-	hypothetical protein
PMG11_09464	CDHK01000009.1	1034124	1036594	+	hypothetical protein
PMG11_09465	CDHK01000009.1	1037112	1038506	+	Putative Hydroxysteroid 17-beta dehydrogenase 11
PMG11_09466	CDHK01000009.1	1040507	1053016	+	hypothetical protein
PMG11_09467	CDHK01000009.1	1053102	1058726	+	hypothetical protein
PMG11_09468	CDHK01000009.1	1059454	1063296	+	Putative Manganese resistance protein mnr2
PMG11_09469	CDHK01000009.1	1063894	1065586	+	hypothetical protein
PMG11_09470	CDHK01000009.1	1066039	1068043	+	hypothetical protein
PMG11_09471	CDHK01000009.1	1069099	1072762	+	hypothetical protein
PMG11_09472	CDHK01000009.1	1073580	1077911	+	hypothetical protein
PMG11_09473	CDHK01000009.1	1079137	1080042	+	hypothetical protein
PMG11_09474	CDHK01000009.1	1081827	1082943	-	hypothetical protein
PMG11_09475	CDHK01000009.1	1083211	1084973	+	hypothetical protein
PMG11_09476	CDHK01000009.1	1085745	1087405	+	hypothetical protein
PMG11_09477	CDHK01000009.1	1087625	1089595	+	hypothetical protein
PMG11_09478	CDHK01000009.1	1090222	1092948	-	hypothetical protein
PMG11_09479	CDHK01000009.1	1093393	1093770	-	hypothetical protein
PMG11_09480	CDHK01000009.1	1095642	1096799	-	hypothetical protein
PMG11_09481	CDHK01000009.1	1097888	1098909	+	hypothetical protein
PMG11_09482	CDHK01000009.1	1100336	1102624	-	Putative PLC-B group protein Nfis4 (Fragment)
PMG11_09483	CDHK01000009.1	1103247	1106637	-	hypothetical protein
PMG11_09484	CDHK01000009.1	1110468	1114179	-	Putative Solute carrier family 2
PMG11_09485	CDHK01000009.1	1114707	1115362	-	Putative 60S ribosomal protein L44
PMG11_09486	CDHK01000009.1	1115918	1117272	-	hypothetical protein
PMG11_09487	CDHK01000009.1	1117807	1118393	+	Putative Bi-ubiquitin
PMG11_09488	CDHK01000009.1	1118121	1120390	-	hypothetical protein
PMG11_09489	CDHK01000009.1	1121277	1121787	+	hypothetical protein
PMG11_09490	CDHK01000009.1	1121950	1123025	-	Putative Tho complex subunit 7
PMG11_09491	CDHK01000009.1	1123239	1125225	+	hypothetical protein
PMG11_09492	CDHK01000009.1	1126199	1128175	+	hypothetical protein
PMG11_09493	CDHK01000009.1	1128657	1130229	-	Putative Related to maackiain detoxification protein 1
PMG11_09494	CDHK01000009.1	1130858	1132044	+	hypothetical protein
PMG11_09495	CDHK01000009.1	1132515	1134795	+	hypothetical protein
PMG11_09496	CDHK01000009.1	1134961	1138079	+	hypothetical protein
PMG11_09497	CDHK01000009.1	1137485	1138303	-	hypothetical protein
PMG11_09498	CDHK01000009.1	1138379	1140320	-	hypothetical protein
PMG11_09499	CDHK01000009.1	1141285	1142328	+	hypothetical protein
PMG11_09500	CDHK01000009.1	1143270	1144772	-	Putative Function: S. cerevisiae FET4 is a low affinity Fe(II) and copper permease
PMG11_09501	CDHK01000009.1	1146226	1146848	-	hypothetical protein
PMG11_09502	CDHK01000009.1	1147863	1150030	-	hypothetical protein
PMG11_09503	CDHK01000009.1	1150796	1153523	-	Putative Malic enzyme
PMG11_09504	CDHK01000009.1	1156743	1159145	+	hypothetical protein
PMG11_09505	CDHK01000009.1	1159802	1161195	+	Putative DnaJ domain protein
PMG11_09506	CDHK01000009.1	1161657	1163121	+	Putative Monocarboxylate permease homologue, mch4
PMG11_09507	CDHK01000009.1	1162460	1164185	-	hypothetical protein
PMG11_09508	CDHK01000009.1	1164651	1174169	-	hypothetical protein
PMG11_09509	CDHK01000009.1	1177676	1180946	+	hypothetical protein
PMG11_09510	CDHK01000009.1	1181193	1182397	-	hypothetical protein
PMG11_09511	CDHK01000009.1	1183289	1186151	+	Putative Alkaline phosphatase
PMG11_09512	CDHK01000009.1	1189465	1190379	-	hypothetical protein
PMG11_09513	CDHK01000009.1	1190910	1192983	-	hypothetical protein
PMG11_09514	CDHK01000009.1	1193245	1195342	-	hypothetical protein
PMG11_09515	CDHK01000009.1	1195813	1197546	+	hypothetical protein
PMG11_09516	CDHK01000009.1	1197856	1199301	-	hypothetical protein
PMG11_09517	CDHK01000009.1	1199501	1200288	-	hypothetical protein
PMG11_09518	CDHK01000009.1	1201243	1202731	+	hypothetical protein
PMG11_09519	CDHK01000009.1	1204832	1208244	+	Putative Phosphatidyl synthase
PMG11_09520	CDHK01000009.1	1208317	1210250	-	hypothetical protein
PMG11_09521	CDHK01000009.1	1211233	1213265	+	hypothetical protein
PMG11_09522	CDHK01000009.1	1213471	1215458	+	hypothetical protein
PMG11_09523	CDHK01000009.1	1216243	1217358	+	hypothetical protein
PMG11_09524	CDHK01000009.1	1217511	1218688	-	hypothetical protein
PMG11_09525	CDHK01000009.1	1219446	1220911	+	hypothetical protein
PMG11_09526	CDHK01000009.1	1222051	1225566	+	Putative Chitin synthase/hyaluronan synthase
PMG11_09527	CDHK01000009.1	1226143	1228130	-	Putative Glycoside hydrolase family 28 protein
PMG11_09528	CDHK01000009.1	1227975	1231081	-	Putative Oligopeptide transporter
PMG11_09529	CDHK01000009.1	1232230	1233399	-	hypothetical protein
PMG11_09530	CDHK01000009.1	1234798	1238033	-	Putative Permease of the major facilitator superfamily
PMG11_09531	CDHK01000009.1	1239113	1240442	-	hypothetical protein
PMG11_09532	CDHK01000009.1	1240797	1242226	-	Putative Orotidine 5'-phosphate decarboxylase
PMG11_09533	CDHK01000009.1	1243080	1243990	-	Putative Glutathione S-transferase
PMG11_09534	CDHK01000009.1	1244476	1246841	-	Putative O-acyltransferase
PMG11_09535	CDHK01000009.1	1246986	1248994	+	Putative Polyadenylation factor subunit 2
PMG11_09536	CDHK01000009.1	1247612	1249986	-	Putative Integral membrane protein
PMG11_09537	CDHK01000009.1	1250119	1252396	+	Putative Peroxin 8
PMG11_09538	CDHK01000009.1	1252979	1254310	-	Putative Prenyl cysteine carboxyl methyltransferase Ste14
PMG11_09539	CDHK01000009.1	1254443	1255268	+	Putative Acetyltransferase, CysE/LacA/LpxA/NodL family
PMG11_09540	CDHK01000009.1	1255765	1264448	+	hypothetical protein
PMG11_09541	CDHK01000009.1	1264678	1265345	-	hypothetical protein
PMG11_09542	CDHK01000009.1	1265809	1267258	-	Putative Transcription initiation factor TFIIE, alpha subunit
PMG11_09543	CDHK01000009.1	1267659	1269964	+	Putative tRNA pseudouridine synthase 1
PMG11_09544	CDHK01000009.1	1270515	1271037	+	hypothetical protein
PMG11_09545	CDHK01000009.1	1274104	1274457	+	hypothetical protein
PMG11_09546	CDHK01000009.1	1274704	1279395	-	hypothetical protein
PMG11_09547	CDHK01000009.1	1279710	1280933	+	hypothetical protein
PMG11_09548	CDHK01000009.1	1282712	1284162	+	Putative Amine oxidase
PMG11_09549	CDHK01000009.1	1284510	1286852	-	Putative Glucose oxidase
PMG11_09550	CDHK01000009.1	1287499	1288926	+	hypothetical protein
PMG11_09551	CDHK01000009.1	1327850	1330599	-	hypothetical protein
PMG11_09552	CDHK01000009.1	1331942	1333755	+	hypothetical protein
PMG11_09553	CDHK01000009.1	1335566	1336624	+	Putative Flavonol reductase/cinnamoyl-CoA reductase
PMG11_09554	CDHK01000009.1	1341635	1343359	+	hypothetical protein
PMG11_09555	CDHK01000009.1	1344515	1345528	-	hypothetical protein
PMG11_09556	CDHK01000009.1	1346093	1347602	-	Putative Alcohol dehydrogenase
PMG11_09557	CDHK01000009.1	1347332	1349043	+	Putative Non-heme chloroperoxidase
PMG11_09558	CDHK01000009.1	1350608	1352059	+	hypothetical protein
PMG11_09559	CDHK01000009.1	1352317	1353018	-	hypothetical protein
PMG11_09560	CDHK01000009.1	1354963	1357544	-	Putative Aldehyde dehydrogenase
PMG11_09561	CDHK01000009.1	1358427	1359604	-	hypothetical protein
PMG11_09562	CDHK01000009.1	1360619	1361208	+	hypothetical protein
PMG11_09563	CDHK01000009.1	1362573	1364059	+	hypothetical protein
PMG11_09564	CDHK01000009.1	1367181	1368970	-	Putative Amino acid permease family protein
PMG11_09565	CDHK01000009.1	1370631	1372924	+	hypothetical protein
PMG11_09566	CDHK01000009.1	1373996	1376009	+	hypothetical protein
PMG11_09567	CDHK01000009.1	1376470	1378271	-	Putative Glutamate decarboxylase/sphingosine phosphate lyase
PMG11_09568	CDHK01000009.1	1378636	1379705	+	hypothetical protein
PMG11_09569	CDHK01000009.1	1379961	1381410	+	hypothetical protein
PMG11_09570	CDHK01000009.1	1381742	1382556	-	Putative ADP-ribosylation factor family protein
PMG11_09571	CDHK01000010.1	4898	6062	-	Putative Alcohol dehydrogenase
PMG11_09572	CDHK01000010.1	6859	7305	+	hypothetical protein
PMG11_09573	CDHK01000010.1	7889	9985	+	hypothetical protein
PMG11_09574	CDHK01000010.1	12022	13826	+	hypothetical protein
PMG11_09575	CDHK01000010.1	15326	17008	-	Putative Methylmalonate-semialdehyde dehydrogenase (Acylating)
PMG11_09576	CDHK01000010.1	17702	19144	+	Putative 3-hydroxyisobutyrate dehydrogenase, mitochondrial
PMG11_09577	CDHK01000010.1	19143	21991	-	hypothetical protein
PMG11_09578	CDHK01000010.1	24308	25492	+	hypothetical protein
PMG11_09579	CDHK01000010.1	26080	27972	-	Putative ATP-dependent RNA helicase mrh4, mitochondrial
PMG11_09580	CDHK01000010.1	28076	33472	+	hypothetical protein
PMG11_09581	CDHK01000010.1	33974	34943	+	hypothetical protein
PMG11_09582	CDHK01000010.1	34989	37148	-	hypothetical protein
PMG11_09583	CDHK01000010.1	37646	39988	-	hypothetical protein
PMG11_09584	CDHK01000010.1	40270	41357	+	hypothetical protein
PMG11_09585	CDHK01000010.1	43304	44988	-	Putative Carboxylesterase
PMG11_09586	CDHK01000010.1	45566	48281	-	hypothetical protein
PMG11_09587	CDHK01000010.1	49310	49949	+	Putative 50S ribosomal protein L14 (AFU_orthologue; AFUA_2G08520)
PMG11_09588	CDHK01000010.1	50415	51131	-	Putative DNA-directed RNA polymerase subunit
PMG11_09589	CDHK01000010.1	51208	52316	+	Putative Peptidyl-prolyl cis/trans isomerase
PMG11_09590	CDHK01000010.1	52626	53388	+	hypothetical protein
PMG11_09591	CDHK01000010.1	54068	54465	+	hypothetical protein
PMG11_09592	CDHK01000010.1	54456	57781	-	hypothetical protein
PMG11_09593	CDHK01000010.1	57854	58659	+	Putative Small subunit of nuclear cap-binding protein complex
PMG11_09594	CDHK01000010.1	58853	59727	-	Putative Pyridoxine
PMG11_09595	CDHK01000010.1	59888	61899	+	hypothetical protein
PMG11_09596	CDHK01000010.1	62187	63881	-	Putative 1-acyl-sn-glycerol-3-phosphate acyltransferase
PMG11_09597	CDHK01000010.1	64075	67408	-	Putative DNA-binding cell division cycle control protein
PMG11_09598	CDHK01000010.1	68334	68926	+	hypothetical protein
PMG11_09599	CDHK01000010.1	68414	73866	-	hypothetical protein
PMG11_09600	CDHK01000010.1	73884	79352	+	hypothetical protein
PMG11_09601	CDHK01000010.1	79695	80481	+	hypothetical protein
PMG11_09602	CDHK01000010.1	80517	83766	+	hypothetical protein
PMG11_09603	CDHK01000010.1	84309	85916	+	hypothetical protein
PMG11_09604	CDHK01000010.1	86768	88067	+	hypothetical protein
PMG11_09605	CDHK01000010.1	88572	89422	+	hypothetical protein
PMG11_09606	CDHK01000010.1	89815	90366	-	hypothetical protein
PMG11_09607	CDHK01000010.1	90956	92379	-	hypothetical protein
PMG11_09608	CDHK01000010.1	93336	93596	+	hypothetical protein
PMG11_09609	CDHK01000010.1	95586	103780	-	Putative Acetyl-CoA carboxylase
PMG11_09610	CDHK01000010.1	105282	107971	-	hypothetical protein
PMG11_09611	CDHK01000010.1	108111	109983	+	Putative Isochorismatase family protein
PMG11_09612	CDHK01000010.1	109480	111210	-	Putative Trafficking protein particle complex subunit 2/Sedlin
PMG11_09613	CDHK01000010.1	111731	113394	+	hypothetical protein
PMG11_09614	CDHK01000010.1	113647	114627	+	Putative Ribosomal S30/ubiquitin fusion
PMG11_09615	CDHK01000010.1	115534	116174	+	hypothetical protein
PMG11_09616	CDHK01000010.1	119523	127667	+	hypothetical protein
PMG11_09617	CDHK01000010.1	127880	130635	-	hypothetical protein
PMG11_09618	CDHK01000010.1	130758	133516	-	Putative RING finger domain protein
PMG11_09619	CDHK01000010.1	130893	131894	+	Putative Mitochondrial endonuclease
PMG11_09620	CDHK01000010.1	133583	139408	-	hypothetical protein
PMG11_09621	CDHK01000010.1	140132	142369	+	hypothetical protein
PMG11_09622	CDHK01000010.1	143376	144781	-	hypothetical protein
PMG11_09623	CDHK01000010.1	145866	148357	-	Putative Dicarboxylic amino acid permease
PMG11_09624	CDHK01000010.1	152202	153287	+	hypothetical protein
PMG11_09625	CDHK01000010.1	154591	155286	-	Putative Phosphoglycolate phosphatase 1
PMG11_09626	CDHK01000010.1	155818	156309	-	hypothetical protein
PMG11_09627	CDHK01000010.1	157215	158342	+	hypothetical protein
PMG11_09628	CDHK01000010.1	159286	161567	+	hypothetical protein
PMG11_09629	CDHK01000010.1	162780	164751	+	Putative Choline dehydrogenase and related flavoproteins
PMG11_09630	CDHK01000010.1	165665	167247	+	hypothetical protein
PMG11_09631	CDHK01000010.1	168568	170148	-	hypothetical protein
PMG11_09632	CDHK01000010.1	170818	172107	+	hypothetical protein
PMG11_09633	CDHK01000010.1	172183	173934	-	Putative Tetratricopeptide repeat domain protein
PMG11_09634	CDHK01000010.1	174498	176589	-	Putative Pantothenate transporter
PMG11_09635	CDHK01000010.1	177472	178756	+	Putative 2OG-Fe(II) oxygenase superfamily protein
PMG11_09636	CDHK01000010.1	179018	181802	+	Putative High-affinity nickel transport protein
PMG11_09637	CDHK01000010.1	180857	189025	-	Putative P-type ATPase
PMG11_09638	CDHK01000010.1	181803	184207	+	hypothetical protein
PMG11_09639	CDHK01000010.1	189188	190518	-	Putative Exosome complex endonuclease 2/ribosomal RNA processing protein
PMG11_09640	CDHK01000010.1	190682	192157	+	Putative Cwf15/Cwc15 cell cycle control family protein
PMG11_09641	CDHK01000010.1	192305	193326	+	hypothetical protein
PMG11_09642	CDHK01000010.1	193980	195148	+	hypothetical protein
PMG11_09643	CDHK01000010.1	196088	197176	-	Putative Related to D-arabinitol 2-dehydrogenase
PMG11_09644	CDHK01000010.1	202018	205255	-	Putative Cl-channel CLC-3 and related proteins
PMG11_09645	CDHK01000010.1	206924	207937	+	hypothetical protein
PMG11_09646	CDHK01000010.1	208209	211502	+	hypothetical protein
PMG11_09647	CDHK01000010.1	210930	211774	-	hypothetical protein
PMG11_09648	CDHK01000010.1	212233	212758	-	hypothetical protein
PMG11_09649	CDHK01000010.1	213448	215367	-	Putative Thiamine monophosphate synthase
PMG11_09650	CDHK01000010.1	215268	217933	+	Putative Translation initiation factor 5
PMG11_09651	CDHK01000010.1	218164	218845	-	Putative Cytochrome P450
PMG11_09652	CDHK01000010.1	221050	222178	-	hypothetical protein
PMG11_09653	CDHK01000010.1	222871	224291	-	hypothetical protein
PMG11_09654	CDHK01000010.1	224335	228515	+	Putative Multiple inositol polyphosphate phosphatase
PMG11_09655	CDHK01000010.1	226940	231530	-	Putative Multidrug/pheromone exporter, ABC superfamily
PMG11_09656	CDHK01000010.1	231595	234198	+	hypothetical protein
PMG11_09657	CDHK01000010.1	234885	241837	-	hypothetical protein
PMG11_09658	CDHK01000010.1	239559	242440	+	Putative DNA ligase
PMG11_09659	CDHK01000010.1	243143	245760	+	Putative Dipeptidyl-peptidase 5
PMG11_09660	CDHK01000010.1	246128	247357	+	hypothetical protein
PMG11_09661	CDHK01000010.1	248822	249485	-	hypothetical protein
PMG11_09662	CDHK01000010.1	250810	251227	+	hypothetical protein
PMG11_09663	CDHK01000010.1	251947	252653	-	hypothetical protein
PMG11_09664	CDHK01000010.1	253150	254413	-	hypothetical protein
PMG11_09665	CDHK01000010.1	256446	258836	-	hypothetical protein
PMG11_09666	CDHK01000010.1	260013	261678	+	hypothetical protein
PMG11_09667	CDHK01000010.1	263862	267939	-	Putative Protein involved in vacuolar polyphosphate accumulation, contains SPX domain protein
PMG11_09668	CDHK01000010.1	268594	272229	-	Putative DNA replication licensing factor MCM4
PMG11_09669	CDHK01000010.1	273214	276991	+	Putative DUF221 domain protein
PMG11_09670	CDHK01000010.1	277329	281787	-	hypothetical protein
PMG11_09671	CDHK01000010.1	282362	283618	-	Putative Arginine N-methyltransferase 2
PMG11_09672	CDHK01000010.1	283939	285186	-	Putative Prohibitin
PMG11_09673	CDHK01000010.1	285229	286502	+	Putative Polyadenylation factor subunit CstF64
PMG11_09674	CDHK01000010.1	287341	288936	+	hypothetical protein
PMG11_09675	CDHK01000010.1	289079	294676	+	hypothetical protein
PMG11_09676	CDHK01000010.1	296098	297121	-	Putative NADH-ubiquinone oxidoreductase 24 kDa subunit, mitochondrial
PMG11_09677	CDHK01000010.1	297539	298135	-	Putative Adenosine deaminase
PMG11_09678	CDHK01000010.1	298345	299622	-	hypothetical protein
PMG11_09679	CDHK01000010.1	300927	302099	-	Putative Adenosine deaminase
PMG11_09680	CDHK01000010.1	302889	304193	-	Putative Translation initiation protein Sua5
PMG11_09681	CDHK01000010.1	305148	308837	-	hypothetical protein
PMG11_09682	CDHK01000010.1	309369	310065	-	Putative Coatomer subunit zeta
PMG11_09683	CDHK01000010.1	311434	313557	+	hypothetical protein
PMG11_09684	CDHK01000010.1	313773	315096	+	Putative FAD binding domain-containing protein
PMG11_09685	CDHK01000010.1	315254	316174	-	Putative VrtG
PMG11_09686	CDHK01000010.1	316490	317221	+	Putative VrtF
PMG11_09687	CDHK01000010.1	317644	319570	+	Putative VrtE
PMG11_09688	CDHK01000010.1	319792	321019	+	Putative VrtD
PMG11_09689	CDHK01000010.1	321252	325569	+	Putative VrtB
PMG11_09690	CDHK01000010.1	321344	322762	-	Putative VrtC
PMG11_09691	CDHK01000010.1	326071	333906	-	Putative VrtA
PMG11_09692	CDHK01000010.1	332608	333655	+	Putative VrtI
PMG11_09693	CDHK01000010.1	334309	335553	-	Putative VrtJ
PMG11_09694	CDHK01000010.1	336194	338030	-	Putative VrtK
PMG11_09695	CDHK01000010.1	339127	340889	-	Putative VrtL
PMG11_09696	CDHK01000010.1	344936	348832	+	hypothetical protein
PMG11_09697	CDHK01000010.1	350102	354616	-	Putative M protein, serotype 2.1
PMG11_09698	CDHK01000010.1	353882	354392	+	Putative 60S ribosomal protein L30
PMG11_09699	CDHK01000010.1	354774	356214	+	Putative 60S ribosomal protein L10
PMG11_09700	CDHK01000010.1	356612	356961	-	hypothetical protein
PMG11_09701	CDHK01000010.1	357367	359425	-	hypothetical protein
PMG11_09702	CDHK01000010.1	360249	361676	-	Putative DUF895 domain membrane protein
PMG11_09703	CDHK01000010.1	362129	363304	+	Putative Taurine catabolism dioxygenase
PMG11_09704	CDHK01000010.1	363560	364723	-	Putative Dyp-type peroxidase family
PMG11_09705	CDHK01000010.1	365183	366001	-	Putative Dehydrogenase with different specificitie
PMG11_09706	CDHK01000010.1	366516	368675	-	hypothetical protein
PMG11_09707	CDHK01000010.1	369005	369900	+	Putative Dehydrogenases with different specificities
PMG11_09708	CDHK01000010.1	370670	372395	+	hypothetical protein
PMG11_09709	CDHK01000010.1	372645	373777	-	hypothetical protein
PMG11_09710	CDHK01000010.1	374560	377613	+	hypothetical protein
PMG11_09711	CDHK01000010.1	377831	379359	-	hypothetical protein
PMG11_09712	CDHK01000010.1	380489	382264	-	hypothetical protein
PMG11_09713	CDHK01000010.1	386369	388647	+	Putative Dihydroxy-acid dehydratase
PMG11_09714	CDHK01000010.1	389702	391141	-	Putative Trichodiene synthase (TRI5) domain protein
PMG11_09715	CDHK01000010.1	392003	394101	+	Putative Benzoate 4-monooxygenase cytochrome P450
PMG11_09716	CDHK01000010.1	394444	396547	+	hypothetical protein
PMG11_09717	CDHK01000010.1	398229	401551	-	Putative ATP-dependent RNA helicase
PMG11_09718	CDHK01000010.1	402071	404588	+	hypothetical protein
PMG11_09719	CDHK01000010.1	406983	409734	-	hypothetical protein
PMG11_09720	CDHK01000010.1	410186	414118	-	hypothetical protein
PMG11_09721	CDHK01000010.1	412451	413759	+	hypothetical protein
PMG11_09722	CDHK01000010.1	414341	418332	+	hypothetical protein
PMG11_09723	CDHK01000010.1	421642	426064	-	Putative Two-component osmosensing histidine kinase (Fragment)
PMG11_09724	CDHK01000010.1	426325	429004	-	Putative Heat shock protein 60, mitochondrial
PMG11_09725	CDHK01000010.1	429515	431239	-	hypothetical protein
PMG11_09726	CDHK01000010.1	432597	433140	+	Putative Mitochondrial ATP synthase epsilon chain domain-containing protein
PMG11_09727	CDHK01000010.1	433488	435127	+	Putative Amino-acid N-acetyltransferase subunit Mak10
PMG11_09728	CDHK01000010.1	435187	436208	+	hypothetical protein
PMG11_09729	CDHK01000010.1	437294	439730	+	hypothetical protein
PMG11_09730	CDHK01000010.1	442055	443426	+	hypothetical protein
PMG11_09731	CDHK01000010.1	443430	444662	-	hypothetical protein
PMG11_09732	CDHK01000010.1	445836	448428	+	hypothetical protein
PMG11_09733	CDHK01000010.1	449181	451487	+	hypothetical protein
PMG11_09734	CDHK01000010.1	452327	452969	+	hypothetical protein
PMG11_09735	CDHK01000010.1	453232	455557	-	Putative Amine oxidase
PMG11_09736	CDHK01000010.1	456895	459246	+	hypothetical protein
PMG11_09737	CDHK01000010.1	459241	460240	-	hypothetical protein
PMG11_09738	CDHK01000010.1	460409	461879	-	Putative Class II aldolase/adducin domain protein
PMG11_09739	CDHK01000010.1	462121	464935	-	hypothetical protein
PMG11_09740	CDHK01000010.1	465748	468264	-	hypothetical protein
PMG11_09741	CDHK01000010.1	469028	469531	-	Putative CipC1 protein, concanamycin induced protein C
PMG11_09742	CDHK01000010.1	470432	471265	-	Putative Secreted lipase
PMG11_09743	CDHK01000010.1	471774	475021	-	hypothetical protein
PMG11_09744	CDHK01000010.1	476207	477203	+	hypothetical protein
PMG11_09745	CDHK01000010.1	478179	480461	+	Putative MFS transporter
PMG11_09746	CDHK01000010.1	481092	481617	+	hypothetical protein
PMG11_09747	CDHK01000010.1	481579	483764	-	hypothetical protein
PMG11_09748	CDHK01000010.1	484217	489321	-	Putative ABC-2 type transporter
PMG11_09749	CDHK01000010.1	490436	491814	-	hypothetical protein
PMG11_09750	CDHK01000010.1	493054	493515	-	hypothetical protein
PMG11_09751	CDHK01000010.1	493781	498660	-	hypothetical protein
PMG11_09752	CDHK01000010.1	499311	499845	-	hypothetical protein
PMG11_09753	CDHK01000010.1	499884	502285	-	hypothetical protein
PMG11_09754	CDHK01000010.1	502626	503416	-	hypothetical protein
PMG11_09755	CDHK01000010.1	504279	505639	+	hypothetical protein
PMG11_09756	CDHK01000010.1	506627	510345	+	hypothetical protein
PMG11_09757	CDHK01000010.1	511208	512302	+	hypothetical protein
PMG11_09758	CDHK01000010.1	512513	513514	-	hypothetical protein
PMG11_09759	CDHK01000010.1	513911	515029	-	Putative Catalytic activity: An alcohol NAD() = an aldehyde or ketone NADH
PMG11_09760	CDHK01000010.1	518889	519385	+	hypothetical protein
PMG11_09761	CDHK01000010.1	521167	524492	-	hypothetical protein
PMG11_09762	CDHK01000010.1	525381	526477	+	hypothetical protein
PMG11_09763	CDHK01000010.1	527557	529269	+	hypothetical protein
PMG11_09764	CDHK01000010.1	533399	535357	-	hypothetical protein
PMG11_09765	CDHK01000010.1	536969	539408	-	hypothetical protein
PMG11_09766	CDHK01000010.1	540073	541751	-	Putative Oxidase
PMG11_09767	CDHK01000010.1	543236	544894	+	hypothetical protein
PMG11_09768	CDHK01000010.1	546217	548380	+	Putative Glucose dehydrogenase/choline dehydrogenase/mandelonitrile lyase
PMG11_09769	CDHK01000010.1	549454	551510	+	Putative Allantoate permease
PMG11_09770	CDHK01000010.1	550708	554189	-	hypothetical protein
PMG11_09771	CDHK01000010.1	555673	558687	-	hypothetical protein
PMG11_09772	CDHK01000010.1	560623	563641	+	hypothetical protein
PMG11_09773	CDHK01000010.1	563144	565362	-	hypothetical protein
PMG11_09774	CDHK01000010.1	565449	570039	-	hypothetical protein
PMG11_09775	CDHK01000010.1	566040	567023	+	Putative Iron/ascorbate family oxidoreductases
PMG11_09776	CDHK01000010.1	570618	571913	-	hypothetical protein
PMG11_09777	CDHK01000010.1	573422	577949	+	hypothetical protein
PMG11_09778	CDHK01000010.1	576479	577880	-	hypothetical protein
PMG11_09779	CDHK01000010.1	578393	580466	-	Putative Remark: uapA of A. nidulans is a high-affinity
PMG11_09780	CDHK01000010.1	580749	582353	+	hypothetical protein
PMG11_09781	CDHK01000010.1	582605	584940	+	hypothetical protein
PMG11_09782	CDHK01000010.1	585158	586053	+	hypothetical protein
PMG11_09783	CDHK01000010.1	586039	588995	-	hypothetical protein
PMG11_09784	CDHK01000010.1	586064	587141	+	hypothetical protein
PMG11_09785	CDHK01000010.1	589788	590270	+	hypothetical protein
PMG11_09786	CDHK01000010.1	590503	591799	-	Putative Sorbitol dehydrogenase
PMG11_09787	CDHK01000010.1	592133	594430	+	Putative Transketolase
PMG11_09788	CDHK01000010.1	595090	596546	-	hypothetical protein
PMG11_09789	CDHK01000010.1	597856	599357	-	hypothetical protein
PMG11_09790	CDHK01000010.1	599907	602329	+	hypothetical protein
PMG11_09791	CDHK01000010.1	601958	603661	-	hypothetical protein
PMG11_09792	CDHK01000010.1	603866	605977	+	hypothetical protein
PMG11_09793	CDHK01000010.1	607280	608542	+	hypothetical protein
PMG11_09794	CDHK01000010.1	612178	613647	+	Putative Poly(3-hydroxybutyrate) depolymerase
PMG11_09795	CDHK01000010.1	617603	619900	-	Putative Arginine permease
PMG11_09796	CDHK01000010.1	620211	621687	-	Putative Acyl-CoA dehydrogenase
PMG11_09797	CDHK01000010.1	625969	627115	-	hypothetical protein
PMG11_09798	CDHK01000010.1	627904	628947	-	Putative Glycosyl hydrolase family 43 protein
PMG11_09799	CDHK01000010.1	629864	632842	+	hypothetical protein
PMG11_09800	CDHK01000010.1	633211	634551	-	hypothetical protein
PMG11_09801	CDHK01000010.1	634995	636668	-	Putative Formate/nitrite transporter family protein
PMG11_09802	CDHK01000010.1	637885	638375	+	Putative DNA binding protein (Fragment)
PMG11_09803	CDHK01000010.1	638177	641461	-	hypothetical protein
PMG11_09804	CDHK01000010.1	641773	647069	-	hypothetical protein
PMG11_09805	CDHK01000010.1	645156	646560	+	hypothetical protein
PMG11_09806	CDHK01000010.1	648705	650942	+	Putative MFS transporter
PMG11_09807	CDHK01000010.1	652009	664312	+	hypothetical protein
PMG11_09808	CDHK01000010.1	664377	667744	-	Putative Beta-glucosidase-related glycosidase
PMG11_09809	CDHK01000010.1	668420	671178	+	hypothetical protein
PMG11_09810	CDHK01000010.1	672104	674134	+	Putative Neutral amino acid transporter (Fragment)
PMG11_09811	CDHK01000010.1	674738	678488	-	hypothetical protein
PMG11_09812	CDHK01000010.1	678724	680367	+	hypothetical protein
PMG11_09813	CDHK01000010.1	681554	682893	+	hypothetical protein
PMG11_09814	CDHK01000010.1	683420	684189	+	hypothetical protein
PMG11_09815	CDHK01000010.1	684906	686563	+	Putative Aromatic-L-amino-acid decarboxylase
PMG11_09816	CDHK01000010.1	686787	689012	+	Putative C6 transcription factor
PMG11_09817	CDHK01000010.1	688248	688955	-	hypothetical protein
PMG11_09818	CDHK01000010.1	689868	691547	-	Putative Tricarballylate dehydrogenase
PMG11_09819	CDHK01000010.1	693324	695299	+	Putative Catalytic activity:
PMG11_09820	CDHK01000010.1	696587	697748	-	hypothetical protein
PMG11_09821	CDHK01000010.1	700533	701930	-	hypothetical protein
PMG11_09822	CDHK01000010.1	702404	704111	-	Putative Mitochondrial NADH kinase (Eurofung)
PMG11_09823	CDHK01000010.1	705173	707371	+	hypothetical protein
PMG11_09824	CDHK01000010.1	708030	708970	+	Putative Assembly factor cbp4
PMG11_09825	CDHK01000010.1	708040	710393	-	Putative Catalytic activity: Citrate <=> acetate oxaloacetate
PMG11_09826	CDHK01000010.1	710770	715205	-	Putative Salicylate hydroxylase
PMG11_09827	CDHK01000010.1	712809	715441	+	Putative Cocaine esterase
PMG11_09828	CDHK01000010.1	715825	716649	+	Putative Cupin domain protein
PMG11_09829	CDHK01000010.1	716753	718785	-	hypothetical protein
PMG11_09830	CDHK01000010.1	718909	719408	+	hypothetical protein
PMG11_09831	CDHK01000010.1	719619	720890	-	hypothetical protein
PMG11_09832	CDHK01000010.1	721179	722203	+	hypothetical protein
PMG11_09833	CDHK01000010.1	721582	723465	-	Putative HORMA domain protein
PMG11_09834	CDHK01000010.1	723607	725872	+	Putative Translation factor GUF1, mitochondrial
PMG11_09835	CDHK01000010.1	726108	726893	-	hypothetical protein
PMG11_09836	CDHK01000010.1	728075	728872	+	hypothetical protein
PMG11_09837	CDHK01000010.1	730002	734264	-	hypothetical protein
PMG11_09838	CDHK01000010.1	734715	736301	+	Putative Phosphotransferase enzyme family domain protein
PMG11_09839	CDHK01000010.1	736796	738759	+	Putative Mitochondrial 2-oxodicarboxylate carrier protein
PMG11_09840	CDHK01000010.1	739759	741858	+	Putative Cytochrome P450 family protein
PMG11_09841	CDHK01000010.1	742799	745534	-	hypothetical protein
PMG11_09842	CDHK01000010.1	746332	747323	-	hypothetical protein
PMG11_09843	CDHK01000010.1	747957	751546	+	hypothetical protein
PMG11_09844	CDHK01000010.1	749165	752395	-	hypothetical protein
PMG11_09845	CDHK01000010.1	752790	754872	+	hypothetical protein
PMG11_09846	CDHK01000010.1	753398	757045	-	hypothetical protein
PMG11_09847	CDHK01000010.1	758351	759256	-	hypothetical protein
PMG11_09848	CDHK01000010.1	760949	761217	-	hypothetical protein
PMG11_09849	CDHK01000010.1	764607	765557	-	hypothetical protein
PMG11_09850	CDHK01000010.1	766046	767782	+	hypothetical protein
PMG11_09851	CDHK01000010.1	768329	770257	+	hypothetical protein
PMG11_09852	CDHK01000010.1	770799	772208	-	hypothetical protein
PMG11_09853	CDHK01000010.1	773042	774338	-	hypothetical protein
PMG11_09854	CDHK01000010.1	774777	776945	+	hypothetical protein
PMG11_09855	CDHK01000010.1	777535	779801	+	hypothetical protein
PMG11_09856	CDHK01000010.1	780402	788627	-	hypothetical protein
PMG11_09857	CDHK01000010.1	789559	790786	+	hypothetical protein
PMG11_09858	CDHK01000010.1	792857	795044	+	hypothetical protein
PMG11_09859	CDHK01000010.1	795502	797305	-	Putative DUF821 domain protein
PMG11_09860	CDHK01000010.1	798416	800987	-	Putative Cytochrome protein
PMG11_09861	CDHK01000010.1	800998	803852	+	Putative Chlorohydrolase
PMG11_09862	CDHK01000010.1	803950	805650	+	hypothetical protein
PMG11_09863	CDHK01000010.1	805785	807272	+	Putative Dihydrofolate synthetase Fol3
PMG11_09864	CDHK01000010.1	807442	810223	-	hypothetical protein
PMG11_09865	CDHK01000010.1	811131	813110	+	hypothetical protein
PMG11_09866	CDHK01000010.1	812985	814031	-	hypothetical protein
PMG11_09867	CDHK01000010.1	814755	816140	-	Putative DUF1275 domain protein
PMG11_09868	CDHK01000010.1	816432	818140	-	Putative Metal-dependent amidase/aminoacylase/carboxypeptidase
PMG11_09869	CDHK01000010.1	818891	821679	-	hypothetical protein
PMG11_09870	CDHK01000010.1	822514	824410	-	hypothetical protein
PMG11_09871	CDHK01000010.1	826596	829547	+	Putative C6 zinc finger domain protein
PMG11_09872	CDHK01000010.1	830885	834089	+	Putative Potassium transport protein (Fragment)
PMG11_09873	CDHK01000010.1	834801	836291	+	hypothetical protein
PMG11_09874	CDHK01000010.1	837153	838389	+	hypothetical protein
PMG11_09875	CDHK01000010.1	838827	840857	+	hypothetical protein
PMG11_09876	CDHK01000010.1	840971	842882	+	Putative Methylthioribose-1-phosphate isomerase
PMG11_09877	CDHK01000010.1	844333	846917	-	hypothetical protein
PMG11_09878	CDHK01000010.1	849749	850885	+	hypothetical protein
PMG11_09879	CDHK01000010.1	852814	853961	+	hypothetical protein
PMG11_09880	CDHK01000010.1	854280	856244	-	hypothetical protein
PMG11_09881	CDHK01000010.1	856686	858696	-	hypothetical protein
PMG11_09882	CDHK01000010.1	860423	863506	-	hypothetical protein
PMG11_09883	CDHK01000010.1	864564	865351	+	Putative Conserved protein typically associated with flavoprotein oxygenase
PMG11_09884	CDHK01000010.1	868472	869092	-	Putative Phenylacrylic acid decarboxylase
PMG11_09885	CDHK01000010.1	869857	871430	+	Putative 3-polyprenyl-4-hydroxybenzoate decarboxylase
PMG11_09886	CDHK01000010.1	872292	874995	-	hypothetical protein
PMG11_09887	CDHK01000010.1	876785	879481	-	hypothetical protein
PMG11_09888	CDHK01000010.1	881526	883183	+	hypothetical protein
PMG11_09889	CDHK01000010.1	883257	886301	-	hypothetical protein
PMG11_09890	CDHK01000010.1	887158	887996	+	hypothetical protein
PMG11_09891	CDHK01000010.1	888249	889463	+	hypothetical protein
PMG11_09892	CDHK01000010.1	890080	891940	-	Putative Lipase Atg15
PMG11_09893	CDHK01000010.1	892279	894066	+	Putative Molybdopterin synthase sulfurylase
PMG11_09894	CDHK01000010.1	894383	895423	-	Putative Short chain dehydrogenase
PMG11_09895	CDHK01000010.1	896003	897773	+	Putative Glutamine synthetase
PMG11_09896	CDHK01000010.1	898242	899809	+	Putative Cysteine synthase
PMG11_09897	CDHK01000010.1	899851	901171	-	Putative 4-carboxymuconolactone decarboxylase family protein
PMG11_09898	CDHK01000010.1	902184	905850	-	hypothetical protein
PMG11_09899	CDHK01000010.1	906757	907783	-	hypothetical protein
PMG11_09900	CDHK01000010.1	908303	910348	-	Putative Glyoxylase
PMG11_09901	CDHK01000010.1	910351	912361	-	hypothetical protein
PMG11_09902	CDHK01000010.1	913847	915836	+	hypothetical protein
PMG11_09903	CDHK01000010.1	918123	918569	-	hypothetical protein
PMG11_09904	CDHK01000010.1	921669	922508	+	hypothetical protein
PMG11_09905	CDHK01000010.1	956543	957631	-	hypothetical protein
PMG11_09906	CDHK01000010.1	1013694	1014383	-	hypothetical protein
PMG11_09907	CDHK01000011.1	16334	18019	-	hypothetical protein
PMG11_09908	CDHK01000011.1	35484	38288	-	hypothetical protein
PMG11_09909	CDHK01000011.1	38745	40236	-	hypothetical protein
PMG11_09910	CDHK01000011.1	53584	54591	+	hypothetical protein
PMG11_09911	CDHK01000011.1	64801	65303	+	Putative F-box domain protein
PMG11_09912	CDHK01000011.1	66550	67317	+	Putative DUF652 domain protein
PMG11_09913	CDHK01000011.1	67243	69705	-	hypothetical protein
PMG11_09914	CDHK01000011.1	69835	73483	-	hypothetical protein
PMG11_09915	CDHK01000011.1	73814	78700	+	Putative Histidine acid phosphatase
PMG11_09916	CDHK01000011.1	78807	80406	+	hypothetical protein
PMG11_09917	CDHK01000011.1	80557	85014	+	hypothetical protein
PMG11_09918	CDHK01000011.1	84334	85408	-	Putative Inositol monophosphatase
PMG11_09919	CDHK01000011.1	85760	87279	+	Putative DNA-binding protein HGH1
PMG11_09920	CDHK01000011.1	87752	91530	+	Putative Sexual differentiation process protein isp4
PMG11_09921	CDHK01000011.1	91695	94332	+	hypothetical protein
PMG11_09922	CDHK01000011.1	94395	101602	-	Putative Fatty acid synthase
PMG11_09923	CDHK01000011.1	102354	109016	+	Putative Fatty acid synthase subunit alpha
PMG11_09924	CDHK01000011.1	116398	118436	-	hypothetical protein
PMG11_09925	CDHK01000011.1	120979	121476	+	hypothetical protein
PMG11_09926	CDHK01000011.1	125435	127699	-	hypothetical protein
PMG11_09927	CDHK01000011.1	127881	132703	-	hypothetical protein
PMG11_09928	CDHK01000011.1	133870	135252	-	hypothetical protein
PMG11_09929	CDHK01000011.1	135270	136291	+	Putative C2H2 type zinc finger domain-containing protein
PMG11_09930	CDHK01000011.1	135454	138208	-	Putative Thiamin diphosphate-binding fold (THDP-binding)
PMG11_09931	CDHK01000011.1	138274	141905	+	hypothetical protein
PMG11_09932	CDHK01000011.1	140519	141876	-	Putative Mitochondrial enoyl reductase
PMG11_09933	CDHK01000011.1	142810	144502	+	hypothetical protein
PMG11_09934	CDHK01000011.1	143623	146974	-	hypothetical protein
PMG11_09935	CDHK01000011.1	147122	149097	+	Putative Bystin
PMG11_09936	CDHK01000011.1	149736	150188	+	hypothetical protein
PMG11_09937	CDHK01000011.1	153731	155776	+	Putative Transcriptional activator hacA
PMG11_09938	CDHK01000011.1	155918	157347	+	Putative Remark: RAD52 Inhibitor
PMG11_09939	CDHK01000011.1	158974	161088	+	hypothetical protein
PMG11_09940	CDHK01000011.1	161494	162622	+	hypothetical protein
PMG11_09941	CDHK01000011.1	162894	163626	+	hypothetical protein
PMG11_09942	CDHK01000011.1	164563	166040	-	hypothetical protein
PMG11_09943	CDHK01000011.1	166751	168577	+	Putative Cytochrome P450
PMG11_09944	CDHK01000011.1	169256	171444	+	Putative Permeases of the major facilitator superfamily
PMG11_09945	CDHK01000011.1	171499	173515	+	hypothetical protein
PMG11_09946	CDHK01000011.1	174441	176860	-	hypothetical protein
PMG11_09947	CDHK01000011.1	176997	178190	+	Putative Conserved mitochondrial protein
PMG11_09948	CDHK01000011.1	178381	180522	-	Putative Succinyl-CoA:3-ketoacid-coenzyme A transferase
PMG11_09949	CDHK01000011.1	180984	183314	-	hypothetical protein
PMG11_09950	CDHK01000011.1	184179	185635	-	Putative Bifunctional P450:NADPH-P450 reductase
PMG11_09951	CDHK01000011.1	185753	189124	+	hypothetical protein
PMG11_09952	CDHK01000011.1	188452	189826	-	hypothetical protein
PMG11_09953	CDHK01000011.1	191112	192594	+	hypothetical protein
PMG11_09954	CDHK01000011.1	194515	195043	-	hypothetical protein
PMG11_09955	CDHK01000011.1	197144	199016	+	hypothetical protein
PMG11_09956	CDHK01000011.1	199348	200616	-	hypothetical protein
PMG11_09957	CDHK01000011.1	201834	202196	-	hypothetical protein
PMG11_09958	CDHK01000011.1	203262	204056	-	hypothetical protein
PMG11_09959	CDHK01000011.1	207003	209025	-	hypothetical protein
PMG11_09960	CDHK01000011.1	209966	215299	+	Putative Pfs, NACHT and Ankyrin domain protein (AFU_orthologue; AFUA_1G01020)
PMG11_09961	CDHK01000011.1	215499	216593	+	hypothetical protein
PMG11_09962	CDHK01000011.1	218175	219798	-	hypothetical protein
PMG11_09963	CDHK01000011.1	220077	221379	-	hypothetical protein
PMG11_09964	CDHK01000011.1	226151	227212	-	Putative Isocitrate dehydrogenase (Nad())
PMG11_09965	CDHK01000011.1	228771	230496	-	Putative Permease of the major facilitator superfamily
PMG11_09966	CDHK01000011.1	232064	233107	+	Putative Fructose/tagatose bisphosphate aldolase
PMG11_09967	CDHK01000011.1	233491	234751	-	Putative Catalytic activity:
PMG11_09968	CDHK01000011.1	235357	237835	+	hypothetical protein
PMG11_09969	CDHK01000011.1	238499	240181	-	hypothetical protein
PMG11_09970	CDHK01000011.1	240913	242936	+	hypothetical protein
PMG11_09971	CDHK01000011.1	243287	243803	-	Putative Stress responsive A/B barrel domain protein
PMG11_09972	CDHK01000011.1	244708	245717	-	Putative Catalytic activity: cephalosporin C H2O = deacetylcephalosporin C acetate
PMG11_09973	CDHK01000011.1	245957	246913	+	hypothetical protein
PMG11_09974	CDHK01000011.1	248104	250068	+	Putative Fungal transcriptional regulatory protein
PMG11_09975	CDHK01000011.1	249969	253011	-	Putative Synaptic vesicle transporter SV2
PMG11_09976	CDHK01000011.1	253492	254486	-	hypothetical protein
PMG11_09977	CDHK01000011.1	257185	258438	+	Putative Glutathione S-transferase
PMG11_09978	CDHK01000011.1	260094	260910	+	Putative Transglycosylase SLT domain protein
PMG11_09979	CDHK01000011.1	260891	263099	-	hypothetical protein
PMG11_09980	CDHK01000011.1	263561	264865	+	hypothetical protein
PMG11_09981	CDHK01000011.1	266355	268062	-	hypothetical protein
PMG11_09982	CDHK01000011.1	268784	270358	-	hypothetical protein
PMG11_09983	CDHK01000011.1	270539	273046	-	hypothetical protein
PMG11_09984	CDHK01000011.1	273522	274585	-	Putative Class 2 transcription repressor NC2, beta subunit
PMG11_09985	CDHK01000011.1	274752	276602	-	Putative Short-chain dehydrogenase
PMG11_09986	CDHK01000011.1	277261	278370	+	Putative Splicing factor U2AF 23 kDa subunit
PMG11_09987	CDHK01000011.1	278706	280472	+	hypothetical protein
PMG11_09988	CDHK01000011.1	280741	288943	+	Putative Acid trehalase (Fragment)
PMG11_09989	CDHK01000011.1	285608	288010	-	Putative Catalase
PMG11_09990	CDHK01000011.1	289721	294445	+	hypothetical protein
PMG11_09991	CDHK01000011.1	289779	290450	-	hypothetical protein
PMG11_09992	CDHK01000011.1	293086	294261	-	Putative 3-beta hydroxysteroid dehydrogenase/isomerase family protein
PMG11_09993	CDHK01000011.1	294571	295232	-	Putative Cupin domain protein
PMG11_09994	CDHK01000011.1	295787	296568	+	hypothetical protein
PMG11_09995	CDHK01000011.1	296539	297026	-	hypothetical protein
PMG11_09996	CDHK01000011.1	298641	299204	-	Putative Cupin domain protein
PMG11_09997	CDHK01000011.1	299469	300509	-	hypothetical protein
PMG11_09998	CDHK01000011.1	301467	303963	-	hypothetical protein
PMG11_09999	CDHK01000011.1	305837	307239	+	Putative Fungal cellulose binding domain protein
PMG11_10000	CDHK01000011.1	308250	309187	-	hypothetical protein
PMG11_10001	CDHK01000011.1	309270	311891	+	hypothetical protein
PMG11_10002	CDHK01000011.1	311904	312766	-	hypothetical protein
PMG11_10003	CDHK01000011.1	313953	314706	-	hypothetical protein
PMG11_10004	CDHK01000011.1	319900	322096	-	Putative Mannitol 2-dehydrogenase
PMG11_10005	CDHK01000011.1	323468	326086	-	Putative MFS general substrate transporter
PMG11_10006	CDHK01000011.1	333393	336024	-	hypothetical protein
PMG11_10007	CDHK01000011.1	338127	339596	+	Putative Endo-1,4-beta-D-glucanase
PMG11_10008	CDHK01000011.1	342178	343376	+	hypothetical protein
PMG11_10009	CDHK01000011.1	343738	345490	-	hypothetical protein
PMG11_10010	CDHK01000011.1	346085	347900	-	hypothetical protein
PMG11_10011	CDHK01000011.1	351492	353499	+	Putative Rhamnogalacturonate lyase A
PMG11_10012	CDHK01000011.1	353724	357514	-	Putative Glycine dehydrogenase
PMG11_10013	CDHK01000011.1	358033	361205	-	Putative Permease of the major facilitator superfamily
PMG11_10014	CDHK01000011.1	361905	363677	-	hypothetical protein
PMG11_10015	CDHK01000011.1	364627	366812	+	hypothetical protein
PMG11_10016	CDHK01000011.1	366933	368027	-	hypothetical protein
PMG11_10017	CDHK01000011.1	368459	369436	-	hypothetical protein
PMG11_10018	CDHK01000011.1	372465	373520	+	hypothetical protein
PMG11_10019	CDHK01000011.1	373858	375325	+	hypothetical protein
PMG11_10020	CDHK01000011.1	375491	377335	+	hypothetical protein
PMG11_10021	CDHK01000011.1	377767	380657	-	hypothetical protein
PMG11_10022	CDHK01000011.1	382875	384824	+	Putative Catalytic activity: acid phosphatases also catalyze transphosphorylations (Precursor)
PMG11_10023	CDHK01000011.1	384887	387327	-	hypothetical protein
PMG11_10024	CDHK01000011.1	387528	388027	+	hypothetical protein
PMG11_10025	CDHK01000011.1	388687	390770	-	hypothetical protein
PMG11_10026	CDHK01000011.1	391827	392732	+	hypothetical protein
PMG11_10027	CDHK01000011.1	396790	398380	+	hypothetical protein
PMG11_10028	CDHK01000011.1	398995	399759	+	Putative Beta-hexosaminidase subunit A1
PMG11_10029	CDHK01000011.1	399996	403385	-	hypothetical protein
PMG11_10030	CDHK01000011.1	405019	407675	-	Putative Sterol 24-C-methyltransferase
PMG11_10031	CDHK01000011.1	407489	408722	+	Putative Pre-mRNA-splicing factor slt11
PMG11_10032	CDHK01000011.1	408928	409691	-	Putative Mitochondrial zinc maintenance protein 1, mitochondrial
PMG11_10033	CDHK01000011.1	409682	411420	+	Putative Ribosome associated DnaJ chaperone Zuotin
PMG11_10034	CDHK01000011.1	411618	413864	+	hypothetical protein
PMG11_10035	CDHK01000011.1	414360	415835	-	hypothetical protein
PMG11_10036	CDHK01000011.1	417495	419148	+	hypothetical protein
PMG11_10037	CDHK01000011.1	421289	422298	+	hypothetical protein
PMG11_10038	CDHK01000011.1	423316	424829	+	hypothetical protein
PMG11_10039	CDHK01000011.1	425131	425570	-	hypothetical protein
PMG11_10040	CDHK01000011.1	426618	428475	+	Putative Phosphate:H symporter
PMG11_10041	CDHK01000011.1	429960	432139	-	hypothetical protein
PMG11_10042	CDHK01000011.1	432379	433683	+	Putative RTA1 domain protein
PMG11_10043	CDHK01000011.1	435770	441083	+	hypothetical protein
PMG11_10044	CDHK01000011.1	446656	447600	+	Putative 2-keto-3-deoxy-L-rhamnonate aldolase
PMG11_10045	CDHK01000011.1	448016	449398	-	Putative Demethylmenaquinone methyltransferase family protein
PMG11_10046	CDHK01000011.1	450231	450705	+	hypothetical protein
PMG11_10047	CDHK01000011.1	451835	454637	+	Putative Induction: S. cerevisiae HXT genes are induced by glucose
PMG11_10048	CDHK01000011.1	454949	456463	-	hypothetical protein
PMG11_10049	CDHK01000011.1	457604	459028	-	hypothetical protein
PMG11_10050	CDHK01000011.1	459107	460462	-	hypothetical protein
PMG11_10051	CDHK01000011.1	460935	461645	-	hypothetical protein
PMG11_10052	CDHK01000011.1	463590	466665	+	hypothetical protein
PMG11_10053	CDHK01000011.1	465440	466420	-	Putative Transposase
PMG11_10054	CDHK01000011.1	467239	470925	+	Putative Ankyrin repeat and protein kinase domain-containing protein
PMG11_10055	CDHK01000011.1	471491	471931	+	hypothetical protein
PMG11_10056	CDHK01000011.1	473003	475350	+	Putative Alpha-D-galactosidase
PMG11_10057	CDHK01000011.1	475645	476854	-	Putative Protein kinase
PMG11_10058	CDHK01000011.1	477978	479606	+	hypothetical protein
PMG11_10059	CDHK01000011.1	479847	480240	+	hypothetical protein
PMG11_10060	CDHK01000011.1	480499	483629	-	Putative Tripeptidyl-peptidase sed2
PMG11_10061	CDHK01000011.1	485384	486529	-	hypothetical protein
PMG11_10062	CDHK01000011.1	488394	490387	-	hypothetical protein
PMG11_10063	CDHK01000011.1	492979	493877	+	hypothetical protein
PMG11_10064	CDHK01000011.1	494570	496994	-	Putative Amino acid transporter
PMG11_10065	CDHK01000011.1	501180	502204	-	hypothetical protein
PMG11_10066	CDHK01000011.1	508295	508591	+	Putative FMN-binding split barrel
PMG11_10067	CDHK01000011.1	509701	511546	+	hypothetical protein
PMG11_10068	CDHK01000011.1	513523	514704	+	hypothetical protein
PMG11_10069	CDHK01000011.1	514705	515794	-	Putative NmrA-like family protein
PMG11_10070	CDHK01000011.1	515948	517625	-	hypothetical protein
PMG11_10071	CDHK01000011.1	518106	524935	+	hypothetical protein
PMG11_10072	CDHK01000011.1	523214	524476	-	Putative Flavohemoprotein
PMG11_10073	CDHK01000011.1	525701	528160	+	Putative Aquaporin
PMG11_10074	CDHK01000011.1	529150	531224	+	Putative Amino acid transporter
PMG11_10075	CDHK01000011.1	531661	533794	+	hypothetical protein
PMG11_10076	CDHK01000011.1	534240	534803	-	hypothetical protein
PMG11_10077	CDHK01000011.1	536185	537654	-	hypothetical protein
PMG11_10078	CDHK01000011.1	537823	538947	-	hypothetical protein
PMG11_10079	CDHK01000011.1	540439	540953	+	hypothetical protein
PMG11_10080	CDHK01000011.1	542129	545396	-	Putative Permease of the major facilitator superfamily
PMG11_10081	CDHK01000011.1	544280	546526	-	hypothetical protein
PMG11_10082	CDHK01000011.1	546949	548112	-	Putative Dihydrodipicolinate synthase
PMG11_10083	CDHK01000011.1	549791	551129	-	hypothetical protein
PMG11_10084	CDHK01000011.1	551549	553991	+	Putative C6 zinc finger domain containing protein
PMG11_10085	CDHK01000011.1	554540	557101	+	Putative Domain membrane protein
PMG11_10086	CDHK01000011.1	557860	558809	+	Putative Phosphoglycerate mutase family
PMG11_10087	CDHK01000011.1	559002	561370	-	hypothetical protein
PMG11_10088	CDHK01000011.1	561791	564755	-	hypothetical protein
PMG11_10089	CDHK01000011.1	567051	572922	-	hypothetical protein
PMG11_10090	CDHK01000011.1	567051	568926	+	hypothetical protein
PMG11_10091	CDHK01000011.1	573996	574418	+	hypothetical protein
PMG11_10092	CDHK01000011.1	575669	578858	+	Putative Ca2 /H antiporter VCX1 and related proteins
PMG11_10093	CDHK01000011.1	580186	581606	+	hypothetical protein
PMG11_10094	CDHK01000011.1	585338	585780	-	Putative Guanyl-specific ribonuclease T1
PMG11_10095	CDHK01000011.1	589523	591649	+	hypothetical protein
PMG11_10096	CDHK01000011.1	594578	596297	-	hypothetical protein
PMG11_10097	CDHK01000011.1	598869	600829	-	hypothetical protein
PMG11_10098	CDHK01000011.1	601350	602360	-	hypothetical protein
PMG11_10099	CDHK01000011.1	602579	603162	+	Putative MGMT family protein
PMG11_10100	CDHK01000011.1	603450	606959	-	Putative Protein kinase dsk1
PMG11_10101	CDHK01000011.1	608451	609566	+	Putative Phosphoesterases
PMG11_10102	CDHK01000011.1	610058	610983	+	hypothetical protein
PMG11_10103	CDHK01000011.1	611771	613388	-	Putative Cytochrome b2, mitochondrial
PMG11_10104	CDHK01000011.1	614276	615759	-	hypothetical protein
PMG11_10105	CDHK01000011.1	619921	620824	+	hypothetical protein
PMG11_10106	CDHK01000011.1	622385	623627	+	hypothetical protein
PMG11_10107	CDHK01000011.1	623758	625330	+	hypothetical protein
PMG11_10108	CDHK01000011.1	625738	626155	+	hypothetical protein
PMG11_10109	CDHK01000011.1	628940	631237	+	Putative Choline dehydrogenase, mitochondrial
PMG11_10110	CDHK01000011.1	632898	634301	-	Putative Related to dityrosine transporter
PMG11_10111	CDHK01000011.1	636651	637615	-	hypothetical protein
PMG11_10112	CDHK01000011.1	640390	640938	+	hypothetical protein
PMG11_10113	CDHK01000011.1	645326	647090	+	Putative Monosaccharide transporter
PMG11_10114	CDHK01000011.1	647977	649457	+	Putative Ras-like GTP-binding protein (Fragment)
PMG11_10115	CDHK01000011.1	650429	653848	+	hypothetical protein
PMG11_10116	CDHK01000011.1	655494	656666	+	hypothetical protein
PMG11_10117	CDHK01000011.1	657535	658686	-	hypothetical protein
PMG11_10118	CDHK01000011.1	659126	661950	-	hypothetical protein
PMG11_10119	CDHK01000011.1	664127	665132	+	hypothetical protein
PMG11_10120	CDHK01000011.1	670381	672491	-	Putative Purple acid phosphatase
PMG11_10121	CDHK01000011.1	672823	674175	-	hypothetical protein
PMG11_10122	CDHK01000011.1	675407	676390	-	hypothetical protein
PMG11_10123	CDHK01000011.1	677707	678558	+	hypothetical protein
PMG11_10124	CDHK01000011.1	678894	680850	+	hypothetical protein
PMG11_10125	CDHK01000011.1	681291	683001	+	hypothetical protein
PMG11_10126	CDHK01000011.1	683385	685460	-	hypothetical protein
PMG11_10127	CDHK01000011.1	686125	688012	-	Putative Extracellular dihydrogeodin oxidase laccase
PMG11_10128	CDHK01000011.1	689511	690115	+	hypothetical protein
PMG11_10129	CDHK01000011.1	691595	692533	-	Putative SNARE protein Ykt6
PMG11_10130	CDHK01000011.1	692945	698989	+	Putative DEAD/DEAH box helicase
PMG11_10131	CDHK01000011.1	699137	699760	-	hypothetical protein
PMG11_10132	CDHK01000011.1	700221	701230	-	hypothetical protein
PMG11_10133	CDHK01000011.1	703170	704174	-	Putative Arylamine N-acetyltransferase 3
PMG11_10134	CDHK01000011.1	704247	707341	-	hypothetical protein
PMG11_10135	CDHK01000011.1	707453	709280	-	hypothetical protein
PMG11_10136	CDHK01000011.1	709633	713446	-	hypothetical protein
PMG11_10137	CDHK01000011.1	714330	716267	+	hypothetical protein
PMG11_10138	CDHK01000011.1	716315	717229	-	hypothetical protein
PMG11_10139	CDHK01000011.1	717948	719290	+	Putative Profilin
PMG11_10140	CDHK01000011.1	719505	720245	-	Putative Got1-like family protein
PMG11_10141	CDHK01000011.1	721069	721644	-	Putative Chromatin-remodeling complex subunit ies6
PMG11_10142	CDHK01000011.1	721810	722350	+	Putative DASH complex subunit dad4
PMG11_10143	CDHK01000011.1	722434	726185	+	Putative Chromatin remodeling complex subunit Arp5
PMG11_10144	CDHK01000011.1	727442	728242	+	hypothetical protein
PMG11_10145	CDHK01000011.1	729979	732055	-	hypothetical protein
PMG11_10146	CDHK01000011.1	732539	733630	-	hypothetical protein
PMG11_10147	CDHK01000011.1	734639	735757	-	hypothetical protein
PMG11_10148	CDHK01000011.1	737574	743200	-	Putative Lysophospholipase nte1
PMG11_10149	CDHK01000011.1	744421	748280	+	hypothetical protein
PMG11_10150	CDHK01000011.1	748672	749291	+	Putative N-acetyl transferase
PMG11_10151	CDHK01000011.1	749943	752709	+	hypothetical protein
PMG11_10152	CDHK01000011.1	752887	755337	+	hypothetical protein
PMG11_10153	CDHK01000011.1	755482	755862	+	hypothetical protein
PMG11_10154	CDHK01000011.1	756860	758974	-	hypothetical protein
PMG11_10155	CDHK01000011.1	761075	763402	+	hypothetical protein
PMG11_10156	CDHK01000011.1	763403	764206	+	hypothetical protein
PMG11_10157	CDHK01000011.1	764414	765803	+	hypothetical protein
PMG11_10158	CDHK01000011.1	769640	773845	+	hypothetical protein
PMG11_10159	CDHK01000011.1	774743	775867	-	hypothetical protein
PMG11_10160	CDHK01000011.1	777117	781224	+	hypothetical protein
PMG11_10161	CDHK01000011.1	777511	783387	-	hypothetical protein
PMG11_10162	CDHK01000011.1	784284	785800	-	hypothetical protein
PMG11_10163	CDHK01000011.1	788238	790290	+	hypothetical protein
PMG11_10164	CDHK01000011.1	789909	791802	-	Putative Allantoate permease
PMG11_10165	CDHK01000011.1	791721	793911	+	Putative Unsaturated rhamnogalacturonyl hydrolase yesR
PMG11_10166	CDHK01000011.1	793929	796443	-	hypothetical protein
PMG11_10167	CDHK01000011.1	796746	798699	+	Putative Atrazine chlorohydrolase/guanine deaminase
PMG11_10168	CDHK01000011.1	800842	801908	+	Putative TfdA family Taurine catabolism dioxygenase TauD
PMG11_10169	CDHK01000011.1	802097	804877	-	hypothetical protein
PMG11_10170	CDHK01000011.1	805152	806532	+	hypothetical protein
PMG11_10171	CDHK01000011.1	807553	809334	+	Putative Aldehyde dehydrogenase
PMG11_10172	CDHK01000011.1	810782	811398	+	Putative Podospora anserina S mat genomic DNA chromosome 2, supercontig 2
PMG11_10173	CDHK01000011.1	813951	815641	+	hypothetical protein
PMG11_10174	CDHK01000011.1	814282	820690	-	hypothetical protein
PMG11_10175	CDHK01000011.1	816121	817296	+	hypothetical protein
PMG11_10176	CDHK01000011.1	822205	823692	+	hypothetical protein
PMG11_10177	CDHK01000011.1	823140	827785	-	Putative Related to alcohol oxidase
PMG11_10178	CDHK01000011.1	824174	825401	+	Putative Alcohol dehydrogenase, class V
PMG11_10179	CDHK01000011.1	828310	830470	+	Putative Catalase
PMG11_10180	CDHK01000011.1	830873	833134	+	hypothetical protein
PMG11_10181	CDHK01000011.1	833465	835488	-	Putative High-affinity nicotinic acid transporter
PMG11_10182	CDHK01000011.1	836027	836486	-	hypothetical protein
PMG11_10183	CDHK01000011.1	837189	838985	+	hypothetical protein
PMG11_10184	CDHK01000011.1	839201	840303	-	hypothetical protein
PMG11_10185	CDHK01000011.1	840451	842566	-	hypothetical protein
PMG11_10186	CDHK01000011.1	844688	847545	+	hypothetical protein
PMG11_10187	CDHK01000011.1	848511	852064	+	Putative 6-phosphofructokinase
PMG11_10188	CDHK01000011.1	852253	854007	-	Putative IMP-specific 5'-nucleotidase 1
PMG11_10189	CDHK01000011.1	855188	855904	+	hypothetical protein
PMG11_10190	CDHK01000011.1	856175	858222	-	Putative Quinate permease
PMG11_10191	CDHK01000011.1	859989	862091	-	hypothetical protein
PMG11_10192	CDHK01000011.1	863668	864943	+	Putative Endo-1,4-beta-glucanase
PMG11_10193	CDHK01000011.1	865335	865899	+	hypothetical protein
PMG11_10194	CDHK01000011.1	866309	867650	+	hypothetical protein
PMG11_10195	CDHK01000011.1	868020	869554	+	hypothetical protein
PMG11_10196	CDHK01000011.1	869947	870846	+	Putative NPP1 domain protein
PMG11_10197	CDHK01000011.1	871257	876099	-	Putative Localization: integral membrane protein
PMG11_10198	CDHK01000011.1	876852	881402	-	hypothetical protein
PMG11_10199	CDHK01000011.1	881083	882828	+	Putative MFS transporter
PMG11_10200	CDHK01000011.1	883452	884438	+	hypothetical protein
PMG11_10201	CDHK01000011.1	884596	887027	+	hypothetical protein
PMG11_10202	CDHK01000011.1	888027	890026	+	hypothetical protein
PMG11_10203	CDHK01000011.1	890881	892470	+	hypothetical protein
PMG11_10204	CDHK01000011.1	893523	894424	-	hypothetical protein
PMG11_10205	CDHK01000011.1	895950	898483	-	hypothetical protein
PMG11_10206	CDHK01000011.1	899232	900479	+	hypothetical protein
PMG11_10207	CDHK01000011.1	903524	904504	-	hypothetical protein
PMG11_10208	CDHK01000011.1	905047	906379	+	hypothetical protein
PMG11_10209	CDHK01000011.1	906906	907813	-	hypothetical protein
PMG11_10210	CDHK01000011.1	918132	919041	-	hypothetical protein
PMG11_10211	CDHK01000011.1	919144	919779	-	hypothetical protein
PMG11_10212	CDHK01000011.1	922799	923276	+	hypothetical protein
PMG11_10213	CDHK01000011.1	923541	924227	+	hypothetical protein
PMG11_10214	CDHK01000011.1	924660	926402	-	Putative Glucose-methanol-choline oxidoreductase
PMG11_10215	CDHK01000012.1	66746	68119	+	hypothetical protein
PMG11_10216	CDHK01000012.1	73985	76502	+	hypothetical protein
PMG11_10217	CDHK01000012.1	77064	79185	-	hypothetical protein
PMG11_10218	CDHK01000012.1	80793	82929	+	hypothetical protein
PMG11_10219	CDHK01000012.1	84831	85140	-	hypothetical protein
PMG11_10220	CDHK01000012.1	87102	93350	-	hypothetical protein
PMG11_10221	CDHK01000012.1	87102	89650	+	hypothetical protein
PMG11_10222	CDHK01000012.1	93918	97341	+	hypothetical protein
PMG11_10223	CDHK01000012.1	97459	101611	+	Putative Dynamin GTPase
PMG11_10224	CDHK01000012.1	100531	101442	-	hypothetical protein
PMG11_10225	CDHK01000012.1	101540	102015	-	hypothetical protein
PMG11_10226	CDHK01000012.1	102597	105371	-	hypothetical protein
PMG11_10227	CDHK01000012.1	105460	108067	-	Putative ELMO/CED-12 family protein
PMG11_10228	CDHK01000012.1	108227	110911	-	Putative Podospora anserina S mat genomic DNA chromosome 1, supercontig 2
PMG11_10229	CDHK01000012.1	115417	116333	+	Putative Density-regulated protein related to translation initiation factor 1
PMG11_10230	CDHK01000012.1	116494	117961	-	hypothetical protein
PMG11_10231	CDHK01000012.1	118765	119378	-	Putative rRNA-processing protein cgrA
PMG11_10232	CDHK01000012.1	119238	121123	+	Putative Amino acid transporter arg-13
PMG11_10233	CDHK01000012.1	121203	122761	-	hypothetical protein
PMG11_10234	CDHK01000012.1	123410	124922	+	Putative Fe2 /Zn2 regulated transporter
PMG11_10235	CDHK01000012.1	125223	126198	+	Putative Cytidine deaminase
PMG11_10236	CDHK01000012.1	126541	131128	-	hypothetical protein
PMG11_10237	CDHK01000012.1	131929	134196	-	hypothetical protein
PMG11_10238	CDHK01000012.1	136506	140169	-	Putative Exocyst subunit-Sec10p
PMG11_10239	CDHK01000012.1	140627	141792	+	hypothetical protein
PMG11_10240	CDHK01000012.1	141247	143342	-	hypothetical protein
PMG11_10241	CDHK01000012.1	144866	148763	+	hypothetical protein
PMG11_10242	CDHK01000012.1	148839	151674	+	hypothetical protein
PMG11_10243	CDHK01000012.1	151875	154281	-	hypothetical protein
PMG11_10244	CDHK01000012.1	156010	157737	+	hypothetical protein
PMG11_10245	CDHK01000012.1	159669	162027	+	hypothetical protein
PMG11_10246	CDHK01000012.1	162667	163050	-	hypothetical protein
PMG11_10247	CDHK01000012.1	164070	165837	+	Putative Myo-inositol transporter
PMG11_10248	CDHK01000012.1	169008	174070	+	Putative ABC multidrug transporter (Eurofung)
PMG11_10249	CDHK01000012.1	173895	176285	-	Putative Permease of the major facilitator superfamily
PMG11_10250	CDHK01000012.1	176782	178558	+	Putative Integral membrane protein
PMG11_10251	CDHK01000012.1	179890	181338	+	hypothetical protein
PMG11_10252	CDHK01000012.1	181764	183218	+	hypothetical protein
PMG11_10253	CDHK01000012.1	183530	184555	-	hypothetical protein
PMG11_10254	CDHK01000012.1	185211	188495	+	hypothetical protein
PMG11_10255	CDHK01000012.1	189659	191799	+	Putative Na /H antiporter
PMG11_10256	CDHK01000012.1	193235	194773	+	Putative Exo-polygalacturonase
PMG11_10257	CDHK01000012.1	195763	197953	+	hypothetical protein
PMG11_10258	CDHK01000012.1	198778	201243	-	Putative Cytochrome P450 monooxygenase
PMG11_10259	CDHK01000012.1	201928	202926	+	hypothetical protein
PMG11_10260	CDHK01000012.1	203334	204499	-	hypothetical protein
PMG11_10261	CDHK01000012.1	205406	207544	+	hypothetical protein
PMG11_10262	CDHK01000012.1	208143	210035	+	hypothetical protein
PMG11_10263	CDHK01000012.1	209145	211970	-	Putative MFS peptide transporter
PMG11_10264	CDHK01000012.1	212721	213462	-	Putative Conserved protein typically associated with flavoprotein oxygenase
PMG11_10265	CDHK01000012.1	215942	218141	-	hypothetical protein
PMG11_10266	CDHK01000012.1	218588	223083	-	Putative RNA-binding protein
PMG11_10267	CDHK01000012.1	224206	226783	+	Putative Asparaginyl-tRNA synthetase
PMG11_10268	CDHK01000012.1	229294	229796	-	hypothetical protein
PMG11_10269	CDHK01000012.1	235161	236112	+	hypothetical protein
PMG11_10270	CDHK01000012.1	237430	238357	+	hypothetical protein
PMG11_10271	CDHK01000012.1	240348	241733	+	hypothetical protein
PMG11_10272	CDHK01000012.1	242056	242437	-	hypothetical protein
PMG11_10273	CDHK01000012.1	242981	243504	-	hypothetical protein
PMG11_10274	CDHK01000012.1	245850	248586	-	hypothetical protein
PMG11_10275	CDHK01000012.1	250809	254912	-	hypothetical protein
PMG11_10276	CDHK01000012.1	255049	255357	+	hypothetical protein
PMG11_10277	CDHK01000012.1	256027	259673	+	Putative RNA-binding protein
PMG11_10278	CDHK01000012.1	260373	262150	+	hypothetical protein
PMG11_10279	CDHK01000012.1	262707	265063	+	hypothetical protein
PMG11_10280	CDHK01000012.1	265541	266362	-	Putative Ubiquitin C-terminal hydrolase L3
PMG11_10281	CDHK01000012.1	266841	267950	-	Putative mRNA decapping hydrolase
PMG11_10282	CDHK01000012.1	268455	269463	-	hypothetical protein
PMG11_10283	CDHK01000012.1	272218	273495	-	hypothetical protein
PMG11_10284	CDHK01000012.1	276344	277951	-	hypothetical protein
PMG11_10285	CDHK01000012.1	278067	280996	+	Putative Pre-mRNA-splicing factor cef1
PMG11_10286	CDHK01000012.1	280998	283328	+	Putative Histone acetyltransferase ESA1
PMG11_10287	CDHK01000012.1	283768	285973	-	hypothetical protein
PMG11_10288	CDHK01000012.1	288506	293812	-	hypothetical protein
PMG11_10289	CDHK01000012.1	294050	294728	-	Putative Mitochondrial F1F0 ATP synthase subunit F
PMG11_10290	CDHK01000012.1	295022	295809	+	Putative NADH-ubiquinone oxidoreductase subunit
PMG11_10291	CDHK01000012.1	296493	296899	-	hypothetical protein
PMG11_10292	CDHK01000012.1	297488	299645	-	hypothetical protein
PMG11_10293	CDHK01000012.1	301186	302489	+	Putative Deoxyhypusine hydroxylase
PMG11_10294	CDHK01000012.1	302496	303001	-	Putative DNA-directed RNA polymerase subunit
PMG11_10295	CDHK01000012.1	303209	309217	+	hypothetical protein
PMG11_10296	CDHK01000012.1	309324	313154	+	Putative NADH dehydrogenase
PMG11_10297	CDHK01000012.1	312396	314497	-	Putative CTLH domain-containing protein
PMG11_10298	CDHK01000012.1	313286	316214	+	Putative Uridine kinase
PMG11_10299	CDHK01000012.1	316483	319078	+	hypothetical protein
PMG11_10300	CDHK01000012.1	319200	323529	+	hypothetical protein
PMG11_10301	CDHK01000012.1	323539	326065	-	Putative Alpha-glucosidase
PMG11_10302	CDHK01000012.1	326598	337274	-	Putative Vacuolar membrane-associated protein iml1
PMG11_10303	CDHK01000012.1	337656	340530	+	hypothetical protein
PMG11_10304	CDHK01000012.1	343360	344861	-	hypothetical protein
PMG11_10305	CDHK01000012.1	345701	346662	+	hypothetical protein
PMG11_10306	CDHK01000012.1	346663	349237	-	hypothetical protein
PMG11_10307	CDHK01000012.1	349607	351324	-	Putative pH-responsive protein 2
PMG11_10308	CDHK01000012.1	353199	355049	+	hypothetical protein
PMG11_10309	CDHK01000012.1	355469	357479	+	hypothetical protein
PMG11_10310	CDHK01000012.1	357819	360354	-	Putative Mutant tryptophan synthase (Fragment)
PMG11_10311	CDHK01000012.1	360926	363495	-	hypothetical protein
PMG11_10312	CDHK01000012.1	369072	369839	-	Putative DUF1348 domain protein
PMG11_10313	CDHK01000012.1	370902	372621	+	hypothetical protein
PMG11_10314	CDHK01000012.1	373543	378174	+	Putative Calcium/proton exchanger
PMG11_10315	CDHK01000012.1	378494	379777	-	hypothetical protein
PMG11_10316	CDHK01000012.1	380174	383108	+	hypothetical protein
PMG11_10317	CDHK01000012.1	383636	385199	+	Putative Salicylate hydroxylase
PMG11_10318	CDHK01000012.1	388204	389266	+	hypothetical protein
PMG11_10319	CDHK01000012.1	391696	396106	-	Putative C6 transcription factor
PMG11_10320	CDHK01000012.1	403083	405327	+	hypothetical protein
PMG11_10321	CDHK01000012.1	406357	408349	+	hypothetical protein
PMG11_10322	CDHK01000012.1	408657	412279	-	Putative RfeD
PMG11_10323	CDHK01000012.1	414746	415789	-	hypothetical protein
PMG11_10324	CDHK01000012.1	416927	418978	+	Putative Taurine catabolism dioxygenase TauD
PMG11_10325	CDHK01000012.1	423746	425793	-	Putative TPR repeat protein
PMG11_10326	CDHK01000012.1	428411	429235	+	hypothetical protein
PMG11_10327	CDHK01000012.1	430439	433311	-	hypothetical protein
PMG11_10328	CDHK01000012.1	433913	434425	-	hypothetical protein
PMG11_10329	CDHK01000012.1	435225	437716	+	hypothetical protein
PMG11_10330	CDHK01000012.1	438417	440097	+	hypothetical protein
PMG11_10331	CDHK01000012.1	440258	441594	-	hypothetical protein
PMG11_10332	CDHK01000012.1	442673	444364	+	hypothetical protein
PMG11_10333	CDHK01000012.1	444471	447490	-	hypothetical protein
PMG11_10334	CDHK01000012.1	448218	450457	-	hypothetical protein
PMG11_10335	CDHK01000012.1	451832	453727	+	hypothetical protein
PMG11_10336	CDHK01000012.1	454254	456181	-	hypothetical protein
PMG11_10337	CDHK01000012.1	456454	465607	+	hypothetical protein
PMG11_10338	CDHK01000012.1	460783	465607	-	hypothetical protein
PMG11_10339	CDHK01000012.1	468302	469423	-	hypothetical protein
PMG11_10340	CDHK01000012.1	469607	470212	-	hypothetical protein
PMG11_10341	CDHK01000012.1	471225	472811	+	hypothetical protein
PMG11_10342	CDHK01000012.1	473455	475193	+	hypothetical protein
PMG11_10343	CDHK01000012.1	475097	476155	-	hypothetical protein
PMG11_10344	CDHK01000012.1	479165	480131	+	hypothetical protein
PMG11_10345	CDHK01000012.1	480509	481700	+	hypothetical protein
PMG11_10346	CDHK01000012.1	481934	485379	-	Putative DNA polymerase V
PMG11_10347	CDHK01000012.1	493436	495333	+	Putative M-phase inducer phosphatase
PMG11_10348	CDHK01000012.1	497558	498989	+	hypothetical protein
PMG11_10349	CDHK01000012.1	499479	501582	-	hypothetical protein
PMG11_10350	CDHK01000012.1	501756	509911	+	hypothetical protein
PMG11_10351	CDHK01000012.1	510272	511734	-	hypothetical protein
PMG11_10352	CDHK01000012.1	513948	514949	-	hypothetical protein
PMG11_10353	CDHK01000012.1	515056	519538	+	hypothetical protein
PMG11_10354	CDHK01000012.1	518063	519538	-	hypothetical protein
PMG11_10355	CDHK01000012.1	520315	520909	-	hypothetical protein
PMG11_10356	CDHK01000012.1	528737	530724	+	hypothetical protein
PMG11_10357	CDHK01000012.1	530972	531934	-	hypothetical protein
PMG11_10358	CDHK01000012.1	533781	535699	-	hypothetical protein
PMG11_10359	CDHK01000012.1	539869	540280	+	hypothetical protein
PMG11_10360	CDHK01000012.1	540311	541296	+	Putative Mitogen-activated protein kinase HOG1 (Fragment)
PMG11_10361	CDHK01000012.1	542977	543921	-	Putative ADP-ribosylation factor family protein
PMG11_10362	CDHK01000012.1	544845	549257	+	Putative DNA-directed RNA polymerase
PMG11_10363	CDHK01000012.1	549686	552431	+	Putative Permease of the major facilitator superfamily
PMG11_10364	CDHK01000012.1	553525	553856	-	hypothetical protein
PMG11_10365	CDHK01000012.1	556960	557838	+	hypothetical protein
PMG11_10366	CDHK01000012.1	559630	562117	+	hypothetical protein
PMG11_10367	CDHK01000012.1	563510	564103	-	hypothetical protein
PMG11_10368	CDHK01000012.1	566516	568012	-	hypothetical protein
PMG11_10369	CDHK01000012.1	571104	571461	+	hypothetical protein
PMG11_10370	CDHK01000012.1	571462	572037	+	hypothetical protein
PMG11_10371	CDHK01000012.1	572158	573238	+	hypothetical protein
PMG11_10372	CDHK01000012.1	574075	574446	+	hypothetical protein
PMG11_10373	CDHK01000012.1	592568	593677	-	hypothetical protein
PMG11_10374	CDHK01000012.1	595524	596356	+	hypothetical protein
PMG11_10375	CDHK01000012.1	597560	597886	-	hypothetical protein
PMG11_10376	CDHK01000012.1	601149	602616	+	hypothetical protein
PMG11_10377	CDHK01000012.1	602895	603358	+	hypothetical protein
PMG11_10378	CDHK01000012.1	603785	604915	-	hypothetical protein
PMG11_10379	CDHK01000012.1	605965	607338	+	hypothetical protein
PMG11_10380	CDHK01000012.1	607390	608393	+	hypothetical protein
PMG11_10381	CDHK01000012.1	608530	612728	-	hypothetical protein
PMG11_10382	CDHK01000012.1	614061	614756	-	Putative Reverse transcriptase
PMG11_10383	CDHK01000012.1	616417	620028	-	Putative Reverse transcriptase (Fragment)
PMG11_10384	CDHK01000012.1	620177	620727	-	hypothetical protein
PMG11_10385	CDHK01000012.1	620867	621526	-	Putative Remark: Mars
PMG11_10386	CDHK01000012.1	621746	625184	+	hypothetical protein
PMG11_10387	CDHK01000012.1	625617	626705	+	hypothetical protein
PMG11_10388	CDHK01000012.1	626847	627718	-	Putative D-alanine transfer protein
PMG11_10389	CDHK01000012.1	629809	631539	-	hypothetical protein
PMG11_10390	CDHK01000012.1	633139	633555	+	hypothetical protein
PMG11_10391	CDHK01000012.1	637105	637677	-	hypothetical protein
PMG11_10392	CDHK01000012.1	641505	642419	+	hypothetical protein
PMG11_10393	CDHK01000012.1	642738	644186	+	hypothetical protein
PMG11_10394	CDHK01000012.1	644582	645217	+	hypothetical protein
PMG11_10395	CDHK01000012.1	649668	650545	-	hypothetical protein
PMG11_10396	CDHK01000012.1	650572	652026	-	hypothetical protein
PMG11_10397	CDHK01000012.1	654970	656202	+	hypothetical protein
PMG11_10398	CDHK01000012.1	657937	658629	-	Putative GATA-type sexual development transcription factor NsdD
PMG11_10399	CDHK01000012.1	660920	662772	+	hypothetical protein
PMG11_10400	CDHK01000012.1	667186	668302	+	hypothetical protein
PMG11_10401	CDHK01000012.1	667212	668501	-	hypothetical protein
PMG11_10402	CDHK01000012.1	668801	669526	+	hypothetical protein
PMG11_10403	CDHK01000012.1	670094	672768	-	hypothetical protein
PMG11_10404	CDHK01000012.1	681614	682222	+	hypothetical protein
PMG11_10405	CDHK01000012.1	687800	688117	-	hypothetical protein
PMG11_10406	CDHK01000012.1	688873	689895	+	hypothetical protein
PMG11_10407	CDHK01000012.1	690378	693158	+	hypothetical protein
PMG11_10408	CDHK01000012.1	699851	701539	+	hypothetical protein
PMG11_10409	CDHK01000012.1	702338	703170	-	Putative 2og-Fe oxygenase family protein
PMG11_10410	CDHK01000012.1	710895	712756	-	hypothetical protein
PMG11_10411	CDHK01000012.1	713151	714550	+	hypothetical protein
PMG11_10412	CDHK01000012.1	715324	717028	-	hypothetical protein
PMG11_10413	CDHK01000012.1	717656	719365	+	hypothetical protein
PMG11_10414	CDHK01000012.1	720219	720446	+	hypothetical protein
PMG11_10415	CDHK01000012.1	720922	721641	+	hypothetical protein
PMG11_10416	CDHK01000012.1	736310	741406	-	Putative Polyprotein
PMG11_10417	CDHK01000012.1	745316	746317	-	hypothetical protein
PMG11_10418	CDHK01000012.1	747781	750463	-	hypothetical protein
PMG11_10419	CDHK01000012.1	747781	749646	+	hypothetical protein
PMG11_10420	CDHK01000012.1	751589	753604	-	hypothetical protein
PMG11_10421	CDHK01000012.1	751690	752187	+	hypothetical protein
PMG11_10422	CDHK01000012.1	754318	755232	-	hypothetical protein
PMG11_10423	CDHK01000012.1	763051	764047	-	hypothetical protein
PMG11_10424	CDHK01000013.1	380	1150	+	hypothetical protein
PMG11_10425	CDHK01000013.1	1514	2714	+	hypothetical protein
PMG11_10426	CDHK01000013.1	5194	8458	-	Putative SANT domain DNA binding protein
PMG11_10427	CDHK01000013.1	16482	21228	-	hypothetical protein
PMG11_10428	CDHK01000013.1	23074	25395	+	hypothetical protein
PMG11_10429	CDHK01000013.1	27074	28864	+	hypothetical protein
PMG11_10430	CDHK01000013.1	30083	31447	-	hypothetical protein
PMG11_10431	CDHK01000013.1	37952	38584	-	hypothetical protein
PMG11_10432	CDHK01000013.1	47190	48694	-	hypothetical protein
PMG11_10433	CDHK01000013.1	50354	50914	-	hypothetical protein
PMG11_10434	CDHK01000013.1	52103	52718	-	Putative Reverse transcriptase
PMG11_10435	CDHK01000013.1	58324	60104	+	hypothetical protein
PMG11_10436	CDHK01000013.1	61672	62393	+	hypothetical protein
PMG11_10437	CDHK01000013.1	66392	67739	+	hypothetical protein
PMG11_10438	CDHK01000013.1	68059	68463	+	hypothetical protein
PMG11_10439	CDHK01000013.1	73511	74635	+	hypothetical protein
PMG11_10440	CDHK01000013.1	77064	79268	-	hypothetical protein
PMG11_10441	CDHK01000013.1	86687	88216	-	hypothetical protein
PMG11_10442	CDHK01000013.1	90148	91071	-	hypothetical protein
PMG11_10443	CDHK01000013.1	91754	95185	-	hypothetical protein
PMG11_10444	CDHK01000013.1	91840	93310	+	hypothetical protein
PMG11_10445	CDHK01000013.1	97520	98550	+	Putative Aspartyl-tRNA synthetase, cytoplasmic
PMG11_10446	CDHK01000013.1	98596	99457	+	hypothetical protein
PMG11_10447	CDHK01000013.1	99533	99895	+	Putative Aspartyl-tRNA synthetase, cytoplasmic
PMG11_10448	CDHK01000013.1	114468	115007	+	hypothetical protein
PMG11_10449	CDHK01000013.1	116804	118686	+	hypothetical protein
PMG11_10450	CDHK01000013.1	127754	128564	-	hypothetical protein
PMG11_10451	CDHK01000013.1	133921	134526	+	Putative GTP-binding protein ypt3
PMG11_10452	CDHK01000013.1	135781	137709	-	hypothetical protein
PMG11_10453	CDHK01000013.1	139577	141121	+	Putative Integral membrane protein TmpA
PMG11_10454	CDHK01000013.1	142067	143900	-	hypothetical protein
PMG11_10455	CDHK01000013.1	163258	165276	+	hypothetical protein
PMG11_10456	CDHK01000013.1	181097	181309	-	hypothetical protein
PMG11_10457	CDHK01000013.1	186774	190061	-	hypothetical protein
PMG11_10458	CDHK01000013.1	190577	191197	-	hypothetical protein
PMG11_10459	CDHK01000013.1	198728	199516	+	hypothetical protein
PMG11_10460	CDHK01000013.1	208519	208920	-	hypothetical protein
PMG11_10461	CDHK01000013.1	211452	213146	-	Putative MFS transporter
PMG11_10462	CDHK01000013.1	214078	215922	-	Putative Glycoside hydrolase family 28 protein
PMG11_10463	CDHK01000013.1	216631	218132	+	hypothetical protein
PMG11_10464	CDHK01000013.1	218427	220442	-	hypothetical protein
PMG11_10465	CDHK01000013.1	222119	223012	-	hypothetical protein
PMG11_10466	CDHK01000013.1	223723	225158	+	hypothetical protein
PMG11_10467	CDHK01000013.1	225555	225963	+	hypothetical protein
PMG11_10468	CDHK01000013.1	226201	228995	-	hypothetical protein
PMG11_10469	CDHK01000013.1	229417	229794	-	hypothetical protein
PMG11_10470	CDHK01000013.1	230258	232832	+	hypothetical protein
PMG11_10471	CDHK01000013.1	233263	234920	+	hypothetical protein
PMG11_10472	CDHK01000013.1	235153	237539	+	hypothetical protein
PMG11_10473	CDHK01000013.1	237797	238908	-	Putative PEP phosphonomutase
PMG11_10474	CDHK01000013.1	240636	241308	+	Putative DUF1275 domain protein
PMG11_10475	CDHK01000013.1	241902	243627	+	Putative Aldehyde dehydrogenase 9
PMG11_10476	CDHK01000013.1	243939	245458	-	hypothetical protein
PMG11_10477	CDHK01000013.1	245979	247376	-	Putative FAD/FMN-containing dehydrogenases
PMG11_10478	CDHK01000013.1	248729	249971	+	Putative Pectate lyase A
PMG11_10479	CDHK01000013.1	250120	252109	-	hypothetical protein
PMG11_10480	CDHK01000013.1	253465	255118	-	hypothetical protein
PMG11_10481	CDHK01000013.1	256188	256577	-	hypothetical protein
PMG11_10482	CDHK01000013.1	258502	260264	+	Putative Purine nucleoside permease
PMG11_10483	CDHK01000013.1	260570	261740	+	Putative Short chain dehydrogenase/reductase
PMG11_10484	CDHK01000013.1	263037	265253	+	Putative MFS transporter
PMG11_10485	CDHK01000013.1	265548	266674	+	hypothetical protein
PMG11_10486	CDHK01000013.1	268058	269797	-	Putative NADPH:quinone reductase and related Zn-dependent oxidoreductases
PMG11_10487	CDHK01000013.1	269696	271170	+	hypothetical protein
PMG11_10488	CDHK01000013.1	270513	275027	-	hypothetical protein
PMG11_10489	CDHK01000013.1	282613	285575	+	Putative Sialidase
PMG11_10490	CDHK01000013.1	289682	291269	-	Putative Function: YLL057c of S. cerevisiae plays a role in sulfonate catabolism
PMG11_10491	CDHK01000013.1	292544	294220	+	hypothetical protein
PMG11_10492	CDHK01000013.1	294638	295045	-	hypothetical protein
PMG11_10493	CDHK01000013.1	295592	299715	-	hypothetical protein
PMG11_10494	CDHK01000013.1	301364	302374	-	hypothetical protein
PMG11_10495	CDHK01000013.1	302987	305179	-	hypothetical protein
PMG11_10496	CDHK01000013.1	306793	312118	-	Putative DDENN domain protein
PMG11_10497	CDHK01000013.1	313128	313403	-	hypothetical protein
PMG11_10498	CDHK01000013.1	315661	317417	-	Putative DUF974 domain protein
PMG11_10499	CDHK01000013.1	318099	318839	+	hypothetical protein
PMG11_10500	CDHK01000013.1	319011	320827	+	hypothetical protein
PMG11_10501	CDHK01000013.1	321510	322991	-	hypothetical protein
PMG11_10502	CDHK01000013.1	324342	326627	+	hypothetical protein
PMG11_10503	CDHK01000013.1	328717	331930	+	Putative 6-hydroxy-D-nicotine oxidase
PMG11_10504	CDHK01000013.1	330752	331760	-	hypothetical protein
PMG11_10505	CDHK01000013.1	337694	339287	+	hypothetical protein
PMG11_10506	CDHK01000013.1	340485	341961	-	hypothetical protein
PMG11_10507	CDHK01000013.1	343026	346558	+	hypothetical protein
PMG11_10508	CDHK01000013.1	345279	346647	-	hypothetical protein
PMG11_10509	CDHK01000013.1	346711	350246	+	hypothetical protein
PMG11_10510	CDHK01000013.1	351907	353040	-	hypothetical protein
PMG11_10511	CDHK01000013.1	353839	358957	-	Putative Ras guanine-nucleotide exchange protein
PMG11_10512	CDHK01000013.1	372053	375696	-	hypothetical protein
PMG11_10513	CDHK01000013.1	376706	379242	-	Putative Glutamate dehydrogenase
PMG11_10514	CDHK01000013.1	386019	388210	+	Putative Function: ilp is an apoptosis inhibitor
PMG11_10515	CDHK01000013.1	391402	392070	-	hypothetical protein
PMG11_10516	CDHK01000013.1	392875	397044	-	hypothetical protein
PMG11_10517	CDHK01000013.1	398185	400877	+	hypothetical protein
PMG11_10518	CDHK01000013.1	398959	403465	-	hypothetical protein
PMG11_10519	CDHK01000013.1	406166	407883	+	Putative Related to quinate transport protein
PMG11_10520	CDHK01000013.1	413070	414497	-	hypothetical protein
PMG11_10521	CDHK01000013.1	418340	419566	-	Putative Complex: the estimated molecular mass of the purified gentisate 1
PMG11_10522	CDHK01000013.1	419825	421552	+	hypothetical protein
PMG11_10523	CDHK01000013.1	422412	422913	+	hypothetical protein
PMG11_10524	CDHK01000013.1	424975	426089	+	Putative Fumarylacetoacetate hydrolase family protein
PMG11_10525	CDHK01000013.1	428033	428791	-	Putative Allergen Asp f 7
PMG11_10526	CDHK01000013.1	433288	434313	-	Putative NADPH quinone reductase
PMG11_10527	CDHK01000013.1	435134	435992	-	Putative C2H2 type zinc finger domain protein
PMG11_10528	CDHK01000013.1	437003	437959	+	Putative NmrA-like family protein
PMG11_10529	CDHK01000013.1	438234	438791	-	hypothetical protein
PMG11_10530	CDHK01000013.1	441771	442804	-	hypothetical protein
PMG11_10531	CDHK01000013.1	444565	447385	-	Putative Ribonucleoside-diphosphate reductase
PMG11_10532	CDHK01000013.1	448216	448947	-	hypothetical protein
PMG11_10533	CDHK01000013.1	450370	451221	-	Putative Kinase-related protein
PMG11_10534	CDHK01000013.1	452218	453507	-	hypothetical protein
PMG11_10535	CDHK01000013.1	454857	460157	+	Putative Serine-threonine kinase SepH
PMG11_10536	CDHK01000013.1	460354	464193	+	Putative Ubiquinone biosynthesis protein
PMG11_10537	CDHK01000013.1	463425	464085	-	Putative Remark: alternate names for S. cerevisiae Isu2: Nua2
PMG11_10538	CDHK01000013.1	465232	466575	+	hypothetical protein
PMG11_10539	CDHK01000013.1	466958	469313	-	Putative Mitochondrial folate transporter/carrier
PMG11_10540	CDHK01000013.1	469481	470498	+	Putative Cytochrome b-c1 complex subunit 7
PMG11_10541	CDHK01000013.1	469494	472266	-	Putative DNA-3-methyladenine glycosylase
PMG11_10542	CDHK01000013.1	480719	482963	+	Putative Protein ecm33
PMG11_10543	CDHK01000013.1	491828	494679	+	hypothetical protein
PMG11_10544	CDHK01000013.1	495893	496894	+	hypothetical protein
PMG11_10545	CDHK01000013.1	497931	500814	+	Putative Mannosyltransferase complex subunit
PMG11_10546	CDHK01000013.1	500923	502412	+	Putative YCII-related domain protein
PMG11_10547	CDHK01000013.1	503787	505765	+	hypothetical protein
PMG11_10548	CDHK01000013.1	506423	506846	-	hypothetical protein
PMG11_10549	CDHK01000013.1	508314	510359	+	hypothetical protein
PMG11_10550	CDHK01000013.1	510493	512257	+	Putative Remark: SRPK family members may be uniquely regulated and targeted
PMG11_10551	CDHK01000013.1	512647	513838	+	Putative Ubiquitin-conjugating enzyme E2-18 kDa
PMG11_10552	CDHK01000013.1	514057	516797	+	Putative Asparagine synthetase
PMG11_10553	CDHK01000013.1	516891	518436	+	Putative Outer mitochondrial membrane protein porin
PMG11_10554	CDHK01000013.1	517412	519972	-	hypothetical protein
PMG11_10555	CDHK01000013.1	521544	523437	+	Putative Methionine aminopeptidase 2
PMG11_10556	CDHK01000013.1	524012	525055	-	Putative Phosphotransferase family protein
PMG11_10557	CDHK01000013.1	525801	529032	+	hypothetical protein
PMG11_10558	CDHK01000013.1	527745	531253	-	hypothetical protein
PMG11_10559	CDHK01000013.1	531839	532698	+	Putative GTP cyclohydrolase I
PMG11_10560	CDHK01000013.1	533183	536067	+	Putative Sphingolipid desaturase
PMG11_10561	CDHK01000013.1	535632	536866	-	hypothetical protein
PMG11_10562	CDHK01000013.1	537885	539270	+	Putative UBX domain protein
PMG11_10563	CDHK01000013.1	539422	541794	+	Putative RAD52 DNA repair protein RADC
PMG11_10564	CDHK01000013.1	549396	551331	+	Putative Permease of the major facilitator superfamily
PMG11_10565	CDHK01000013.1	551860	554172	-	Putative Choline dehydrogenase
PMG11_10566	CDHK01000013.1	555071	557480	+	hypothetical protein
PMG11_10567	CDHK01000013.1	560192	562069	+	hypothetical protein
PMG11_10568	CDHK01000013.1	562978	565093	+	hypothetical protein
PMG11_10569	CDHK01000013.1	565372	566486	-	Putative D-isomer specific 2-hydroxyacid dehydrogenase
PMG11_10570	CDHK01000013.1	567933	568802	+	hypothetical protein
PMG11_10571	CDHK01000013.1	569719	572372	+	hypothetical protein
PMG11_10572	CDHK01000013.1	572889	578700	-	hypothetical protein
PMG11_10573	CDHK01000013.1	578668	579441	+	Putative Pre-mRNA branch site protein p14
PMG11_10574	CDHK01000013.1	580362	582114	+	Putative Vacuolar membrane protein
PMG11_10575	CDHK01000013.1	583190	584617	+	Putative Function: YHR gene confers resistance to cycloheximide
PMG11_10576	CDHK01000013.1	587196	588757	+	hypothetical protein
PMG11_10577	CDHK01000013.1	589147	591462	+	hypothetical protein
PMG11_10578	CDHK01000013.1	591628	594855	-	Putative Vacuolar sorting protein
PMG11_10579	CDHK01000013.1	595182	597265	+	hypothetical protein
PMG11_10580	CDHK01000013.1	597800	599008	-	hypothetical protein
PMG11_10581	CDHK01000013.1	599737	599976	-	hypothetical protein
PMG11_10582	CDHK01000014.1	33084	34603	-	hypothetical protein
PMG11_10583	CDHK01000014.1	34773	35284	+	Putative Spliceosome associated protein
PMG11_10584	CDHK01000014.1	36104	37852	+	Putative Splicing factor 3b
PMG11_10585	CDHK01000014.1	38065	40137	+	hypothetical protein
PMG11_10586	CDHK01000014.1	40501	41507	+	Putative ER lumen protein retaining receptor
PMG11_10587	CDHK01000014.1	42520	44015	-	hypothetical protein
PMG11_10588	CDHK01000014.1	46467	49489	-	hypothetical protein
PMG11_10589	CDHK01000014.1	50819	52103	+	hypothetical protein
PMG11_10590	CDHK01000014.1	52422	55276	-	Putative NADH-ubiquinone oxidoreductase 78 kDa subunit
PMG11_10591	CDHK01000014.1	55484	58237	-	Putative Glucose-6-phosphate/phosphate and phosphoenolpyruvate/phosphate antiporter
PMG11_10592	CDHK01000014.1	58757	61803	+	hypothetical protein
PMG11_10593	CDHK01000014.1	62237	65211	+	Putative Pumilio-family RNA binding repeat protein
PMG11_10594	CDHK01000014.1	64931	66645	-	Putative MYB DNA-binding domain protein
PMG11_10595	CDHK01000014.1	66784	69209	-	Putative Component of the core form of RNA polymerase transcription factor TFIIH (Eurofung)
PMG11_10596	CDHK01000014.1	67681	72705	+	Putative Puromycin-sensitive aminopeptidase and related aminopeptidases
PMG11_10597	CDHK01000014.1	72889	74808	+	Putative GTPase Rab1/YPT1, small G protein superfamily
PMG11_10598	CDHK01000014.1	75420	76510	+	Putative Peroxisomal membrane protein Pmp47
PMG11_10599	CDHK01000014.1	77543	80767	+	hypothetical protein
PMG11_10600	CDHK01000014.1	81324	83131	+	hypothetical protein
PMG11_10601	CDHK01000014.1	82926	83933	-	hypothetical protein
PMG11_10602	CDHK01000014.1	84832	88274	+	hypothetical protein
PMG11_10603	CDHK01000014.1	88420	90901	-	hypothetical protein
PMG11_10604	CDHK01000014.1	91161	93118	+	Putative Ubiquinol-cytochrome c reductase complex core protein 2 (Eurofung)
PMG11_10605	CDHK01000014.1	94657	96679	-	Putative Mitochondrial DNA replication protein
PMG11_10606	CDHK01000014.1	97383	100173	-	Putative Citrate synthase
PMG11_10607	CDHK01000014.1	100855	105427	+	Putative RNA binding protein Nrd1
PMG11_10608	CDHK01000014.1	106739	108788	-	hypothetical protein
PMG11_10609	CDHK01000014.1	109014	111099	+	Putative Choline transport protein
PMG11_10610	CDHK01000014.1	111706	112779	+	Putative Glucosamine-6-phosphate deaminase
PMG11_10611	CDHK01000014.1	113287	115172	+	hypothetical protein
PMG11_10612	CDHK01000014.1	115773	116570	+	hypothetical protein
PMG11_10613	CDHK01000014.1	116761	118781	-	Putative Homocysteine synthase
PMG11_10614	CDHK01000014.1	120377	122541	+	Putative Bicyclomycin resistance protein
PMG11_10615	CDHK01000014.1	122804	124389	+	hypothetical protein
PMG11_10616	CDHK01000014.1	125463	127991	+	Putative Amino acid transporter
PMG11_10617	CDHK01000014.1	128248	131297	+	Putative Long-chain acyl-CoA synthetase
PMG11_10618	CDHK01000014.1	132911	135651	+	hypothetical protein
PMG11_10619	CDHK01000014.1	135640	136498	-	Putative Antibiotic biosynthesis monooxygenase
PMG11_10620	CDHK01000014.1	137365	137934	-	hypothetical protein
PMG11_10621	CDHK01000014.1	140153	143036	-	Putative Heat shock protein 90
PMG11_10622	CDHK01000014.1	143363	147044	-	hypothetical protein
PMG11_10623	CDHK01000014.1	147880	148369	-	hypothetical protein
PMG11_10624	CDHK01000014.1	149391	152348	+	hypothetical protein
PMG11_10625	CDHK01000014.1	151555	152267	-	Putative MIND kinetochore complex component Nnf1
PMG11_10626	CDHK01000014.1	152535	154573	-	hypothetical protein
PMG11_10627	CDHK01000014.1	155344	157227	-	Putative Protein tyrosine kinase
PMG11_10628	CDHK01000014.1	157398	158555	-	Putative Sirtuin 4
PMG11_10629	CDHK01000014.1	159209	160692	+	Putative Function: MMT1 of S. cerevisiae is involved in the iron import in mitochondria
PMG11_10630	CDHK01000014.1	161284	163658	+	Putative D-xylulokinase
PMG11_10631	CDHK01000014.1	165158	167087	-	hypothetical protein
PMG11_10632	CDHK01000014.1	167487	168382	+	hypothetical protein
PMG11_10633	CDHK01000014.1	168856	173946	+	Putative tRNA exportin
PMG11_10634	CDHK01000014.1	173765	174913	-	Putative Esterase
PMG11_10635	CDHK01000014.1	175196	181903	-	hypothetical protein
PMG11_10636	CDHK01000014.1	181961	182638	+	hypothetical protein
PMG11_10637	CDHK01000014.1	182933	186281	-	Putative Calcium-binding mitochondrial carrier protein Aralar2
PMG11_10638	CDHK01000014.1	187349	188858	-	hypothetical protein
PMG11_10639	CDHK01000014.1	190336	191274	-	hypothetical protein
PMG11_10640	CDHK01000014.1	193423	193782	+	hypothetical protein
PMG11_10641	CDHK01000014.1	195650	197644	+	hypothetical protein
PMG11_10642	CDHK01000014.1	197556	201053	-	hypothetical protein
PMG11_10643	CDHK01000014.1	197939	202174	+	hypothetical protein
PMG11_10644	CDHK01000014.1	202271	204739	+	Putative Transformer-SR ribonucleoprotein
PMG11_10645	CDHK01000014.1	204939	205899	-	hypothetical protein
PMG11_10646	CDHK01000014.1	206038	209493	+	hypothetical protein
PMG11_10647	CDHK01000014.1	208774	209912	-	Putative 40S ribosomal protein S13
PMG11_10648	CDHK01000014.1	210040	212148	-	Putative 8-oxoguanine DNA glycosylase
PMG11_10649	CDHK01000014.1	212159	214276	+	Putative Splicing factor U2AF 65 kDa subunit
PMG11_10650	CDHK01000014.1	214949	217052	-	hypothetical protein
PMG11_10651	CDHK01000014.1	219822	221470	+	hypothetical protein
PMG11_10652	CDHK01000014.1	222503	224254	-	hypothetical protein
PMG11_10653	CDHK01000014.1	224893	225294	+	hypothetical protein
PMG11_10654	CDHK01000014.1	225474	226881	+	hypothetical protein
PMG11_10655	CDHK01000014.1	227066	227856	-	hypothetical protein
PMG11_10656	CDHK01000014.1	227924	229064	-	hypothetical protein
PMG11_10657	CDHK01000014.1	229963	231276	+	hypothetical protein
PMG11_10658	CDHK01000014.1	231921	238223	+	hypothetical protein
PMG11_10659	CDHK01000014.1	238356	240068	+	hypothetical protein
PMG11_10660	CDHK01000014.1	240606	241584	+	hypothetical protein
PMG11_10661	CDHK01000014.1	241670	243208	+	hypothetical protein
PMG11_10662	CDHK01000014.1	243667	244987	+	hypothetical protein
PMG11_10663	CDHK01000014.1	245302	247848	+	hypothetical protein
PMG11_10664	CDHK01000014.1	249228	249880	+	hypothetical protein
PMG11_10665	CDHK01000014.1	256600	257966	-	hypothetical protein
PMG11_10666	CDHK01000014.1	258483	259801	+	hypothetical protein
PMG11_10667	CDHK01000014.1	263294	266067	-	hypothetical protein
PMG11_10668	CDHK01000014.1	270805	273158	+	Putative Endoplasmic reticulum protein
PMG11_10669	CDHK01000014.1	273059	273978	+	hypothetical protein
PMG11_10670	CDHK01000014.1	274051	276088	-	hypothetical protein
PMG11_10671	CDHK01000014.1	276823	278730	-	hypothetical protein
PMG11_10672	CDHK01000014.1	279253	283726	-	hypothetical protein
PMG11_10673	CDHK01000014.1	285269	287748	+	Putative Function: Pob3 of S. cerevisiae is an essential nuclear protein
PMG11_10674	CDHK01000014.1	288802	290485	+	Putative Cell division control protein 3
PMG11_10675	CDHK01000014.1	291550	294096	-	hypothetical protein
PMG11_10676	CDHK01000014.1	294317	295691	-	hypothetical protein
PMG11_10677	CDHK01000014.1	296527	296960	-	hypothetical protein
PMG11_10678	CDHK01000014.1	301752	303128	-	Putative Nad binding rossmann fold-containing protein
PMG11_10679	CDHK01000014.1	303769	306054	-	hypothetical protein
PMG11_10680	CDHK01000014.1	306671	308316	+	hypothetical protein
PMG11_10681	CDHK01000014.1	311838	313728	+	hypothetical protein
PMG11_10682	CDHK01000014.1	314537	316372	+	Putative Mitochondrial carrier protein
PMG11_10683	CDHK01000014.1	316504	318474	+	hypothetical protein
PMG11_10684	CDHK01000014.1	318639	319886	-	hypothetical protein
PMG11_10685	CDHK01000014.1	320192	321179	+	Putative Essential protein of the mitochondrial intermembrane space (IMS)
PMG11_10686	CDHK01000014.1	322274	324400	-	Putative Sensor histidine kinase/response regulator Fos-1/TcsA
PMG11_10687	CDHK01000014.1	324884	326624	+	hypothetical protein
PMG11_10688	CDHK01000014.1	326766	331138	+	hypothetical protein
PMG11_10689	CDHK01000014.1	332758	334195	+	hypothetical protein
PMG11_10690	CDHK01000014.1	336663	340443	-	Putative Nonsense-mediated mRNA decay factor
PMG11_10691	CDHK01000014.1	340985	341263	-	hypothetical protein
PMG11_10692	CDHK01000014.1	342086	344812	-	hypothetical protein
PMG11_10693	CDHK01000014.1	347387	349974	-	hypothetical protein
PMG11_10694	CDHK01000014.1	353667	355111	+	hypothetical protein
PMG11_10695	CDHK01000014.1	355278	356812	+	Putative Electron transfer flavoprotein subunit alpha
PMG11_10696	CDHK01000014.1	356939	358266	-	Putative Auxin-induced protein PCNT115
PMG11_10697	CDHK01000014.1	359626	363130	+	hypothetical protein
PMG11_10698	CDHK01000014.1	363711	365338	+	Putative Porphobilinogen deaminase
PMG11_10699	CDHK01000014.1	366553	366789	-	hypothetical protein
PMG11_10700	CDHK01000014.1	369509	369823	+	hypothetical protein
PMG11_10701	CDHK01000014.1	370159	370698	+	hypothetical protein
PMG11_10702	CDHK01000014.1	371797	372834	+	Putative Glutathione transferase
PMG11_10703	CDHK01000014.1	372982	378014	+	Putative Chromatin remodeling factor subunit and related transcription factors
PMG11_10704	CDHK01000014.1	375848	377788	-	hypothetical protein
PMG11_10705	CDHK01000014.1	378033	380142	+	hypothetical protein
PMG11_10706	CDHK01000014.1	381338	385086	-	Putative Elongation factor 3
PMG11_10707	CDHK01000014.1	389283	392956	+	hypothetical protein
PMG11_10708	CDHK01000014.1	394325	398787	-	Putative GPI inositol-deacylase
PMG11_10709	CDHK01000014.1	400239	402966	-	Putative Lactate/pyruvate transporter
PMG11_10710	CDHK01000014.1	405024	406960	+	hypothetical protein
PMG11_10711	CDHK01000014.1	406961	409938	-	hypothetical protein
PMG11_10712	CDHK01000014.1	410151	411902	-	hypothetical protein
PMG11_10713	CDHK01000014.1	412012	415192	-	Putative MBPA protein (Fragment)
PMG11_10714	CDHK01000014.1	415307	416526	+	hypothetical protein
PMG11_10715	CDHK01000014.1	416885	417775	-	hypothetical protein
PMG11_10716	CDHK01000014.1	418706	419568	+	Putative UPF0145 domain protein
PMG11_10717	CDHK01000014.1	421646	423291	+	hypothetical protein
PMG11_10718	CDHK01000014.1	428056	430992	+	hypothetical protein
PMG11_10719	CDHK01000014.1	434669	435172	+	hypothetical protein
PMG11_10720	CDHK01000014.1	438187	439287	-	hypothetical protein
PMG11_10721	CDHK01000014.1	441815	443155	-	hypothetical protein
PMG11_10722	CDHK01000014.1	444211	446484	-	hypothetical protein
PMG11_10723	CDHK01000014.1	451076	451537	+	Putative L-PSP endoribonuclease family protein
PMG11_10724	CDHK01000014.1	451679	452669	-	hypothetical protein
PMG11_10725	CDHK01000014.1	452807	454097	+	Putative 5-proFAR isomerase
PMG11_10726	CDHK01000014.1	454869	456129	-	Putative Acetylxylan esterase A
PMG11_10727	CDHK01000014.1	457232	458519	-	Putative Quinone reductase
PMG11_10728	CDHK01000014.1	459496	461404	-	hypothetical protein
PMG11_10729	CDHK01000014.1	461815	462846	+	hypothetical protein
PMG11_10730	CDHK01000014.1	506041	506961	+	hypothetical protein
PMG11_10731	CDHK01000014.1	529921	531414	-	hypothetical protein
PMG11_10732	CDHK01000014.1	531846	532162	+	hypothetical protein
PMG11_10733	CDHK01000014.1	537372	539132	+	hypothetical protein
PMG11_10734	CDHK01000014.1	544192	545941	+	hypothetical protein
PMG11_10735	CDHK01000014.1	546545	547653	+	hypothetical protein
PMG11_10736	CDHK01000014.1	548397	550528	+	hypothetical protein
PMG11_10737	CDHK01000014.1	550670	550918	+	hypothetical protein
PMG11_10738	CDHK01000014.1	565032	565645	+	hypothetical protein
PMG11_10739	CDHK01000014.1	565771	567737	+	hypothetical protein
PMG11_10740	CDHK01000014.1	575111	576607	-	hypothetical protein
PMG11_10741	CDHK01000015.1	1434	2368	-	hypothetical protein
PMG11_10742	CDHK01000015.1	5876	8696	-	hypothetical protein
PMG11_10743	CDHK01000015.1	11793	12485	+	Putative CFEM domain protein
PMG11_10744	CDHK01000015.1	14382	15949	-	hypothetical protein
PMG11_10745	CDHK01000015.1	16395	17909	-	hypothetical protein
PMG11_10746	CDHK01000015.1	18749	19936	+	Putative Initiation-specific alpha-1,6-mannosyltransferase
PMG11_10747	CDHK01000015.1	21198	22272	-	hypothetical protein
PMG11_10748	CDHK01000015.1	24521	27481	-	hypothetical protein
PMG11_10749	CDHK01000015.1	24734	25525	+	hypothetical protein
PMG11_10750	CDHK01000015.1	27525	32639	+	Putative ATPase, P-type, transmembrane domain protein
PMG11_10751	CDHK01000015.1	32974	33870	-	hypothetical protein
PMG11_10752	CDHK01000015.1	36221	36717	+	hypothetical protein
PMG11_10753	CDHK01000015.1	37730	39972	+	hypothetical protein
PMG11_10754	CDHK01000015.1	41106	43202	+	hypothetical protein
PMG11_10755	CDHK01000015.1	43856	45747	-	Putative Zinc-containing alcohol dehydrogenase
PMG11_10756	CDHK01000015.1	47330	52727	+	hypothetical protein
PMG11_10757	CDHK01000015.1	52850	54048	-	Putative 2-dehydropantoate 2-reductase
PMG11_10758	CDHK01000015.1	54402	55978	-	hypothetical protein
PMG11_10759	CDHK01000015.1	56428	58243	+	Putative MFS allantoate transporter
PMG11_10760	CDHK01000015.1	58846	60126	+	Putative Mandelate racemase/muconate lactonizing enzyme family protein
PMG11_10761	CDHK01000015.1	60484	61393	+	Putative Dehydrogenases with different specificities
PMG11_10762	CDHK01000015.1	62697	63989	+	hypothetical protein
PMG11_10763	CDHK01000015.1	65722	66405	+	hypothetical protein
PMG11_10764	CDHK01000015.1	67535	69803	+	hypothetical protein
PMG11_10765	CDHK01000015.1	68740	70291	-	Putative UNC93-like protein
PMG11_10766	CDHK01000015.1	70144	73396	+	hypothetical protein
PMG11_10767	CDHK01000015.1	73430	74854	-	hypothetical protein
PMG11_10768	CDHK01000015.1	74479	76748	+	hypothetical protein
PMG11_10769	CDHK01000015.1	78776	82147	+	hypothetical protein
PMG11_10770	CDHK01000015.1	82459	84189	-	hypothetical protein
PMG11_10771	CDHK01000015.1	85695	86147	-	hypothetical protein
PMG11_10772	CDHK01000015.1	87158	87789	-	hypothetical protein
PMG11_10773	CDHK01000015.1	88489	89119	+	hypothetical protein
PMG11_10774	CDHK01000015.1	89938	90651	+	hypothetical protein
PMG11_10775	CDHK01000015.1	90779	91385	-	Putative DUF636 domain protein
PMG11_10776	CDHK01000015.1	91955	93606	+	hypothetical protein
PMG11_10777	CDHK01000015.1	93854	94651	+	hypothetical protein
PMG11_10778	CDHK01000015.1	94844	98215	-	Putative Kinesin motor domain protein
PMG11_10779	CDHK01000015.1	98382	101292	+	Putative Coronin
PMG11_10780	CDHK01000015.1	101633	103020	+	hypothetical protein
PMG11_10781	CDHK01000015.1	103169	104118	-	hypothetical protein
PMG11_10782	CDHK01000015.1	104620	106374	-	hypothetical protein
PMG11_10783	CDHK01000015.1	107983	109712	+	hypothetical protein
PMG11_10784	CDHK01000015.1	108718	113351	-	hypothetical protein
PMG11_10785	CDHK01000015.1	113945	115424	+	Putative CBF/NF-Y family transcription factor
PMG11_10786	CDHK01000015.1	115568	118325	+	hypothetical protein
PMG11_10787	CDHK01000015.1	119165	121380	+	hypothetical protein
PMG11_10788	CDHK01000015.1	121566	122775	+	Putative Vacuolar protein sorting protein
PMG11_10789	CDHK01000015.1	123692	126176	-	Putative Dihydroxy-acid dehydratase
PMG11_10790	CDHK01000015.1	126240	129179	-	Putative Serine/threonine protein kinase ppk27
PMG11_10791	CDHK01000015.1	130032	131216	-	hypothetical protein
PMG11_10792	CDHK01000015.1	131530	132477	-	hypothetical protein
PMG11_10793	CDHK01000015.1	134121	135743	-	hypothetical protein
PMG11_10794	CDHK01000015.1	136504	137516	+	hypothetical protein
PMG11_10795	CDHK01000015.1	137630	139507	-	Putative C6 zinc finger domain containing protein
PMG11_10796	CDHK01000015.1	140084	140859	-	hypothetical protein
PMG11_10797	CDHK01000015.1	144250	145465	+	hypothetical protein
PMG11_10798	CDHK01000015.1	145844	147073	-	hypothetical protein
PMG11_10799	CDHK01000015.1	153405	153905	+	hypothetical protein
PMG11_10800	CDHK01000015.1	154563	155244	-	Putative Import inner membrane translocase, subunit TIM23
PMG11_10801	CDHK01000015.1	155463	160934	+	hypothetical protein
PMG11_10802	CDHK01000015.1	161307	162158	+	hypothetical protein
PMG11_10803	CDHK01000015.1	162882	165088	+	Putative Sorting nexin-41
PMG11_10804	CDHK01000015.1	166328	167761	+	hypothetical protein
PMG11_10805	CDHK01000015.1	168691	170595	-	Putative Glucuronidase
PMG11_10806	CDHK01000015.1	171726	172966	+	hypothetical protein
PMG11_10807	CDHK01000015.1	173732	175033	-	hypothetical protein
PMG11_10808	CDHK01000015.1	175189	180809	-	hypothetical protein
PMG11_10809	CDHK01000015.1	181048	182811	-	hypothetical protein
PMG11_10810	CDHK01000015.1	185665	188333	+	Putative Autophagy-related protein 17
PMG11_10811	CDHK01000015.1	188572	190287	-	Putative Serine/threonine-protein kinase RIO1
PMG11_10812	CDHK01000015.1	190608	194446	+	Putative Chromosome segregation protein sudA
PMG11_10813	CDHK01000015.1	194741	195543	-	hypothetical protein
PMG11_10814	CDHK01000015.1	195864	197037	+	Putative NADH-cytochrome b5 reductase 1
PMG11_10815	CDHK01000015.1	197553	197939	-	hypothetical protein
PMG11_10816	CDHK01000015.1	198640	200761	-	Putative Siderophore iron transporter
PMG11_10817	CDHK01000015.1	202695	203507	+	hypothetical protein
PMG11_10818	CDHK01000015.1	203934	205288	-	hypothetical protein
PMG11_10819	CDHK01000015.1	207976	208975	+	hypothetical protein
PMG11_10820	CDHK01000015.1	208876	210120	+	hypothetical protein
PMG11_10821	CDHK01000015.1	210837	212055	-	hypothetical protein
PMG11_10822	CDHK01000015.1	212727	214866	+	Putative Arginyl-tRNA synthetase
PMG11_10823	CDHK01000015.1	215775	217307	+	hypothetical protein
PMG11_10824	CDHK01000015.1	217329	218264	+	Putative Transporter
PMG11_10825	CDHK01000015.1	221554	226621	+	hypothetical protein
PMG11_10826	CDHK01000015.1	226335	227392	-	Putative NmrA family transcriptional regulator
PMG11_10827	CDHK01000015.1	227851	229539	-	hypothetical protein
PMG11_10828	CDHK01000015.1	230765	231399	+	hypothetical protein
PMG11_10829	CDHK01000015.1	232025	232675	-	hypothetical protein
PMG11_10830	CDHK01000015.1	233163	233548	-	hypothetical protein
PMG11_10831	CDHK01000015.1	234606	236437	+	hypothetical protein
PMG11_10832	CDHK01000015.1	237389	238360	-	hypothetical protein
PMG11_10833	CDHK01000015.1	239053	239869	+	Putative Acetyltransferase
PMG11_10834	CDHK01000015.1	240871	242748	+	Putative Amino acid transporter
PMG11_10835	CDHK01000015.1	243119	244744	+	hypothetical protein
PMG11_10836	CDHK01000015.1	244526	245068	-	hypothetical protein
PMG11_10837	CDHK01000015.1	245168	249834	+	hypothetical protein
PMG11_10838	CDHK01000015.1	256080	258266	+	hypothetical protein
PMG11_10839	CDHK01000015.1	259108	261610	+	hypothetical protein
PMG11_10840	CDHK01000015.1	262412	263744	-	hypothetical protein
PMG11_10841	CDHK01000015.1	264336	265212	-	hypothetical protein
PMG11_10842	CDHK01000015.1	266577	267108	-	hypothetical protein
PMG11_10843	CDHK01000015.1	267889	271835	+	hypothetical protein
PMG11_10844	CDHK01000015.1	273016	276434	-	Putative Hmg box transcriptional
PMG11_10845	CDHK01000015.1	278043	279456	-	hypothetical protein
PMG11_10846	CDHK01000015.1	281510	283509	+	Putative 40S ribosomal protein S6
PMG11_10847	CDHK01000015.1	284806	286071	-	Putative Ribose-phosphate pyrophosphokinase
PMG11_10848	CDHK01000015.1	286549	298933	-	Putative Complex: by two-hybrid S. cerevisiae TOM1 interacts with KRR1
PMG11_10849	CDHK01000015.1	299777	304002	-	Putative Psi-producing oxygenase A
PMG11_10850	CDHK01000015.1	305191	307340	+	Putative Steroid alpha reductase family protein
PMG11_10851	CDHK01000015.1	307123	308218	-	Putative Gma12p
PMG11_10852	CDHK01000015.1	309271	309954	-	Putative 50S ribosomal protein L24
PMG11_10853	CDHK01000015.1	310257	311795	+	Putative ATPase AAA type core
PMG11_10854	CDHK01000015.1	312499	313356	+	Putative Vesicle transport v-snare protein
PMG11_10855	CDHK01000015.1	313832	314824	-	hypothetical protein
PMG11_10856	CDHK01000015.1	316022	316417	-	hypothetical protein
PMG11_10857	CDHK01000015.1	317938	320267	-	hypothetical protein
PMG11_10858	CDHK01000015.1	320878	322148	-	Putative Iron sulfur assembly protein 1
PMG11_10859	CDHK01000015.1	322373	325983	+	hypothetical protein
PMG11_10860	CDHK01000015.1	325806	327373	-	Putative Histone acetylase complex subunit MRG15-2
PMG11_10861	CDHK01000015.1	328088	329298	+	hypothetical protein
PMG11_10862	CDHK01000015.1	329576	330049	+	hypothetical protein
PMG11_10863	CDHK01000015.1	330783	332153	+	Putative 4-hydroxyphenylpyruvate dioxygenase
PMG11_10864	CDHK01000015.1	332367	333922	-	hypothetical protein
PMG11_10865	CDHK01000015.1	335468	335980	+	Putative Stress responsive A/B barrel domain protein
PMG11_10866	CDHK01000015.1	335749	340057	-	hypothetical protein
PMG11_10867	CDHK01000015.1	340229	341501	-	hypothetical protein
PMG11_10868	CDHK01000015.1	341780	344605	+	hypothetical protein
PMG11_10869	CDHK01000015.1	345008	345679	+	hypothetical protein
PMG11_10870	CDHK01000015.1	345889	348919	-	hypothetical protein
PMG11_10871	CDHK01000015.1	349907	354638	+	hypothetical protein
PMG11_10872	CDHK01000015.1	354718	356286	+	hypothetical protein
PMG11_10873	CDHK01000015.1	356714	357059	+	Putative Diphthamide biosynthesis protein 3
PMG11_10874	CDHK01000015.1	358081	359466	-	hypothetical protein
PMG11_10875	CDHK01000015.1	360376	361127	-	hypothetical protein
PMG11_10876	CDHK01000015.1	361745	363487	+	hypothetical protein
PMG11_10877	CDHK01000015.1	365010	366845	+	hypothetical protein
PMG11_10878	CDHK01000015.1	370656	371963	+	hypothetical protein
PMG11_10879	CDHK01000015.1	372299	373687	-	hypothetical protein
PMG11_10880	CDHK01000015.1	375512	378203	+	hypothetical protein
PMG11_10881	CDHK01000015.1	378896	380190	-	hypothetical protein
PMG11_10882	CDHK01000015.1	387857	389282	-	hypothetical protein
PMG11_10883	CDHK01000015.1	389997	391669	+	hypothetical protein
PMG11_10884	CDHK01000015.1	393769	395033	-	hypothetical protein
PMG11_10885	CDHK01000015.1	395334	398197	+	hypothetical protein
PMG11_10886	CDHK01000015.1	399216	400205	+	hypothetical protein
PMG11_10887	CDHK01000015.1	400611	400961	+	hypothetical protein
PMG11_10888	CDHK01000015.1	401781	402963	+	hypothetical protein
PMG11_10889	CDHK01000015.1	403592	405066	+	hypothetical protein
PMG11_10890	CDHK01000015.1	408678	410087	+	hypothetical protein
PMG11_10891	CDHK01000015.1	413281	417935	+	Putative Aspergillus niger contig An14c0130, genomic contig
PMG11_10892	CDHK01000015.1	418827	422829	-	hypothetical protein
PMG11_10893	CDHK01000015.1	421202	422665	+	Putative Sphingomyelinase family protein
PMG11_10894	CDHK01000015.1	422993	425072	-	Putative Thiamine thiazole synthase
PMG11_10895	CDHK01000015.1	425378	428889	-	hypothetical protein
PMG11_10896	CDHK01000015.1	429277	431450	-	Putative MFS transporter
PMG11_10897	CDHK01000015.1	432851	435383	+	hypothetical protein
PMG11_10898	CDHK01000015.1	435715	437310	+	hypothetical protein
PMG11_10899	CDHK01000015.1	437388	439083	+	Putative Proteasome subunit beta type
PMG11_10900	CDHK01000015.1	439740	443161	-	hypothetical protein
PMG11_10901	CDHK01000015.1	443730	446290	+	Putative Proline-specific permease
PMG11_10902	CDHK01000015.1	447105	448859	-	Putative Cellobiohydrolase 1
PMG11_10903	CDHK01000015.1	449901	451117	+	Putative Alpha-L-arabinofuranosidase
PMG11_10904	CDHK01000015.1	453446	454494	+	hypothetical protein
PMG11_10905	CDHK01000015.1	455674	456894	+	hypothetical protein
PMG11_10906	CDHK01000015.1	457039	457773	-	hypothetical protein
PMG11_10907	CDHK01000015.1	458421	459784	-	hypothetical protein
PMG11_10908	CDHK01000015.1	460974	463243	+	hypothetical protein
PMG11_10909	CDHK01000015.1	463547	465827	-	hypothetical protein
PMG11_10910	CDHK01000015.1	467794	468582	-	hypothetical protein
PMG11_10911	CDHK01000015.1	469310	471045	-	hypothetical protein
PMG11_10912	CDHK01000016.1	3975	5135	-	hypothetical protein
PMG11_10913	CDHK01000016.1	5418	13764	-	Putative Alpha-1,3-glucan synthase (Fragment)
PMG11_10914	CDHK01000016.1	15091	17230	+	hypothetical protein
PMG11_10915	CDHK01000016.1	17805	19191	+	hypothetical protein
PMG11_10916	CDHK01000016.1	22496	25621	-	hypothetical protein
PMG11_10917	CDHK01000016.1	25656	28229	+	Putative Single-stranded DNA-binding replication protein A
PMG11_10918	CDHK01000016.1	28426	29377	-	Putative ThiJ/PfpI
PMG11_10919	CDHK01000016.1	30341	33326	-	hypothetical protein
PMG11_10920	CDHK01000016.1	33033	35877	+	Putative ATP-dependent RNA helicase dbp3
PMG11_10921	CDHK01000016.1	34903	36715	-	hypothetical protein
PMG11_10922	CDHK01000016.1	37176	38784	-	Putative Oligosaccharyltransferase
PMG11_10923	CDHK01000016.1	38839	40822	+	hypothetical protein
PMG11_10924	CDHK01000016.1	40931	42189	+	Putative Ribosomal rna large subunit methyltransferase j
PMG11_10925	CDHK01000016.1	41296	45093	-	Putative Ubiquitin-like modifier-activating enzyme atg7
PMG11_10926	CDHK01000016.1	44531	46994	+	Putative Imidazole glycerol phosphate synthase subunit hisF
PMG11_10927	CDHK01000016.1	47300	49131	+	Putative Imidazole glycerol phosphate synthase subunit hisF
PMG11_10928	CDHK01000016.1	50192	52277	+	Putative Zinc knuckle domain protein
PMG11_10929	CDHK01000016.1	53175	54078	+	hypothetical protein
PMG11_10930	CDHK01000016.1	54587	57417	-	hypothetical protein
PMG11_10931	CDHK01000016.1	54787	55500	+	hypothetical protein
PMG11_10932	CDHK01000016.1	57506	64558	-	hypothetical protein
PMG11_10933	CDHK01000016.1	57674	59986	+	hypothetical protein
PMG11_10934	CDHK01000016.1	64601	66827	+	Putative Autophagy-related protein 22-1
PMG11_10935	CDHK01000016.1	67526	69734	+	Putative Protein disulfide isomerase
PMG11_10936	CDHK01000016.1	69967	71629	+	Putative Uracil-DNA glycosylase
PMG11_10937	CDHK01000016.1	71749	74205	+	hypothetical protein
PMG11_10938	CDHK01000016.1	74634	79208	+	hypothetical protein
PMG11_10939	CDHK01000016.1	76474	80143	-	Putative ARP4
PMG11_10940	CDHK01000016.1	80263	81661	+	hypothetical protein
PMG11_10941	CDHK01000016.1	83618	87048	+	hypothetical protein
PMG11_10942	CDHK01000016.1	87649	91669	-	Putative Heterogeneous nuclear ribonucleoprotein HRP1
PMG11_10943	CDHK01000016.1	91969	95437	+	Putative TBC domain containing protein
PMG11_10944	CDHK01000016.1	94235	96095	-	Putative 16S rRNA (-N6/-N6)-dimethyltransferase
PMG11_10945	CDHK01000016.1	96204	99414	+	Putative Pre-mRNA-splicing factor prp1
PMG11_10946	CDHK01000016.1	100108	102409	-	hypothetical protein
PMG11_10947	CDHK01000016.1	102561	106150	-	hypothetical protein
PMG11_10948	CDHK01000016.1	106236	108391	-	Putative WD40 repeat stress protein/actin interacting protein
PMG11_10949	CDHK01000016.1	108765	109797	-	Putative 37S ribosomal protein S18
PMG11_10950	CDHK01000016.1	109893	112719	+	hypothetical protein
PMG11_10951	CDHK01000016.1	114407	116063	-	hypothetical protein
PMG11_10952	CDHK01000016.1	118185	120479	-	hypothetical protein
PMG11_10953	CDHK01000016.1	121235	123330	-	Putative Related to alpha-glucoside transport protein
PMG11_10954	CDHK01000016.1	125735	127342	-	hypothetical protein
PMG11_10955	CDHK01000016.1	129501	131175	+	hypothetical protein
PMG11_10956	CDHK01000016.1	133785	134090	-	hypothetical protein
PMG11_10957	CDHK01000016.1	146291	147044	+	hypothetical protein
PMG11_10958	CDHK01000016.1	147541	148426	-	hypothetical protein
PMG11_10959	CDHK01000016.1	149749	152030	-	hypothetical protein
PMG11_10960	CDHK01000016.1	152310	153850	-	hypothetical protein
PMG11_10961	CDHK01000016.1	154323	156155	-	hypothetical protein
PMG11_10962	CDHK01000016.1	157220	158710	+	hypothetical protein
PMG11_10963	CDHK01000016.1	159593	161672	-	hypothetical protein
PMG11_10964	CDHK01000016.1	162270	164279	+	hypothetical protein
PMG11_10965	CDHK01000016.1	166677	168983	-	hypothetical protein
PMG11_10966	CDHK01000016.1	172138	173946	+	hypothetical protein
PMG11_10967	CDHK01000016.1	173829	176456	-	hypothetical protein
PMG11_10968	CDHK01000016.1	177158	178982	-	hypothetical protein
PMG11_10969	CDHK01000016.1	179523	180670	+	hypothetical protein
PMG11_10970	CDHK01000016.1	181491	183380	+	Putative Related to transporter protein HOL1
PMG11_10971	CDHK01000016.1	185647	187316	+	hypothetical protein
PMG11_10972	CDHK01000016.1	187639	192007	-	Putative NAD-specific glutamate dehydrogenase
PMG11_10973	CDHK01000016.1	194312	196131	-	Putative Serine/threonine protein kinase
PMG11_10974	CDHK01000016.1	197353	198913	+	hypothetical protein
PMG11_10975	CDHK01000016.1	199118	199812	-	Putative Antifungal protein
PMG11_10976	CDHK01000016.1	200965	202875	-	hypothetical protein
PMG11_10977	CDHK01000016.1	204883	206145	+	hypothetical protein
PMG11_10978	CDHK01000016.1	208783	210318	-	hypothetical protein
PMG11_10979	CDHK01000016.1	210470	212124	-	hypothetical protein
PMG11_10980	CDHK01000016.1	213622	218537	-	hypothetical protein
PMG11_10981	CDHK01000016.1	219342	223605	+	hypothetical protein
PMG11_10982	CDHK01000016.1	223790	224434	-	hypothetical protein
PMG11_10983	CDHK01000016.1	225741	226229	-	Putative Tetratricopeptide TPR-1
PMG11_10984	CDHK01000017.1	37	1613	-	hypothetical protein
PMG11_10985	CDHK01000017.1	9716	11611	+	hypothetical protein
PMG11_10986	CDHK01000017.1	19298	19735	-	hypothetical protein
PMG11_10987	CDHK01000017.1	20481	21125	+	hypothetical protein
PMG11_10988	CDHK01000017.1	22070	22902	-	hypothetical protein
PMG11_10989	CDHK01000017.1	24746	25855	+	hypothetical protein
PMG11_10990	CDHK01000017.1	27352	29889	-	hypothetical protein
PMG11_10991	CDHK01000017.1	31054	32161	-	hypothetical protein
PMG11_10992	CDHK01000017.1	32702	33694	+	hypothetical protein
PMG11_10993	CDHK01000017.1	42047	44311	-	hypothetical protein
PMG11_10994	CDHK01000017.1	45247	46875	-	hypothetical protein
PMG11_10995	CDHK01000017.1	47257	48996	+	Putative Monooxygenase
PMG11_10996	CDHK01000017.1	50818	53442	+	hypothetical protein
PMG11_10997	CDHK01000017.1	55658	59370	-	hypothetical protein
PMG11_10998	CDHK01000017.1	60236	60700	-	Putative Reverse transcriptase
PMG11_10999	CDHK01000017.1	60734	65342	-	Putative Reverse transcriptase (Fragment)
PMG11_11000	CDHK01000017.1	67106	68082	-	hypothetical protein
PMG11_11001	CDHK01000017.1	69140	70370	-	hypothetical protein
PMG11_11002	CDHK01000017.1	70557	74500	+	hypothetical protein
PMG11_11003	CDHK01000017.1	76561	78305	+	Putative Hnwd1
PMG11_11004	CDHK01000017.1	78216	79460	+	hypothetical protein
PMG11_11005	CDHK01000017.1	81030	82137	-	Putative WD domain protein
PMG11_11006	CDHK01000017.1	82708	84184	-	hypothetical protein
PMG11_11007	CDHK01000017.1	88959	89770	+	hypothetical protein
PMG11_11008	CDHK01000017.1	93005	93577	-	hypothetical protein
PMG11_11009	CDHK01000017.1	96045	96721	+	hypothetical protein
PMG11_11010	CDHK01000017.1	101881	102276	+	hypothetical protein
PMG11_11011	CDHK01000017.1	103686	104345	-	hypothetical protein
PMG11_11012	CDHK01000017.1	105161	105493	-	hypothetical protein
PMG11_11013	CDHK01000017.1	108294	109273	+	hypothetical protein
PMG11_11014	CDHK01000017.1	109670	111932	-	hypothetical protein
PMG11_11015	CDHK01000017.1	116266	116823	+	hypothetical protein
PMG11_11016	CDHK01000017.1	118170	118754	-	hypothetical protein
PMG11_11017	CDHK01000017.1	124483	124897	+	hypothetical protein
PMG11_11018	CDHK01000017.1	125897	126544	+	hypothetical protein
PMG11_11019	CDHK01000017.1	127258	128630	-	hypothetical protein
PMG11_11020	CDHK01000017.1	129639	130153	-	hypothetical protein
PMG11_11021	CDHK01000017.1	130498	131455	+	hypothetical protein
PMG11_11022	CDHK01000017.1	133336	136286	-	hypothetical protein
PMG11_11023	CDHK01000017.1	139042	140208	-	hypothetical protein
PMG11_11024	CDHK01000017.1	142919	146598	+	hypothetical protein
PMG11_11025	CDHK01000017.1	152592	154635	-	hypothetical protein
PMG11_11026	CDHK01000017.1	155737	157018	-	hypothetical protein
PMG11_11027	CDHK01000017.1	157392	158811	-	hypothetical protein
PMG11_11028	CDHK01000017.1	159330	159906	+	hypothetical protein
PMG11_11029	CDHK01000017.1	168462	169735	+	hypothetical protein
PMG11_11030	CDHK01000017.1	170966	174865	-	hypothetical protein
PMG11_11031	CDHK01000017.1	179453	180476	-	hypothetical protein
PMG11_11032	CDHK01000017.1	183619	184830	+	hypothetical protein
PMG11_11033	CDHK01000017.1	188088	188769	+	hypothetical protein
PMG11_11034	CDHK01000017.1	191884	193260	-	hypothetical protein
PMG11_11035	CDHK01000017.1	203643	205197	-	hypothetical protein
PMG11_11036	CDHK01000017.1	212634	214256	-	hypothetical protein
PMG11_11037	CDHK01000017.1	221559	221958	+	hypothetical protein
PMG11_11038	CDHK01000017.1	224564	225399	-	hypothetical protein
PMG11_11039	CDHK01000017.1	225917	226156	-	hypothetical protein
PMG11_11040	CDHK01000017.1	231739	233427	+	hypothetical protein
PMG11_11041	CDHK01000017.1	239638	240219	+	hypothetical protein
PMG11_11042	CDHK01000018.1	6242	6571	-	Putative Remark: Mars
PMG11_11043	CDHK01000018.1	7353	8536	-	Putative Transposon I factor (Fragment)
PMG11_11044	CDHK01000018.1	9238	10520	+	hypothetical protein
PMG11_11045	CDHK01000018.1	14000	15181	-	hypothetical protein
PMG11_11046	CDHK01000018.1	21322	22152	+	hypothetical protein
PMG11_11047	CDHK01000018.1	24677	26435	+	hypothetical protein
PMG11_11048	CDHK01000018.1	31770	32337	+	Putative Function: the molecular function of MxA remains elusive
PMG11_11049	CDHK01000018.1	32789	33947	+	hypothetical protein
PMG11_11050	CDHK01000018.1	36295	37173	-	Putative Remark: Mars
PMG11_11051	CDHK01000018.1	39835	42178	+	hypothetical protein
PMG11_11052	CDHK01000018.1	42068	42700	-	hypothetical protein
PMG11_11053	CDHK01000018.1	50429	51372	-	hypothetical protein
PMG11_11054	CDHK01000018.1	57230	58066	-	hypothetical protein
PMG11_11055	CDHK01000018.1	58254	58980	-	Putative RNA binding protein Nrd1
PMG11_11056	CDHK01000018.1	60328	61034	+	hypothetical protein
PMG11_11057	CDHK01000018.1	62833	65376	+	hypothetical protein
PMG11_11058	CDHK01000018.1	68392	69947	+	hypothetical protein
PMG11_11059	CDHK01000018.1	73099	73596	-	hypothetical protein
PMG11_11060	CDHK01000018.1	75107	75679	+	hypothetical protein
PMG11_11061	CDHK01000018.1	77611	78542	+	hypothetical protein
PMG11_11062	CDHK01000018.1	80753	81352	-	hypothetical protein
PMG11_11063	CDHK01000018.1	81998	82570	+	hypothetical protein
PMG11_11064	CDHK01000018.1	85418	87406	+	hypothetical protein
PMG11_11065	CDHK01000018.1	95642	96276	+	hypothetical protein
PMG11_11066	CDHK01000018.1	102818	103915	+	hypothetical protein
PMG11_11067	CDHK01000018.1	110474	111278	+	hypothetical protein
PMG11_11068	CDHK01000018.1	111304	112220	-	hypothetical protein
PMG11_11069	CDHK01000018.1	115955	117241	-	hypothetical protein
PMG11_11070	CDHK01000018.1	117753	118157	-	hypothetical protein
PMG11_11071	CDHK01000018.1	127791	129655	+	hypothetical protein
PMG11_11072	CDHK01000018.1	129957	130352	-	hypothetical protein
PMG11_11073	CDHK01000018.1	131131	134737	+	hypothetical protein
PMG11_11074	CDHK01000018.1	135377	136872	-	Putative TPR domain protein
PMG11_11075	CDHK01000018.1	140714	140935	+	hypothetical protein
PMG11_11076	CDHK01000018.1	141694	142039	+	hypothetical protein
PMG11_11077	CDHK01000018.1	142224	143315	-	hypothetical protein
PMG11_11078	CDHK01000018.1	143892	144548	+	hypothetical protein
PMG11_11079	CDHK01000018.1	144720	145250	+	hypothetical protein
PMG11_11080	CDHK01000018.1	145871	146876	-	hypothetical protein
PMG11_11081	CDHK01000018.1	147613	147936	+	hypothetical protein
PMG11_11082	CDHK01000018.1	150700	151488	+	hypothetical protein
PMG11_11083	CDHK01000018.1	155749	157296	-	hypothetical protein
PMG11_11084	CDHK01000018.1	158912	163544	+	hypothetical protein
PMG11_11085	CDHK01000018.1	163967	166345	-	hypothetical protein
PMG11_11086	CDHK01000018.1	167803	168288	+	hypothetical protein
PMG11_11087	CDHK01000018.1	168693	170444	-	hypothetical protein
PMG11_11088	CDHK01000018.1	170966	179083	+	hypothetical protein
PMG11_11089	CDHK01000018.1	179289	179906	-	hypothetical protein
PMG11_11090	CDHK01000018.1	181260	183450	-	hypothetical protein
PMG11_11091	CDHK01000018.1	185131	185499	+	hypothetical protein
PMG11_11092	CDHK01000018.1	185786	187921	+	hypothetical protein
PMG11_11093	CDHK01000018.1	189057	190164	-	hypothetical protein
PMG11_11094	CDHK01000018.1	190923	191350	-	hypothetical protein
PMG11_11095	CDHK01000018.1	193526	193915	-	hypothetical protein
PMG11_11096	CDHK01000018.1	193984	194408	-	hypothetical protein
PMG11_11097	CDHK01000018.1	198165	198800	+	hypothetical protein
PMG11_11098	CDHK01000018.1	199693	200522	-	hypothetical protein
PMG11_11099	CDHK01000019.1	290	689	-	hypothetical protein
PMG11_11100	CDHK01000019.1	1041	1973	-	hypothetical protein
PMG11_11101	CDHK01000019.1	3485	6003	+	hypothetical protein
PMG11_11102	CDHK01000019.1	6160	7693	-	hypothetical protein
PMG11_11103	CDHK01000019.1	8221	9441	+	Putative Glycine/D-amino acid oxidases
PMG11_11104	CDHK01000019.1	10374	10810	-	hypothetical protein
PMG11_11105	CDHK01000019.1	17683	18345	+	hypothetical protein
PMG11_11106	CDHK01000019.1	19758	20416	-	hypothetical protein
PMG11_11107	CDHK01000019.1	22858	23984	+	hypothetical protein
PMG11_11108	CDHK01000019.1	24435	26262	-	hypothetical protein
PMG11_11109	CDHK01000019.1	35299	37494	+	hypothetical protein
PMG11_11110	CDHK01000019.1	37781	40144	+	hypothetical protein
PMG11_11111	CDHK01000019.1	40669	47398	-	hypothetical protein
PMG11_11112	CDHK01000019.1	50484	51252	+	hypothetical protein
PMG11_11113	CDHK01000019.1	53540	53994	-	hypothetical protein
PMG11_11114	CDHK01000019.1	54910	55317	+	hypothetical protein
PMG11_11115	CDHK01000019.1	55656	57871	-	hypothetical protein
PMG11_11116	CDHK01000019.1	58116	60984	-	hypothetical protein
PMG11_11117	CDHK01000019.1	70211	73947	+	hypothetical protein
PMG11_11118	CDHK01000019.1	74933	76596	-	hypothetical protein
PMG11_11119	CDHK01000019.1	77185	79013	+	hypothetical protein
PMG11_11120	CDHK01000019.1	81699	82965	-	hypothetical protein
PMG11_11121	CDHK01000019.1	83432	84826	+	hypothetical protein
PMG11_11122	CDHK01000019.1	83667	86963	-	hypothetical protein
PMG11_11123	CDHK01000019.1	87122	88938	+	hypothetical protein
PMG11_11124	CDHK01000019.1	89796	92724	-	hypothetical protein
PMG11_11125	CDHK01000019.1	93603	95256	-	hypothetical protein
PMG11_11126	CDHK01000019.1	96061	96417	-	hypothetical protein
PMG11_11127	CDHK01000019.1	98231	99429	+	hypothetical protein
PMG11_11128	CDHK01000019.1	99463	100503	-	hypothetical protein
PMG11_11129	CDHK01000019.1	101394	106749	+	hypothetical protein
PMG11_11130	CDHK01000019.1	104495	105964	-	hypothetical protein
PMG11_11131	CDHK01000019.1	110424	111032	+	hypothetical protein
PMG11_11132	CDHK01000019.1	111916	112739	-	hypothetical protein
PMG11_11133	CDHK01000019.1	114411	115439	+	Putative Reverse transcriptase
PMG11_11134	CDHK01000019.1	117108	118326	+	hypothetical protein
PMG11_11135	CDHK01000019.1	118686	120769	+	hypothetical protein
PMG11_11136	CDHK01000019.1	128749	129990	+	Putative Pectate lyase A
PMG11_11137	CDHK01000019.1	130427	130786	-	Putative Salicylate hydroxylase
PMG11_11138	CDHK01000019.1	131108	132252	-	Putative Salicylate hydroxylase
PMG11_11139	CDHK01000019.1	132410	133087	+	hypothetical protein
PMG11_11140	CDHK01000019.1	135255	136862	+	Putative Reverse transcriptase
PMG11_11141	CDHK01000019.1	140145	140525	-	hypothetical protein
PMG11_11142	CDHK01000019.1	141952	142998	-	hypothetical protein
PMG11_11143	CDHK01000019.1	146170	147544	+	Putative Voltage-gated shaker-like K channel
PMG11_11144	CDHK01000019.1	148231	149911	+	hypothetical protein
PMG11_11145	CDHK01000019.1	153185	154496	-	hypothetical protein
PMG11_11146	CDHK01000019.1	155626	156618	-	hypothetical protein
PMG11_11147	CDHK01000019.1	157358	157780	-	hypothetical protein
PMG11_11148	CDHK01000019.1	167631	169629	-	hypothetical protein
PMG11_11149	CDHK01000019.1	172436	172762	-	hypothetical protein
PMG11_11150	CDHK01000019.1	174262	174634	+	hypothetical protein
PMG11_11151	CDHK01000020.1	661	2533	+	hypothetical protein
PMG11_11152	CDHK01000020.1	3344	5347	+	hypothetical protein
PMG11_11153	CDHK01000020.1	8774	13951	+	Putative Reverse transcriptase
PMG11_11154	CDHK01000020.1	18267	19897	+	hypothetical protein
PMG11_11155	CDHK01000020.1	21007	22061	-	Putative 2og-Fe oxygenase family protein
PMG11_11156	CDHK01000020.1	23188	26245	-	hypothetical protein
PMG11_11157	CDHK01000020.1	26257	28336	+	hypothetical protein
PMG11_11158	CDHK01000020.1	31210	32497	+	hypothetical protein
PMG11_11159	CDHK01000020.1	33607	34439	-	Putative 2og-Fe oxygenase family protein
PMG11_11160	CDHK01000020.1	35609	36489	-	hypothetical protein
PMG11_11161	CDHK01000020.1	37108	37866	+	hypothetical protein
PMG11_11162	CDHK01000020.1	41674	43416	-	hypothetical protein
PMG11_11163	CDHK01000020.1	43548	45563	+	hypothetical protein
PMG11_11164	CDHK01000020.1	52104	53161	-	hypothetical protein
PMG11_11165	CDHK01000020.1	55642	56050	+	hypothetical protein
PMG11_11166	CDHK01000020.1	56666	57027	-	hypothetical protein
PMG11_11167	CDHK01000020.1	57901	58638	+	hypothetical protein
PMG11_11168	CDHK01000020.1	60759	61581	+	hypothetical protein
PMG11_11169	CDHK01000020.1	61680	62613	-	hypothetical protein
PMG11_11170	CDHK01000020.1	73400	75069	-	hypothetical protein
PMG11_11171	CDHK01000020.1	76761	77450	-	hypothetical protein
PMG11_11172	CDHK01000020.1	87016	88137	+	hypothetical protein
PMG11_11173	CDHK01000020.1	93088	94935	+	hypothetical protein
PMG11_11174	CDHK01000020.1	95492	97852	+	hypothetical protein
PMG11_11175	CDHK01000020.1	98451	99101	-	hypothetical protein
PMG11_11176	CDHK01000020.1	106176	106621	-	hypothetical protein
PMG11_11177	CDHK01000020.1	107545	108221	+	hypothetical protein
PMG11_11178	CDHK01000020.1	110199	110654	-	hypothetical protein
PMG11_11179	CDHK01000020.1	116166	117001	-	hypothetical protein
PMG11_11180	CDHK01000020.1	121175	124633	-	hypothetical protein
PMG11_11181	CDHK01000020.1	145561	145968	-	hypothetical protein
PMG11_11182	CDHK01000020.1	148355	149521	+	hypothetical protein
PMG11_11183	CDHK01000020.1	150495	152171	-	hypothetical protein
PMG11_11184	CDHK01000020.1	156286	157034	-	hypothetical protein
PMG11_11185	CDHK01000021.1	68	3107	-	Putative TPR repeat protein
PMG11_11186	CDHK01000021.1	3687	4664	+	Putative Transposase
PMG11_11187	CDHK01000021.1	5123	5587	-	Putative Reverse transcriptase
PMG11_11188	CDHK01000021.1	5738	10232	-	Putative Reverse transcriptase (Fragment)
PMG11_11189	CDHK01000021.1	10313	11822	-	hypothetical protein
PMG11_11190	CDHK01000021.1	16146	18628	+	hypothetical protein
PMG11_11191	CDHK01000021.1	24860	26029	-	hypothetical protein
PMG11_11192	CDHK01000021.1	27237	28403	+	hypothetical protein
PMG11_11193	CDHK01000021.1	28846	30513	+	hypothetical protein
PMG11_11194	CDHK01000021.1	32961	33740	-	hypothetical protein
PMG11_11195	CDHK01000021.1	35026	37165	+	hypothetical protein
PMG11_11196	CDHK01000021.1	39200	39615	+	hypothetical protein
PMG11_11197	CDHK01000021.1	46101	47530	-	hypothetical protein
PMG11_11198	CDHK01000021.1	48107	50847	+	Putative Reverse transcriptase
PMG11_11199	CDHK01000021.1	52220	52519	+	hypothetical protein
PMG11_11200	CDHK01000021.1	52646	56587	+	hypothetical protein
PMG11_11201	CDHK01000021.1	56921	57328	-	hypothetical protein
PMG11_11202	CDHK01000021.1	57385	58131	-	hypothetical protein
PMG11_11203	CDHK01000021.1	65958	70338	-	hypothetical protein
PMG11_11204	CDHK01000021.1	77283	77978	+	hypothetical protein
PMG11_11205	CDHK01000021.1	78427	79216	+	hypothetical protein
PMG11_11206	CDHK01000021.1	79481	80611	-	hypothetical protein
PMG11_11207	CDHK01000021.1	83248	83640	-	hypothetical protein
PMG11_11208	CDHK01000021.1	90435	90932	+	hypothetical protein
PMG11_11209	CDHK01000021.1	95182	99490	+	hypothetical protein
PMG11_11210	CDHK01000021.1	99503	100732	+	Putative TPR domain protein
PMG11_11211	CDHK01000021.1	100733	102330	-	hypothetical protein
PMG11_11212	CDHK01000021.1	103074	108783	+	hypothetical protein
PMG11_11213	CDHK01000021.1	109076	114672	+	Putative Reverse transcriptase (Fragment)
PMG11_11214	CDHK01000021.1	119008	119886	+	hypothetical protein
PMG11_11215	CDHK01000021.1	129134	129779	+	hypothetical protein
PMG11_11216	CDHK01000021.1	130417	131400	-	hypothetical protein
PMG11_11217	CDHK01000021.1	133218	134327	+	hypothetical protein
PMG11_11218	CDHK01000021.1	135264	135776	+	hypothetical protein
PMG11_11219	CDHK01000021.1	136359	136967	-	hypothetical protein
PMG11_11220	CDHK01000021.1	136989	137375	-	hypothetical protein
PMG11_11221	CDHK01000021.1	137516	138225	-	hypothetical protein
PMG11_11222	CDHK01000021.1	138782	140264	+	hypothetical protein
PMG11_11223	CDHK01000021.1	143815	144185	+	hypothetical protein
PMG11_11224	CDHK01000021.1	144255	145963	+	hypothetical protein
PMG11_11225	CDHK01000021.1	147523	148932	-	Putative Reverse transcriptase
PMG11_11226	CDHK01000021.1	150235	152044	+	hypothetical protein
PMG11_11227	CDHK01000021.1	152297	152770	-	hypothetical protein
PMG11_11228	CDHK01000021.1	154095	155652	+	hypothetical protein
PMG11_11229	CDHK01000022.1	58305	59345	+	hypothetical protein
PMG11_11230	CDHK01000022.1	61979	63541	+	Putative Aldehyde dehydrogenase
PMG11_11231	CDHK01000022.1	66220	67422	-	hypothetical protein
PMG11_11232	CDHK01000022.1	68821	69832	+	hypothetical protein
PMG11_11233	CDHK01000022.1	73050	73650	-	hypothetical protein
PMG11_11234	CDHK01000022.1	75772	76515	-	hypothetical protein
PMG11_11235	CDHK01000022.1	83543	83955	-	hypothetical protein
PMG11_11236	CDHK01000022.1	87020	87691	+	hypothetical protein
PMG11_11237	CDHK01000022.1	93420	93815	+	hypothetical protein
PMG11_11238	CDHK01000022.1	95308	97157	-	hypothetical protein
PMG11_11239	CDHK01000022.1	98044	99310	-	hypothetical protein
PMG11_11240	CDHK01000022.1	106210	107740	-	hypothetical protein
PMG11_11241	CDHK01000022.1	108419	109555	+	hypothetical protein
PMG11_11242	CDHK01000022.1	114217	115843	-	hypothetical protein
PMG11_11243	CDHK01000023.1	14721	16062	-	hypothetical protein
PMG11_11244	CDHK01000023.1	16440	17662	+	Putative Mandelate racemase/muconate lactonizing enzyme domain-containing protein
PMG11_11245	CDHK01000023.1	17761	18384	-	hypothetical protein
PMG11_11246	CDHK01000023.1	18630	20540	-	hypothetical protein
PMG11_11247	CDHK01000023.1	20749	21756	-	hypothetical protein
PMG11_11248	CDHK01000023.1	22168	23170	-	hypothetical protein
PMG11_11249	CDHK01000023.1	23760	24276	-	hypothetical protein
PMG11_11250	CDHK01000023.1	24489	26099	+	hypothetical protein
PMG11_11251	CDHK01000023.1	26361	29057	+	hypothetical protein
PMG11_11252	CDHK01000023.1	36148	36744	-	hypothetical protein
PMG11_11253	CDHK01000023.1	37759	38834	-	Putative Bacteriodes thetaiotaomicron symbiotic chitinase
PMG11_11254	CDHK01000023.1	39961	41506	+	hypothetical protein
PMG11_11255	CDHK01000023.1	47747	49260	+	hypothetical protein
PMG11_11256	CDHK01000023.1	50563	52162	+	Putative Alpha/beta fold family hydrolase
PMG11_11257	CDHK01000023.1	52951	55121	-	hypothetical protein
PMG11_11258	CDHK01000023.1	57602	60059	+	hypothetical protein
PMG11_11259	CDHK01000023.1	60185	61426	-	hypothetical protein
PMG11_11260	CDHK01000023.1	61682	65043	-	Putative Nonribosomal peptide synthetase 11
PMG11_11261	CDHK01000023.1	67145	67837	+	hypothetical protein
PMG11_11262	CDHK01000023.1	68519	70186	-	hypothetical protein
PMG11_11263	CDHK01000023.1	71703	72831	+	Putative HPP family protein
PMG11_11264	CDHK01000023.1	77089	77718	-	hypothetical protein
PMG11_11265	CDHK01000023.1	80631	81678	+	Putative Nitroreductase family protein
PMG11_11266	CDHK01000023.1	81950	85344	-	Putative Alpha-mannosidase
PMG11_11267	CDHK01000023.1	86059	87895	+	hypothetical protein
PMG11_11268	CDHK01000023.1	88298	88702	-	hypothetical protein
PMG11_11269	CDHK01000023.1	89083	90735	-	hypothetical protein
PMG11_11270	CDHK01000023.1	91472	92599	+	hypothetical protein
PMG11_11271	CDHK01000023.1	93288	96035	+	hypothetical protein
PMG11_11272	CDHK01000023.1	95830	98459	-	hypothetical protein
PMG11_11273	CDHK01000023.1	101152	104046	+	hypothetical protein
PMG11_11274	CDHK01000023.1	103599	104315	-	hypothetical protein
PMG11_11275	CDHK01000023.1	105221	106051	-	Putative Acetylxylan esterase 2
PMG11_11276	CDHK01000023.1	106734	108564	+	hypothetical protein
PMG11_11277	CDHK01000023.1	108882	110866	+	hypothetical protein
PMG11_11278	CDHK01000023.1	111151	111972	-	hypothetical protein
PMG11_11279	CDHK01000023.1	112420	114081	-	Putative Prolyl 4-hydroxylase
PMG11_11280	CDHK01000023.1	116233	118443	+	hypothetical protein
PMG11_11281	CDHK01000023.1	124157	124762	-	hypothetical protein
PMG11_11282	CDHK01000024.1	1286	2513	-	Putative NAD-binding Rossmann fold oxidoreductase family protein
PMG11_11283	CDHK01000024.1	4796	5385	-	Putative Flavin-containing monooxygenase
PMG11_11284	CDHK01000024.1	5833	9178	-	Putative KLTH0G09108p
PMG11_11285	CDHK01000024.1	9743	11060	+	hypothetical protein
PMG11_11286	CDHK01000024.1	11630	12703	+	Putative Transposon I factor
PMG11_11287	CDHK01000024.1	15055	17389	-	hypothetical protein
PMG11_11288	CDHK01000024.1	17369	19521	+	hypothetical protein
PMG11_11289	CDHK01000024.1	24054	26435	+	hypothetical protein
PMG11_11290	CDHK01000024.1	26730	27786	-	Putative Calcium ion P-type ATPase (Eurofung)
PMG11_11291	CDHK01000024.1	28641	30535	+	hypothetical protein
PMG11_11292	CDHK01000024.1	30797	31695	+	Putative Glutathione S-transferase
PMG11_11293	CDHK01000024.1	34989	36020	-	hypothetical protein
PMG11_11294	CDHK01000024.1	36490	39151	-	Putative Remark: Mars
PMG11_11295	CDHK01000024.1	39622	40721	-	Putative Short-chain dehydrogenase
PMG11_11296	CDHK01000024.1	41828	42785	-	Putative NmrA-like family protein
PMG11_11297	CDHK01000024.1	43149	44680	+	Putative C2H2 type zinc finger domain protein
PMG11_11298	CDHK01000024.1	47380	50045	-	hypothetical protein
PMG11_11299	CDHK01000024.1	50370	51964	+	hypothetical protein
PMG11_11300	CDHK01000024.1	52304	54702	-	hypothetical protein
PMG11_11301	CDHK01000024.1	54862	57019	+	hypothetical protein
PMG11_11302	CDHK01000024.1	59242	60750	+	hypothetical protein
PMG11_11303	CDHK01000024.1	61902	63888	-	Putative NmrA-like family protein
PMG11_11304	CDHK01000024.1	64388	65864	-	hypothetical protein
PMG11_11305	CDHK01000024.1	70307	71104	-	hypothetical protein
PMG11_11306	CDHK01000024.1	73054	74885	+	hypothetical protein
PMG11_11307	CDHK01000024.1	80880	81596	+	hypothetical protein
PMG11_11308	CDHK01000024.1	86556	89709	+	hypothetical protein
PMG11_11309	CDHK01000025.1	2336	2926	-	hypothetical protein
PMG11_11310	CDHK01000025.1	4572	5233	-	hypothetical protein
PMG11_11311	CDHK01000025.1	6160	7137	-	hypothetical protein
PMG11_11312	CDHK01000025.1	7627	8060	+	hypothetical protein
PMG11_11313	CDHK01000025.1	9211	10251	+	hypothetical protein
PMG11_11314	CDHK01000025.1	10874	12028	-	hypothetical protein
PMG11_11315	CDHK01000025.1	12537	13889	+	hypothetical protein
PMG11_11316	CDHK01000025.1	31575	32926	-	hypothetical protein
PMG11_11317	CDHK01000025.1	52465	53856	-	hypothetical protein
PMG11_11318	CDHK01000025.1	53911	57126	-	hypothetical protein
PMG11_11319	CDHK01000025.1	58642	59183	-	hypothetical protein
PMG11_11320	CDHK01000025.1	59383	60106	-	hypothetical protein
PMG11_11321	CDHK01000025.1	61794	62690	+	hypothetical protein
PMG11_11322	CDHK01000025.1	63111	64107	-	hypothetical protein
PMG11_11323	CDHK01000025.1	67438	69076	+	hypothetical protein
PMG11_11324	CDHK01000025.1	71437	72051	-	hypothetical protein
PMG11_11325	CDHK01000025.1	73269	73988	+	hypothetical protein
PMG11_11326	CDHK01000025.1	78769	79534	-	Putative DUF1348 domain protein
PMG11_11327	CDHK01000025.1	80778	82959	+	hypothetical protein
PMG11_11328	CDHK01000025.1	85190	89027	+	hypothetical protein
PMG11_11329	CDHK01000025.1	90252	91496	+	hypothetical protein
PMG11_11330	CDHK01000025.1	91547	93367	+	Putative Reverse transcriptase
PMG11_11331	CDHK01000025.1	93391	95058	+	Putative Reverse transcriptase
PMG11_11332	CDHK01000026.1	1136	1954	-	hypothetical protein
PMG11_11333	CDHK01000026.1	9086	10817	-	hypothetical protein
PMG11_11334	CDHK01000026.1	12860	13724	+	Putative GTP cyclohydrolase I
PMG11_11335	CDHK01000026.1	14469	17960	+	Putative Phosphoribosyl transferase domain protein
PMG11_11336	CDHK01000026.1	21321	21716	-	hypothetical protein
PMG11_11337	CDHK01000026.1	21813	22115	-	hypothetical protein
PMG11_11338	CDHK01000026.1	23896	31143	-	Putative ATPases of the AAA class
PMG11_11339	CDHK01000026.1	31970	32908	+	hypothetical protein
PMG11_11340	CDHK01000026.1	41230	42618	-	hypothetical protein
PMG11_11341	CDHK01000026.1	58908	60031	+	hypothetical protein
PMG11_11342	CDHK01000026.1	64354	65324	+	hypothetical protein
PMG11_11343	CDHK01000026.1	65429	65932	+	hypothetical protein
PMG11_11344	CDHK01000027.1	14657	15808	-	Putative Metallo-beta-lactamase superfamily protein
PMG11_11345	CDHK01000027.1	17359	18050	+	hypothetical protein
PMG11_11346	CDHK01000027.1	20507	22551	+	hypothetical protein
PMG11_11347	CDHK01000027.1	22721	23458	-	hypothetical protein
PMG11_11348	CDHK01000027.1	25378	26490	+	Putative Catalytic activity: An alcohol NAD() <=> an aldehyde or ketone NADH
PMG11_11349	CDHK01000027.1	27951	28742	+	hypothetical protein
PMG11_11350	CDHK01000027.1	30422	30760	+	Putative Gamma-glutamyltranspeptidase family protein
PMG11_11351	CDHK01000027.1	31033	32001	+	Putative Gamma-glutamyltranspeptidase family protein
PMG11_11352	CDHK01000027.1	32317	35079	+	hypothetical protein
PMG11_11353	CDHK01000027.1	34382	35815	-	Putative Retinol dehydrogenase
PMG11_11354	CDHK01000027.1	41134	41742	+	Putative Threonine dehydratase
PMG11_11355	CDHK01000027.1	43283	43702	+	hypothetical protein
PMG11_11356	CDHK01000027.1	46195	46831	+	hypothetical protein
PMG11_11357	CDHK01000027.1	47854	49091	-	hypothetical protein
PMG11_11358	CDHK01000027.1	50110	53743	+	hypothetical protein
PMG11_11359	CDHK01000027.1	53764	55306	+	hypothetical protein
PMG11_11360	CDHK01000027.1	56258	57167	-	hypothetical protein
PMG11_11361	CDHK01000027.1	58133	58534	+	Putative Methylenetetrahydrofolate dehydrogenase
PMG11_11362	CDHK01000027.1	58693	60150	-	hypothetical protein
PMG11_11363	CDHK01000028.1	3224	4059	+	hypothetical protein
PMG11_11364	CDHK01000028.1	7529	8107	+	hypothetical protein
PMG11_11365	CDHK01000028.1	9916	10592	-	hypothetical protein
PMG11_11366	CDHK01000028.1	11515	12226	+	hypothetical protein
PMG11_11367	CDHK01000028.1	15004	15524	+	hypothetical protein
PMG11_11368	CDHK01000028.1	17010	17384	+	hypothetical protein
PMG11_11369	CDHK01000028.1	17628	18676	-	hypothetical protein
PMG11_11370	CDHK01000028.1	24736	25176	+	hypothetical protein
PMG11_11371	CDHK01000028.1	26743	27877	+	hypothetical protein
PMG11_11372	CDHK01000028.1	27960	31838	+	Putative Reverse transcriptase
PMG11_11373	CDHK01000028.1	32106	33300	+	hypothetical protein
PMG11_11374	CDHK01000028.1	33347	35047	+	Putative Reverse transcriptase
PMG11_11375	CDHK01000028.1	35249	37231	+	Putative WD40 repeat-containing protein
PMG11_11376	CDHK01000028.1	39978	42284	-	hypothetical protein
PMG11_11377	CDHK01000028.1	47739	48134	-	hypothetical protein
PMG11_11378	CDHK01000028.1	50070	50618	+	hypothetical protein
PMG11_11379	CDHK01000028.1	52492	53968	+	hypothetical protein
PMG11_11380	CDHK01000028.1	56103	57421	-	hypothetical protein
PMG11_11381	CDHK01000028.1	58495	59199	+	hypothetical protein
PMG11_11382	CDHK01000028.1	59443	60038	-	hypothetical protein
PMG11_11383	CDHK01000029.1	2819	4476	+	hypothetical protein
PMG11_11384	CDHK01000029.1	4956	5964	-	hypothetical protein
PMG11_11385	CDHK01000029.1	32885	34585	-	hypothetical protein
PMG11_11386	CDHK01000029.1	38794	39375	-	hypothetical protein
PMG11_11387	CDHK01000029.1	50790	51678	+	hypothetical protein
PMG11_11388	CDHK01000029.1	54174	54542	-	hypothetical protein
PMG11_11389	CDHK01000030.1	2312	3417	+	hypothetical protein
PMG11_11390	CDHK01000030.1	6093	7164	+	hypothetical protein
PMG11_11391	CDHK01000030.1	9854	12516	-	hypothetical protein
PMG11_11392	CDHK01000030.1	15955	17745	-	hypothetical protein
PMG11_11393	CDHK01000030.1	22709	24263	-	hypothetical protein
PMG11_11394	CDHK01000030.1	32048	32857	-	hypothetical protein
PMG11_11395	CDHK01000031.1	4318	8067	-	hypothetical protein
PMG11_11396	CDHK01000031.1	8110	8602	-	hypothetical protein
PMG11_11397	CDHK01000031.1	9014	9820	+	Putative Hemolysin-III family protein
PMG11_11398	CDHK01000031.1	25017	26108	+	hypothetical protein
PMG11_11399	CDHK01000031.1	27811	29205	+	hypothetical protein
PMG11_11400	CDHK01000032.1	217	1351	+	hypothetical protein
PMG11_11401	CDHK01000032.1	1434	5312	+	Putative Reverse transcriptase
PMG11_11402	CDHK01000032.1	6925	7896	+	hypothetical protein
PMG11_11403	CDHK01000032.1	7897	8472	+	hypothetical protein
PMG11_11404	CDHK01000032.1	14662	15732	-	hypothetical protein
PMG11_11405	CDHK01000032.1	16787	18478	-	hypothetical protein
PMG11_11406	CDHK01000032.1	22032	22604	-	hypothetical protein
PMG11_11407	CDHK01000032.1	23016	23854	+	hypothetical protein
PMG11_11408	CDHK01000033.1	810	1277	+	hypothetical protein
PMG11_11409	CDHK01000033.1	1641	3178	+	hypothetical protein
PMG11_11410	CDHK01000033.1	6581	6999	-	hypothetical protein
PMG11_11411	CDHK01000034.1	2430	3482	+	hypothetical protein
PMG11_11412	CDHK01000035.1	3	3232	-	hypothetical protein
PMG11_11413	CDHK01000035.1	3772	4752	+	Putative Transposase
PMG11_11414	CDHK01000035.1	4944	6332	-	hypothetical protein
PMG11_11415	CDHK01000035.1	7556	8190	+	hypothetical protein
PMG11_11416	CDHK01000035.1	8919	9710	-	hypothetical protein
PMG11_11417	CDHK01000035.1	11275	14020	-	hypothetical protein
PMG11_11418	CDHK01000040.1	847	1833	+	hypothetical protein
PMG11_11419	CDHK01000040.1	1870	3438	+	hypothetical protein
PMG11_11420	CDHK01000040.1	3692	4150	+	hypothetical protein
PMG11_11421	CDHK01000040.1	4303	5230	+	hypothetical protein
PMG11_11422	CDHK01000044.1	1284	1883	-	hypothetical protein
PMG11_11423	CDHK01000048.1	903	3395	+	Putative NADH-ubiquinone oxidoreductase chain 5
PMG11_11424	CDHK01000063.1	499	1782	-	Putative Salicylate hydroxylase
PMG11_11425	CDHK01000068.1	74	1013	-	hypothetical protein
PMG11_11426	CDHK01000073.1	135	842	-	hypothetical protein
PMG11_11427	CDHK01000073.1	979	1347	-	hypothetical protein
PMG11_11428	CDHK01000080.1	246	1034	-	hypothetical protein
PMG11_11429	CDHK01000081.1	447	1058	-	hypothetical protein
PMG11_11430	CDHK01000082.1	588	1116	-	hypothetical protein
PMG11_11431	CDHK01000085.1	297	707	+	hypothetical protein
PMG11_11432	CDHK01000086.1	168	650	-	hypothetical protein
