lcl|CDHK01000001.1_cds_CEJ53651.1_1	PMG11_00001
lcl|CDHK01000001.1_cds_CEJ53652.1_2	PMG11_00002
lcl|CDHK01000001.1_cds_CEJ53653.1_3	PMG11_00003
lcl|CDHK01000001.1_cds_CEJ53654.1_4	PMG11_00004
lcl|CDHK01000001.1_cds_CEJ53655.1_5	PMG11_00005
lcl|CDHK01000001.1_cds_CEJ53656.1_6	PMG11_00006
lcl|CDHK01000001.1_cds_CEJ53657.1_7	PMG11_00007
lcl|CDHK01000001.1_cds_CEJ53658.1_8	PMG11_00008
lcl|CDHK01000001.1_cds_CEJ53659.1_9	PMG11_00009
lcl|CDHK01000001.1_cds_CEJ53660.1_10	PMG11_00010
lcl|CDHK01000001.1_cds_CEJ53661.1_11	PMG11_00012
lcl|CDHK01000001.1_cds_CEJ53662.1_12	PMG11_00011
lcl|CDHK01000001.1_cds_CEJ53663.1_13	PMG11_00013
lcl|CDHK01000001.1_cds_CEJ53664.1_14	PMG11_00014
lcl|CDHK01000001.1_cds_CEJ53665.1_15	PMG11_00015
lcl|CDHK01000001.1_cds_CEJ53666.1_16	PMG11_00016
lcl|CDHK01000001.1_cds_CEJ53667.1_17	PMG11_00017
lcl|CDHK01000001.1_cds_CEJ53668.1_18	PMG11_00018
lcl|CDHK01000001.1_cds_CEJ53669.1_19	PMG11_00019
lcl|CDHK01000001.1_cds_CEJ53670.1_20	PMG11_00020
lcl|CDHK01000001.1_cds_CEJ53671.1_21	PMG11_00021
lcl|CDHK01000001.1_cds_CEJ53672.1_22	PMG11_00021
lcl|CDHK01000001.1_cds_CEJ53673.1_23	PMG11_00022
lcl|CDHK01000001.1_cds_CEJ53674.1_24	PMG11_00023
lcl|CDHK01000001.1_cds_CEJ53675.1_25	PMG11_00024
lcl|CDHK01000001.1_cds_CEJ53676.1_26	PMG11_00025
lcl|CDHK01000001.1_cds_CEJ53677.1_27	PMG11_00026
lcl|CDHK01000001.1_cds_CEJ53678.1_28	PMG11_00027
lcl|CDHK01000001.1_cds_CEJ53679.1_29	PMG11_00028
lcl|CDHK01000001.1_cds_CEJ53680.1_30	PMG11_00029
lcl|CDHK01000001.1_cds_CEJ53681.1_31	PMG11_00030
lcl|CDHK01000001.1_cds_CEJ53682.1_32	PMG11_00031
lcl|CDHK01000001.1_cds_CEJ53683.1_33	PMG11_00032
lcl|CDHK01000001.1_cds_CEJ53684.1_34	PMG11_00033
lcl|CDHK01000001.1_cds_CEJ53685.1_35	PMG11_00034
lcl|CDHK01000001.1_cds_CEJ53686.1_36	PMG11_00035
lcl|CDHK01000001.1_cds_CEJ53687.1_37	PMG11_00036
lcl|CDHK01000001.1_cds_CEJ53688.1_38	PMG11_00037
lcl|CDHK01000001.1_cds_CEJ53689.1_39	PMG11_00038
lcl|CDHK01000001.1_cds_CEJ53690.1_40	PMG11_00039
lcl|CDHK01000001.1_cds_CEJ53691.1_41	PMG11_00040
lcl|CDHK01000001.1_cds_CEJ53692.1_42	PMG11_00041
lcl|CDHK01000001.1_cds_CEJ53693.1_43	PMG11_00042
lcl|CDHK01000001.1_cds_CEJ53694.1_44	PMG11_00043
lcl|CDHK01000001.1_cds_CEJ53695.1_45	PMG11_00044
lcl|CDHK01000001.1_cds_CEJ53696.1_46	PMG11_00045
lcl|CDHK01000001.1_cds_CEJ53697.1_47	PMG11_00046
lcl|CDHK01000001.1_cds_CEJ53698.1_48	PMG11_00047
lcl|CDHK01000001.1_cds_CEJ53699.1_49	PMG11_00048
lcl|CDHK01000001.1_cds_CEJ53700.1_50	PMG11_00049
lcl|CDHK01000001.1_cds_CEJ53701.1_51	PMG11_00050
lcl|CDHK01000001.1_cds_CEJ53702.1_52	PMG11_00050
lcl|CDHK01000001.1_cds_CEJ53703.1_53	PMG11_00051
lcl|CDHK01000001.1_cds_CEJ53704.1_54	PMG11_00052
lcl|CDHK01000001.1_cds_CEJ53705.1_55	PMG11_00053
lcl|CDHK01000001.1_cds_CEJ53706.1_56	PMG11_00054
lcl|CDHK01000001.1_cds_CEJ53707.1_57	PMG11_00055
lcl|CDHK01000001.1_cds_CEJ53708.1_58	PMG11_00056
lcl|CDHK01000001.1_cds_CEJ53709.1_59	PMG11_00057
lcl|CDHK01000001.1_cds_CEJ53710.1_60	PMG11_00057
lcl|CDHK01000001.1_cds_CEJ53711.1_61	PMG11_00058
lcl|CDHK01000001.1_cds_CEJ53712.1_62	PMG11_00059
lcl|CDHK01000001.1_cds_CEJ53713.1_63	PMG11_00061
lcl|CDHK01000001.1_cds_CEJ53714.1_64	PMG11_00060
lcl|CDHK01000001.1_cds_CEJ53715.1_65	PMG11_00062
lcl|CDHK01000001.1_cds_CEJ53716.1_66	PMG11_00063
lcl|CDHK01000001.1_cds_CEJ53717.1_67	PMG11_00064
lcl|CDHK01000001.1_cds_CEJ53718.1_68	PMG11_00065
lcl|CDHK01000001.1_cds_CEJ53719.1_69	PMG11_00066
lcl|CDHK01000001.1_cds_CEJ53720.1_70	PMG11_00066
lcl|CDHK01000001.1_cds_CEJ53721.1_71	PMG11_00067
lcl|CDHK01000001.1_cds_CEJ53722.1_72	PMG11_00067
lcl|CDHK01000001.1_cds_CEJ53723.1_73	PMG11_00068
lcl|CDHK01000001.1_cds_CEJ53724.1_74	PMG11_00069
lcl|CDHK01000001.1_cds_CEJ53725.1_75	PMG11_00070
lcl|CDHK01000001.1_cds_CEJ53726.1_76	PMG11_00070
lcl|CDHK01000001.1_cds_CEJ53727.1_77	PMG11_00071
lcl|CDHK01000001.1_cds_CEJ53728.1_78	PMG11_00072
lcl|CDHK01000001.1_cds_CEJ53729.1_79	PMG11_00073
lcl|CDHK01000001.1_cds_CEJ53730.1_80	PMG11_00074
lcl|CDHK01000001.1_cds_CEJ53731.1_81	PMG11_00075
lcl|CDHK01000001.1_cds_CEJ53732.1_82	PMG11_00076
lcl|CDHK01000001.1_cds_CEJ53733.1_83	PMG11_00077
lcl|CDHK01000001.1_cds_CEJ53734.1_84	PMG11_00078
lcl|CDHK01000001.1_cds_CEJ53735.1_85	PMG11_00079
lcl|CDHK01000001.1_cds_CEJ53736.1_86	PMG11_00080
lcl|CDHK01000001.1_cds_CEJ53737.1_87	PMG11_00081
lcl|CDHK01000001.1_cds_CEJ53738.1_88	PMG11_00082
lcl|CDHK01000001.1_cds_CEJ53739.1_89	PMG11_00083
lcl|CDHK01000001.1_cds_CEJ53740.1_90	PMG11_00084
lcl|CDHK01000001.1_cds_CEJ53741.1_91	PMG11_00085
lcl|CDHK01000001.1_cds_CEJ53742.1_92	PMG11_00086
lcl|CDHK01000001.1_cds_CEJ53743.1_93	PMG11_00087
lcl|CDHK01000001.1_cds_CEJ53744.1_94	PMG11_00089
lcl|CDHK01000001.1_cds_CEJ53745.1_95	PMG11_00088
lcl|CDHK01000001.1_cds_CEJ53746.1_96	PMG11_00090
lcl|CDHK01000001.1_cds_CEJ53747.1_97	PMG11_00091
lcl|CDHK01000001.1_cds_CEJ53748.1_98	PMG11_00092
lcl|CDHK01000001.1_cds_CEJ53749.1_99	PMG11_00093
lcl|CDHK01000001.1_cds_CEJ53750.1_100	PMG11_00094
lcl|CDHK01000001.1_cds_CEJ53751.1_101	PMG11_00095
lcl|CDHK01000001.1_cds_CEJ53752.1_102	PMG11_00096
lcl|CDHK01000001.1_cds_CEJ53753.1_103	PMG11_00097
lcl|CDHK01000001.1_cds_CEJ53754.1_104	PMG11_00097
lcl|CDHK01000001.1_cds_CEJ53755.1_105	PMG11_00098
lcl|CDHK01000001.1_cds_CEJ53756.1_106	PMG11_00099
lcl|CDHK01000001.1_cds_CEJ53757.1_107	PMG11_00100
lcl|CDHK01000001.1_cds_CEJ53758.1_108	PMG11_00101
lcl|CDHK01000001.1_cds_CEJ53759.1_109	PMG11_00102
lcl|CDHK01000001.1_cds_CEJ53760.1_110	PMG11_00102
lcl|CDHK01000001.1_cds_CEJ53761.1_111	PMG11_00102
lcl|CDHK01000001.1_cds_CEJ53762.1_112	PMG11_00103
lcl|CDHK01000001.1_cds_CEJ53763.1_113	PMG11_00104
lcl|CDHK01000001.1_cds_CEJ53764.1_114	PMG11_00105
lcl|CDHK01000001.1_cds_CEJ53765.1_115	PMG11_00106
lcl|CDHK01000001.1_cds_CEJ53766.1_116	PMG11_00107
lcl|CDHK01000001.1_cds_CEJ53767.1_117	PMG11_00108
lcl|CDHK01000001.1_cds_CEJ53768.1_118	PMG11_00109
lcl|CDHK01000001.1_cds_CEJ53769.1_119	PMG11_00110
lcl|CDHK01000001.1_cds_CEJ53770.1_120	PMG11_00111
lcl|CDHK01000001.1_cds_CEJ53771.1_121	PMG11_00112
lcl|CDHK01000001.1_cds_CEJ53772.1_122	PMG11_00113
lcl|CDHK01000001.1_cds_CEJ53773.1_123	PMG11_00114
lcl|CDHK01000001.1_cds_CEJ53774.1_124	PMG11_00115
lcl|CDHK01000001.1_cds_CEJ53775.1_125	PMG11_00116
lcl|CDHK01000001.1_cds_CEJ53776.1_126	PMG11_00117
lcl|CDHK01000001.1_cds_CEJ53777.1_127	PMG11_00118
lcl|CDHK01000001.1_cds_CEJ53778.1_128	PMG11_00119
lcl|CDHK01000001.1_cds_CEJ53779.1_129	PMG11_00120
lcl|CDHK01000001.1_cds_CEJ53780.1_130	PMG11_00121
lcl|CDHK01000001.1_cds_CEJ53781.1_131	PMG11_00122
lcl|CDHK01000001.1_cds_CEJ53782.1_132	PMG11_00123
lcl|CDHK01000001.1_cds_CEJ53783.1_133	PMG11_00124
lcl|CDHK01000001.1_cds_CEJ53784.1_134	PMG11_00125
lcl|CDHK01000001.1_cds_CEJ53785.1_135	PMG11_00126
lcl|CDHK01000001.1_cds_CEJ53786.1_136	PMG11_00127
lcl|CDHK01000001.1_cds_CEJ53787.1_137	PMG11_00128
lcl|CDHK01000001.1_cds_CEJ53788.1_138	PMG11_00129
lcl|CDHK01000001.1_cds_CEJ53789.1_139	PMG11_00130
lcl|CDHK01000001.1_cds_CEJ53790.1_140	PMG11_00131
lcl|CDHK01000001.1_cds_CEJ53791.1_141	PMG11_00132
lcl|CDHK01000001.1_cds_CEJ53792.1_142	PMG11_00133
lcl|CDHK01000001.1_cds_CEJ53793.1_143	PMG11_00134
lcl|CDHK01000001.1_cds_CEJ53794.1_144	PMG11_00135
lcl|CDHK01000001.1_cds_CEJ53795.1_145	PMG11_00136
lcl|CDHK01000001.1_cds_CEJ53796.1_146	PMG11_00137
lcl|CDHK01000001.1_cds_CEJ53797.1_147	PMG11_00138
lcl|CDHK01000001.1_cds_CEJ53798.1_148	PMG11_00139
lcl|CDHK01000001.1_cds_CEJ53799.1_149	PMG11_00140
lcl|CDHK01000001.1_cds_CEJ53800.1_150	PMG11_00141
lcl|CDHK01000001.1_cds_CEJ53801.1_151	PMG11_00142
lcl|CDHK01000001.1_cds_CEJ53802.1_152	PMG11_00143
lcl|CDHK01000001.1_cds_CEJ53803.1_153	PMG11_00144
lcl|CDHK01000001.1_cds_CEJ53804.1_154	PMG11_00145
lcl|CDHK01000001.1_cds_CEJ53805.1_155	PMG11_00146
lcl|CDHK01000001.1_cds_CEJ53806.1_156	PMG11_00147
lcl|CDHK01000001.1_cds_CEJ53807.1_157	PMG11_00148
lcl|CDHK01000001.1_cds_CEJ53808.1_158	PMG11_00149
lcl|CDHK01000001.1_cds_CEJ53809.1_159	PMG11_00150
lcl|CDHK01000001.1_cds_CEJ53810.1_160	PMG11_00151
lcl|CDHK01000001.1_cds_CEJ53811.1_161	PMG11_00152
lcl|CDHK01000001.1_cds_CEJ53812.1_162	PMG11_00153
lcl|CDHK01000001.1_cds_CEJ53813.1_163	PMG11_00154
lcl|CDHK01000001.1_cds_CEJ53814.1_164	PMG11_00155
lcl|CDHK01000001.1_cds_CEJ53815.1_165	PMG11_00156
lcl|CDHK01000001.1_cds_CEJ53816.1_166	PMG11_00157
lcl|CDHK01000001.1_cds_CEJ53817.1_167	PMG11_00158
lcl|CDHK01000001.1_cds_CEJ53818.1_168	PMG11_00159
lcl|CDHK01000001.1_cds_CEJ53819.1_169	PMG11_00160
lcl|CDHK01000001.1_cds_CEJ53820.1_170	PMG11_00161
lcl|CDHK01000001.1_cds_CEJ53821.1_171	PMG11_00162
lcl|CDHK01000001.1_cds_CEJ53822.1_172	PMG11_00163
lcl|CDHK01000001.1_cds_CEJ53823.1_173	PMG11_00164
lcl|CDHK01000001.1_cds_CEJ53824.1_174	PMG11_00165
lcl|CDHK01000001.1_cds_CEJ53825.1_175	PMG11_00166
lcl|CDHK01000001.1_cds_CEJ53826.1_176	PMG11_00167
lcl|CDHK01000001.1_cds_CEJ53827.1_177	PMG11_00168
lcl|CDHK01000001.1_cds_CEJ53828.1_178	PMG11_00169
lcl|CDHK01000001.1_cds_CEJ53829.1_179	PMG11_00170
lcl|CDHK01000001.1_cds_CEJ53831.1_180	PMG11_00171
lcl|CDHK01000001.1_cds_CEJ53830.1_181	PMG11_00171
lcl|CDHK01000001.1_cds_CEJ53832.1_182	PMG11_00172
lcl|CDHK01000001.1_cds_CEJ53833.1_183	PMG11_00173
lcl|CDHK01000001.1_cds_CEJ53834.1_184	PMG11_00174
lcl|CDHK01000001.1_cds_CEJ53835.1_185	PMG11_00175
lcl|CDHK01000001.1_cds_CEJ53836.1_186	PMG11_00176
lcl|CDHK01000001.1_cds_CEJ53837.1_187	PMG11_00177
lcl|CDHK01000001.1_cds_CEJ53838.1_188	PMG11_00178
lcl|CDHK01000001.1_cds_CEJ53839.1_189	PMG11_00179
lcl|CDHK01000001.1_cds_CEJ53840.1_190	PMG11_00181
lcl|CDHK01000001.1_cds_CEJ53841.1_191	PMG11_00180
lcl|CDHK01000001.1_cds_CEJ53842.1_192	PMG11_00182
lcl|CDHK01000001.1_cds_CEJ53843.1_193	PMG11_00183
lcl|CDHK01000001.1_cds_CEJ53844.1_194	PMG11_00184
lcl|CDHK01000001.1_cds_CEJ53845.1_195	PMG11_00185
lcl|CDHK01000001.1_cds_CEJ53846.1_196	PMG11_00186
lcl|CDHK01000001.1_cds_CEJ53847.1_197	PMG11_00186
lcl|CDHK01000001.1_cds_CEJ53848.1_198	PMG11_00187
lcl|CDHK01000001.1_cds_CEJ53849.1_199	PMG11_00188
lcl|CDHK01000001.1_cds_CEJ53850.1_200	PMG11_00189
lcl|CDHK01000001.1_cds_CEJ53851.1_201	PMG11_00190
lcl|CDHK01000001.1_cds_CEJ53852.1_202	PMG11_00191
lcl|CDHK01000001.1_cds_CEJ53853.1_203	PMG11_00192
lcl|CDHK01000001.1_cds_CEJ53854.1_204	PMG11_00193
lcl|CDHK01000001.1_cds_CEJ53855.1_205	PMG11_00194
lcl|CDHK01000001.1_cds_CEJ53856.1_206	PMG11_00195
lcl|CDHK01000001.1_cds_CEJ53857.1_207	PMG11_00196
lcl|CDHK01000001.1_cds_CEJ53858.1_208	PMG11_00197
lcl|CDHK01000001.1_cds_CEJ53859.1_209	PMG11_00198
lcl|CDHK01000001.1_cds_CEJ53860.1_210	PMG11_00199
lcl|CDHK01000001.1_cds_CEJ53861.1_211	PMG11_00200
lcl|CDHK01000001.1_cds_CEJ53862.1_212	PMG11_00201
lcl|CDHK01000001.1_cds_CEJ53863.1_213	PMG11_00202
lcl|CDHK01000001.1_cds_CEJ53864.1_214	PMG11_00203
lcl|CDHK01000001.1_cds_CEJ53865.1_215	PMG11_00204
lcl|CDHK01000001.1_cds_CEJ53866.1_216	PMG11_00205
lcl|CDHK01000001.1_cds_CEJ53867.1_217	PMG11_00206
lcl|CDHK01000001.1_cds_CEJ53868.1_218	PMG11_00207
lcl|CDHK01000001.1_cds_CEJ53869.1_219	PMG11_00208
lcl|CDHK01000001.1_cds_CEJ53870.1_220	PMG11_00209
lcl|CDHK01000001.1_cds_CEJ53871.1_221	PMG11_00210
lcl|CDHK01000001.1_cds_CEJ53872.1_222	PMG11_00211
lcl|CDHK01000001.1_cds_CEJ53873.1_223	PMG11_00212
lcl|CDHK01000001.1_cds_CEJ53874.1_224	PMG11_00213
lcl|CDHK01000001.1_cds_CEJ53875.1_225	PMG11_00214
lcl|CDHK01000001.1_cds_CEJ53876.1_226	PMG11_00215
lcl|CDHK01000001.1_cds_CEJ53877.1_227	PMG11_00216
lcl|CDHK01000001.1_cds_CEJ53878.1_228	PMG11_00217
lcl|CDHK01000001.1_cds_CEJ53879.1_229	PMG11_00218
lcl|CDHK01000001.1_cds_CEJ53880.1_230	PMG11_00219
lcl|CDHK01000001.1_cds_CEJ53881.1_231	PMG11_00220
lcl|CDHK01000001.1_cds_CEJ53882.1_232	PMG11_00221
lcl|CDHK01000001.1_cds_CEJ53883.1_233	PMG11_00222
lcl|CDHK01000001.1_cds_CEJ53885.1_234	PMG11_00222
lcl|CDHK01000001.1_cds_CEJ53884.1_235	PMG11_00222
lcl|CDHK01000001.1_cds_CEJ53886.1_236	PMG11_00223
lcl|CDHK01000001.1_cds_CEJ53887.1_237	PMG11_00224
lcl|CDHK01000001.1_cds_CEJ53888.1_238	PMG11_00225
lcl|CDHK01000001.1_cds_CEJ53889.1_239	PMG11_00225
lcl|CDHK01000001.1_cds_CEJ53890.1_240	PMG11_00226
lcl|CDHK01000001.1_cds_CEJ53891.1_241	PMG11_00227
lcl|CDHK01000001.1_cds_CEJ53892.1_242	PMG11_00228
lcl|CDHK01000001.1_cds_CEJ53893.1_243	PMG11_00229
lcl|CDHK01000001.1_cds_CEJ53894.1_244	PMG11_00229
lcl|CDHK01000001.1_cds_CEJ53895.1_245	PMG11_00230
lcl|CDHK01000001.1_cds_CEJ53896.1_246	PMG11_00231
lcl|CDHK01000001.1_cds_CEJ53897.1_247	PMG11_00232
lcl|CDHK01000001.1_cds_CEJ53898.1_248	PMG11_00233
lcl|CDHK01000001.1_cds_CEJ53899.1_249	PMG11_00234
lcl|CDHK01000001.1_cds_CEJ53900.1_250	PMG11_00235
lcl|CDHK01000001.1_cds_CEJ53901.1_251	PMG11_00236
lcl|CDHK01000001.1_cds_CEJ53902.1_252	PMG11_00237
lcl|CDHK01000001.1_cds_CEJ53903.1_253	PMG11_00238
lcl|CDHK01000001.1_cds_CEJ53904.1_254	PMG11_00239
lcl|CDHK01000001.1_cds_CEJ53905.1_255	PMG11_00240
lcl|CDHK01000001.1_cds_CEJ53906.1_256	PMG11_00241
lcl|CDHK01000001.1_cds_CEJ53907.1_257	PMG11_00242
lcl|CDHK01000001.1_cds_CEJ53908.1_258	PMG11_00243
lcl|CDHK01000001.1_cds_CEJ53909.1_259	PMG11_00244
lcl|CDHK01000001.1_cds_CEJ53910.1_260	PMG11_00245
lcl|CDHK01000001.1_cds_CEJ53911.1_261	PMG11_00246
lcl|CDHK01000001.1_cds_CEJ53912.1_262	PMG11_00247
lcl|CDHK01000001.1_cds_CEJ53913.1_263	PMG11_00248
lcl|CDHK01000001.1_cds_CEJ53914.1_264	PMG11_00249
lcl|CDHK01000001.1_cds_CEJ53915.1_265	PMG11_00250
lcl|CDHK01000001.1_cds_CEJ53917.1_266	PMG11_00251
lcl|CDHK01000001.1_cds_CEJ53916.1_267	PMG11_00251
lcl|CDHK01000001.1_cds_CEJ53918.1_268	PMG11_00251
lcl|CDHK01000001.1_cds_CEJ53919.1_269	PMG11_00252
lcl|CDHK01000001.1_cds_CEJ53920.1_270	PMG11_00253
lcl|CDHK01000001.1_cds_CEJ53921.1_271	PMG11_00254
lcl|CDHK01000001.1_cds_CEJ53922.1_272	PMG11_00255
lcl|CDHK01000001.1_cds_CEJ53923.1_273	PMG11_00256
lcl|CDHK01000001.1_cds_CEJ53924.1_274	PMG11_00257
lcl|CDHK01000001.1_cds_CEJ53925.1_275	PMG11_00258
lcl|CDHK01000001.1_cds_CEJ53926.1_276	PMG11_00258
lcl|CDHK01000001.1_cds_CEJ53927.1_277	PMG11_00258
lcl|CDHK01000001.1_cds_CEJ53928.1_278	PMG11_00259
lcl|CDHK01000001.1_cds_CEJ53929.1_279	PMG11_00260
lcl|CDHK01000001.1_cds_CEJ53930.1_280	PMG11_00261
lcl|CDHK01000001.1_cds_CEJ53931.1_281	PMG11_00262
lcl|CDHK01000001.1_cds_CEJ53932.1_282	PMG11_00263
lcl|CDHK01000001.1_cds_CEJ53933.1_283	PMG11_00264
lcl|CDHK01000001.1_cds_CEJ53934.1_284	PMG11_00265
lcl|CDHK01000001.1_cds_CEJ53935.1_285	PMG11_00266
lcl|CDHK01000001.1_cds_CEJ53936.1_286	PMG11_00267
lcl|CDHK01000001.1_cds_CEJ53937.1_287	PMG11_00268
lcl|CDHK01000001.1_cds_CEJ53938.1_288	PMG11_00269
lcl|CDHK01000001.1_cds_CEJ53939.1_289	PMG11_00270
lcl|CDHK01000001.1_cds_CEJ53940.1_290	PMG11_00271
lcl|CDHK01000001.1_cds_CEJ53941.1_291	PMG11_00272
lcl|CDHK01000001.1_cds_CEJ53942.1_292	PMG11_00273
lcl|CDHK01000001.1_cds_CEJ53943.1_293	PMG11_00274
lcl|CDHK01000001.1_cds_CEJ53944.1_294	PMG11_00275
lcl|CDHK01000001.1_cds_CEJ53945.1_295	PMG11_00276
lcl|CDHK01000001.1_cds_CEJ53946.1_296	PMG11_00277
lcl|CDHK01000001.1_cds_CEJ53947.1_297	PMG11_00278
lcl|CDHK01000001.1_cds_CEJ53948.1_298	PMG11_00279
lcl|CDHK01000001.1_cds_CEJ53949.1_299	PMG11_00280
lcl|CDHK01000001.1_cds_CEJ53950.1_300	PMG11_00281
lcl|CDHK01000001.1_cds_CEJ53951.1_301	PMG11_00282
lcl|CDHK01000001.1_cds_CEJ53952.1_302	PMG11_00283
lcl|CDHK01000001.1_cds_CEJ53953.1_303	PMG11_00284
lcl|CDHK01000001.1_cds_CEJ53954.1_304	PMG11_00285
lcl|CDHK01000001.1_cds_CEJ53955.1_305	PMG11_00286
lcl|CDHK01000001.1_cds_CEJ53956.1_306	PMG11_00286
lcl|CDHK01000001.1_cds_CEJ53957.1_307	PMG11_00287
lcl|CDHK01000001.1_cds_CEJ53958.1_308	PMG11_00288
lcl|CDHK01000001.1_cds_CEJ53959.1_309	PMG11_00289
lcl|CDHK01000001.1_cds_CEJ53960.1_310	PMG11_00290
lcl|CDHK01000001.1_cds_CEJ53961.1_311	PMG11_00291
lcl|CDHK01000001.1_cds_CEJ53962.1_312	PMG11_00292
lcl|CDHK01000001.1_cds_CEJ53963.1_313	PMG11_00293
lcl|CDHK01000001.1_cds_CEJ53964.1_314	PMG11_00295
lcl|CDHK01000001.1_cds_CEJ53965.1_315	PMG11_00294
lcl|CDHK01000001.1_cds_CEJ53966.1_316	PMG11_00296
lcl|CDHK01000001.1_cds_CEJ53967.1_317	PMG11_00297
lcl|CDHK01000001.1_cds_CEJ53968.1_318	PMG11_00298
lcl|CDHK01000001.1_cds_CEJ53969.1_319	PMG11_00299
lcl|CDHK01000001.1_cds_CEJ53970.1_320	PMG11_00300
lcl|CDHK01000001.1_cds_CEJ53971.1_321	PMG11_00301
lcl|CDHK01000001.1_cds_CEJ53972.1_322	PMG11_00302
lcl|CDHK01000001.1_cds_CEJ53973.1_323	PMG11_00303
lcl|CDHK01000001.1_cds_CEJ53974.1_324	PMG11_00304
lcl|CDHK01000001.1_cds_CEJ53975.1_325	PMG11_00305
lcl|CDHK01000001.1_cds_CEJ53976.1_326	PMG11_00306
lcl|CDHK01000001.1_cds_CEJ53977.1_327	PMG11_00307
lcl|CDHK01000001.1_cds_CEJ53978.1_328	PMG11_00309
lcl|CDHK01000001.1_cds_CEJ53979.1_329	PMG11_00308
lcl|CDHK01000001.1_cds_CEJ53980.1_330	PMG11_00310
lcl|CDHK01000001.1_cds_CEJ53981.1_331	PMG11_00311
lcl|CDHK01000001.1_cds_CEJ53982.1_332	PMG11_00312
lcl|CDHK01000001.1_cds_CEJ53983.1_333	PMG11_00313
lcl|CDHK01000001.1_cds_CEJ53984.1_334	PMG11_00313
lcl|CDHK01000001.1_cds_CEJ53985.1_335	PMG11_00314
lcl|CDHK01000001.1_cds_CEJ53986.1_336	PMG11_00315
lcl|CDHK01000001.1_cds_CEJ53987.1_337	PMG11_00315
lcl|CDHK01000001.1_cds_CEJ53988.1_338	PMG11_00316
lcl|CDHK01000001.1_cds_CEJ53989.1_339	PMG11_00317
lcl|CDHK01000001.1_cds_CEJ53990.1_340	PMG11_00318
lcl|CDHK01000001.1_cds_CEJ53991.1_341	PMG11_00319
lcl|CDHK01000001.1_cds_CEJ53992.1_342	PMG11_00320
lcl|CDHK01000001.1_cds_CEJ53993.1_343	PMG11_00321
lcl|CDHK01000001.1_cds_CEJ53994.1_344	PMG11_00322
lcl|CDHK01000001.1_cds_CEJ53995.1_345	PMG11_00323
lcl|CDHK01000001.1_cds_CEJ53996.1_346	PMG11_00324
lcl|CDHK01000001.1_cds_CEJ53997.1_347	PMG11_00325
lcl|CDHK01000001.1_cds_CEJ53998.1_348	PMG11_00326
lcl|CDHK01000001.1_cds_CEJ53999.1_349	PMG11_00327
lcl|CDHK01000001.1_cds_CEJ54000.1_350	PMG11_00328
lcl|CDHK01000001.1_cds_CEJ54001.1_351	PMG11_00329
lcl|CDHK01000001.1_cds_CEJ54002.1_352	PMG11_00330
lcl|CDHK01000001.1_cds_CEJ54003.1_353	PMG11_00331
lcl|CDHK01000001.1_cds_CEJ54004.1_354	PMG11_00332
lcl|CDHK01000001.1_cds_CEJ54005.1_355	PMG11_00333
lcl|CDHK01000001.1_cds_CEJ54006.1_356	PMG11_00334
lcl|CDHK01000001.1_cds_CEJ54007.1_357	PMG11_00335
lcl|CDHK01000001.1_cds_CEJ54008.1_358	PMG11_00336
lcl|CDHK01000001.1_cds_CEJ54009.1_359	PMG11_00337
lcl|CDHK01000001.1_cds_CEJ54010.1_360	PMG11_00338
lcl|CDHK01000001.1_cds_CEJ54011.1_361	PMG11_00339
lcl|CDHK01000001.1_cds_CEJ54012.1_362	PMG11_00340
lcl|CDHK01000001.1_cds_CEJ54013.1_363	PMG11_00341
lcl|CDHK01000001.1_cds_CEJ54014.1_364	PMG11_00342
lcl|CDHK01000001.1_cds_CEJ54015.1_365	PMG11_00343
lcl|CDHK01000001.1_cds_CEJ54016.1_366	PMG11_00343
lcl|CDHK01000001.1_cds_CEJ54017.1_367	PMG11_00344
lcl|CDHK01000001.1_cds_CEJ54018.1_368	PMG11_00344
lcl|CDHK01000001.1_cds_CEJ54019.1_369	PMG11_00345
lcl|CDHK01000001.1_cds_CEJ54020.1_370	PMG11_00346
lcl|CDHK01000001.1_cds_CEJ54021.1_371	PMG11_00347
lcl|CDHK01000001.1_cds_CEJ54022.1_372	PMG11_00348
lcl|CDHK01000001.1_cds_CEJ54023.1_373	PMG11_00349
lcl|CDHK01000001.1_cds_CEJ54024.1_374	PMG11_00350
lcl|CDHK01000001.1_cds_CEJ54025.1_375	PMG11_00351
lcl|CDHK01000001.1_cds_CEJ54026.1_376	PMG11_00351
lcl|CDHK01000001.1_cds_CEJ54027.1_377	PMG11_00352
lcl|CDHK01000001.1_cds_CEJ54028.1_378	PMG11_00353
lcl|CDHK01000001.1_cds_CEJ54029.1_379	PMG11_00354
lcl|CDHK01000001.1_cds_CEJ54030.1_380	PMG11_00355
lcl|CDHK01000001.1_cds_CEJ54031.1_381	PMG11_00356
lcl|CDHK01000001.1_cds_CEJ54032.1_382	PMG11_00357
lcl|CDHK01000001.1_cds_CEJ54033.1_383	PMG11_00358
lcl|CDHK01000001.1_cds_CEJ54034.1_384	PMG11_00359
lcl|CDHK01000001.1_cds_CEJ54035.1_385	PMG11_00360
lcl|CDHK01000001.1_cds_CEJ54036.1_386	PMG11_00361
lcl|CDHK01000001.1_cds_CEJ54037.1_387	PMG11_00362
lcl|CDHK01000001.1_cds_CEJ54038.1_388	PMG11_00363
lcl|CDHK01000001.1_cds_CEJ54039.1_389	PMG11_00364
lcl|CDHK01000001.1_cds_CEJ54040.1_390	PMG11_00365
lcl|CDHK01000001.1_cds_CEJ54041.1_391	PMG11_00366
lcl|CDHK01000001.1_cds_CEJ54042.1_392	PMG11_00367
lcl|CDHK01000001.1_cds_CEJ54043.1_393	PMG11_00368
lcl|CDHK01000001.1_cds_CEJ54044.1_394	PMG11_00369
lcl|CDHK01000001.1_cds_CEJ54045.1_395	PMG11_00370
lcl|CDHK01000001.1_cds_CEJ54046.1_396	PMG11_00371
lcl|CDHK01000001.1_cds_CEJ54047.1_397	PMG11_00372
lcl|CDHK01000001.1_cds_CEJ54048.1_398	PMG11_00373
lcl|CDHK01000001.1_cds_CEJ54049.1_399	PMG11_00374
lcl|CDHK01000001.1_cds_CEJ54050.1_400	PMG11_00375
lcl|CDHK01000001.1_cds_CEJ54051.1_401	PMG11_00376
lcl|CDHK01000001.1_cds_CEJ54052.1_402	PMG11_00377
lcl|CDHK01000001.1_cds_CEJ54053.1_403	PMG11_00378
lcl|CDHK01000001.1_cds_CEJ54054.1_404	PMG11_00379
lcl|CDHK01000001.1_cds_CEJ54055.1_405	PMG11_00380
lcl|CDHK01000001.1_cds_CEJ54056.1_406	PMG11_00381
lcl|CDHK01000001.1_cds_CEJ54057.1_407	PMG11_00382
lcl|CDHK01000001.1_cds_CEJ54058.1_408	PMG11_00383
lcl|CDHK01000001.1_cds_CEJ54059.1_409	PMG11_00384
lcl|CDHK01000001.1_cds_CEJ54060.1_410	PMG11_00384
lcl|CDHK01000001.1_cds_CEJ54061.1_411	PMG11_00385
lcl|CDHK01000001.1_cds_CEJ54062.1_412	PMG11_00386
lcl|CDHK01000001.1_cds_CEJ54063.1_413	PMG11_00387
lcl|CDHK01000001.1_cds_CEJ54064.1_414	PMG11_00388
lcl|CDHK01000001.1_cds_CEJ54065.1_415	PMG11_00389
lcl|CDHK01000001.1_cds_CEJ54066.1_416	PMG11_00390
lcl|CDHK01000001.1_cds_CEJ54067.1_417	PMG11_00391
lcl|CDHK01000001.1_cds_CEJ54068.1_418	PMG11_00392
lcl|CDHK01000001.1_cds_CEJ54069.1_419	PMG11_00393
lcl|CDHK01000001.1_cds_CEJ54070.1_420	PMG11_00394
lcl|CDHK01000001.1_cds_CEJ54071.1_421	PMG11_00395
lcl|CDHK01000001.1_cds_CEJ54072.1_422	PMG11_00396
lcl|CDHK01000001.1_cds_CEJ54073.1_423	PMG11_00397
lcl|CDHK01000001.1_cds_CEJ54074.1_424	PMG11_00398
lcl|CDHK01000001.1_cds_CEJ54075.1_425	PMG11_00399
lcl|CDHK01000001.1_cds_CEJ54076.1_426	PMG11_00400
lcl|CDHK01000001.1_cds_CEJ54077.1_427	PMG11_00401
lcl|CDHK01000001.1_cds_CEJ54078.1_428	PMG11_00402
lcl|CDHK01000001.1_cds_CEJ54079.1_429	PMG11_00403
lcl|CDHK01000001.1_cds_CEJ54080.1_430	PMG11_00404
lcl|CDHK01000001.1_cds_CEJ54081.1_431	PMG11_00405
lcl|CDHK01000001.1_cds_CEJ54082.1_432	PMG11_00406
lcl|CDHK01000001.1_cds_CEJ54083.1_433	PMG11_00407
lcl|CDHK01000001.1_cds_CEJ54084.1_434	PMG11_00407
lcl|CDHK01000001.1_cds_CEJ54085.1_435	PMG11_00408
lcl|CDHK01000001.1_cds_CEJ54086.1_436	PMG11_00409
lcl|CDHK01000001.1_cds_CEJ54087.1_437	PMG11_00410
lcl|CDHK01000001.1_cds_CEJ54088.1_438	PMG11_00411
lcl|CDHK01000001.1_cds_CEJ54089.1_439	PMG11_00412
lcl|CDHK01000001.1_cds_CEJ54090.1_440	PMG11_00413
lcl|CDHK01000001.1_cds_CEJ54091.1_441	PMG11_00414
lcl|CDHK01000001.1_cds_CEJ54092.1_442	PMG11_00415
lcl|CDHK01000001.1_cds_CEJ54093.1_443	PMG11_00416
lcl|CDHK01000001.1_cds_CEJ54094.1_444	PMG11_00417
lcl|CDHK01000001.1_cds_CEJ54095.1_445	PMG11_00418
lcl|CDHK01000001.1_cds_CEJ54096.1_446	PMG11_00419
lcl|CDHK01000001.1_cds_CEJ54097.1_447	PMG11_00420
lcl|CDHK01000001.1_cds_CEJ54098.1_448	PMG11_00421
lcl|CDHK01000001.1_cds_CEJ54099.1_449	PMG11_00422
lcl|CDHK01000001.1_cds_CEJ54100.1_450	PMG11_00423
lcl|CDHK01000001.1_cds_CEJ54101.1_451	PMG11_00424
lcl|CDHK01000001.1_cds_CEJ54102.1_452	PMG11_00425
lcl|CDHK01000001.1_cds_CEJ54103.1_453	PMG11_00426
lcl|CDHK01000001.1_cds_CEJ54104.1_454	PMG11_00427
lcl|CDHK01000001.1_cds_CEJ54106.1_455	PMG11_00428
lcl|CDHK01000001.1_cds_CEJ54105.1_456	PMG11_00428
lcl|CDHK01000001.1_cds_CEJ54107.1_457	PMG11_00429
lcl|CDHK01000001.1_cds_CEJ54108.1_458	PMG11_00430
lcl|CDHK01000001.1_cds_CEJ54109.1_459	PMG11_00431
lcl|CDHK01000001.1_cds_CEJ54110.1_460	PMG11_00432
lcl|CDHK01000001.1_cds_CEJ54111.1_461	PMG11_00433
lcl|CDHK01000001.1_cds_CEJ54112.1_462	PMG11_00434
lcl|CDHK01000001.1_cds_CEJ54113.1_463	PMG11_00435
lcl|CDHK01000001.1_cds_CEJ54114.1_464	PMG11_00436
lcl|CDHK01000001.1_cds_CEJ54115.1_465	PMG11_00437
lcl|CDHK01000001.1_cds_CEJ54116.1_466	PMG11_00438
lcl|CDHK01000001.1_cds_CEJ54117.1_467	PMG11_00439
lcl|CDHK01000001.1_cds_CEJ54118.1_468	PMG11_00440
lcl|CDHK01000001.1_cds_CEJ54119.1_469	PMG11_00441
lcl|CDHK01000001.1_cds_CEJ54120.1_470	PMG11_00442
lcl|CDHK01000001.1_cds_CEJ54121.1_471	PMG11_00443
lcl|CDHK01000001.1_cds_CEJ54122.1_472	PMG11_00444
lcl|CDHK01000001.1_cds_CEJ54123.1_473	PMG11_00445
lcl|CDHK01000001.1_cds_CEJ54124.1_474	PMG11_00446
lcl|CDHK01000001.1_cds_CEJ54125.1_475	PMG11_00447
lcl|CDHK01000001.1_cds_CEJ54126.1_476	PMG11_00448
lcl|CDHK01000001.1_cds_CEJ54127.1_477	PMG11_00449
lcl|CDHK01000001.1_cds_CEJ54128.1_478	PMG11_00450
lcl|CDHK01000001.1_cds_CEJ54129.1_479	PMG11_00451
lcl|CDHK01000001.1_cds_CEJ54130.1_480	PMG11_00452
lcl|CDHK01000001.1_cds_CEJ54131.1_481	PMG11_00453
lcl|CDHK01000001.1_cds_CEJ54132.1_482	PMG11_00454
lcl|CDHK01000001.1_cds_CEJ54133.1_483	PMG11_00455
lcl|CDHK01000001.1_cds_CEJ54134.1_484	PMG11_00456
lcl|CDHK01000001.1_cds_CEJ54135.1_485	PMG11_00457
lcl|CDHK01000001.1_cds_CEJ54136.1_486	PMG11_00458
lcl|CDHK01000001.1_cds_CEJ54137.1_487	PMG11_00459
lcl|CDHK01000001.1_cds_CEJ54138.1_488	PMG11_00460
lcl|CDHK01000001.1_cds_CEJ54139.1_489	PMG11_00461
lcl|CDHK01000001.1_cds_CEJ54140.1_490	PMG11_00462
lcl|CDHK01000001.1_cds_CEJ54141.1_491	PMG11_00463
lcl|CDHK01000001.1_cds_CEJ54142.1_492	PMG11_00464
lcl|CDHK01000001.1_cds_CEJ54143.1_493	PMG11_00465
lcl|CDHK01000001.1_cds_CEJ54144.1_494	PMG11_00466
lcl|CDHK01000001.1_cds_CEJ54145.1_495	PMG11_00467
lcl|CDHK01000001.1_cds_CEJ54146.1_496	PMG11_00468
lcl|CDHK01000001.1_cds_CEJ54147.1_497	PMG11_00469
lcl|CDHK01000001.1_cds_CEJ54148.1_498	PMG11_00470
lcl|CDHK01000001.1_cds_CEJ54149.1_499	PMG11_00471
lcl|CDHK01000001.1_cds_CEJ54150.1_500	PMG11_00472
lcl|CDHK01000001.1_cds_CEJ54151.1_501	PMG11_00473
lcl|CDHK01000001.1_cds_CEJ54152.1_502	PMG11_00474
lcl|CDHK01000001.1_cds_CEJ54153.1_503	PMG11_00475
lcl|CDHK01000001.1_cds_CEJ54154.1_504	PMG11_00476
lcl|CDHK01000001.1_cds_CEJ54155.1_505	PMG11_00477
lcl|CDHK01000001.1_cds_CEJ54156.1_506	PMG11_00478
lcl|CDHK01000001.1_cds_CEJ54157.1_507	PMG11_00479
lcl|CDHK01000001.1_cds_CEJ54158.1_508	PMG11_00480
lcl|CDHK01000001.1_cds_CEJ54159.1_509	PMG11_00481
lcl|CDHK01000001.1_cds_CEJ54160.1_510	PMG11_00482
lcl|CDHK01000001.1_cds_CEJ54161.1_511	PMG11_00482
lcl|CDHK01000001.1_cds_CEJ54162.1_512	PMG11_00483
lcl|CDHK01000001.1_cds_CEJ54163.1_513	PMG11_00484
lcl|CDHK01000001.1_cds_CEJ54164.1_514	PMG11_00485
lcl|CDHK01000001.1_cds_CEJ54165.1_515	PMG11_00486
lcl|CDHK01000001.1_cds_CEJ54166.1_516	PMG11_00487
lcl|CDHK01000001.1_cds_CEJ54167.1_517	PMG11_00488
lcl|CDHK01000001.1_cds_CEJ54168.1_518	PMG11_00489
lcl|CDHK01000001.1_cds_CEJ54169.1_519	PMG11_00490
lcl|CDHK01000001.1_cds_CEJ54170.1_520	PMG11_00491
lcl|CDHK01000001.1_cds_CEJ54171.1_521	PMG11_00492
lcl|CDHK01000001.1_cds_CEJ54172.1_522	PMG11_00493
lcl|CDHK01000001.1_cds_CEJ54173.1_523	PMG11_00494
lcl|CDHK01000001.1_cds_CEJ54174.1_524	PMG11_00495
lcl|CDHK01000001.1_cds_CEJ54175.1_525	PMG11_00496
lcl|CDHK01000001.1_cds_CEJ54176.1_526	PMG11_00497
lcl|CDHK01000001.1_cds_CEJ54177.1_527	PMG11_00498
lcl|CDHK01000001.1_cds_CEJ54178.1_528	PMG11_00499
lcl|CDHK01000001.1_cds_CEJ54179.1_529	PMG11_00500
lcl|CDHK01000001.1_cds_CEJ54180.1_530	PMG11_00501
lcl|CDHK01000001.1_cds_CEJ54181.1_531	PMG11_00502
lcl|CDHK01000001.1_cds_CEJ54182.1_532	PMG11_00503
lcl|CDHK01000001.1_cds_CEJ54183.1_533	PMG11_00504
lcl|CDHK01000001.1_cds_CEJ54184.1_534	PMG11_00505
lcl|CDHK01000001.1_cds_CEJ54185.1_535	PMG11_00506
lcl|CDHK01000001.1_cds_CEJ54186.1_536	PMG11_00507
lcl|CDHK01000001.1_cds_CEJ54187.1_537	PMG11_00508
lcl|CDHK01000001.1_cds_CEJ54188.1_538	PMG11_00509
lcl|CDHK01000001.1_cds_CEJ54189.1_539	PMG11_00510
lcl|CDHK01000001.1_cds_CEJ54190.1_540	PMG11_00511
lcl|CDHK01000001.1_cds_CEJ54191.1_541	PMG11_00512
lcl|CDHK01000001.1_cds_CEJ54192.1_542	PMG11_00513
lcl|CDHK01000001.1_cds_CEJ54193.1_543	PMG11_00514
lcl|CDHK01000001.1_cds_CEJ54194.1_544	PMG11_00515
lcl|CDHK01000001.1_cds_CEJ54195.1_545	PMG11_00516
lcl|CDHK01000001.1_cds_CEJ54196.1_546	PMG11_00517
lcl|CDHK01000001.1_cds_CEJ54197.1_547	PMG11_00518
lcl|CDHK01000001.1_cds_CEJ54198.1_548	PMG11_00519
lcl|CDHK01000001.1_cds_CEJ54199.1_549	PMG11_00520
lcl|CDHK01000001.1_cds_CEJ54200.1_550	PMG11_00521
lcl|CDHK01000001.1_cds_CEJ54201.1_551	PMG11_00522
lcl|CDHK01000001.1_cds_CEJ54202.1_552	PMG11_00523
lcl|CDHK01000001.1_cds_CEJ54203.1_553	PMG11_00524
lcl|CDHK01000001.1_cds_CEJ54204.1_554	PMG11_00525
lcl|CDHK01000001.1_cds_CEJ54206.1_555	PMG11_00526
lcl|CDHK01000001.1_cds_CEJ54205.1_556	PMG11_00526
lcl|CDHK01000001.1_cds_CEJ54207.1_557	PMG11_00527
lcl|CDHK01000001.1_cds_CEJ54208.1_558	PMG11_00528
lcl|CDHK01000001.1_cds_CEJ54209.1_559	PMG11_00529
lcl|CDHK01000001.1_cds_CEJ54210.1_560	PMG11_00531
lcl|CDHK01000001.1_cds_CEJ54211.1_561	PMG11_00530
lcl|CDHK01000001.1_cds_CEJ54212.1_562	PMG11_00532
lcl|CDHK01000001.1_cds_CEJ54213.1_563	PMG11_00533
lcl|CDHK01000001.1_cds_CEJ54214.1_564	PMG11_00534
lcl|CDHK01000001.1_cds_CEJ54215.1_565	PMG11_00535
lcl|CDHK01000001.1_cds_CEJ54216.1_566	PMG11_00536
lcl|CDHK01000001.1_cds_CEJ54217.1_567	PMG11_00537
lcl|CDHK01000001.1_cds_CEJ54218.1_568	PMG11_00538
lcl|CDHK01000001.1_cds_CEJ54219.1_569	PMG11_00539
lcl|CDHK01000001.1_cds_CEJ54220.1_570	PMG11_00540
lcl|CDHK01000001.1_cds_CEJ54221.1_571	PMG11_00541
lcl|CDHK01000001.1_cds_CEJ54222.1_572	PMG11_00542
lcl|CDHK01000001.1_cds_CEJ54223.1_573	PMG11_00544
lcl|CDHK01000001.1_cds_CEJ54224.1_574	PMG11_00543
lcl|CDHK01000001.1_cds_CEJ54225.1_575	PMG11_00545
lcl|CDHK01000001.1_cds_CEJ54226.1_576	PMG11_00546
lcl|CDHK01000001.1_cds_CEJ54227.1_577	PMG11_00547
lcl|CDHK01000001.1_cds_CEJ54228.1_578	PMG11_00548
lcl|CDHK01000001.1_cds_CEJ54229.1_579	PMG11_00549
lcl|CDHK01000001.1_cds_CEJ54230.1_580	PMG11_00550
lcl|CDHK01000001.1_cds_CEJ54231.1_581	PMG11_00551
lcl|CDHK01000001.1_cds_CEJ54232.1_582	PMG11_00552
lcl|CDHK01000001.1_cds_CEJ54233.1_583	PMG11_00553
lcl|CDHK01000001.1_cds_CEJ54234.1_584	PMG11_00554
lcl|CDHK01000001.1_cds_CEJ54235.1_585	PMG11_00555
lcl|CDHK01000001.1_cds_CEJ54236.1_586	PMG11_00556
lcl|CDHK01000001.1_cds_CEJ54237.1_587	PMG11_00557
lcl|CDHK01000001.1_cds_CEJ54238.1_588	PMG11_00558
lcl|CDHK01000001.1_cds_CEJ54239.1_589	PMG11_00559
lcl|CDHK01000001.1_cds_CEJ54240.1_590	PMG11_00560
lcl|CDHK01000001.1_cds_CEJ54241.1_591	PMG11_00561
lcl|CDHK01000001.1_cds_CEJ54242.1_592	PMG11_00562
lcl|CDHK01000001.1_cds_CEJ54243.1_593	PMG11_00563
lcl|CDHK01000001.1_cds_CEJ54244.1_594	PMG11_00564
lcl|CDHK01000001.1_cds_CEJ54245.1_595	PMG11_00565
lcl|CDHK01000001.1_cds_CEJ54246.1_596	PMG11_00566
lcl|CDHK01000001.1_cds_CEJ54247.1_597	PMG11_00567
lcl|CDHK01000001.1_cds_CEJ54248.1_598	PMG11_00568
lcl|CDHK01000001.1_cds_CEJ54249.1_599	PMG11_00569
lcl|CDHK01000001.1_cds_CEJ54250.1_600	PMG11_00570
lcl|CDHK01000001.1_cds_CEJ54251.1_601	PMG11_00571
lcl|CDHK01000001.1_cds_CEJ54252.1_602	PMG11_00572
lcl|CDHK01000001.1_cds_CEJ54253.1_603	PMG11_00573
lcl|CDHK01000001.1_cds_CEJ54254.1_604	PMG11_00574
lcl|CDHK01000001.1_cds_CEJ54255.1_605	PMG11_00575
lcl|CDHK01000001.1_cds_CEJ54256.1_606	PMG11_00576
lcl|CDHK01000001.1_cds_CEJ54257.1_607	PMG11_00576
lcl|CDHK01000001.1_cds_CEJ54258.1_608	PMG11_00577
lcl|CDHK01000001.1_cds_CEJ54259.1_609	PMG11_00578
lcl|CDHK01000001.1_cds_CEJ54260.1_610	PMG11_00579
lcl|CDHK01000001.1_cds_CEJ54261.1_611	PMG11_00580
lcl|CDHK01000001.1_cds_CEJ54262.1_612	PMG11_00581
lcl|CDHK01000001.1_cds_CEJ54263.1_613	PMG11_00582
lcl|CDHK01000001.1_cds_CEJ54264.1_614	PMG11_00583
lcl|CDHK01000001.1_cds_CEJ54265.1_615	PMG11_00584
lcl|CDHK01000001.1_cds_CEJ54266.1_616	PMG11_00585
lcl|CDHK01000001.1_cds_CEJ54267.1_617	PMG11_00586
lcl|CDHK01000001.1_cds_CEJ54268.1_618	PMG11_00587
lcl|CDHK01000001.1_cds_CEJ54269.1_619	PMG11_00588
lcl|CDHK01000001.1_cds_CEJ54270.1_620	PMG11_00589
lcl|CDHK01000001.1_cds_CEJ54271.1_621	PMG11_00590
lcl|CDHK01000001.1_cds_CEJ54272.1_622	PMG11_00591
lcl|CDHK01000001.1_cds_CEJ54273.1_623	PMG11_00592
lcl|CDHK01000001.1_cds_CEJ54274.1_624	PMG11_00593
lcl|CDHK01000001.1_cds_CEJ54275.1_625	PMG11_00594
lcl|CDHK01000001.1_cds_CEJ54276.1_626	PMG11_00595
lcl|CDHK01000001.1_cds_CEJ54277.1_627	PMG11_00596
lcl|CDHK01000001.1_cds_CEJ54278.1_628	PMG11_00597
lcl|CDHK01000001.1_cds_CEJ54279.1_629	PMG11_00598
lcl|CDHK01000001.1_cds_CEJ54280.1_630	PMG11_00599
lcl|CDHK01000001.1_cds_CEJ54281.1_631	PMG11_00600
lcl|CDHK01000001.1_cds_CEJ54282.1_632	PMG11_00601
lcl|CDHK01000001.1_cds_CEJ54283.1_633	PMG11_00602
lcl|CDHK01000001.1_cds_CEJ54284.1_634	PMG11_00603
lcl|CDHK01000001.1_cds_CEJ54285.1_635	PMG11_00604
lcl|CDHK01000001.1_cds_CEJ54286.1_636	PMG11_00605
lcl|CDHK01000001.1_cds_CEJ54287.1_637	PMG11_00606
lcl|CDHK01000001.1_cds_CEJ54288.1_638	PMG11_00607
lcl|CDHK01000001.1_cds_CEJ54289.1_639	PMG11_00608
lcl|CDHK01000001.1_cds_CEJ54290.1_640	PMG11_00609
lcl|CDHK01000001.1_cds_CEJ54291.1_641	PMG11_00610
lcl|CDHK01000001.1_cds_CEJ54292.1_642	PMG11_00611
lcl|CDHK01000001.1_cds_CEJ54293.1_643	PMG11_00612
lcl|CDHK01000001.1_cds_CEJ54294.1_644	PMG11_00613
lcl|CDHK01000001.1_cds_CEJ54295.1_645	PMG11_00614
lcl|CDHK01000001.1_cds_CEJ54296.1_646	PMG11_00615
lcl|CDHK01000001.1_cds_CEJ54297.1_647	PMG11_00616
lcl|CDHK01000001.1_cds_CEJ54298.1_648	PMG11_00617
lcl|CDHK01000001.1_cds_CEJ54299.1_649	PMG11_00618
lcl|CDHK01000001.1_cds_CEJ54300.1_650	PMG11_00619
lcl|CDHK01000001.1_cds_CEJ54301.1_651	PMG11_00620
lcl|CDHK01000001.1_cds_CEJ54302.1_652	PMG11_00621
lcl|CDHK01000001.1_cds_CEJ54303.1_653	PMG11_00622
lcl|CDHK01000001.1_cds_CEJ54304.1_654	PMG11_00623
lcl|CDHK01000001.1_cds_CEJ54305.1_655	PMG11_00623
lcl|CDHK01000001.1_cds_CEJ54306.1_656	PMG11_00624
lcl|CDHK01000001.1_cds_CEJ54307.1_657	PMG11_00625
lcl|CDHK01000001.1_cds_CEJ54308.1_658	PMG11_00626
lcl|CDHK01000001.1_cds_CEJ54309.1_659	PMG11_00627
lcl|CDHK01000001.1_cds_CEJ54310.1_660	PMG11_00628
lcl|CDHK01000001.1_cds_CEJ54311.1_661	PMG11_00630
lcl|CDHK01000001.1_cds_CEJ54312.1_662	PMG11_00629
lcl|CDHK01000001.1_cds_CEJ54313.1_663	PMG11_00631
lcl|CDHK01000001.1_cds_CEJ54314.1_664	PMG11_00632
lcl|CDHK01000001.1_cds_CEJ54315.1_665	PMG11_00633
lcl|CDHK01000001.1_cds_CEJ54316.1_666	PMG11_00634
lcl|CDHK01000001.1_cds_CEJ54317.1_667	PMG11_00635
lcl|CDHK01000001.1_cds_CEJ54318.1_668	PMG11_00636
lcl|CDHK01000001.1_cds_CEJ54319.1_669	PMG11_00637
lcl|CDHK01000001.1_cds_CEJ54320.1_670	PMG11_00638
lcl|CDHK01000001.1_cds_CEJ54321.1_671	PMG11_00639
lcl|CDHK01000001.1_cds_CEJ54322.1_672	PMG11_00640
lcl|CDHK01000001.1_cds_CEJ54323.1_673	PMG11_00641
lcl|CDHK01000001.1_cds_CEJ54324.1_674	PMG11_00642
lcl|CDHK01000001.1_cds_CEJ54325.1_675	PMG11_00643
lcl|CDHK01000001.1_cds_CEJ54326.1_676	PMG11_00644
lcl|CDHK01000001.1_cds_CEJ54327.1_677	PMG11_00645
lcl|CDHK01000001.1_cds_CEJ54328.1_678	PMG11_00646
lcl|CDHK01000001.1_cds_CEJ54329.1_679	PMG11_00647
lcl|CDHK01000001.1_cds_CEJ54330.1_680	PMG11_00648
lcl|CDHK01000001.1_cds_CEJ54331.1_681	PMG11_00649
lcl|CDHK01000001.1_cds_CEJ54332.1_682	PMG11_00650
lcl|CDHK01000001.1_cds_CEJ54333.1_683	PMG11_00651
lcl|CDHK01000001.1_cds_CEJ54334.1_684	PMG11_00652
lcl|CDHK01000001.1_cds_CEJ54335.1_685	PMG11_00653
lcl|CDHK01000001.1_cds_CEJ54336.1_686	PMG11_00654
lcl|CDHK01000001.1_cds_CEJ54337.1_687	PMG11_00655
lcl|CDHK01000001.1_cds_CEJ54338.1_688	PMG11_00656
lcl|CDHK01000001.1_cds_CEJ54339.1_689	PMG11_00657
lcl|CDHK01000001.1_cds_CEJ54340.1_690	PMG11_00658
lcl|CDHK01000001.1_cds_CEJ54341.1_691	PMG11_00659
lcl|CDHK01000001.1_cds_CEJ54342.1_692	PMG11_00660
lcl|CDHK01000001.1_cds_CEJ54343.1_693	PMG11_00661
lcl|CDHK01000001.1_cds_CEJ54344.1_694	PMG11_00662
lcl|CDHK01000001.1_cds_CEJ54345.1_695	PMG11_00663
lcl|CDHK01000001.1_cds_CEJ54346.1_696	PMG11_00664
lcl|CDHK01000001.1_cds_CEJ54347.1_697	PMG11_00665
lcl|CDHK01000001.1_cds_CEJ54348.1_698	PMG11_00666
lcl|CDHK01000001.1_cds_CEJ54349.1_699	PMG11_00667
lcl|CDHK01000001.1_cds_CEJ54350.1_700	PMG11_00668
lcl|CDHK01000001.1_cds_CEJ54351.1_701	PMG11_00669
lcl|CDHK01000001.1_cds_CEJ54352.1_702	PMG11_00670
lcl|CDHK01000001.1_cds_CEJ54353.1_703	PMG11_00671
lcl|CDHK01000001.1_cds_CEJ54354.1_704	PMG11_00672
lcl|CDHK01000001.1_cds_CEJ54355.1_705	PMG11_00673
lcl|CDHK01000001.1_cds_CEJ54356.1_706	PMG11_00674
lcl|CDHK01000001.1_cds_CEJ54357.1_707	PMG11_00675
lcl|CDHK01000001.1_cds_CEJ54358.1_708	PMG11_00676
lcl|CDHK01000001.1_cds_CEJ54359.1_709	PMG11_00677
lcl|CDHK01000001.1_cds_CEJ54360.1_710	PMG11_00678
lcl|CDHK01000001.1_cds_CEJ54361.1_711	PMG11_00679
lcl|CDHK01000001.1_cds_CEJ54362.1_712	PMG11_00680
lcl|CDHK01000001.1_cds_CEJ54363.1_713	PMG11_00681
lcl|CDHK01000001.1_cds_CEJ54364.1_714	PMG11_00682
lcl|CDHK01000001.1_cds_CEJ54365.1_715	PMG11_00683
lcl|CDHK01000001.1_cds_CEJ54366.1_716	PMG11_00684
lcl|CDHK01000001.1_cds_CEJ54368.1_717	PMG11_00685
lcl|CDHK01000001.1_cds_CEJ54367.1_718	PMG11_00685
lcl|CDHK01000001.1_cds_CEJ54369.1_719	PMG11_00686
lcl|CDHK01000001.1_cds_CEJ54370.1_720	PMG11_00687
lcl|CDHK01000001.1_cds_CEJ54371.1_721	PMG11_00688
lcl|CDHK01000001.1_cds_CEJ54372.1_722	PMG11_00689
lcl|CDHK01000001.1_cds_CEJ54373.1_723	PMG11_00690
lcl|CDHK01000001.1_cds_CEJ54374.1_724	PMG11_00691
lcl|CDHK01000001.1_cds_CEJ54375.1_725	PMG11_00692
lcl|CDHK01000001.1_cds_CEJ54376.1_726	PMG11_00693
lcl|CDHK01000001.1_cds_CEJ54377.1_727	PMG11_00694
lcl|CDHK01000001.1_cds_CEJ54378.1_728	PMG11_00695
lcl|CDHK01000001.1_cds_CEJ54379.1_729	PMG11_00696
lcl|CDHK01000001.1_cds_CEJ54380.1_730	PMG11_00697
lcl|CDHK01000001.1_cds_CEJ54381.1_731	PMG11_00697
lcl|CDHK01000001.1_cds_CEJ54382.1_732	PMG11_00698
lcl|CDHK01000001.1_cds_CEJ54383.1_733	PMG11_00698
lcl|CDHK01000001.1_cds_CEJ54384.1_734	PMG11_00699
lcl|CDHK01000001.1_cds_CEJ54385.1_735	PMG11_00700
lcl|CDHK01000001.1_cds_CEJ54386.1_736	PMG11_00701
lcl|CDHK01000001.1_cds_CEJ54387.1_737	PMG11_00702
lcl|CDHK01000001.1_cds_CEJ54388.1_738	PMG11_00702
lcl|CDHK01000001.1_cds_CEJ54389.1_739	PMG11_00703
lcl|CDHK01000001.1_cds_CEJ54390.1_740	PMG11_00704
lcl|CDHK01000001.1_cds_CEJ54391.1_741	PMG11_00705
lcl|CDHK01000001.1_cds_CEJ54392.1_742	PMG11_00706
lcl|CDHK01000001.1_cds_CEJ54393.1_743	PMG11_00707
lcl|CDHK01000001.1_cds_CEJ54394.1_744	PMG11_00708
lcl|CDHK01000001.1_cds_CEJ54395.1_745	PMG11_00709
lcl|CDHK01000001.1_cds_CEJ54396.1_746	PMG11_00710
lcl|CDHK01000001.1_cds_CEJ54397.1_747	PMG11_00711
lcl|CDHK01000001.1_cds_CEJ54398.1_748	PMG11_00712
lcl|CDHK01000001.1_cds_CEJ54399.1_749	PMG11_00713
lcl|CDHK01000001.1_cds_CEJ54400.1_750	PMG11_00714
lcl|CDHK01000001.1_cds_CEJ54401.1_751	PMG11_00715
lcl|CDHK01000001.1_cds_CEJ54402.1_752	PMG11_00716
lcl|CDHK01000001.1_cds_CEJ54403.1_753	PMG11_00717
lcl|CDHK01000001.1_cds_CEJ54404.1_754	PMG11_00718
lcl|CDHK01000001.1_cds_CEJ54405.1_755	PMG11_00719
lcl|CDHK01000001.1_cds_CEJ54406.1_756	PMG11_00720
lcl|CDHK01000001.1_cds_CEJ54407.1_757	PMG11_00721
lcl|CDHK01000001.1_cds_CEJ54408.1_758	PMG11_00722
lcl|CDHK01000001.1_cds_CEJ54409.1_759	PMG11_00723
lcl|CDHK01000001.1_cds_CEJ54410.1_760	PMG11_00724
lcl|CDHK01000001.1_cds_CEJ54411.1_761	PMG11_00725
lcl|CDHK01000001.1_cds_CEJ54412.1_762	PMG11_00726
lcl|CDHK01000001.1_cds_CEJ54413.1_763	PMG11_00727
lcl|CDHK01000001.1_cds_CEJ54414.1_764	PMG11_00728
lcl|CDHK01000001.1_cds_CEJ54415.1_765	PMG11_00729
lcl|CDHK01000001.1_cds_CEJ54416.1_766	PMG11_00730
lcl|CDHK01000001.1_cds_CEJ54417.1_767	PMG11_00731
lcl|CDHK01000001.1_cds_CEJ54418.1_768	PMG11_00732
lcl|CDHK01000001.1_cds_CEJ54419.1_769	PMG11_00733
lcl|CDHK01000001.1_cds_CEJ54420.1_770	PMG11_00734
lcl|CDHK01000001.1_cds_CEJ54421.1_771	PMG11_00735
lcl|CDHK01000001.1_cds_CEJ54422.1_772	PMG11_00736
lcl|CDHK01000001.1_cds_CEJ54424.1_773	PMG11_00737
lcl|CDHK01000001.1_cds_CEJ54423.1_774	PMG11_00737
lcl|CDHK01000001.1_cds_CEJ54425.1_775	PMG11_00738
lcl|CDHK01000001.1_cds_CEJ54426.1_776	PMG11_00739
lcl|CDHK01000001.1_cds_CEJ54427.1_777	PMG11_00740
lcl|CDHK01000001.1_cds_CEJ54428.1_778	PMG11_00741
lcl|CDHK01000001.1_cds_CEJ54429.1_779	PMG11_00742
lcl|CDHK01000001.1_cds_CEJ54430.1_780	PMG11_00743
lcl|CDHK01000001.1_cds_CEJ54431.1_781	PMG11_00744
lcl|CDHK01000001.1_cds_CEJ54432.1_782	PMG11_00745
lcl|CDHK01000001.1_cds_CEJ54433.1_783	PMG11_00746
lcl|CDHK01000001.1_cds_CEJ54434.1_784	PMG11_00747
lcl|CDHK01000001.1_cds_CEJ54435.1_785	PMG11_00748
lcl|CDHK01000001.1_cds_CEJ54436.1_786	PMG11_00749
lcl|CDHK01000001.1_cds_CEJ54437.1_787	PMG11_00750
lcl|CDHK01000001.1_cds_CEJ54438.1_788	PMG11_00750
lcl|CDHK01000001.1_cds_CEJ54439.1_789	PMG11_00750
lcl|CDHK01000001.1_cds_CEJ54440.1_790	PMG11_00750
lcl|CDHK01000001.1_cds_CEJ54441.1_791	PMG11_00751
lcl|CDHK01000001.1_cds_CEJ54442.1_792	PMG11_00752
lcl|CDHK01000001.1_cds_CEJ54443.1_793	PMG11_00753
lcl|CDHK01000001.1_cds_CEJ54444.1_794	PMG11_00754
lcl|CDHK01000001.1_cds_CEJ54445.1_795	PMG11_00755
lcl|CDHK01000001.1_cds_CEJ54446.1_796	PMG11_00756
lcl|CDHK01000001.1_cds_CEJ54447.1_797	PMG11_00757
lcl|CDHK01000001.1_cds_CEJ54448.1_798	PMG11_00758
lcl|CDHK01000001.1_cds_CEJ54449.1_799	PMG11_00759
lcl|CDHK01000001.1_cds_CEJ54450.1_800	PMG11_00760
lcl|CDHK01000001.1_cds_CEJ54451.1_801	PMG11_00760
lcl|CDHK01000001.1_cds_CEJ54452.1_802	PMG11_00761
lcl|CDHK01000001.1_cds_CEJ54453.1_803	PMG11_00762
lcl|CDHK01000001.1_cds_CEJ54454.1_804	PMG11_00763
lcl|CDHK01000001.1_cds_CEJ54455.1_805	PMG11_00764
lcl|CDHK01000001.1_cds_CEJ54456.1_806	PMG11_00765
lcl|CDHK01000001.1_cds_CEJ54457.1_807	PMG11_00766
lcl|CDHK01000001.1_cds_CEJ54458.1_808	PMG11_00766
lcl|CDHK01000001.1_cds_CEJ54459.1_809	PMG11_00767
lcl|CDHK01000001.1_cds_CEJ54460.1_810	PMG11_00768
lcl|CDHK01000001.1_cds_CEJ54461.1_811	PMG11_00769
lcl|CDHK01000001.1_cds_CEJ54462.1_812	PMG11_00770
lcl|CDHK01000001.1_cds_CEJ54463.1_813	PMG11_00771
lcl|CDHK01000001.1_cds_CEJ54464.1_814	PMG11_00772
lcl|CDHK01000001.1_cds_CEJ54465.1_815	PMG11_00773
lcl|CDHK01000001.1_cds_CEJ54466.1_816	PMG11_00774
lcl|CDHK01000001.1_cds_CEJ54467.1_817	PMG11_00775
lcl|CDHK01000001.1_cds_CEJ54468.1_818	PMG11_00776
lcl|CDHK01000001.1_cds_CEJ54469.1_819	PMG11_00777
lcl|CDHK01000001.1_cds_CEJ54470.1_820	PMG11_00778
lcl|CDHK01000001.1_cds_CEJ54471.1_821	PMG11_00779
lcl|CDHK01000001.1_cds_CEJ54472.1_822	PMG11_00780
lcl|CDHK01000001.1_cds_CEJ54473.1_823	PMG11_00781
lcl|CDHK01000001.1_cds_CEJ54474.1_824	PMG11_00782
lcl|CDHK01000001.1_cds_CEJ54475.1_825	PMG11_00783
lcl|CDHK01000001.1_cds_CEJ54476.1_826	PMG11_00784
lcl|CDHK01000001.1_cds_CEJ54477.1_827	PMG11_00785
lcl|CDHK01000001.1_cds_CEJ54478.1_828	PMG11_00786
lcl|CDHK01000001.1_cds_CEJ54479.1_829	PMG11_00787
lcl|CDHK01000001.1_cds_CEJ54480.1_830	PMG11_00788
lcl|CDHK01000001.1_cds_CEJ54481.1_831	PMG11_00789
lcl|CDHK01000001.1_cds_CEJ54482.1_832	PMG11_00790
lcl|CDHK01000001.1_cds_CEJ54483.1_833	PMG11_00791
lcl|CDHK01000001.1_cds_CEJ54484.1_834	PMG11_00792
lcl|CDHK01000001.1_cds_CEJ54485.1_835	PMG11_00793
lcl|CDHK01000001.1_cds_CEJ54486.1_836	PMG11_00794
lcl|CDHK01000001.1_cds_CEJ54487.1_837	PMG11_00795
lcl|CDHK01000001.1_cds_CEJ54488.1_838	PMG11_00796
lcl|CDHK01000001.1_cds_CEJ54489.1_839	PMG11_00797
lcl|CDHK01000001.1_cds_CEJ54490.1_840	PMG11_00798
lcl|CDHK01000001.1_cds_CEJ54491.1_841	PMG11_00799
lcl|CDHK01000001.1_cds_CEJ54492.1_842	PMG11_00800
lcl|CDHK01000001.1_cds_CEJ54493.1_843	PMG11_00801
lcl|CDHK01000001.1_cds_CEJ54494.1_844	PMG11_00802
lcl|CDHK01000001.1_cds_CEJ54495.1_845	PMG11_00803
lcl|CDHK01000001.1_cds_CEJ54496.1_846	PMG11_00804
lcl|CDHK01000001.1_cds_CEJ54497.1_847	PMG11_00805
lcl|CDHK01000001.1_cds_CEJ54498.1_848	PMG11_00806
lcl|CDHK01000001.1_cds_CEJ54499.1_849	PMG11_00807
lcl|CDHK01000001.1_cds_CEJ54500.1_850	PMG11_00808
lcl|CDHK01000001.1_cds_CEJ54501.1_851	PMG11_00809
lcl|CDHK01000001.1_cds_CEJ54502.1_852	PMG11_00810
lcl|CDHK01000001.1_cds_CEJ54503.1_853	PMG11_00811
lcl|CDHK01000001.1_cds_CEJ54504.1_854	PMG11_00812
lcl|CDHK01000001.1_cds_CEJ54505.1_855	PMG11_00813
lcl|CDHK01000001.1_cds_CEJ54506.1_856	PMG11_00814
lcl|CDHK01000001.1_cds_CEJ54507.1_857	PMG11_00815
lcl|CDHK01000001.1_cds_CEJ54508.1_858	PMG11_00816
lcl|CDHK01000001.1_cds_CEJ54509.1_859	PMG11_00817
lcl|CDHK01000001.1_cds_CEJ54510.1_860	PMG11_00818
lcl|CDHK01000001.1_cds_CEJ54511.1_861	PMG11_00819
lcl|CDHK01000001.1_cds_CEJ54512.1_862	PMG11_00820
lcl|CDHK01000001.1_cds_CEJ54513.1_863	PMG11_00822
lcl|CDHK01000001.1_cds_CEJ54514.1_864	PMG11_00821
lcl|CDHK01000001.1_cds_CEJ54515.1_865	PMG11_00823
lcl|CDHK01000001.1_cds_CEJ54516.1_866	PMG11_00824
lcl|CDHK01000001.1_cds_CEJ54517.1_867	PMG11_00825
lcl|CDHK01000001.1_cds_CEJ54518.1_868	PMG11_00826
lcl|CDHK01000001.1_cds_CEJ54519.1_869	PMG11_00827
lcl|CDHK01000001.1_cds_CEJ54520.1_870	PMG11_00828
lcl|CDHK01000001.1_cds_CEJ54521.1_871	PMG11_00829
lcl|CDHK01000001.1_cds_CEJ54522.1_872	PMG11_00830
lcl|CDHK01000001.1_cds_CEJ54523.1_873	PMG11_00831
lcl|CDHK01000001.1_cds_CEJ54524.1_874	PMG11_00832
lcl|CDHK01000001.1_cds_CEJ54525.1_875	PMG11_00833
lcl|CDHK01000001.1_cds_CEJ54526.1_876	PMG11_00834
lcl|CDHK01000001.1_cds_CEJ54527.1_877	PMG11_00835
lcl|CDHK01000001.1_cds_CEJ54528.1_878	PMG11_00836
lcl|CDHK01000001.1_cds_CEJ54529.1_879	PMG11_00837
lcl|CDHK01000001.1_cds_CEJ54530.1_880	PMG11_00838
lcl|CDHK01000001.1_cds_CEJ54531.1_881	PMG11_00839
lcl|CDHK01000001.1_cds_CEJ54533.1_882	PMG11_00840
lcl|CDHK01000001.1_cds_CEJ54532.1_883	PMG11_00840
lcl|CDHK01000001.1_cds_CEJ54534.1_884	PMG11_00841
lcl|CDHK01000001.1_cds_CEJ54535.1_885	PMG11_00842
lcl|CDHK01000001.1_cds_CEJ54536.1_886	PMG11_00843
lcl|CDHK01000001.1_cds_CEJ54537.1_887	PMG11_00844
lcl|CDHK01000001.1_cds_CEJ54538.1_888	PMG11_00845
lcl|CDHK01000001.1_cds_CEJ54539.1_889	PMG11_00845
lcl|CDHK01000001.1_cds_CEJ54540.1_890	PMG11_00846
lcl|CDHK01000001.1_cds_CEJ54541.1_891	PMG11_00846
lcl|CDHK01000001.1_cds_CEJ54542.1_892	PMG11_00847
lcl|CDHK01000001.1_cds_CEJ54543.1_893	PMG11_00848
lcl|CDHK01000001.1_cds_CEJ54544.1_894	PMG11_00849
lcl|CDHK01000001.1_cds_CEJ54545.1_895	PMG11_00850
lcl|CDHK01000001.1_cds_CEJ54546.1_896	PMG11_00851
lcl|CDHK01000001.1_cds_CEJ54547.1_897	PMG11_00852
lcl|CDHK01000001.1_cds_CEJ54548.1_898	PMG11_00853
lcl|CDHK01000001.1_cds_CEJ54549.1_899	PMG11_00854
lcl|CDHK01000001.1_cds_CEJ54550.1_900	PMG11_00855
lcl|CDHK01000001.1_cds_CEJ54552.1_901	PMG11_00856
lcl|CDHK01000001.1_cds_CEJ54551.1_902	PMG11_00856
lcl|CDHK01000001.1_cds_CEJ54553.1_903	PMG11_00857
lcl|CDHK01000001.1_cds_CEJ54554.1_904	PMG11_00858
lcl|CDHK01000001.1_cds_CEJ54555.1_905	PMG11_00859
lcl|CDHK01000001.1_cds_CEJ54556.1_906	PMG11_00860
lcl|CDHK01000001.1_cds_CEJ54557.1_907	PMG11_00861
lcl|CDHK01000001.1_cds_CEJ54558.1_908	PMG11_00862
lcl|CDHK01000001.1_cds_CEJ54559.1_909	PMG11_00863
lcl|CDHK01000001.1_cds_CEJ54560.1_910	PMG11_00864
lcl|CDHK01000001.1_cds_CEJ54561.1_911	PMG11_00865
lcl|CDHK01000001.1_cds_CEJ54562.1_912	PMG11_00866
lcl|CDHK01000001.1_cds_CEJ54563.1_913	PMG11_00867
lcl|CDHK01000001.1_cds_CEJ54564.1_914	PMG11_00868
lcl|CDHK01000001.1_cds_CEJ54565.1_915	PMG11_00869
lcl|CDHK01000001.1_cds_CEJ54566.1_916	PMG11_00870
lcl|CDHK01000001.1_cds_CEJ54567.1_917	PMG11_00871
lcl|CDHK01000001.1_cds_CEJ54568.1_918	PMG11_00872
lcl|CDHK01000001.1_cds_CEJ54569.1_919	PMG11_00873
lcl|CDHK01000001.1_cds_CEJ54570.1_920	PMG11_00874
lcl|CDHK01000001.1_cds_CEJ54571.1_921	PMG11_00875
lcl|CDHK01000001.1_cds_CEJ54572.1_922	PMG11_00876
lcl|CDHK01000001.1_cds_CEJ54573.1_923	PMG11_00877
lcl|CDHK01000001.1_cds_CEJ54574.1_924	PMG11_00878
lcl|CDHK01000001.1_cds_CEJ54575.1_925	PMG11_00879
lcl|CDHK01000001.1_cds_CEJ54576.1_926	PMG11_00880
lcl|CDHK01000001.1_cds_CEJ54577.1_927	PMG11_00881
lcl|CDHK01000001.1_cds_CEJ54578.1_928	PMG11_00882
lcl|CDHK01000001.1_cds_CEJ54579.1_929	PMG11_00883
lcl|CDHK01000001.1_cds_CEJ54580.1_930	PMG11_00884
lcl|CDHK01000001.1_cds_CEJ54581.1_931	PMG11_00885
lcl|CDHK01000001.1_cds_CEJ54582.1_932	PMG11_00886
lcl|CDHK01000001.1_cds_CEJ54583.1_933	PMG11_00887
lcl|CDHK01000001.1_cds_CEJ54584.1_934	PMG11_00888
lcl|CDHK01000001.1_cds_CEJ54585.1_935	PMG11_00889
lcl|CDHK01000001.1_cds_CEJ54586.1_936	PMG11_00890
lcl|CDHK01000001.1_cds_CEJ54587.1_937	PMG11_00891
lcl|CDHK01000001.1_cds_CEJ54588.1_938	PMG11_00892
lcl|CDHK01000001.1_cds_CEJ54589.1_939	PMG11_00893
lcl|CDHK01000001.1_cds_CEJ54590.1_940	PMG11_00894
lcl|CDHK01000001.1_cds_CEJ54591.1_941	PMG11_00895
lcl|CDHK01000001.1_cds_CEJ54592.1_942	PMG11_00896
lcl|CDHK01000001.1_cds_CEJ54593.1_943	PMG11_00897
lcl|CDHK01000001.1_cds_CEJ54594.1_944	PMG11_00898
lcl|CDHK01000001.1_cds_CEJ54595.1_945	PMG11_00899
lcl|CDHK01000001.1_cds_CEJ54596.1_946	PMG11_00900
lcl|CDHK01000001.1_cds_CEJ54597.1_947	PMG11_00901
lcl|CDHK01000001.1_cds_CEJ54598.1_948	PMG11_00902
lcl|CDHK01000001.1_cds_CEJ54599.1_949	PMG11_00903
lcl|CDHK01000001.1_cds_CEJ54600.1_950	PMG11_00904
lcl|CDHK01000001.1_cds_CEJ54601.1_951	PMG11_00905
lcl|CDHK01000001.1_cds_CEJ54602.1_952	PMG11_00906
lcl|CDHK01000001.1_cds_CEJ54603.1_953	PMG11_00907
lcl|CDHK01000001.1_cds_CEJ54604.1_954	PMG11_00908
lcl|CDHK01000001.1_cds_CEJ54605.1_955	PMG11_00909
lcl|CDHK01000001.1_cds_CEJ54606.1_956	PMG11_00910
lcl|CDHK01000001.1_cds_CEJ54607.1_957	PMG11_00911
lcl|CDHK01000001.1_cds_CEJ54608.1_958	PMG11_00912
lcl|CDHK01000001.1_cds_CEJ54609.1_959	PMG11_00913
lcl|CDHK01000001.1_cds_CEJ54610.1_960	PMG11_00914
lcl|CDHK01000001.1_cds_CEJ54611.1_961	PMG11_00915
lcl|CDHK01000001.1_cds_CEJ54612.1_962	PMG11_00915
lcl|CDHK01000001.1_cds_CEJ54613.1_963	PMG11_00916
lcl|CDHK01000001.1_cds_CEJ54614.1_964	PMG11_00917
lcl|CDHK01000001.1_cds_CEJ54615.1_965	PMG11_00918
lcl|CDHK01000001.1_cds_CEJ54616.1_966	PMG11_00919
lcl|CDHK01000001.1_cds_CEJ54617.1_967	PMG11_00920
lcl|CDHK01000001.1_cds_CEJ54618.1_968	PMG11_00921
lcl|CDHK01000001.1_cds_CEJ54619.1_969	PMG11_00922
lcl|CDHK01000001.1_cds_CEJ54620.1_970	PMG11_00923
lcl|CDHK01000001.1_cds_CEJ54621.1_971	PMG11_00924
lcl|CDHK01000001.1_cds_CEJ54622.1_972	PMG11_00925
lcl|CDHK01000001.1_cds_CEJ54623.1_973	PMG11_00925
lcl|CDHK01000001.1_cds_CEJ54624.1_974	PMG11_00926
lcl|CDHK01000001.1_cds_CEJ54625.1_975	PMG11_00927
lcl|CDHK01000001.1_cds_CEJ54626.1_976	PMG11_00928
lcl|CDHK01000001.1_cds_CEJ54627.1_977	PMG11_00929
lcl|CDHK01000001.1_cds_CEJ54628.1_978	PMG11_00930
lcl|CDHK01000001.1_cds_CEJ54629.1_979	PMG11_00931
lcl|CDHK01000001.1_cds_CEJ54630.1_980	PMG11_00932
lcl|CDHK01000001.1_cds_CEJ54631.1_981	PMG11_00933
lcl|CDHK01000001.1_cds_CEJ54632.1_982	PMG11_00934
lcl|CDHK01000001.1_cds_CEJ54633.1_983	PMG11_00935
lcl|CDHK01000001.1_cds_CEJ54634.1_984	PMG11_00936
lcl|CDHK01000001.1_cds_CEJ54635.1_985	PMG11_00937
lcl|CDHK01000001.1_cds_CEJ54636.1_986	PMG11_00938
lcl|CDHK01000001.1_cds_CEJ54637.1_987	PMG11_00939
lcl|CDHK01000001.1_cds_CEJ54638.1_988	PMG11_00940
lcl|CDHK01000001.1_cds_CEJ54639.1_989	PMG11_00941
lcl|CDHK01000001.1_cds_CEJ54640.1_990	PMG11_00942
lcl|CDHK01000001.1_cds_CEJ54641.1_991	PMG11_00943
lcl|CDHK01000001.1_cds_CEJ54642.1_992	PMG11_00944
lcl|CDHK01000001.1_cds_CEJ54643.1_993	PMG11_00945
lcl|CDHK01000001.1_cds_CEJ54644.1_994	PMG11_00945
lcl|CDHK01000001.1_cds_CEJ54645.1_995	PMG11_00946
lcl|CDHK01000001.1_cds_CEJ54646.1_996	PMG11_00947
lcl|CDHK01000001.1_cds_CEJ54647.1_997	PMG11_00948
lcl|CDHK01000001.1_cds_CEJ54648.1_998	PMG11_00949
lcl|CDHK01000001.1_cds_CEJ54649.1_999	PMG11_00950
lcl|CDHK01000001.1_cds_CEJ54650.1_1000	PMG11_00951
lcl|CDHK01000001.1_cds_CEJ54651.1_1001	PMG11_00953
lcl|CDHK01000001.1_cds_CEJ54652.1_1002	PMG11_00952
lcl|CDHK01000001.1_cds_CEJ54653.1_1003	PMG11_00954
lcl|CDHK01000001.1_cds_CEJ54654.1_1004	PMG11_00954
lcl|CDHK01000001.1_cds_CEJ54655.1_1005	PMG11_00955
lcl|CDHK01000001.1_cds_CEJ54656.1_1006	PMG11_00956
lcl|CDHK01000001.1_cds_CEJ54657.1_1007	PMG11_00957
lcl|CDHK01000001.1_cds_CEJ54658.1_1008	PMG11_00958
lcl|CDHK01000001.1_cds_CEJ54659.1_1009	PMG11_00959
lcl|CDHK01000001.1_cds_CEJ54660.1_1010	PMG11_00960
lcl|CDHK01000001.1_cds_CEJ54661.1_1011	PMG11_00961
lcl|CDHK01000001.1_cds_CEJ54662.1_1012	PMG11_00962
lcl|CDHK01000001.1_cds_CEJ54663.1_1013	PMG11_00963
lcl|CDHK01000001.1_cds_CEJ54664.1_1014	PMG11_00964
lcl|CDHK01000001.1_cds_CEJ54665.1_1015	PMG11_00965
lcl|CDHK01000001.1_cds_CEJ54666.1_1016	PMG11_00965
lcl|CDHK01000001.1_cds_CEJ54667.1_1017	PMG11_00966
lcl|CDHK01000001.1_cds_CEJ54669.1_1018	PMG11_00966
lcl|CDHK01000001.1_cds_CEJ54668.1_1019	PMG11_00966
lcl|CDHK01000001.1_cds_CEJ54670.1_1020	PMG11_00967
lcl|CDHK01000001.1_cds_CEJ54671.1_1021	PMG11_00968
lcl|CDHK01000001.1_cds_CEJ54672.1_1022	PMG11_00969
lcl|CDHK01000001.1_cds_CEJ54673.1_1023	PMG11_00970
lcl|CDHK01000001.1_cds_CEJ54674.1_1024	PMG11_00971
lcl|CDHK01000001.1_cds_CEJ54675.1_1025	PMG11_00972
lcl|CDHK01000001.1_cds_CEJ54676.1_1026	PMG11_00973
lcl|CDHK01000001.1_cds_CEJ54677.1_1027	PMG11_00974
lcl|CDHK01000001.1_cds_CEJ54678.1_1028	PMG11_00975
lcl|CDHK01000001.1_cds_CEJ54679.1_1029	PMG11_00975
lcl|CDHK01000001.1_cds_CEJ54680.1_1030	PMG11_00976
lcl|CDHK01000001.1_cds_CEJ54681.1_1031	PMG11_00977
lcl|CDHK01000001.1_cds_CEJ54682.1_1032	PMG11_00978
lcl|CDHK01000001.1_cds_CEJ54683.1_1033	PMG11_00979
lcl|CDHK01000001.1_cds_CEJ54684.1_1034	PMG11_00980
lcl|CDHK01000001.1_cds_CEJ54685.1_1035	PMG11_00981
lcl|CDHK01000001.1_cds_CEJ54686.1_1036	PMG11_00982
lcl|CDHK01000001.1_cds_CEJ54687.1_1037	PMG11_00983
lcl|CDHK01000001.1_cds_CEJ54688.1_1038	PMG11_00984
lcl|CDHK01000001.1_cds_CEJ54689.1_1039	PMG11_00985
lcl|CDHK01000001.1_cds_CEJ54690.1_1040	PMG11_00986
lcl|CDHK01000001.1_cds_CEJ54691.1_1041	PMG11_00987
lcl|CDHK01000001.1_cds_CEJ54692.1_1042	PMG11_00988
lcl|CDHK01000001.1_cds_CEJ54693.1_1043	PMG11_00989
lcl|CDHK01000001.1_cds_CEJ54694.1_1044	PMG11_00990
lcl|CDHK01000001.1_cds_CEJ54695.1_1045	PMG11_00991
lcl|CDHK01000001.1_cds_CEJ54696.1_1046	PMG11_00992
lcl|CDHK01000001.1_cds_CEJ54697.1_1047	PMG11_00993
lcl|CDHK01000001.1_cds_CEJ54698.1_1048	PMG11_00994
lcl|CDHK01000001.1_cds_CEJ54699.1_1049	PMG11_00995
lcl|CDHK01000001.1_cds_CEJ54700.1_1050	PMG11_00996
lcl|CDHK01000001.1_cds_CEJ54701.1_1051	PMG11_00997
lcl|CDHK01000001.1_cds_CEJ54702.1_1052	PMG11_00998
lcl|CDHK01000001.1_cds_CEJ54703.1_1053	PMG11_00999
lcl|CDHK01000001.1_cds_CEJ54704.1_1054	PMG11_01001
lcl|CDHK01000001.1_cds_CEJ54705.1_1055	PMG11_01000
lcl|CDHK01000001.1_cds_CEJ54706.1_1056	PMG11_01002
lcl|CDHK01000001.1_cds_CEJ54707.1_1057	PMG11_01003
lcl|CDHK01000001.1_cds_CEJ54708.1_1058	PMG11_01004
lcl|CDHK01000001.1_cds_CEJ54709.1_1059	PMG11_01005
lcl|CDHK01000001.1_cds_CEJ54710.1_1060	PMG11_01006
lcl|CDHK01000001.1_cds_CEJ54711.1_1061	PMG11_01007
lcl|CDHK01000001.1_cds_CEJ54712.1_1062	PMG11_01008
lcl|CDHK01000001.1_cds_CEJ54713.1_1063	PMG11_01009
lcl|CDHK01000001.1_cds_CEJ54714.1_1064	PMG11_01010
lcl|CDHK01000001.1_cds_CEJ54715.1_1065	PMG11_01011
lcl|CDHK01000001.1_cds_CEJ54716.1_1066	PMG11_01013
lcl|CDHK01000001.1_cds_CEJ54717.1_1067	PMG11_01012
lcl|CDHK01000001.1_cds_CEJ54718.1_1068	PMG11_01014
lcl|CDHK01000001.1_cds_CEJ54719.1_1069	PMG11_01015
lcl|CDHK01000001.1_cds_CEJ54720.1_1070	PMG11_01016
lcl|CDHK01000001.1_cds_CEJ54721.1_1071	PMG11_01017
lcl|CDHK01000001.1_cds_CEJ54722.1_1072	PMG11_01018
lcl|CDHK01000001.1_cds_CEJ54723.1_1073	PMG11_01019
lcl|CDHK01000001.1_cds_CEJ54724.1_1074	PMG11_01020
lcl|CDHK01000001.1_cds_CEJ54725.1_1075	PMG11_01021
lcl|CDHK01000001.1_cds_CEJ54726.1_1076	PMG11_01022
lcl|CDHK01000001.1_cds_CEJ54727.1_1077	PMG11_01023
lcl|CDHK01000001.1_cds_CEJ54728.1_1078	PMG11_01024
lcl|CDHK01000001.1_cds_CEJ54729.1_1079	PMG11_01024
lcl|CDHK01000001.1_cds_CEJ54730.1_1080	PMG11_01025
lcl|CDHK01000001.1_cds_CEJ54731.1_1081	PMG11_01026
lcl|CDHK01000001.1_cds_CEJ54732.1_1082	PMG11_01027
lcl|CDHK01000001.1_cds_CEJ54733.1_1083	PMG11_01028
lcl|CDHK01000001.1_cds_CEJ54734.1_1084	PMG11_01029
lcl|CDHK01000001.1_cds_CEJ54735.1_1085	PMG11_01030
lcl|CDHK01000001.1_cds_CEJ54736.1_1086	PMG11_01031
lcl|CDHK01000001.1_cds_CEJ54737.1_1087	PMG11_01032
lcl|CDHK01000001.1_cds_CEJ54738.1_1088	PMG11_01033
lcl|CDHK01000001.1_cds_CEJ54739.1_1089	PMG11_01034
lcl|CDHK01000001.1_cds_CEJ54740.1_1090	PMG11_01035
lcl|CDHK01000001.1_cds_CEJ54741.1_1091	PMG11_01036
lcl|CDHK01000001.1_cds_CEJ54742.1_1092	PMG11_01037
lcl|CDHK01000001.1_cds_CEJ54743.1_1093	PMG11_01038
lcl|CDHK01000001.1_cds_CEJ54744.1_1094	PMG11_01039
lcl|CDHK01000001.1_cds_CEJ54745.1_1095	PMG11_01040
lcl|CDHK01000001.1_cds_CEJ54746.1_1096	PMG11_01041
lcl|CDHK01000001.1_cds_CEJ54747.1_1097	PMG11_01042
lcl|CDHK01000001.1_cds_CEJ54748.1_1098	PMG11_01043
lcl|CDHK01000001.1_cds_CEJ54749.1_1099	PMG11_01044
lcl|CDHK01000001.1_cds_CEJ54750.1_1100	PMG11_01045
lcl|CDHK01000001.1_cds_CEJ54751.1_1101	PMG11_01046
lcl|CDHK01000001.1_cds_CEJ54752.1_1102	PMG11_01047
lcl|CDHK01000001.1_cds_CEJ54753.1_1103	PMG11_01048
lcl|CDHK01000001.1_cds_CEJ54754.1_1104	PMG11_01049
lcl|CDHK01000001.1_cds_CEJ54755.1_1105	PMG11_01050
lcl|CDHK01000001.1_cds_CEJ54756.1_1106	PMG11_01051
lcl|CDHK01000001.1_cds_CEJ54757.1_1107	PMG11_01052
lcl|CDHK01000001.1_cds_CEJ54758.1_1108	PMG11_01053
lcl|CDHK01000001.1_cds_CEJ54759.1_1109	PMG11_01054
lcl|CDHK01000001.1_cds_CEJ54760.1_1110	PMG11_01055
lcl|CDHK01000001.1_cds_CEJ54761.1_1111	PMG11_01056
lcl|CDHK01000001.1_cds_CEJ54762.1_1112	PMG11_01057
lcl|CDHK01000001.1_cds_CEJ54763.1_1113	PMG11_01058
lcl|CDHK01000001.1_cds_CEJ54764.1_1114	PMG11_01059
lcl|CDHK01000001.1_cds_CEJ54765.1_1115	PMG11_01060
lcl|CDHK01000001.1_cds_CEJ54766.1_1116	PMG11_01061
lcl|CDHK01000001.1_cds_CEJ54767.1_1117	PMG11_01063
lcl|CDHK01000001.1_cds_CEJ54768.1_1118	PMG11_01062
lcl|CDHK01000001.1_cds_CEJ54769.1_1119	PMG11_01064
lcl|CDHK01000001.1_cds_CEJ54770.1_1120	PMG11_01065
lcl|CDHK01000001.1_cds_CEJ54771.1_1121	PMG11_01066
lcl|CDHK01000001.1_cds_CEJ54772.1_1122	PMG11_01067
lcl|CDHK01000001.1_cds_CEJ54773.1_1123	PMG11_01068
lcl|CDHK01000001.1_cds_CEJ54774.1_1124	PMG11_01069
lcl|CDHK01000001.1_cds_CEJ54775.1_1125	PMG11_01070
lcl|CDHK01000001.1_cds_CEJ54776.1_1126	PMG11_01070
lcl|CDHK01000001.1_cds_CEJ54777.1_1127	PMG11_01071
lcl|CDHK01000001.1_cds_CEJ54778.1_1128	PMG11_01072
lcl|CDHK01000001.1_cds_CEJ54779.1_1129	PMG11_01073
lcl|CDHK01000001.1_cds_CEJ54780.1_1130	PMG11_01074
lcl|CDHK01000001.1_cds_CEJ54781.1_1131	PMG11_01075
lcl|CDHK01000001.1_cds_CEJ54782.1_1132	PMG11_01076
lcl|CDHK01000001.1_cds_CEJ54783.1_1133	PMG11_01077
lcl|CDHK01000001.1_cds_CEJ54784.1_1134	PMG11_01077
lcl|CDHK01000001.1_cds_CEJ54785.1_1135	PMG11_01078
lcl|CDHK01000001.1_cds_CEJ54786.1_1136	PMG11_01079
lcl|CDHK01000001.1_cds_CEJ54787.1_1137	PMG11_01080
lcl|CDHK01000001.1_cds_CEJ54788.1_1138	PMG11_01081
lcl|CDHK01000001.1_cds_CEJ54789.1_1139	PMG11_01082
lcl|CDHK01000001.1_cds_CEJ54790.1_1140	PMG11_01083
lcl|CDHK01000001.1_cds_CEJ54791.1_1141	PMG11_01084
lcl|CDHK01000001.1_cds_CEJ54792.1_1142	PMG11_01085
lcl|CDHK01000001.1_cds_CEJ54793.1_1143	PMG11_01086
lcl|CDHK01000001.1_cds_CEJ54794.1_1144	PMG11_01087
lcl|CDHK01000001.1_cds_CEJ54795.1_1145	PMG11_01088
lcl|CDHK01000001.1_cds_CEJ54796.1_1146	PMG11_01089
lcl|CDHK01000001.1_cds_CEJ54797.1_1147	PMG11_01090
lcl|CDHK01000001.1_cds_CEJ54798.1_1148	PMG11_01091
lcl|CDHK01000001.1_cds_CEJ54799.1_1149	PMG11_01092
lcl|CDHK01000001.1_cds_CEJ54800.1_1150	PMG11_01093
lcl|CDHK01000001.1_cds_CEJ54801.1_1151	PMG11_01094
lcl|CDHK01000001.1_cds_CEJ54802.1_1152	PMG11_01095
lcl|CDHK01000001.1_cds_CEJ54803.1_1153	PMG11_01096
lcl|CDHK01000001.1_cds_CEJ54804.1_1154	PMG11_01097
lcl|CDHK01000001.1_cds_CEJ54805.1_1155	PMG11_01098
lcl|CDHK01000001.1_cds_CEJ54806.1_1156	PMG11_01099
lcl|CDHK01000001.1_cds_CEJ54807.1_1157	PMG11_01099
lcl|CDHK01000001.1_cds_CEJ54808.1_1158	PMG11_01100
lcl|CDHK01000001.1_cds_CEJ54809.1_1159	PMG11_01101
lcl|CDHK01000001.1_cds_CEJ54810.1_1160	PMG11_01102
lcl|CDHK01000001.1_cds_CEJ54811.1_1161	PMG11_01103
lcl|CDHK01000001.1_cds_CEJ54812.1_1162	PMG11_01104
lcl|CDHK01000001.1_cds_CEJ54813.1_1163	PMG11_01105
lcl|CDHK01000001.1_cds_CEJ54814.1_1164	PMG11_01106
lcl|CDHK01000001.1_cds_CEJ54815.1_1165	PMG11_01106
lcl|CDHK01000001.1_cds_CEJ54816.1_1166	PMG11_01107
lcl|CDHK01000001.1_cds_CEJ54817.1_1167	PMG11_01108
lcl|CDHK01000001.1_cds_CEJ54818.1_1168	PMG11_01109
lcl|CDHK01000001.1_cds_CEJ54819.1_1169	PMG11_01110
lcl|CDHK01000001.1_cds_CEJ54821.1_1170	PMG11_01111
lcl|CDHK01000001.1_cds_CEJ54820.1_1171	PMG11_01111
lcl|CDHK01000001.1_cds_CEJ54822.1_1172	PMG11_01112
lcl|CDHK01000001.1_cds_CEJ54823.1_1173	PMG11_01113
lcl|CDHK01000001.1_cds_CEJ54824.1_1174	PMG11_01114
lcl|CDHK01000001.1_cds_CEJ54825.1_1175	PMG11_01115
lcl|CDHK01000001.1_cds_CEJ54826.1_1176	PMG11_01116
lcl|CDHK01000001.1_cds_CEJ54827.1_1177	PMG11_01118
lcl|CDHK01000001.1_cds_CEJ54828.1_1178	PMG11_01117
lcl|CDHK01000001.1_cds_CEJ54829.1_1179	PMG11_01119
lcl|CDHK01000001.1_cds_CEJ54830.1_1180	PMG11_01120
lcl|CDHK01000001.1_cds_CEJ54831.1_1181	PMG11_01121
lcl|CDHK01000001.1_cds_CEJ54832.1_1182	PMG11_01122
lcl|CDHK01000001.1_cds_CEJ54833.1_1183	PMG11_01123
lcl|CDHK01000001.1_cds_CEJ54834.1_1184	PMG11_01124
lcl|CDHK01000001.1_cds_CEJ54835.1_1185	PMG11_01125
lcl|CDHK01000001.1_cds_CEJ54836.1_1186	PMG11_01126
lcl|CDHK01000001.1_cds_CEJ54837.1_1187	PMG11_01127
lcl|CDHK01000001.1_cds_CEJ54838.1_1188	PMG11_01128
lcl|CDHK01000001.1_cds_CEJ54839.1_1189	PMG11_01129
lcl|CDHK01000001.1_cds_CEJ54840.1_1190	PMG11_01130
lcl|CDHK01000001.1_cds_CEJ54841.1_1191	PMG11_01130
lcl|CDHK01000001.1_cds_CEJ54842.1_1192	PMG11_01131
lcl|CDHK01000001.1_cds_CEJ54843.1_1193	PMG11_01132
lcl|CDHK01000001.1_cds_CEJ54844.1_1194	PMG11_01133
lcl|CDHK01000001.1_cds_CEJ54845.1_1195	PMG11_01134
lcl|CDHK01000001.1_cds_CEJ54846.1_1196	PMG11_01135
lcl|CDHK01000001.1_cds_CEJ54847.1_1197	PMG11_01136
lcl|CDHK01000001.1_cds_CEJ54848.1_1198	PMG11_01137
lcl|CDHK01000001.1_cds_CEJ54849.1_1199	PMG11_01138
lcl|CDHK01000001.1_cds_CEJ54850.1_1200	PMG11_01139
lcl|CDHK01000001.1_cds_CEJ54851.1_1201	PMG11_01140
lcl|CDHK01000001.1_cds_CEJ54852.1_1202	PMG11_01141
lcl|CDHK01000001.1_cds_CEJ54853.1_1203	PMG11_01142
lcl|CDHK01000001.1_cds_CEJ54854.1_1204	PMG11_01143
lcl|CDHK01000001.1_cds_CEJ54855.1_1205	PMG11_01144
lcl|CDHK01000001.1_cds_CEJ54856.1_1206	PMG11_01145
lcl|CDHK01000001.1_cds_CEJ54857.1_1207	PMG11_01146
lcl|CDHK01000001.1_cds_CEJ54858.1_1208	PMG11_01147
lcl|CDHK01000001.1_cds_CEJ54859.1_1209	PMG11_01148
lcl|CDHK01000001.1_cds_CEJ54860.1_1210	PMG11_01149
lcl|CDHK01000001.1_cds_CEJ54861.1_1211	PMG11_01150
lcl|CDHK01000001.1_cds_CEJ54862.1_1212	PMG11_01151
lcl|CDHK01000001.1_cds_CEJ54863.1_1213	PMG11_01152
lcl|CDHK01000001.1_cds_CEJ54864.1_1214	PMG11_01153
lcl|CDHK01000001.1_cds_CEJ54865.1_1215	PMG11_01154
lcl|CDHK01000001.1_cds_CEJ54866.1_1216	PMG11_01155
lcl|CDHK01000001.1_cds_CEJ54867.1_1217	PMG11_01156
lcl|CDHK01000001.1_cds_CEJ54868.1_1218	PMG11_01157
lcl|CDHK01000001.1_cds_CEJ54869.1_1219	PMG11_01158
lcl|CDHK01000001.1_cds_CEJ54870.1_1220	PMG11_01159
lcl|CDHK01000001.1_cds_CEJ54871.1_1221	PMG11_01160
lcl|CDHK01000001.1_cds_CEJ54872.1_1222	PMG11_01161
lcl|CDHK01000001.1_cds_CEJ54873.1_1223	PMG11_01162
lcl|CDHK01000001.1_cds_CEJ54874.1_1224	PMG11_01164
lcl|CDHK01000001.1_cds_CEJ54875.1_1225	PMG11_01163
lcl|CDHK01000001.1_cds_CEJ54876.1_1226	PMG11_01165
lcl|CDHK01000001.1_cds_CEJ54877.1_1227	PMG11_01166
lcl|CDHK01000001.1_cds_CEJ54878.1_1228	PMG11_01167
lcl|CDHK01000001.1_cds_CEJ54879.1_1229	PMG11_01168
lcl|CDHK01000001.1_cds_CEJ54880.1_1230	PMG11_01169
lcl|CDHK01000001.1_cds_CEJ54881.1_1231	PMG11_01170
lcl|CDHK01000001.1_cds_CEJ54882.1_1232	PMG11_01171
lcl|CDHK01000001.1_cds_CEJ54883.1_1233	PMG11_01171
lcl|CDHK01000001.1_cds_CEJ54884.1_1234	PMG11_01172
lcl|CDHK01000001.1_cds_CEJ54885.1_1235	PMG11_01173
lcl|CDHK01000001.1_cds_CEJ54886.1_1236	PMG11_01174
lcl|CDHK01000001.1_cds_CEJ54887.1_1237	PMG11_01175
lcl|CDHK01000001.1_cds_CEJ54888.1_1238	PMG11_01176
lcl|CDHK01000001.1_cds_CEJ54889.1_1239	PMG11_01177
lcl|CDHK01000001.1_cds_CEJ54890.1_1240	PMG11_01178
lcl|CDHK01000001.1_cds_CEJ54891.1_1241	PMG11_01179
lcl|CDHK01000001.1_cds_CEJ54892.1_1242	PMG11_01180
lcl|CDHK01000001.1_cds_CEJ54893.1_1243	PMG11_01181
lcl|CDHK01000001.1_cds_CEJ54894.1_1244	PMG11_01182
lcl|CDHK01000001.1_cds_CEJ54895.1_1245	PMG11_01183
lcl|CDHK01000001.1_cds_CEJ54896.1_1246	PMG11_01184
lcl|CDHK01000001.1_cds_CEJ54897.1_1247	PMG11_01185
lcl|CDHK01000001.1_cds_CEJ54898.1_1248	PMG11_01186
lcl|CDHK01000001.1_cds_CEJ54899.1_1249	PMG11_01187
lcl|CDHK01000001.1_cds_CEJ54900.1_1250	PMG11_01188
lcl|CDHK01000001.1_cds_CEJ54901.1_1251	PMG11_01189
lcl|CDHK01000001.1_cds_CEJ54902.1_1252	PMG11_01190
lcl|CDHK01000001.1_cds_CEJ54903.1_1253	PMG11_01191
lcl|CDHK01000001.1_cds_CEJ54904.1_1254	PMG11_01192
lcl|CDHK01000001.1_cds_CEJ54905.1_1255	PMG11_01192
lcl|CDHK01000001.1_cds_CEJ54906.1_1256	PMG11_01193
lcl|CDHK01000001.1_cds_CEJ54907.1_1257	PMG11_01194
lcl|CDHK01000001.1_cds_CEJ54908.1_1258	PMG11_01195
lcl|CDHK01000001.1_cds_CEJ54909.1_1259	PMG11_01196
lcl|CDHK01000001.1_cds_CEJ54910.1_1260	PMG11_01197
lcl|CDHK01000001.1_cds_CEJ54911.1_1261	PMG11_01198
lcl|CDHK01000001.1_cds_CEJ54912.1_1262	PMG11_01199
lcl|CDHK01000001.1_cds_CEJ54913.1_1263	PMG11_01200
lcl|CDHK01000001.1_cds_CEJ54914.1_1264	PMG11_01200
lcl|CDHK01000001.1_cds_CEJ54915.1_1265	PMG11_01201
lcl|CDHK01000001.1_cds_CEJ54916.1_1266	PMG11_01202
lcl|CDHK01000001.1_cds_CEJ54917.1_1267	PMG11_01203
lcl|CDHK01000001.1_cds_CEJ54918.1_1268	PMG11_01204
lcl|CDHK01000001.1_cds_CEJ54919.1_1269	PMG11_01205
lcl|CDHK01000001.1_cds_CEJ54920.1_1270	PMG11_01206
lcl|CDHK01000001.1_cds_CEJ54921.1_1271	PMG11_01207
lcl|CDHK01000001.1_cds_CEJ54922.1_1272	PMG11_01208
lcl|CDHK01000001.1_cds_CEJ54923.1_1273	PMG11_01209
lcl|CDHK01000001.1_cds_CEJ54924.1_1274	PMG11_01210
lcl|CDHK01000001.1_cds_CEJ54925.1_1275	PMG11_01211
lcl|CDHK01000001.1_cds_CEJ54926.1_1276	PMG11_01212
lcl|CDHK01000001.1_cds_CEJ54927.1_1277	PMG11_01213
lcl|CDHK01000001.1_cds_CEJ54928.1_1278	PMG11_01214
lcl|CDHK01000001.1_cds_CEJ54929.1_1279	PMG11_01215
lcl|CDHK01000001.1_cds_CEJ54930.1_1280	PMG11_01216
lcl|CDHK01000001.1_cds_CEJ54931.1_1281	PMG11_01217
lcl|CDHK01000001.1_cds_CEJ54932.1_1282	PMG11_01218
lcl|CDHK01000001.1_cds_CEJ54933.1_1283	PMG11_01219
lcl|CDHK01000001.1_cds_CEJ54934.1_1284	PMG11_01220
lcl|CDHK01000001.1_cds_CEJ54935.1_1285	PMG11_01221
lcl|CDHK01000001.1_cds_CEJ54936.1_1286	PMG11_01222
lcl|CDHK01000001.1_cds_CEJ54937.1_1287	PMG11_01223
lcl|CDHK01000001.1_cds_CEJ54938.1_1288	PMG11_01224
lcl|CDHK01000001.1_cds_CEJ54939.1_1289	PMG11_01225
lcl|CDHK01000001.1_cds_CEJ54940.1_1290	PMG11_01226
lcl|CDHK01000001.1_cds_CEJ54941.1_1291	PMG11_01227
lcl|CDHK01000001.1_cds_CEJ54942.1_1292	PMG11_01228
lcl|CDHK01000001.1_cds_CEJ54943.1_1293	PMG11_01229
lcl|CDHK01000001.1_cds_CEJ54944.1_1294	PMG11_01230
lcl|CDHK01000001.1_cds_CEJ54945.1_1295	PMG11_01231
lcl|CDHK01000001.1_cds_CEJ54946.1_1296	PMG11_01232
lcl|CDHK01000001.1_cds_CEJ54947.1_1297	PMG11_01233
lcl|CDHK01000001.1_cds_CEJ54948.1_1298	PMG11_01234
lcl|CDHK01000001.1_cds_CEJ54949.1_1299	PMG11_01235
lcl|CDHK01000001.1_cds_CEJ54950.1_1300	PMG11_01236
lcl|CDHK01000001.1_cds_CEJ54951.1_1301	PMG11_01237
lcl|CDHK01000001.1_cds_CEJ54952.1_1302	PMG11_01238
lcl|CDHK01000001.1_cds_CEJ54953.1_1303	PMG11_01239
lcl|CDHK01000001.1_cds_CEJ54954.1_1304	PMG11_01240
lcl|CDHK01000001.1_cds_CEJ54955.1_1305	PMG11_01241
lcl|CDHK01000001.1_cds_CEJ54956.1_1306	PMG11_01242
lcl|CDHK01000001.1_cds_CEJ54957.1_1307	PMG11_01243
lcl|CDHK01000001.1_cds_CEJ54958.1_1308	PMG11_01244
lcl|CDHK01000001.1_cds_CEJ54959.1_1309	PMG11_01245
lcl|CDHK01000001.1_cds_CEJ54960.1_1310	PMG11_01246
lcl|CDHK01000001.1_cds_CEJ54961.1_1311	PMG11_01247
lcl|CDHK01000001.1_cds_CEJ54962.1_1312	PMG11_01248
lcl|CDHK01000001.1_cds_CEJ54963.1_1313	PMG11_01249
lcl|CDHK01000001.1_cds_CEJ54964.1_1314	PMG11_01250
lcl|CDHK01000001.1_cds_CEJ54965.1_1315	PMG11_01251
lcl|CDHK01000001.1_cds_CEJ54966.1_1316	PMG11_01252
lcl|CDHK01000001.1_cds_CEJ54967.1_1317	PMG11_01253
lcl|CDHK01000001.1_cds_CEJ54968.1_1318	PMG11_01254
lcl|CDHK01000001.1_cds_CEJ54969.1_1319	PMG11_01255
lcl|CDHK01000001.1_cds_CEJ54970.1_1320	PMG11_01256
lcl|CDHK01000001.1_cds_CEJ54971.1_1321	PMG11_01257
lcl|CDHK01000001.1_cds_CEJ54972.1_1322	PMG11_01258
lcl|CDHK01000001.1_cds_CEJ54973.1_1323	PMG11_01259
lcl|CDHK01000001.1_cds_CEJ54974.1_1324	PMG11_01260
lcl|CDHK01000001.1_cds_CEJ54975.1_1325	PMG11_01261
lcl|CDHK01000001.1_cds_CEJ54976.1_1326	PMG11_01262
lcl|CDHK01000001.1_cds_CEJ54977.1_1327	PMG11_01263
lcl|CDHK01000001.1_cds_CEJ54978.1_1328	PMG11_01264
lcl|CDHK01000001.1_cds_CEJ54979.1_1329	PMG11_01265
lcl|CDHK01000001.1_cds_CEJ54980.1_1330	PMG11_01266
lcl|CDHK01000001.1_cds_CEJ54981.1_1331	PMG11_01267
lcl|CDHK01000001.1_cds_CEJ54982.1_1332	PMG11_01268
lcl|CDHK01000001.1_cds_CEJ54983.1_1333	PMG11_01269
lcl|CDHK01000001.1_cds_CEJ54984.1_1334	PMG11_01269
lcl|CDHK01000001.1_cds_CEJ54985.1_1335	PMG11_01270
lcl|CDHK01000001.1_cds_CEJ54986.1_1336	PMG11_01271
lcl|CDHK01000001.1_cds_CEJ54987.1_1337	PMG11_01271
lcl|CDHK01000001.1_cds_CEJ54988.1_1338	PMG11_01272
lcl|CDHK01000001.1_cds_CEJ54989.1_1339	PMG11_01273
lcl|CDHK01000001.1_cds_CEJ54990.1_1340	PMG11_01274
lcl|CDHK01000001.1_cds_CEJ54991.1_1341	PMG11_01275
lcl|CDHK01000001.1_cds_CEJ54992.1_1342	PMG11_01276
lcl|CDHK01000001.1_cds_CEJ54993.1_1343	PMG11_01277
lcl|CDHK01000001.1_cds_CEJ54994.1_1344	PMG11_01278
lcl|CDHK01000001.1_cds_CEJ54995.1_1345	PMG11_01279
lcl|CDHK01000001.1_cds_CEJ54996.1_1346	PMG11_01280
lcl|CDHK01000001.1_cds_CEJ54997.1_1347	PMG11_01281
lcl|CDHK01000001.1_cds_CEJ54998.1_1348	PMG11_01282
lcl|CDHK01000001.1_cds_CEJ54999.1_1349	PMG11_01283
lcl|CDHK01000001.1_cds_CEJ55000.1_1350	PMG11_01284
lcl|CDHK01000001.1_cds_CEJ55001.1_1351	PMG11_01285
lcl|CDHK01000001.1_cds_CEJ55002.1_1352	PMG11_01286
lcl|CDHK01000001.1_cds_CEJ55003.1_1353	PMG11_01287
lcl|CDHK01000001.1_cds_CEJ55004.1_1354	PMG11_01287
lcl|CDHK01000001.1_cds_CEJ55005.1_1355	PMG11_01288
lcl|CDHK01000001.1_cds_CEJ55006.1_1356	PMG11_01289
lcl|CDHK01000001.1_cds_CEJ55007.1_1357	PMG11_01290
lcl|CDHK01000001.1_cds_CEJ55008.1_1358	PMG11_01290
lcl|CDHK01000001.1_cds_CEJ55009.1_1359	PMG11_01291
lcl|CDHK01000001.1_cds_CEJ55010.1_1360	PMG11_01292
lcl|CDHK01000001.1_cds_CEJ55011.1_1361	PMG11_01293
lcl|CDHK01000001.1_cds_CEJ55012.1_1362	PMG11_01294
lcl|CDHK01000001.1_cds_CEJ55013.1_1363	PMG11_01295
lcl|CDHK01000001.1_cds_CEJ55014.1_1364	PMG11_01296
lcl|CDHK01000001.1_cds_CEJ55015.1_1365	PMG11_01297
lcl|CDHK01000001.1_cds_CEJ55016.1_1366	PMG11_01298
lcl|CDHK01000001.1_cds_CEJ55017.1_1367	PMG11_01300
lcl|CDHK01000001.1_cds_CEJ55018.1_1368	PMG11_01299
lcl|CDHK01000001.1_cds_CEJ55019.1_1369	PMG11_01299
lcl|CDHK01000001.1_cds_CEJ55020.1_1370	PMG11_01301
lcl|CDHK01000001.1_cds_CEJ55021.1_1371	PMG11_01302
lcl|CDHK01000001.1_cds_CEJ55022.1_1372	PMG11_01303
lcl|CDHK01000001.1_cds_CEJ55023.1_1373	PMG11_01304
lcl|CDHK01000001.1_cds_CEJ55024.1_1374	PMG11_01305
lcl|CDHK01000001.1_cds_CEJ55025.1_1375	PMG11_01306
lcl|CDHK01000001.1_cds_CEJ55026.1_1376	PMG11_01306
lcl|CDHK01000001.1_cds_CEJ55027.1_1377	PMG11_01307
lcl|CDHK01000001.1_cds_CEJ55028.1_1378	PMG11_01308
lcl|CDHK01000001.1_cds_CEJ55029.1_1379	PMG11_01309
lcl|CDHK01000001.1_cds_CEJ55031.1_1380	PMG11_01310
lcl|CDHK01000001.1_cds_CEJ55030.1_1381	PMG11_01310
lcl|CDHK01000001.1_cds_CEJ55032.1_1382	PMG11_01311
lcl|CDHK01000001.1_cds_CEJ55033.1_1383	PMG11_01312
lcl|CDHK01000001.1_cds_CEJ55034.1_1384	PMG11_01313
lcl|CDHK01000001.1_cds_CEJ55035.1_1385	PMG11_01314
lcl|CDHK01000001.1_cds_CEJ55036.1_1386	PMG11_01314
lcl|CDHK01000001.1_cds_CEJ55037.1_1387	PMG11_01315
lcl|CDHK01000001.1_cds_CEJ55038.1_1388	PMG11_01316
lcl|CDHK01000001.1_cds_CEJ55039.1_1389	PMG11_01317
lcl|CDHK01000001.1_cds_CEJ55040.1_1390	PMG11_01318
lcl|CDHK01000001.1_cds_CEJ55041.1_1391	PMG11_01319
lcl|CDHK01000001.1_cds_CEJ55042.1_1392	PMG11_01320
lcl|CDHK01000001.1_cds_CEJ55043.1_1393	PMG11_01321
lcl|CDHK01000001.1_cds_CEJ55044.1_1394	PMG11_01322
lcl|CDHK01000001.1_cds_CEJ55045.1_1395	PMG11_01323
lcl|CDHK01000001.1_cds_CEJ55046.1_1396	PMG11_01324
lcl|CDHK01000001.1_cds_CEJ55047.1_1397	PMG11_01325
lcl|CDHK01000001.1_cds_CEJ55048.1_1398	PMG11_01326
lcl|CDHK01000001.1_cds_CEJ55049.1_1399	PMG11_01327
lcl|CDHK01000001.1_cds_CEJ55050.1_1400	PMG11_01328
lcl|CDHK01000001.1_cds_CEJ55051.1_1401	PMG11_01329
lcl|CDHK01000001.1_cds_CEJ55052.1_1402	PMG11_01330
lcl|CDHK01000001.1_cds_CEJ55053.1_1403	PMG11_01331
lcl|CDHK01000001.1_cds_CEJ55054.1_1404	PMG11_01332
lcl|CDHK01000001.1_cds_CEJ55055.1_1405	PMG11_01333
lcl|CDHK01000001.1_cds_CEJ55056.1_1406	PMG11_01334
lcl|CDHK01000001.1_cds_CEJ55057.1_1407	PMG11_01335
lcl|CDHK01000001.1_cds_CEJ55058.1_1408	PMG11_01336
lcl|CDHK01000001.1_cds_CEJ55059.1_1409	PMG11_01337
lcl|CDHK01000001.1_cds_CEJ55060.1_1410	PMG11_01338
lcl|CDHK01000001.1_cds_CEJ55061.1_1411	PMG11_01339
lcl|CDHK01000001.1_cds_CEJ55062.1_1412	PMG11_01339
lcl|CDHK01000001.1_cds_CEJ55063.1_1413	PMG11_01340
lcl|CDHK01000001.1_cds_CEJ55064.1_1414	PMG11_01341
lcl|CDHK01000001.1_cds_CEJ55065.1_1415	PMG11_01342
lcl|CDHK01000001.1_cds_CEJ55066.1_1416	PMG11_01343
lcl|CDHK01000001.1_cds_CEJ55067.1_1417	PMG11_01344
lcl|CDHK01000001.1_cds_CEJ55068.1_1418	PMG11_01345
lcl|CDHK01000001.1_cds_CEJ55069.1_1419	PMG11_01346
lcl|CDHK01000001.1_cds_CEJ55070.1_1420	PMG11_01347
lcl|CDHK01000001.1_cds_CEJ55071.1_1421	PMG11_01348
lcl|CDHK01000001.1_cds_CEJ55072.1_1422	PMG11_01349
lcl|CDHK01000001.1_cds_CEJ55073.1_1423	PMG11_01350
lcl|CDHK01000001.1_cds_CEJ55074.1_1424	PMG11_01351
lcl|CDHK01000001.1_cds_CEJ55075.1_1425	PMG11_01352
lcl|CDHK01000001.1_cds_CEJ55076.1_1426	PMG11_01353
lcl|CDHK01000001.1_cds_CEJ55077.1_1427	PMG11_01354
lcl|CDHK01000001.1_cds_CEJ55078.1_1428	PMG11_01355
lcl|CDHK01000001.1_cds_CEJ55079.1_1429	PMG11_01356
lcl|CDHK01000001.1_cds_CEJ55080.1_1430	PMG11_01357
lcl|CDHK01000001.1_cds_CEJ55081.1_1431	PMG11_01358
lcl|CDHK01000001.1_cds_CEJ55082.1_1432	PMG11_01359
lcl|CDHK01000001.1_cds_CEJ55083.1_1433	PMG11_01360
lcl|CDHK01000001.1_cds_CEJ55084.1_1434	PMG11_01361
lcl|CDHK01000001.1_cds_CEJ55085.1_1435	PMG11_01362
lcl|CDHK01000001.1_cds_CEJ55086.1_1436	PMG11_01363
lcl|CDHK01000001.1_cds_CEJ55087.1_1437	PMG11_01364
lcl|CDHK01000001.1_cds_CEJ55088.1_1438	PMG11_01365
lcl|CDHK01000001.1_cds_CEJ55089.1_1439	PMG11_01366
lcl|CDHK01000001.1_cds_CEJ55090.1_1440	PMG11_01367
lcl|CDHK01000001.1_cds_CEJ55091.1_1441	PMG11_01368
lcl|CDHK01000001.1_cds_CEJ55092.1_1442	PMG11_01369
lcl|CDHK01000001.1_cds_CEJ55093.1_1443	PMG11_01370
lcl|CDHK01000001.1_cds_CEJ55094.1_1444	PMG11_01371
lcl|CDHK01000001.1_cds_CEJ55095.1_1445	PMG11_01372
lcl|CDHK01000001.1_cds_CEJ55096.1_1446	PMG11_01373
lcl|CDHK01000001.1_cds_CEJ55097.1_1447	PMG11_01374
lcl|CDHK01000001.1_cds_CEJ55098.1_1448	PMG11_01375
lcl|CDHK01000001.1_cds_CEJ55099.1_1449	PMG11_01376
lcl|CDHK01000001.1_cds_CEJ55100.1_1450	PMG11_01377
lcl|CDHK01000001.1_cds_CEJ55101.1_1451	PMG11_01378
lcl|CDHK01000001.1_cds_CEJ55102.1_1452	PMG11_01379
lcl|CDHK01000001.1_cds_CEJ55103.1_1453	PMG11_01379
lcl|CDHK01000001.1_cds_CEJ55104.1_1454	PMG11_01380
lcl|CDHK01000001.1_cds_CEJ55105.1_1455	PMG11_01381
lcl|CDHK01000001.1_cds_CEJ55106.1_1456	PMG11_01382
lcl|CDHK01000001.1_cds_CEJ55107.1_1457	PMG11_01383
lcl|CDHK01000001.1_cds_CEJ55108.1_1458	PMG11_01385
lcl|CDHK01000001.1_cds_CEJ55109.1_1459	PMG11_01384
lcl|CDHK01000001.1_cds_CEJ55110.1_1460	PMG11_01386
lcl|CDHK01000001.1_cds_CEJ55111.1_1461	PMG11_01386
lcl|CDHK01000001.1_cds_CEJ55112.1_1462	PMG11_01387
lcl|CDHK01000001.1_cds_CEJ55113.1_1463	PMG11_01388
lcl|CDHK01000001.1_cds_CEJ55114.1_1464	PMG11_01389
lcl|CDHK01000001.1_cds_CEJ55115.1_1465	PMG11_01390
lcl|CDHK01000001.1_cds_CEJ55116.1_1466	PMG11_01391
lcl|CDHK01000001.1_cds_CEJ55117.1_1467	PMG11_01392
lcl|CDHK01000001.1_cds_CEJ55118.1_1468	PMG11_01393
lcl|CDHK01000001.1_cds_CEJ55119.1_1469	PMG11_01394
lcl|CDHK01000001.1_cds_CEJ55120.1_1470	PMG11_01395
lcl|CDHK01000001.1_cds_CEJ55121.1_1471	PMG11_01396
lcl|CDHK01000001.1_cds_CEJ55122.1_1472	PMG11_01397
lcl|CDHK01000001.1_cds_CEJ55123.1_1473	PMG11_01398
lcl|CDHK01000001.1_cds_CEJ55124.1_1474	PMG11_01399
lcl|CDHK01000001.1_cds_CEJ55125.1_1475	PMG11_01400
lcl|CDHK01000001.1_cds_CEJ55126.1_1476	PMG11_01401
lcl|CDHK01000001.1_cds_CEJ55127.1_1477	PMG11_01402
lcl|CDHK01000001.1_cds_CEJ55128.1_1478	PMG11_01404
lcl|CDHK01000001.1_cds_CEJ55129.1_1479	PMG11_01403
lcl|CDHK01000001.1_cds_CEJ55130.1_1480	PMG11_01405
lcl|CDHK01000001.1_cds_CEJ55131.1_1481	PMG11_01406
lcl|CDHK01000001.1_cds_CEJ55132.1_1482	PMG11_01407
lcl|CDHK01000001.1_cds_CEJ55133.1_1483	PMG11_01408
lcl|CDHK01000001.1_cds_CEJ55134.1_1484	PMG11_01409
lcl|CDHK01000001.1_cds_CEJ55135.1_1485	PMG11_01410
lcl|CDHK01000001.1_cds_CEJ55136.1_1486	PMG11_01411
lcl|CDHK01000001.1_cds_CEJ55137.1_1487	PMG11_01412
lcl|CDHK01000001.1_cds_CEJ55138.1_1488	PMG11_01413
lcl|CDHK01000001.1_cds_CEJ55139.1_1489	PMG11_01414
lcl|CDHK01000001.1_cds_CEJ55140.1_1490	PMG11_01415
lcl|CDHK01000001.1_cds_CEJ55141.1_1491	PMG11_01416
lcl|CDHK01000001.1_cds_CEJ55142.1_1492	PMG11_01417
lcl|CDHK01000001.1_cds_CEJ55143.1_1493	PMG11_01418
lcl|CDHK01000001.1_cds_CEJ55144.1_1494	PMG11_01419
lcl|CDHK01000001.1_cds_CEJ55145.1_1495	PMG11_01420
lcl|CDHK01000001.1_cds_CEJ55146.1_1496	PMG11_01421
lcl|CDHK01000001.1_cds_CEJ55147.1_1497	PMG11_01422
lcl|CDHK01000001.1_cds_CEJ55148.1_1498	PMG11_01423
lcl|CDHK01000001.1_cds_CEJ55149.1_1499	PMG11_01424
lcl|CDHK01000001.1_cds_CEJ55150.1_1500	PMG11_01425
lcl|CDHK01000001.1_cds_CEJ55151.1_1501	PMG11_01426
lcl|CDHK01000001.1_cds_CEJ55152.1_1502	PMG11_01427
lcl|CDHK01000001.1_cds_CEJ55153.1_1503	PMG11_01428
lcl|CDHK01000001.1_cds_CEJ55154.1_1504	PMG11_01429
lcl|CDHK01000001.1_cds_CEJ55155.1_1505	PMG11_01430
lcl|CDHK01000001.1_cds_CEJ55156.1_1506	PMG11_01431
lcl|CDHK01000001.1_cds_CEJ55157.1_1507	PMG11_01432
lcl|CDHK01000001.1_cds_CEJ55158.1_1508	PMG11_01433
lcl|CDHK01000001.1_cds_CEJ55159.1_1509	PMG11_01434
lcl|CDHK01000001.1_cds_CEJ55160.1_1510	PMG11_01434
lcl|CDHK01000001.1_cds_CEJ55161.1_1511	PMG11_01435
lcl|CDHK01000001.1_cds_CEJ55162.1_1512	PMG11_01436
lcl|CDHK01000001.1_cds_CEJ55163.1_1513	PMG11_01437
lcl|CDHK01000001.1_cds_CEJ55164.1_1514	PMG11_01438
lcl|CDHK01000001.1_cds_CEJ55165.1_1515	PMG11_01439
lcl|CDHK01000001.1_cds_CEJ55166.1_1516	PMG11_01441
lcl|CDHK01000001.1_cds_CEJ55167.1_1517	PMG11_01440
lcl|CDHK01000001.1_cds_CEJ55168.1_1518	PMG11_01440
lcl|CDHK01000001.1_cds_CEJ55169.1_1519	PMG11_01442
lcl|CDHK01000001.1_cds_CEJ55170.1_1520	PMG11_01443
lcl|CDHK01000001.1_cds_CEJ55171.1_1521	PMG11_01444
lcl|CDHK01000001.1_cds_CEJ55172.1_1522	PMG11_01444
lcl|CDHK01000001.1_cds_CEJ55173.1_1523	PMG11_01445
lcl|CDHK01000001.1_cds_CEJ55174.1_1524	PMG11_01445
lcl|CDHK01000001.1_cds_CEJ55175.1_1525	PMG11_01446
lcl|CDHK01000001.1_cds_CEJ55176.1_1526	PMG11_01447
lcl|CDHK01000001.1_cds_CEJ55177.1_1527	PMG11_01448
lcl|CDHK01000001.1_cds_CEJ55178.1_1528	PMG11_01449
lcl|CDHK01000001.1_cds_CEJ55179.1_1529	PMG11_01450
lcl|CDHK01000001.1_cds_CEJ55180.1_1530	PMG11_01451
lcl|CDHK01000001.1_cds_CEJ55181.1_1531	PMG11_01452
lcl|CDHK01000001.1_cds_CEJ55182.1_1532	PMG11_01453
lcl|CDHK01000001.1_cds_CEJ55183.1_1533	PMG11_01453
lcl|CDHK01000001.1_cds_CEJ55184.1_1534	PMG11_01454
lcl|CDHK01000001.1_cds_CEJ55185.1_1535	PMG11_01454
lcl|CDHK01000001.1_cds_CEJ55186.1_1536	PMG11_01455
lcl|CDHK01000001.1_cds_CEJ55187.1_1537	PMG11_01456
lcl|CDHK01000001.1_cds_CEJ55188.1_1538	PMG11_01457
lcl|CDHK01000001.1_cds_CEJ55189.1_1539	PMG11_01458
lcl|CDHK01000001.1_cds_CEJ55190.1_1540	PMG11_01459
lcl|CDHK01000001.1_cds_CEJ55191.1_1541	PMG11_01460
lcl|CDHK01000001.1_cds_CEJ55192.1_1542	PMG11_01461
lcl|CDHK01000001.1_cds_CEJ55193.1_1543	PMG11_01462
lcl|CDHK01000001.1_cds_CEJ55194.1_1544	PMG11_01463
lcl|CDHK01000001.1_cds_CEJ55195.1_1545	PMG11_01464
lcl|CDHK01000001.1_cds_CEJ55196.1_1546	PMG11_01465
lcl|CDHK01000001.1_cds_CEJ55197.1_1547	PMG11_01466
lcl|CDHK01000001.1_cds_CEJ55198.1_1548	PMG11_01467
lcl|CDHK01000001.1_cds_CEJ55199.1_1549	PMG11_01468
lcl|CDHK01000001.1_cds_CEJ55200.1_1550	PMG11_01469
lcl|CDHK01000001.1_cds_CEJ55201.1_1551	PMG11_01470
lcl|CDHK01000001.1_cds_CEJ55202.1_1552	PMG11_01471
lcl|CDHK01000001.1_cds_CEJ55203.1_1553	PMG11_01472
lcl|CDHK01000001.1_cds_CEJ55204.1_1554	PMG11_01473
lcl|CDHK01000001.1_cds_CEJ55205.1_1555	PMG11_01474
lcl|CDHK01000001.1_cds_CEJ55206.1_1556	PMG11_01475
lcl|CDHK01000001.1_cds_CEJ55207.1_1557	PMG11_01476
lcl|CDHK01000001.1_cds_CEJ55208.1_1558	PMG11_01477
lcl|CDHK01000001.1_cds_CEJ55209.1_1559	PMG11_01478
lcl|CDHK01000001.1_cds_CEJ55210.1_1560	PMG11_01479
lcl|CDHK01000001.1_cds_CEJ55211.1_1561	PMG11_01480
lcl|CDHK01000001.1_cds_CEJ55212.1_1562	PMG11_01482
lcl|CDHK01000001.1_cds_CEJ55213.1_1563	PMG11_01481
lcl|CDHK01000001.1_cds_CEJ55214.1_1564	PMG11_01483
lcl|CDHK01000001.1_cds_CEJ55215.1_1565	PMG11_01484
lcl|CDHK01000001.1_cds_CEJ55216.1_1566	PMG11_01485
lcl|CDHK01000001.1_cds_CEJ55217.1_1567	PMG11_01486
lcl|CDHK01000001.1_cds_CEJ55218.1_1568	PMG11_01487
lcl|CDHK01000001.1_cds_CEJ55219.1_1569	PMG11_01488
lcl|CDHK01000001.1_cds_CEJ55220.1_1570	PMG11_01489
lcl|CDHK01000001.1_cds_CEJ55221.1_1571	PMG11_01490
lcl|CDHK01000001.1_cds_CEJ55222.1_1572	PMG11_01491
lcl|CDHK01000001.1_cds_CEJ55223.1_1573	PMG11_01492
lcl|CDHK01000001.1_cds_CEJ55224.1_1574	PMG11_01493
lcl|CDHK01000001.1_cds_CEJ55225.1_1575	PMG11_01493
lcl|CDHK01000001.1_cds_CEJ55226.1_1576	PMG11_01494
lcl|CDHK01000001.1_cds_CEJ55227.1_1577	PMG11_01495
lcl|CDHK01000001.1_cds_CEJ55228.1_1578	PMG11_01496
lcl|CDHK01000001.1_cds_CEJ55229.1_1579	PMG11_01497
lcl|CDHK01000001.1_cds_CEJ55230.1_1580	PMG11_01498
lcl|CDHK01000002.1_cds_CEJ55231.1_1581	PMG11_01499
lcl|CDHK01000002.1_cds_CEJ55232.1_1582	PMG11_01500
lcl|CDHK01000002.1_cds_CEJ55233.1_1583	PMG11_01501
lcl|CDHK01000002.1_cds_CEJ55234.1_1584	PMG11_01502
lcl|CDHK01000002.1_cds_CEJ55235.1_1585	PMG11_01504
lcl|CDHK01000002.1_cds_CEJ55236.1_1586	PMG11_01503
lcl|CDHK01000002.1_cds_CEJ55237.1_1587	PMG11_01505
lcl|CDHK01000002.1_cds_CEJ55238.1_1588	PMG11_01506
lcl|CDHK01000002.1_cds_CEJ55239.1_1589	PMG11_01507
lcl|CDHK01000002.1_cds_CEJ55240.1_1590	PMG11_01508
lcl|CDHK01000002.1_cds_CEJ55241.1_1591	PMG11_01509
lcl|CDHK01000002.1_cds_CEJ55242.1_1592	PMG11_01510
lcl|CDHK01000002.1_cds_CEJ55243.1_1593	PMG11_01511
lcl|CDHK01000002.1_cds_CEJ55244.1_1594	PMG11_01512
lcl|CDHK01000002.1_cds_CEJ55245.1_1595	PMG11_01513
lcl|CDHK01000002.1_cds_CEJ55246.1_1596	PMG11_01514
lcl|CDHK01000002.1_cds_CEJ55247.1_1597	PMG11_01515
lcl|CDHK01000002.1_cds_CEJ55248.1_1598	PMG11_01516
lcl|CDHK01000002.1_cds_CEJ55249.1_1599	PMG11_01517
lcl|CDHK01000002.1_cds_CEJ55250.1_1600	PMG11_01518
lcl|CDHK01000002.1_cds_CEJ55251.1_1601	PMG11_01519
lcl|CDHK01000002.1_cds_CEJ55252.1_1602	PMG11_01520
lcl|CDHK01000002.1_cds_CEJ55253.1_1603	PMG11_01521
lcl|CDHK01000002.1_cds_CEJ55254.1_1604	PMG11_01522
lcl|CDHK01000002.1_cds_CEJ55255.1_1605	PMG11_01523
lcl|CDHK01000002.1_cds_CEJ55256.1_1606	PMG11_01524
lcl|CDHK01000002.1_cds_CEJ55257.1_1607	PMG11_01525
lcl|CDHK01000002.1_cds_CEJ55258.1_1608	PMG11_01526
lcl|CDHK01000002.1_cds_CEJ55259.1_1609	PMG11_01527
lcl|CDHK01000002.1_cds_CEJ55260.1_1610	PMG11_01528
lcl|CDHK01000002.1_cds_CEJ55261.1_1611	PMG11_01529
lcl|CDHK01000002.1_cds_CEJ55262.1_1612	PMG11_01530
lcl|CDHK01000002.1_cds_CEJ55263.1_1613	PMG11_01531
lcl|CDHK01000002.1_cds_CEJ55264.1_1614	PMG11_01532
lcl|CDHK01000002.1_cds_CEJ55265.1_1615	PMG11_01533
lcl|CDHK01000002.1_cds_CEJ55266.1_1616	PMG11_01533
lcl|CDHK01000002.1_cds_CEJ55267.1_1617	PMG11_01534
lcl|CDHK01000002.1_cds_CEJ55268.1_1618	PMG11_01535
lcl|CDHK01000002.1_cds_CEJ55269.1_1619	PMG11_01536
lcl|CDHK01000002.1_cds_CEJ55270.1_1620	PMG11_01537
lcl|CDHK01000002.1_cds_CEJ55271.1_1621	PMG11_01538
lcl|CDHK01000002.1_cds_CEJ55272.1_1622	PMG11_01539
lcl|CDHK01000002.1_cds_CEJ55273.1_1623	PMG11_01539
lcl|CDHK01000002.1_cds_CEJ55274.1_1624	PMG11_01540
lcl|CDHK01000002.1_cds_CEJ55275.1_1625	PMG11_01541
lcl|CDHK01000002.1_cds_CEJ55276.1_1626	PMG11_01542
lcl|CDHK01000002.1_cds_CEJ55277.1_1627	PMG11_01543
lcl|CDHK01000002.1_cds_CEJ55278.1_1628	PMG11_01544
lcl|CDHK01000002.1_cds_CEJ55279.1_1629	PMG11_01545
lcl|CDHK01000002.1_cds_CEJ55280.1_1630	PMG11_01546
lcl|CDHK01000002.1_cds_CEJ55281.1_1631	PMG11_01547
lcl|CDHK01000002.1_cds_CEJ55282.1_1632	PMG11_01548
lcl|CDHK01000002.1_cds_CEJ55283.1_1633	PMG11_01549
lcl|CDHK01000002.1_cds_CEJ55284.1_1634	PMG11_01550
lcl|CDHK01000002.1_cds_CEJ55285.1_1635	PMG11_01551
lcl|CDHK01000002.1_cds_CEJ55286.1_1636	PMG11_01552
lcl|CDHK01000002.1_cds_CEJ55287.1_1637	PMG11_01553
lcl|CDHK01000002.1_cds_CEJ55288.1_1638	PMG11_01554
lcl|CDHK01000002.1_cds_CEJ55289.1_1639	PMG11_01555
lcl|CDHK01000002.1_cds_CEJ55290.1_1640	PMG11_01556
lcl|CDHK01000002.1_cds_CEJ55291.1_1641	PMG11_01557
lcl|CDHK01000002.1_cds_CEJ55292.1_1642	PMG11_01558
lcl|CDHK01000002.1_cds_CEJ55293.1_1643	PMG11_01559
lcl|CDHK01000002.1_cds_CEJ55294.1_1644	PMG11_01560
lcl|CDHK01000002.1_cds_CEJ55295.1_1645	PMG11_01561
lcl|CDHK01000002.1_cds_CEJ55296.1_1646	PMG11_01562
lcl|CDHK01000002.1_cds_CEJ55297.1_1647	PMG11_01563
lcl|CDHK01000002.1_cds_CEJ55298.1_1648	PMG11_01564
lcl|CDHK01000002.1_cds_CEJ55299.1_1649	PMG11_01565
lcl|CDHK01000002.1_cds_CEJ55300.1_1650	PMG11_01566
lcl|CDHK01000002.1_cds_CEJ55301.1_1651	PMG11_01567
lcl|CDHK01000002.1_cds_CEJ55302.1_1652	PMG11_01568
lcl|CDHK01000002.1_cds_CEJ55304.1_1653	PMG11_01568
lcl|CDHK01000002.1_cds_CEJ55303.1_1654	PMG11_01568
lcl|CDHK01000002.1_cds_CEJ55305.1_1655	PMG11_01569
lcl|CDHK01000002.1_cds_CEJ55306.1_1656	PMG11_01570
lcl|CDHK01000002.1_cds_CEJ55307.1_1657	PMG11_01571
lcl|CDHK01000002.1_cds_CEJ55308.1_1658	PMG11_01572
lcl|CDHK01000002.1_cds_CEJ55309.1_1659	PMG11_01573
lcl|CDHK01000002.1_cds_CEJ55310.1_1660	PMG11_01574
lcl|CDHK01000002.1_cds_CEJ55311.1_1661	PMG11_01575
lcl|CDHK01000002.1_cds_CEJ55312.1_1662	PMG11_01576
lcl|CDHK01000002.1_cds_CEJ55313.1_1663	PMG11_01577
lcl|CDHK01000002.1_cds_CEJ55314.1_1664	PMG11_01578
lcl|CDHK01000002.1_cds_CEJ55315.1_1665	PMG11_01579
lcl|CDHK01000002.1_cds_CEJ55316.1_1666	PMG11_01580
lcl|CDHK01000002.1_cds_CEJ55317.1_1667	PMG11_01581
lcl|CDHK01000002.1_cds_CEJ55318.1_1668	PMG11_01582
lcl|CDHK01000002.1_cds_CEJ55319.1_1669	PMG11_01583
lcl|CDHK01000002.1_cds_CEJ55320.1_1670	PMG11_01584
lcl|CDHK01000002.1_cds_CEJ55321.1_1671	PMG11_01585
lcl|CDHK01000002.1_cds_CEJ55322.1_1672	PMG11_01586
lcl|CDHK01000002.1_cds_CEJ55323.1_1673	PMG11_01587
lcl|CDHK01000002.1_cds_CEJ55324.1_1674	PMG11_01588
lcl|CDHK01000002.1_cds_CEJ55325.1_1675	PMG11_01589
lcl|CDHK01000002.1_cds_CEJ55326.1_1676	PMG11_01590
lcl|CDHK01000002.1_cds_CEJ55327.1_1677	PMG11_01591
lcl|CDHK01000002.1_cds_CEJ55328.1_1678	PMG11_01592
lcl|CDHK01000002.1_cds_CEJ55329.1_1679	PMG11_01593
lcl|CDHK01000002.1_cds_CEJ55330.1_1680	PMG11_01594
lcl|CDHK01000002.1_cds_CEJ55331.1_1681	PMG11_01595
lcl|CDHK01000002.1_cds_CEJ55332.1_1682	PMG11_01596
lcl|CDHK01000002.1_cds_CEJ55333.1_1683	PMG11_01597
lcl|CDHK01000002.1_cds_CEJ55334.1_1684	PMG11_01598
lcl|CDHK01000002.1_cds_CEJ55335.1_1685	PMG11_01599
lcl|CDHK01000002.1_cds_CEJ55336.1_1686	PMG11_01600
lcl|CDHK01000002.1_cds_CEJ55337.1_1687	PMG11_01601
lcl|CDHK01000002.1_cds_CEJ55338.1_1688	PMG11_01602
lcl|CDHK01000002.1_cds_CEJ55339.1_1689	PMG11_01603
lcl|CDHK01000002.1_cds_CEJ55340.1_1690	PMG11_01604
lcl|CDHK01000002.1_cds_CEJ55341.1_1691	PMG11_01605
lcl|CDHK01000002.1_cds_CEJ55342.1_1692	PMG11_01606
lcl|CDHK01000002.1_cds_CEJ55343.1_1693	PMG11_01607
lcl|CDHK01000002.1_cds_CEJ55344.1_1694	PMG11_01608
lcl|CDHK01000002.1_cds_CEJ55345.1_1695	PMG11_01609
lcl|CDHK01000002.1_cds_CEJ55346.1_1696	PMG11_01610
lcl|CDHK01000002.1_cds_CEJ55347.1_1697	PMG11_01610
lcl|CDHK01000002.1_cds_CEJ55348.1_1698	PMG11_01611
lcl|CDHK01000002.1_cds_CEJ55349.1_1699	PMG11_01612
lcl|CDHK01000002.1_cds_CEJ55350.1_1700	PMG11_01613
lcl|CDHK01000002.1_cds_CEJ55351.1_1701	PMG11_01614
lcl|CDHK01000002.1_cds_CEJ55352.1_1702	PMG11_01615
lcl|CDHK01000002.1_cds_CEJ55353.1_1703	PMG11_01616
lcl|CDHK01000002.1_cds_CEJ55354.1_1704	PMG11_01617
lcl|CDHK01000002.1_cds_CEJ55355.1_1705	PMG11_01618
lcl|CDHK01000002.1_cds_CEJ55356.1_1706	PMG11_01619
lcl|CDHK01000002.1_cds_CEJ55357.1_1707	PMG11_01620
lcl|CDHK01000002.1_cds_CEJ55358.1_1708	PMG11_01621
lcl|CDHK01000002.1_cds_CEJ55359.1_1709	PMG11_01622
lcl|CDHK01000002.1_cds_CEJ55360.1_1710	PMG11_01623
lcl|CDHK01000002.1_cds_CEJ55361.1_1711	PMG11_01624
lcl|CDHK01000002.1_cds_CEJ55362.1_1712	PMG11_01625
lcl|CDHK01000002.1_cds_CEJ55363.1_1713	PMG11_01626
lcl|CDHK01000002.1_cds_CEJ55364.1_1714	PMG11_01627
lcl|CDHK01000002.1_cds_CEJ55365.1_1715	PMG11_01628
lcl|CDHK01000002.1_cds_CEJ55366.1_1716	PMG11_01629
lcl|CDHK01000002.1_cds_CEJ55367.1_1717	PMG11_01630
lcl|CDHK01000002.1_cds_CEJ55368.1_1718	PMG11_01631
lcl|CDHK01000002.1_cds_CEJ55369.1_1719	PMG11_01632
lcl|CDHK01000002.1_cds_CEJ55370.1_1720	PMG11_01633
lcl|CDHK01000002.1_cds_CEJ55371.1_1721	PMG11_01634
lcl|CDHK01000002.1_cds_CEJ55372.1_1722	PMG11_01635
lcl|CDHK01000002.1_cds_CEJ55373.1_1723	PMG11_01636
lcl|CDHK01000002.1_cds_CEJ55374.1_1724	PMG11_01636
lcl|CDHK01000002.1_cds_CEJ55375.1_1725	PMG11_01637
lcl|CDHK01000002.1_cds_CEJ55376.1_1726	PMG11_01638
lcl|CDHK01000002.1_cds_CEJ55377.1_1727	PMG11_01639
lcl|CDHK01000002.1_cds_CEJ55378.1_1728	PMG11_01640
lcl|CDHK01000002.1_cds_CEJ55379.1_1729	PMG11_01641
lcl|CDHK01000002.1_cds_CEJ55380.1_1730	PMG11_01642
lcl|CDHK01000002.1_cds_CEJ55381.1_1731	PMG11_01643
lcl|CDHK01000002.1_cds_CEJ55382.1_1732	PMG11_01644
lcl|CDHK01000002.1_cds_CEJ55383.1_1733	PMG11_01645
lcl|CDHK01000002.1_cds_CEJ55384.1_1734	PMG11_01646
lcl|CDHK01000002.1_cds_CEJ55385.1_1735	PMG11_01647
lcl|CDHK01000002.1_cds_CEJ55386.1_1736	PMG11_01648
lcl|CDHK01000002.1_cds_CEJ55387.1_1737	PMG11_01649
lcl|CDHK01000002.1_cds_CEJ55388.1_1738	PMG11_01650
lcl|CDHK01000002.1_cds_CEJ55389.1_1739	PMG11_01651
lcl|CDHK01000002.1_cds_CEJ55390.1_1740	PMG11_01652
lcl|CDHK01000002.1_cds_CEJ55391.1_1741	PMG11_01653
lcl|CDHK01000002.1_cds_CEJ55392.1_1742	PMG11_01654
lcl|CDHK01000002.1_cds_CEJ55393.1_1743	PMG11_01656
lcl|CDHK01000002.1_cds_CEJ55394.1_1744	PMG11_01655
lcl|CDHK01000002.1_cds_CEJ55395.1_1745	PMG11_01657
lcl|CDHK01000002.1_cds_CEJ55396.1_1746	PMG11_01657
lcl|CDHK01000002.1_cds_CEJ55397.1_1747	PMG11_01659
lcl|CDHK01000002.1_cds_CEJ55398.1_1748	PMG11_01658
lcl|CDHK01000002.1_cds_CEJ55399.1_1749	PMG11_01660
lcl|CDHK01000002.1_cds_CEJ55400.1_1750	PMG11_01661
lcl|CDHK01000002.1_cds_CEJ55401.1_1751	PMG11_01662
lcl|CDHK01000002.1_cds_CEJ55402.1_1752	PMG11_01663
lcl|CDHK01000002.1_cds_CEJ55403.1_1753	PMG11_01664
lcl|CDHK01000002.1_cds_CEJ55404.1_1754	PMG11_01665
lcl|CDHK01000002.1_cds_CEJ55405.1_1755	PMG11_01666
lcl|CDHK01000002.1_cds_CEJ55406.1_1756	PMG11_01667
lcl|CDHK01000002.1_cds_CEJ55407.1_1757	PMG11_01668
lcl|CDHK01000002.1_cds_CEJ55408.1_1758	PMG11_01669
lcl|CDHK01000002.1_cds_CEJ55409.1_1759	PMG11_01670
lcl|CDHK01000002.1_cds_CEJ55410.1_1760	PMG11_01671
lcl|CDHK01000002.1_cds_CEJ55411.1_1761	PMG11_01672
lcl|CDHK01000002.1_cds_CEJ55412.1_1762	PMG11_01673
lcl|CDHK01000002.1_cds_CEJ55413.1_1763	PMG11_01674
lcl|CDHK01000002.1_cds_CEJ55414.1_1764	PMG11_01675
lcl|CDHK01000002.1_cds_CEJ55415.1_1765	PMG11_01676
lcl|CDHK01000002.1_cds_CEJ55416.1_1766	PMG11_01677
lcl|CDHK01000002.1_cds_CEJ55417.1_1767	PMG11_01677
lcl|CDHK01000002.1_cds_CEJ55418.1_1768	PMG11_01678
lcl|CDHK01000002.1_cds_CEJ55419.1_1769	PMG11_01679
lcl|CDHK01000002.1_cds_CEJ55420.1_1770	PMG11_01680
lcl|CDHK01000002.1_cds_CEJ55421.1_1771	PMG11_01681
lcl|CDHK01000002.1_cds_CEJ55422.1_1772	PMG11_01682
lcl|CDHK01000002.1_cds_CEJ55423.1_1773	PMG11_01682
lcl|CDHK01000002.1_cds_CEJ55424.1_1774	PMG11_01683
lcl|CDHK01000002.1_cds_CEJ55425.1_1775	PMG11_01684
lcl|CDHK01000002.1_cds_CEJ55426.1_1776	PMG11_01685
lcl|CDHK01000002.1_cds_CEJ55427.1_1777	PMG11_01687
lcl|CDHK01000002.1_cds_CEJ55428.1_1778	PMG11_01686
lcl|CDHK01000002.1_cds_CEJ55429.1_1779	PMG11_01688
lcl|CDHK01000002.1_cds_CEJ55430.1_1780	PMG11_01689
lcl|CDHK01000002.1_cds_CEJ55431.1_1781	PMG11_01690
lcl|CDHK01000002.1_cds_CEJ55432.1_1782	PMG11_01691
lcl|CDHK01000002.1_cds_CEJ55433.1_1783	PMG11_01692
lcl|CDHK01000002.1_cds_CEJ55434.1_1784	PMG11_01693
lcl|CDHK01000002.1_cds_CEJ55435.1_1785	PMG11_01694
lcl|CDHK01000002.1_cds_CEJ55436.1_1786	PMG11_01694
lcl|CDHK01000002.1_cds_CEJ55437.1_1787	PMG11_01695
lcl|CDHK01000002.1_cds_CEJ55438.1_1788	PMG11_01696
lcl|CDHK01000002.1_cds_CEJ55439.1_1789	PMG11_01697
lcl|CDHK01000002.1_cds_CEJ55440.1_1790	PMG11_01698
lcl|CDHK01000002.1_cds_CEJ55441.1_1791	PMG11_01699
lcl|CDHK01000002.1_cds_CEJ55442.1_1792	PMG11_01700
lcl|CDHK01000002.1_cds_CEJ55443.1_1793	PMG11_01701
lcl|CDHK01000002.1_cds_CEJ55444.1_1794	PMG11_01702
lcl|CDHK01000002.1_cds_CEJ55445.1_1795	PMG11_01703
lcl|CDHK01000002.1_cds_CEJ55446.1_1796	PMG11_01704
lcl|CDHK01000002.1_cds_CEJ55447.1_1797	PMG11_01705
lcl|CDHK01000002.1_cds_CEJ55448.1_1798	PMG11_01706
lcl|CDHK01000002.1_cds_CEJ55449.1_1799	PMG11_01707
lcl|CDHK01000002.1_cds_CEJ55450.1_1800	PMG11_01708
lcl|CDHK01000002.1_cds_CEJ55451.1_1801	PMG11_01709
lcl|CDHK01000002.1_cds_CEJ55452.1_1802	PMG11_01710
lcl|CDHK01000002.1_cds_CEJ55453.1_1803	PMG11_01711
lcl|CDHK01000002.1_cds_CEJ55454.1_1804	PMG11_01712
lcl|CDHK01000002.1_cds_CEJ55455.1_1805	PMG11_01713
lcl|CDHK01000002.1_cds_CEJ55456.1_1806	PMG11_01714
lcl|CDHK01000002.1_cds_CEJ55457.1_1807	PMG11_01714
lcl|CDHK01000002.1_cds_CEJ55458.1_1808	PMG11_01715
lcl|CDHK01000002.1_cds_CEJ55459.1_1809	PMG11_01716
lcl|CDHK01000002.1_cds_CEJ55460.1_1810	PMG11_01717
lcl|CDHK01000002.1_cds_CEJ55461.1_1811	PMG11_01717
lcl|CDHK01000002.1_cds_CEJ55462.1_1812	PMG11_01718
lcl|CDHK01000002.1_cds_CEJ55463.1_1813	PMG11_01719
lcl|CDHK01000002.1_cds_CEJ55464.1_1814	PMG11_01720
lcl|CDHK01000002.1_cds_CEJ55466.1_1815	PMG11_01721
lcl|CDHK01000002.1_cds_CEJ55465.1_1816	PMG11_01721
lcl|CDHK01000002.1_cds_CEJ55467.1_1817	PMG11_01722
lcl|CDHK01000002.1_cds_CEJ55468.1_1818	PMG11_01723
lcl|CDHK01000002.1_cds_CEJ55469.1_1819	PMG11_01724
lcl|CDHK01000002.1_cds_CEJ55470.1_1820	PMG11_01725
lcl|CDHK01000002.1_cds_CEJ55471.1_1821	PMG11_01726
lcl|CDHK01000002.1_cds_CEJ55472.1_1822	PMG11_01727
lcl|CDHK01000002.1_cds_CEJ55473.1_1823	PMG11_01728
lcl|CDHK01000002.1_cds_CEJ55474.1_1824	PMG11_01729
lcl|CDHK01000002.1_cds_CEJ55475.1_1825	PMG11_01730
lcl|CDHK01000002.1_cds_CEJ55476.1_1826	PMG11_01731
lcl|CDHK01000002.1_cds_CEJ55477.1_1827	PMG11_01732
lcl|CDHK01000002.1_cds_CEJ55478.1_1828	PMG11_01733
lcl|CDHK01000002.1_cds_CEJ55479.1_1829	PMG11_01734
lcl|CDHK01000002.1_cds_CEJ55480.1_1830	PMG11_01734
lcl|CDHK01000002.1_cds_CEJ55481.1_1831	PMG11_01734
lcl|CDHK01000002.1_cds_CEJ55482.1_1832	PMG11_01735
lcl|CDHK01000002.1_cds_CEJ55483.1_1833	PMG11_01736
lcl|CDHK01000002.1_cds_CEJ55484.1_1834	PMG11_01737
lcl|CDHK01000002.1_cds_CEJ55485.1_1835	PMG11_01738
lcl|CDHK01000002.1_cds_CEJ55486.1_1836	PMG11_01739
lcl|CDHK01000002.1_cds_CEJ55487.1_1837	PMG11_01740
lcl|CDHK01000002.1_cds_CEJ55488.1_1838	PMG11_01741
lcl|CDHK01000002.1_cds_CEJ55489.1_1839	PMG11_01742
lcl|CDHK01000002.1_cds_CEJ55490.1_1840	PMG11_01743
lcl|CDHK01000002.1_cds_CEJ55491.1_1841	PMG11_01744
lcl|CDHK01000002.1_cds_CEJ55492.1_1842	PMG11_01745
lcl|CDHK01000002.1_cds_CEJ55493.1_1843	PMG11_01746
lcl|CDHK01000002.1_cds_CEJ55494.1_1844	PMG11_01747
lcl|CDHK01000002.1_cds_CEJ55495.1_1845	PMG11_01748
lcl|CDHK01000002.1_cds_CEJ55496.1_1846	PMG11_01749
lcl|CDHK01000002.1_cds_CEJ55497.1_1847	PMG11_01750
lcl|CDHK01000002.1_cds_CEJ55498.1_1848	PMG11_01751
lcl|CDHK01000002.1_cds_CEJ55499.1_1849	PMG11_01752
lcl|CDHK01000002.1_cds_CEJ55500.1_1850	PMG11_01753
lcl|CDHK01000002.1_cds_CEJ55501.1_1851	PMG11_01754
lcl|CDHK01000002.1_cds_CEJ55502.1_1852	PMG11_01755
lcl|CDHK01000002.1_cds_CEJ55503.1_1853	PMG11_01756
lcl|CDHK01000002.1_cds_CEJ55504.1_1854	PMG11_01757
lcl|CDHK01000002.1_cds_CEJ55505.1_1855	PMG11_01758
lcl|CDHK01000002.1_cds_CEJ55506.1_1856	PMG11_01759
lcl|CDHK01000002.1_cds_CEJ55507.1_1857	PMG11_01760
lcl|CDHK01000002.1_cds_CEJ55508.1_1858	PMG11_01761
lcl|CDHK01000002.1_cds_CEJ55509.1_1859	PMG11_01762
lcl|CDHK01000002.1_cds_CEJ55510.1_1860	PMG11_01763
lcl|CDHK01000002.1_cds_CEJ55511.1_1861	PMG11_01764
lcl|CDHK01000002.1_cds_CEJ55512.1_1862	PMG11_01765
lcl|CDHK01000002.1_cds_CEJ55513.1_1863	PMG11_01766
lcl|CDHK01000002.1_cds_CEJ55514.1_1864	PMG11_01767
lcl|CDHK01000002.1_cds_CEJ55515.1_1865	PMG11_01768
lcl|CDHK01000002.1_cds_CEJ55516.1_1866	PMG11_01769
lcl|CDHK01000002.1_cds_CEJ55517.1_1867	PMG11_01770
lcl|CDHK01000002.1_cds_CEJ55518.1_1868	PMG11_01771
lcl|CDHK01000002.1_cds_CEJ55519.1_1869	PMG11_01772
lcl|CDHK01000002.1_cds_CEJ55520.1_1870	PMG11_01773
lcl|CDHK01000002.1_cds_CEJ55521.1_1871	PMG11_01775
lcl|CDHK01000002.1_cds_CEJ55522.1_1872	PMG11_01774
lcl|CDHK01000002.1_cds_CEJ55523.1_1873	PMG11_01776
lcl|CDHK01000002.1_cds_CEJ55524.1_1874	PMG11_01777
lcl|CDHK01000002.1_cds_CEJ55525.1_1875	PMG11_01778
lcl|CDHK01000002.1_cds_CEJ55526.1_1876	PMG11_01778
lcl|CDHK01000002.1_cds_CEJ55527.1_1877	PMG11_01779
lcl|CDHK01000002.1_cds_CEJ55528.1_1878	PMG11_01780
lcl|CDHK01000002.1_cds_CEJ55529.1_1879	PMG11_01781
lcl|CDHK01000002.1_cds_CEJ55530.1_1880	PMG11_01782
lcl|CDHK01000002.1_cds_CEJ55531.1_1881	PMG11_01783
lcl|CDHK01000002.1_cds_CEJ55532.1_1882	PMG11_01784
lcl|CDHK01000002.1_cds_CEJ55533.1_1883	PMG11_01785
lcl|CDHK01000002.1_cds_CEJ55534.1_1884	PMG11_01786
lcl|CDHK01000002.1_cds_CEJ55535.1_1885	PMG11_01787
lcl|CDHK01000002.1_cds_CEJ55536.1_1886	PMG11_01788
lcl|CDHK01000002.1_cds_CEJ55537.1_1887	PMG11_01789
lcl|CDHK01000002.1_cds_CEJ55538.1_1888	PMG11_01790
lcl|CDHK01000002.1_cds_CEJ55539.1_1889	PMG11_01791
lcl|CDHK01000002.1_cds_CEJ55540.1_1890	PMG11_01792
lcl|CDHK01000002.1_cds_CEJ55541.1_1891	PMG11_01793
lcl|CDHK01000002.1_cds_CEJ55542.1_1892	PMG11_01794
lcl|CDHK01000002.1_cds_CEJ55543.1_1893	PMG11_01795
lcl|CDHK01000002.1_cds_CEJ55544.1_1894	PMG11_01796
lcl|CDHK01000002.1_cds_CEJ55545.1_1895	PMG11_01797
lcl|CDHK01000002.1_cds_CEJ55546.1_1896	PMG11_01798
lcl|CDHK01000002.1_cds_CEJ55547.1_1897	PMG11_01799
lcl|CDHK01000002.1_cds_CEJ55548.1_1898	PMG11_01800
lcl|CDHK01000002.1_cds_CEJ55549.1_1899	PMG11_01801
lcl|CDHK01000002.1_cds_CEJ55550.1_1900	PMG11_01802
lcl|CDHK01000002.1_cds_CEJ55551.1_1901	PMG11_01803
lcl|CDHK01000002.1_cds_CEJ55552.1_1902	PMG11_01804
lcl|CDHK01000002.1_cds_CEJ55553.1_1903	PMG11_01805
lcl|CDHK01000002.1_cds_CEJ55554.1_1904	PMG11_01806
lcl|CDHK01000002.1_cds_CEJ55555.1_1905	PMG11_01807
lcl|CDHK01000002.1_cds_CEJ55556.1_1906	PMG11_01808
lcl|CDHK01000002.1_cds_CEJ55557.1_1907	PMG11_01809
lcl|CDHK01000002.1_cds_CEJ55558.1_1908	PMG11_01810
lcl|CDHK01000002.1_cds_CEJ55559.1_1909	PMG11_01811
lcl|CDHK01000002.1_cds_CEJ55560.1_1910	PMG11_01812
lcl|CDHK01000002.1_cds_CEJ55561.1_1911	PMG11_01813
lcl|CDHK01000002.1_cds_CEJ55562.1_1912	PMG11_01814
lcl|CDHK01000002.1_cds_CEJ55563.1_1913	PMG11_01815
lcl|CDHK01000002.1_cds_CEJ55565.1_1914	PMG11_01816
lcl|CDHK01000002.1_cds_CEJ55564.1_1915	PMG11_01816
lcl|CDHK01000002.1_cds_CEJ55566.1_1916	PMG11_01817
lcl|CDHK01000002.1_cds_CEJ55567.1_1917	PMG11_01818
lcl|CDHK01000002.1_cds_CEJ55568.1_1918	PMG11_01820
lcl|CDHK01000002.1_cds_CEJ55569.1_1919	PMG11_01819
lcl|CDHK01000002.1_cds_CEJ55570.1_1920	PMG11_01821
lcl|CDHK01000002.1_cds_CEJ55571.1_1921	PMG11_01822
lcl|CDHK01000002.1_cds_CEJ55572.1_1922	PMG11_01823
lcl|CDHK01000002.1_cds_CEJ55573.1_1923	PMG11_01824
lcl|CDHK01000002.1_cds_CEJ55574.1_1924	PMG11_01825
lcl|CDHK01000002.1_cds_CEJ55575.1_1925	PMG11_01826
lcl|CDHK01000002.1_cds_CEJ55576.1_1926	PMG11_01827
lcl|CDHK01000002.1_cds_CEJ55577.1_1927	PMG11_01828
lcl|CDHK01000002.1_cds_CEJ55578.1_1928	PMG11_01829
lcl|CDHK01000002.1_cds_CEJ55579.1_1929	PMG11_01830
lcl|CDHK01000002.1_cds_CEJ55580.1_1930	PMG11_01831
lcl|CDHK01000002.1_cds_CEJ55581.1_1931	PMG11_01832
lcl|CDHK01000002.1_cds_CEJ55582.1_1932	PMG11_01833
lcl|CDHK01000002.1_cds_CEJ55583.1_1933	PMG11_01834
lcl|CDHK01000002.1_cds_CEJ55584.1_1934	PMG11_01835
lcl|CDHK01000002.1_cds_CEJ55585.1_1935	PMG11_01836
lcl|CDHK01000002.1_cds_CEJ55586.1_1936	PMG11_01837
lcl|CDHK01000002.1_cds_CEJ55587.1_1937	PMG11_01838
lcl|CDHK01000002.1_cds_CEJ55588.1_1938	PMG11_01839
lcl|CDHK01000002.1_cds_CEJ55589.1_1939	PMG11_01840
lcl|CDHK01000002.1_cds_CEJ55590.1_1940	PMG11_01841
lcl|CDHK01000002.1_cds_CEJ55591.1_1941	PMG11_01842
lcl|CDHK01000002.1_cds_CEJ55592.1_1942	PMG11_01843
lcl|CDHK01000002.1_cds_CEJ55593.1_1943	PMG11_01844
lcl|CDHK01000002.1_cds_CEJ55594.1_1944	PMG11_01845
lcl|CDHK01000002.1_cds_CEJ55595.1_1945	PMG11_01847
lcl|CDHK01000002.1_cds_CEJ55596.1_1946	PMG11_01846
lcl|CDHK01000002.1_cds_CEJ55597.1_1947	PMG11_01848
lcl|CDHK01000002.1_cds_CEJ55598.1_1948	PMG11_01849
lcl|CDHK01000002.1_cds_CEJ55599.1_1949	PMG11_01849
lcl|CDHK01000002.1_cds_CEJ55600.1_1950	PMG11_01850
lcl|CDHK01000002.1_cds_CEJ55601.1_1951	PMG11_01851
lcl|CDHK01000002.1_cds_CEJ55602.1_1952	PMG11_01852
lcl|CDHK01000002.1_cds_CEJ55603.1_1953	PMG11_01853
lcl|CDHK01000002.1_cds_CEJ55604.1_1954	PMG11_01854
lcl|CDHK01000002.1_cds_CEJ55605.1_1955	PMG11_01855
lcl|CDHK01000002.1_cds_CEJ55606.1_1956	PMG11_01856
lcl|CDHK01000002.1_cds_CEJ55607.1_1957	PMG11_01857
lcl|CDHK01000002.1_cds_CEJ55608.1_1958	PMG11_01858
lcl|CDHK01000002.1_cds_CEJ55609.1_1959	PMG11_01859
lcl|CDHK01000002.1_cds_CEJ55610.1_1960	PMG11_01860
lcl|CDHK01000002.1_cds_CEJ55611.1_1961	PMG11_01861
lcl|CDHK01000002.1_cds_CEJ55612.1_1962	PMG11_01862
lcl|CDHK01000002.1_cds_CEJ55613.1_1963	PMG11_01863
lcl|CDHK01000002.1_cds_CEJ55614.1_1964	PMG11_01864
lcl|CDHK01000002.1_cds_CEJ55615.1_1965	PMG11_01865
lcl|CDHK01000002.1_cds_CEJ55616.1_1966	PMG11_01866
lcl|CDHK01000002.1_cds_CEJ55617.1_1967	PMG11_01867
lcl|CDHK01000002.1_cds_CEJ55618.1_1968	PMG11_01868
lcl|CDHK01000002.1_cds_CEJ55619.1_1969	PMG11_01869
lcl|CDHK01000002.1_cds_CEJ55620.1_1970	PMG11_01870
lcl|CDHK01000002.1_cds_CEJ55621.1_1971	PMG11_01871
lcl|CDHK01000002.1_cds_CEJ55622.1_1972	PMG11_01872
lcl|CDHK01000002.1_cds_CEJ55623.1_1973	PMG11_01873
lcl|CDHK01000002.1_cds_CEJ55624.1_1974	PMG11_01874
lcl|CDHK01000002.1_cds_CEJ55625.1_1975	PMG11_01875
lcl|CDHK01000002.1_cds_CEJ55626.1_1976	PMG11_01876
lcl|CDHK01000002.1_cds_CEJ55627.1_1977	PMG11_01877
lcl|CDHK01000002.1_cds_CEJ55628.1_1978	PMG11_01878
lcl|CDHK01000002.1_cds_CEJ55629.1_1979	PMG11_01879
lcl|CDHK01000002.1_cds_CEJ55630.1_1980	PMG11_01880
lcl|CDHK01000002.1_cds_CEJ55631.1_1981	PMG11_01881
lcl|CDHK01000002.1_cds_CEJ55632.1_1982	PMG11_01882
lcl|CDHK01000002.1_cds_CEJ55633.1_1983	PMG11_01883
lcl|CDHK01000002.1_cds_CEJ55634.1_1984	PMG11_01884
lcl|CDHK01000002.1_cds_CEJ55635.1_1985	PMG11_01884
lcl|CDHK01000002.1_cds_CEJ55636.1_1986	PMG11_01886
lcl|CDHK01000002.1_cds_CEJ55637.1_1987	PMG11_01885
lcl|CDHK01000002.1_cds_CEJ55638.1_1988	PMG11_01887
lcl|CDHK01000002.1_cds_CEJ55639.1_1989	PMG11_01888
lcl|CDHK01000002.1_cds_CEJ55640.1_1990	PMG11_01889
lcl|CDHK01000002.1_cds_CEJ55641.1_1991	PMG11_01890
lcl|CDHK01000002.1_cds_CEJ55642.1_1992	PMG11_01891
lcl|CDHK01000002.1_cds_CEJ55643.1_1993	PMG11_01892
lcl|CDHK01000002.1_cds_CEJ55644.1_1994	PMG11_01893
lcl|CDHK01000002.1_cds_CEJ55645.1_1995	PMG11_01894
lcl|CDHK01000002.1_cds_CEJ55646.1_1996	PMG11_01895
lcl|CDHK01000002.1_cds_CEJ55647.1_1997	PMG11_01896
lcl|CDHK01000002.1_cds_CEJ55648.1_1998	PMG11_01897
lcl|CDHK01000002.1_cds_CEJ55649.1_1999	PMG11_01898
lcl|CDHK01000002.1_cds_CEJ55650.1_2000	PMG11_01899
lcl|CDHK01000002.1_cds_CEJ55651.1_2001	PMG11_01900
lcl|CDHK01000002.1_cds_CEJ55652.1_2002	PMG11_01901
lcl|CDHK01000002.1_cds_CEJ55653.1_2003	PMG11_01901
lcl|CDHK01000002.1_cds_CEJ55654.1_2004	PMG11_01902
lcl|CDHK01000002.1_cds_CEJ55655.1_2005	PMG11_01903
lcl|CDHK01000002.1_cds_CEJ55656.1_2006	PMG11_01904
lcl|CDHK01000002.1_cds_CEJ55657.1_2007	PMG11_01905
lcl|CDHK01000002.1_cds_CEJ55658.1_2008	PMG11_01906
lcl|CDHK01000002.1_cds_CEJ55659.1_2009	PMG11_01907
lcl|CDHK01000002.1_cds_CEJ55660.1_2010	PMG11_01908
lcl|CDHK01000002.1_cds_CEJ55661.1_2011	PMG11_01909
lcl|CDHK01000002.1_cds_CEJ55662.1_2012	PMG11_01910
lcl|CDHK01000002.1_cds_CEJ55663.1_2013	PMG11_01911
lcl|CDHK01000002.1_cds_CEJ55664.1_2014	PMG11_01912
lcl|CDHK01000002.1_cds_CEJ55665.1_2015	PMG11_01913
lcl|CDHK01000002.1_cds_CEJ55666.1_2016	PMG11_01914
lcl|CDHK01000002.1_cds_CEJ55667.1_2017	PMG11_01915
lcl|CDHK01000002.1_cds_CEJ55668.1_2018	PMG11_01916
lcl|CDHK01000002.1_cds_CEJ55669.1_2019	PMG11_01917
lcl|CDHK01000002.1_cds_CEJ55670.1_2020	PMG11_01918
lcl|CDHK01000002.1_cds_CEJ55671.1_2021	PMG11_01919
lcl|CDHK01000002.1_cds_CEJ55672.1_2022	PMG11_01920
lcl|CDHK01000002.1_cds_CEJ55673.1_2023	PMG11_01921
lcl|CDHK01000002.1_cds_CEJ55674.1_2024	PMG11_01922
lcl|CDHK01000002.1_cds_CEJ55675.1_2025	PMG11_01923
lcl|CDHK01000002.1_cds_CEJ55676.1_2026	PMG11_01924
lcl|CDHK01000002.1_cds_CEJ55677.1_2027	PMG11_01925
lcl|CDHK01000002.1_cds_CEJ55678.1_2028	PMG11_01926
lcl|CDHK01000002.1_cds_CEJ55680.1_2029	PMG11_01927
lcl|CDHK01000002.1_cds_CEJ55679.1_2030	PMG11_01927
lcl|CDHK01000002.1_cds_CEJ55681.1_2031	PMG11_01927
lcl|CDHK01000002.1_cds_CEJ55683.1_2032	PMG11_01928
lcl|CDHK01000002.1_cds_CEJ55682.1_2033	PMG11_01928
lcl|CDHK01000002.1_cds_CEJ55685.1_2034	PMG11_01929
lcl|CDHK01000002.1_cds_CEJ55684.1_2035	PMG11_01929
lcl|CDHK01000002.1_cds_CEJ55686.1_2036	PMG11_01929
lcl|CDHK01000002.1_cds_CEJ55687.1_2037	PMG11_01930
lcl|CDHK01000002.1_cds_CEJ55688.1_2038	PMG11_01931
lcl|CDHK01000002.1_cds_CEJ55689.1_2039	PMG11_01932
lcl|CDHK01000002.1_cds_CEJ55690.1_2040	PMG11_01933
lcl|CDHK01000002.1_cds_CEJ55691.1_2041	PMG11_01934
lcl|CDHK01000002.1_cds_CEJ55692.1_2042	PMG11_01935
lcl|CDHK01000002.1_cds_CEJ55694.1_2043	PMG11_01936
lcl|CDHK01000002.1_cds_CEJ55693.1_2044	PMG11_01936
lcl|CDHK01000002.1_cds_CEJ55696.1_2045	PMG11_01937
lcl|CDHK01000002.1_cds_CEJ55695.1_2046	PMG11_01937
lcl|CDHK01000002.1_cds_CEJ55697.1_2047	PMG11_01937
lcl|CDHK01000002.1_cds_CEJ55698.1_2048	PMG11_01938
lcl|CDHK01000002.1_cds_CEJ55699.1_2049	PMG11_01939
lcl|CDHK01000002.1_cds_CEJ55700.1_2050	PMG11_01940
lcl|CDHK01000002.1_cds_CEJ55701.1_2051	PMG11_01940
lcl|CDHK01000002.1_cds_CEJ55702.1_2052	PMG11_01941
lcl|CDHK01000002.1_cds_CEJ55703.1_2053	PMG11_01942
lcl|CDHK01000002.1_cds_CEJ55704.1_2054	PMG11_01942
lcl|CDHK01000002.1_cds_CEJ55705.1_2055	PMG11_01943
lcl|CDHK01000002.1_cds_CEJ55706.1_2056	PMG11_01944
lcl|CDHK01000002.1_cds_CEJ55707.1_2057	PMG11_01945
lcl|CDHK01000002.1_cds_CEJ55708.1_2058	PMG11_01946
lcl|CDHK01000002.1_cds_CEJ55709.1_2059	PMG11_01947
lcl|CDHK01000002.1_cds_CEJ55710.1_2060	PMG11_01948
lcl|CDHK01000002.1_cds_CEJ55711.1_2061	PMG11_01949
lcl|CDHK01000002.1_cds_CEJ55712.1_2062	PMG11_01950
lcl|CDHK01000002.1_cds_CEJ55713.1_2063	PMG11_01951
lcl|CDHK01000002.1_cds_CEJ55714.1_2064	PMG11_01952
lcl|CDHK01000002.1_cds_CEJ55715.1_2065	PMG11_01953
lcl|CDHK01000002.1_cds_CEJ55716.1_2066	PMG11_01954
lcl|CDHK01000002.1_cds_CEJ55717.1_2067	PMG11_01955
lcl|CDHK01000002.1_cds_CEJ55718.1_2068	PMG11_01956
lcl|CDHK01000002.1_cds_CEJ55719.1_2069	PMG11_01957
lcl|CDHK01000002.1_cds_CEJ55720.1_2070	PMG11_01958
lcl|CDHK01000002.1_cds_CEJ55721.1_2071	PMG11_01959
lcl|CDHK01000002.1_cds_CEJ55722.1_2072	PMG11_01960
lcl|CDHK01000002.1_cds_CEJ55723.1_2073	PMG11_01961
lcl|CDHK01000002.1_cds_CEJ55724.1_2074	PMG11_01962
lcl|CDHK01000002.1_cds_CEJ55725.1_2075	PMG11_01963
lcl|CDHK01000002.1_cds_CEJ55726.1_2076	PMG11_01964
lcl|CDHK01000002.1_cds_CEJ55727.1_2077	PMG11_01965
lcl|CDHK01000002.1_cds_CEJ55728.1_2078	PMG11_01966
lcl|CDHK01000002.1_cds_CEJ55729.1_2079	PMG11_01967
lcl|CDHK01000002.1_cds_CEJ55730.1_2080	PMG11_01968
lcl|CDHK01000002.1_cds_CEJ55731.1_2081	PMG11_01969
lcl|CDHK01000002.1_cds_CEJ55732.1_2082	PMG11_01970
lcl|CDHK01000002.1_cds_CEJ55733.1_2083	PMG11_01971
lcl|CDHK01000002.1_cds_CEJ55734.1_2084	PMG11_01972
lcl|CDHK01000002.1_cds_CEJ55735.1_2085	PMG11_01973
lcl|CDHK01000002.1_cds_CEJ55736.1_2086	PMG11_01974
lcl|CDHK01000002.1_cds_CEJ55737.1_2087	PMG11_01975
lcl|CDHK01000002.1_cds_CEJ55738.1_2088	PMG11_01976
lcl|CDHK01000002.1_cds_CEJ55739.1_2089	PMG11_01977
lcl|CDHK01000002.1_cds_CEJ55740.1_2090	PMG11_01978
lcl|CDHK01000002.1_cds_CEJ55741.1_2091	PMG11_01979
lcl|CDHK01000002.1_cds_CEJ55742.1_2092	PMG11_01980
lcl|CDHK01000002.1_cds_CEJ55743.1_2093	PMG11_01981
lcl|CDHK01000002.1_cds_CEJ55744.1_2094	PMG11_01982
lcl|CDHK01000002.1_cds_CEJ55745.1_2095	PMG11_01983
lcl|CDHK01000002.1_cds_CEJ55746.1_2096	PMG11_01984
lcl|CDHK01000002.1_cds_CEJ55747.1_2097	PMG11_01985
lcl|CDHK01000002.1_cds_CEJ55748.1_2098	PMG11_01986
lcl|CDHK01000002.1_cds_CEJ55749.1_2099	PMG11_01987
lcl|CDHK01000002.1_cds_CEJ55750.1_2100	PMG11_01988
lcl|CDHK01000002.1_cds_CEJ55751.1_2101	PMG11_01989
lcl|CDHK01000002.1_cds_CEJ55752.1_2102	PMG11_01990
lcl|CDHK01000002.1_cds_CEJ55753.1_2103	PMG11_01991
lcl|CDHK01000002.1_cds_CEJ55754.1_2104	PMG11_01992
lcl|CDHK01000002.1_cds_CEJ55755.1_2105	PMG11_01992
lcl|CDHK01000002.1_cds_CEJ55756.1_2106	PMG11_01993
lcl|CDHK01000002.1_cds_CEJ55757.1_2107	PMG11_01993
lcl|CDHK01000002.1_cds_CEJ55758.1_2108	PMG11_01994
lcl|CDHK01000002.1_cds_CEJ55759.1_2109	PMG11_01995
lcl|CDHK01000002.1_cds_CEJ55760.1_2110	PMG11_01996
lcl|CDHK01000002.1_cds_CEJ55761.1_2111	PMG11_01997
lcl|CDHK01000002.1_cds_CEJ55762.1_2112	PMG11_01998
lcl|CDHK01000002.1_cds_CEJ55763.1_2113	PMG11_01999
lcl|CDHK01000002.1_cds_CEJ55764.1_2114	PMG11_02000
lcl|CDHK01000002.1_cds_CEJ55765.1_2115	PMG11_02000
lcl|CDHK01000002.1_cds_CEJ55766.1_2116	PMG11_02001
lcl|CDHK01000002.1_cds_CEJ55767.1_2117	PMG11_02002
lcl|CDHK01000002.1_cds_CEJ55768.1_2118	PMG11_02003
lcl|CDHK01000002.1_cds_CEJ55769.1_2119	PMG11_02004
lcl|CDHK01000002.1_cds_CEJ55770.1_2120	PMG11_02005
lcl|CDHK01000002.1_cds_CEJ55771.1_2121	PMG11_02006
lcl|CDHK01000002.1_cds_CEJ55772.1_2122	PMG11_02007
lcl|CDHK01000002.1_cds_CEJ55773.1_2123	PMG11_02008
lcl|CDHK01000002.1_cds_CEJ55774.1_2124	PMG11_02009
lcl|CDHK01000002.1_cds_CEJ55775.1_2125	PMG11_02010
lcl|CDHK01000002.1_cds_CEJ55776.1_2126	PMG11_02011
lcl|CDHK01000002.1_cds_CEJ55777.1_2127	PMG11_02012
lcl|CDHK01000002.1_cds_CEJ55778.1_2128	PMG11_02013
lcl|CDHK01000002.1_cds_CEJ55779.1_2129	PMG11_02014
lcl|CDHK01000002.1_cds_CEJ55780.1_2130	PMG11_02015
lcl|CDHK01000002.1_cds_CEJ55781.1_2131	PMG11_02016
lcl|CDHK01000002.1_cds_CEJ55782.1_2132	PMG11_02017
lcl|CDHK01000002.1_cds_CEJ55783.1_2133	PMG11_02018
lcl|CDHK01000002.1_cds_CEJ55784.1_2134	PMG11_02019
lcl|CDHK01000002.1_cds_CEJ55785.1_2135	PMG11_02020
lcl|CDHK01000002.1_cds_CEJ55786.1_2136	PMG11_02021
lcl|CDHK01000002.1_cds_CEJ55787.1_2137	PMG11_02022
lcl|CDHK01000002.1_cds_CEJ55788.1_2138	PMG11_02023
lcl|CDHK01000002.1_cds_CEJ55789.1_2139	PMG11_02024
lcl|CDHK01000002.1_cds_CEJ55790.1_2140	PMG11_02025
lcl|CDHK01000002.1_cds_CEJ55791.1_2141	PMG11_02026
lcl|CDHK01000002.1_cds_CEJ55792.1_2142	PMG11_02027
lcl|CDHK01000002.1_cds_CEJ55793.1_2143	PMG11_02028
lcl|CDHK01000002.1_cds_CEJ55794.1_2144	PMG11_02029
lcl|CDHK01000002.1_cds_CEJ55795.1_2145	PMG11_02030
lcl|CDHK01000002.1_cds_CEJ55796.1_2146	PMG11_02031
lcl|CDHK01000002.1_cds_CEJ55797.1_2147	PMG11_02032
lcl|CDHK01000002.1_cds_CEJ55798.1_2148	PMG11_02033
lcl|CDHK01000002.1_cds_CEJ55799.1_2149	PMG11_02034
lcl|CDHK01000002.1_cds_CEJ55800.1_2150	PMG11_02035
lcl|CDHK01000002.1_cds_CEJ55801.1_2151	PMG11_02036
lcl|CDHK01000002.1_cds_CEJ55802.1_2152	PMG11_02037
lcl|CDHK01000002.1_cds_CEJ55803.1_2153	PMG11_02038
lcl|CDHK01000002.1_cds_CEJ55804.1_2154	PMG11_02039
lcl|CDHK01000002.1_cds_CEJ55805.1_2155	PMG11_02040
lcl|CDHK01000002.1_cds_CEJ55806.1_2156	PMG11_02041
lcl|CDHK01000002.1_cds_CEJ55807.1_2157	PMG11_02042
lcl|CDHK01000002.1_cds_CEJ55808.1_2158	PMG11_02043
lcl|CDHK01000002.1_cds_CEJ55809.1_2159	PMG11_02044
lcl|CDHK01000002.1_cds_CEJ55810.1_2160	PMG11_02045
lcl|CDHK01000002.1_cds_CEJ55811.1_2161	PMG11_02045
lcl|CDHK01000002.1_cds_CEJ55812.1_2162	PMG11_02046
lcl|CDHK01000002.1_cds_CEJ55813.1_2163	PMG11_02047
lcl|CDHK01000002.1_cds_CEJ55814.1_2164	PMG11_02048
lcl|CDHK01000002.1_cds_CEJ55815.1_2165	PMG11_02048
lcl|CDHK01000002.1_cds_CEJ55816.1_2166	PMG11_02048
lcl|CDHK01000002.1_cds_CEJ55817.1_2167	PMG11_02048
lcl|CDHK01000002.1_cds_CEJ55818.1_2168	PMG11_02049
lcl|CDHK01000002.1_cds_CEJ55819.1_2169	PMG11_02050
lcl|CDHK01000002.1_cds_CEJ55820.1_2170	PMG11_02051
lcl|CDHK01000002.1_cds_CEJ55821.1_2171	PMG11_02052
lcl|CDHK01000002.1_cds_CEJ55822.1_2172	PMG11_02053
lcl|CDHK01000002.1_cds_CEJ55823.1_2173	PMG11_02054
lcl|CDHK01000002.1_cds_CEJ55824.1_2174	PMG11_02055
lcl|CDHK01000002.1_cds_CEJ55825.1_2175	PMG11_02056
lcl|CDHK01000002.1_cds_CEJ55826.1_2176	PMG11_02057
lcl|CDHK01000002.1_cds_CEJ55827.1_2177	PMG11_02058
lcl|CDHK01000002.1_cds_CEJ55828.1_2178	PMG11_02059
lcl|CDHK01000002.1_cds_CEJ55829.1_2179	PMG11_02060
lcl|CDHK01000002.1_cds_CEJ55830.1_2180	PMG11_02061
lcl|CDHK01000002.1_cds_CEJ55831.1_2181	PMG11_02062
lcl|CDHK01000002.1_cds_CEJ55832.1_2182	PMG11_02063
lcl|CDHK01000002.1_cds_CEJ55833.1_2183	PMG11_02064
lcl|CDHK01000002.1_cds_CEJ55834.1_2184	PMG11_02065
lcl|CDHK01000002.1_cds_CEJ55835.1_2185	PMG11_02066
lcl|CDHK01000002.1_cds_CEJ55836.1_2186	PMG11_02067
lcl|CDHK01000002.1_cds_CEJ55837.1_2187	PMG11_02068
lcl|CDHK01000002.1_cds_CEJ55838.1_2188	PMG11_02069
lcl|CDHK01000002.1_cds_CEJ55839.1_2189	PMG11_02070
lcl|CDHK01000002.1_cds_CEJ55840.1_2190	PMG11_02071
lcl|CDHK01000002.1_cds_CEJ55841.1_2191	PMG11_02072
lcl|CDHK01000002.1_cds_CEJ55842.1_2192	PMG11_02073
lcl|CDHK01000002.1_cds_CEJ55843.1_2193	PMG11_02074
lcl|CDHK01000002.1_cds_CEJ55844.1_2194	PMG11_02075
lcl|CDHK01000002.1_cds_CEJ55845.1_2195	PMG11_02076
lcl|CDHK01000002.1_cds_CEJ55846.1_2196	PMG11_02077
lcl|CDHK01000002.1_cds_CEJ55847.1_2197	PMG11_02078
lcl|CDHK01000002.1_cds_CEJ55848.1_2198	PMG11_02079
lcl|CDHK01000002.1_cds_CEJ55849.1_2199	PMG11_02080
lcl|CDHK01000002.1_cds_CEJ55850.1_2200	PMG11_02081
lcl|CDHK01000002.1_cds_CEJ55851.1_2201	PMG11_02082
lcl|CDHK01000002.1_cds_CEJ55852.1_2202	PMG11_02083
lcl|CDHK01000002.1_cds_CEJ55853.1_2203	PMG11_02084
lcl|CDHK01000002.1_cds_CEJ55854.1_2204	PMG11_02085
lcl|CDHK01000002.1_cds_CEJ55855.1_2205	PMG11_02086
lcl|CDHK01000002.1_cds_CEJ55856.1_2206	PMG11_02087
lcl|CDHK01000002.1_cds_CEJ55857.1_2207	PMG11_02088
lcl|CDHK01000002.1_cds_CEJ55858.1_2208	PMG11_02089
lcl|CDHK01000002.1_cds_CEJ55859.1_2209	PMG11_02090
lcl|CDHK01000002.1_cds_CEJ55860.1_2210	PMG11_02091
lcl|CDHK01000002.1_cds_CEJ55861.1_2211	PMG11_02092
lcl|CDHK01000002.1_cds_CEJ55862.1_2212	PMG11_02093
lcl|CDHK01000002.1_cds_CEJ55863.1_2213	PMG11_02094
lcl|CDHK01000002.1_cds_CEJ55864.1_2214	PMG11_02095
lcl|CDHK01000002.1_cds_CEJ55865.1_2215	PMG11_02096
lcl|CDHK01000002.1_cds_CEJ55866.1_2216	PMG11_02097
lcl|CDHK01000002.1_cds_CEJ55867.1_2217	PMG11_02098
lcl|CDHK01000002.1_cds_CEJ55868.1_2218	PMG11_02099
lcl|CDHK01000002.1_cds_CEJ55869.1_2219	PMG11_02100
lcl|CDHK01000002.1_cds_CEJ55870.1_2220	PMG11_02101
lcl|CDHK01000002.1_cds_CEJ55872.1_2221	PMG11_02102
lcl|CDHK01000002.1_cds_CEJ55871.1_2222	PMG11_02102
lcl|CDHK01000002.1_cds_CEJ55873.1_2223	PMG11_02103
lcl|CDHK01000002.1_cds_CEJ55874.1_2224	PMG11_02104
lcl|CDHK01000002.1_cds_CEJ55875.1_2225	PMG11_02105
lcl|CDHK01000002.1_cds_CEJ55876.1_2226	PMG11_02106
lcl|CDHK01000002.1_cds_CEJ55877.1_2227	PMG11_02107
lcl|CDHK01000002.1_cds_CEJ55878.1_2228	PMG11_02108
lcl|CDHK01000002.1_cds_CEJ55879.1_2229	PMG11_02109
lcl|CDHK01000002.1_cds_CEJ55880.1_2230	PMG11_02110
lcl|CDHK01000002.1_cds_CEJ55881.1_2231	PMG11_02111
lcl|CDHK01000002.1_cds_CEJ55882.1_2232	PMG11_02112
lcl|CDHK01000002.1_cds_CEJ55883.1_2233	PMG11_02113
lcl|CDHK01000002.1_cds_CEJ55884.1_2234	PMG11_02114
lcl|CDHK01000002.1_cds_CEJ55885.1_2235	PMG11_02115
lcl|CDHK01000002.1_cds_CEJ55886.1_2236	PMG11_02116
lcl|CDHK01000002.1_cds_CEJ55887.1_2237	PMG11_02117
lcl|CDHK01000002.1_cds_CEJ55888.1_2238	PMG11_02118
lcl|CDHK01000002.1_cds_CEJ55889.1_2239	PMG11_02119
lcl|CDHK01000002.1_cds_CEJ55890.1_2240	PMG11_02120
lcl|CDHK01000002.1_cds_CEJ55891.1_2241	PMG11_02121
lcl|CDHK01000002.1_cds_CEJ55892.1_2242	PMG11_02122
lcl|CDHK01000002.1_cds_CEJ55893.1_2243	PMG11_02123
lcl|CDHK01000002.1_cds_CEJ55894.1_2244	PMG11_02124
lcl|CDHK01000002.1_cds_CEJ55895.1_2245	PMG11_02125
lcl|CDHK01000002.1_cds_CEJ55896.1_2246	PMG11_02126
lcl|CDHK01000002.1_cds_CEJ55897.1_2247	PMG11_02128
lcl|CDHK01000002.1_cds_CEJ55898.1_2248	PMG11_02127
lcl|CDHK01000002.1_cds_CEJ55899.1_2249	PMG11_02129
lcl|CDHK01000002.1_cds_CEJ55900.1_2250	PMG11_02130
lcl|CDHK01000002.1_cds_CEJ55901.1_2251	PMG11_02131
lcl|CDHK01000002.1_cds_CEJ55902.1_2252	PMG11_02132
lcl|CDHK01000002.1_cds_CEJ55903.1_2253	PMG11_02133
lcl|CDHK01000002.1_cds_CEJ55904.1_2254	PMG11_02134
lcl|CDHK01000002.1_cds_CEJ55905.1_2255	PMG11_02135
lcl|CDHK01000002.1_cds_CEJ55906.1_2256	PMG11_02136
lcl|CDHK01000002.1_cds_CEJ55907.1_2257	PMG11_02137
lcl|CDHK01000002.1_cds_CEJ55908.1_2258	PMG11_02138
lcl|CDHK01000002.1_cds_CEJ55909.1_2259	PMG11_02139
lcl|CDHK01000002.1_cds_CEJ55910.1_2260	PMG11_02140
lcl|CDHK01000002.1_cds_CEJ55911.1_2261	PMG11_02141
lcl|CDHK01000002.1_cds_CEJ55912.1_2262	PMG11_02142
lcl|CDHK01000002.1_cds_CEJ55913.1_2263	PMG11_02143
lcl|CDHK01000002.1_cds_CEJ55914.1_2264	PMG11_02144
lcl|CDHK01000002.1_cds_CEJ55915.1_2265	PMG11_02145
lcl|CDHK01000002.1_cds_CEJ55916.1_2266	PMG11_02146
lcl|CDHK01000002.1_cds_CEJ55917.1_2267	PMG11_02147
lcl|CDHK01000002.1_cds_CEJ55918.1_2268	PMG11_02148
lcl|CDHK01000002.1_cds_CEJ55919.1_2269	PMG11_02149
lcl|CDHK01000002.1_cds_CEJ55920.1_2270	PMG11_02150
lcl|CDHK01000002.1_cds_CEJ55921.1_2271	PMG11_02151
lcl|CDHK01000002.1_cds_CEJ55922.1_2272	PMG11_02152
lcl|CDHK01000002.1_cds_CEJ55924.1_2273	PMG11_02153
lcl|CDHK01000002.1_cds_CEJ55923.1_2274	PMG11_02153
lcl|CDHK01000002.1_cds_CEJ55925.1_2275	PMG11_02154
lcl|CDHK01000002.1_cds_CEJ55926.1_2276	PMG11_02155
lcl|CDHK01000002.1_cds_CEJ55927.1_2277	PMG11_02156
lcl|CDHK01000002.1_cds_CEJ55928.1_2278	PMG11_02157
lcl|CDHK01000002.1_cds_CEJ55929.1_2279	PMG11_02158
lcl|CDHK01000002.1_cds_CEJ55930.1_2280	PMG11_02159
lcl|CDHK01000002.1_cds_CEJ55931.1_2281	PMG11_02160
lcl|CDHK01000002.1_cds_CEJ55932.1_2282	PMG11_02161
lcl|CDHK01000002.1_cds_CEJ55933.1_2283	PMG11_02162
lcl|CDHK01000002.1_cds_CEJ55934.1_2284	PMG11_02163
lcl|CDHK01000002.1_cds_CEJ55935.1_2285	PMG11_02164
lcl|CDHK01000002.1_cds_CEJ55936.1_2286	PMG11_02165
lcl|CDHK01000002.1_cds_CEJ55937.1_2287	PMG11_02166
lcl|CDHK01000002.1_cds_CEJ55938.1_2288	PMG11_02167
lcl|CDHK01000002.1_cds_CEJ55939.1_2289	PMG11_02168
lcl|CDHK01000002.1_cds_CEJ55940.1_2290	PMG11_02169
lcl|CDHK01000002.1_cds_CEJ55941.1_2291	PMG11_02170
lcl|CDHK01000002.1_cds_CEJ55942.1_2292	PMG11_02171
lcl|CDHK01000002.1_cds_CEJ55943.1_2293	PMG11_02172
lcl|CDHK01000002.1_cds_CEJ55944.1_2294	PMG11_02173
lcl|CDHK01000002.1_cds_CEJ55945.1_2295	PMG11_02174
lcl|CDHK01000002.1_cds_CEJ55946.1_2296	PMG11_02175
lcl|CDHK01000002.1_cds_CEJ55947.1_2297	PMG11_02175
lcl|CDHK01000002.1_cds_CEJ55948.1_2298	PMG11_02176
lcl|CDHK01000002.1_cds_CEJ55949.1_2299	PMG11_02177
lcl|CDHK01000002.1_cds_CEJ55950.1_2300	PMG11_02179
lcl|CDHK01000002.1_cds_CEJ55951.1_2301	PMG11_02178
lcl|CDHK01000002.1_cds_CEJ55952.1_2302	PMG11_02180
lcl|CDHK01000002.1_cds_CEJ55953.1_2303	PMG11_02181
lcl|CDHK01000002.1_cds_CEJ55954.1_2304	PMG11_02182
lcl|CDHK01000002.1_cds_CEJ55955.1_2305	PMG11_02183
lcl|CDHK01000002.1_cds_CEJ55956.1_2306	PMG11_02184
lcl|CDHK01000002.1_cds_CEJ55957.1_2307	PMG11_02185
lcl|CDHK01000002.1_cds_CEJ55958.1_2308	PMG11_02186
lcl|CDHK01000002.1_cds_CEJ55959.1_2309	PMG11_02187
lcl|CDHK01000002.1_cds_CEJ55960.1_2310	PMG11_02188
lcl|CDHK01000002.1_cds_CEJ55962.1_2311	PMG11_02189
lcl|CDHK01000002.1_cds_CEJ55961.1_2312	PMG11_02189
lcl|CDHK01000002.1_cds_CEJ55963.1_2313	PMG11_02190
lcl|CDHK01000002.1_cds_CEJ55964.1_2314	PMG11_02191
lcl|CDHK01000002.1_cds_CEJ55965.1_2315	PMG11_02192
lcl|CDHK01000002.1_cds_CEJ55966.1_2316	PMG11_02193
lcl|CDHK01000002.1_cds_CEJ55967.1_2317	PMG11_02194
lcl|CDHK01000002.1_cds_CEJ55968.1_2318	PMG11_02195
lcl|CDHK01000002.1_cds_CEJ55969.1_2319	PMG11_02196
lcl|CDHK01000002.1_cds_CEJ55970.1_2320	PMG11_02197
lcl|CDHK01000002.1_cds_CEJ55971.1_2321	PMG11_02198
lcl|CDHK01000002.1_cds_CEJ55972.1_2322	PMG11_02199
lcl|CDHK01000002.1_cds_CEJ55973.1_2323	PMG11_02200
lcl|CDHK01000002.1_cds_CEJ55974.1_2324	PMG11_02201
lcl|CDHK01000002.1_cds_CEJ55975.1_2325	PMG11_02202
lcl|CDHK01000002.1_cds_CEJ55976.1_2326	PMG11_02203
lcl|CDHK01000002.1_cds_CEJ55977.1_2327	PMG11_02204
lcl|CDHK01000002.1_cds_CEJ55978.1_2328	PMG11_02205
lcl|CDHK01000002.1_cds_CEJ55979.1_2329	PMG11_02206
lcl|CDHK01000002.1_cds_CEJ55980.1_2330	PMG11_02207
lcl|CDHK01000002.1_cds_CEJ55981.1_2331	PMG11_02208
lcl|CDHK01000002.1_cds_CEJ55982.1_2332	PMG11_02209
lcl|CDHK01000002.1_cds_CEJ55983.1_2333	PMG11_02210
lcl|CDHK01000002.1_cds_CEJ55984.1_2334	PMG11_02211
lcl|CDHK01000002.1_cds_CEJ55985.1_2335	PMG11_02212
lcl|CDHK01000002.1_cds_CEJ55986.1_2336	PMG11_02213
lcl|CDHK01000002.1_cds_CEJ55987.1_2337	PMG11_02214
lcl|CDHK01000002.1_cds_CEJ55988.1_2338	PMG11_02215
lcl|CDHK01000002.1_cds_CEJ55989.1_2339	PMG11_02216
lcl|CDHK01000002.1_cds_CEJ55990.1_2340	PMG11_02217
lcl|CDHK01000002.1_cds_CEJ55991.1_2341	PMG11_02218
lcl|CDHK01000002.1_cds_CEJ55992.1_2342	PMG11_02219
lcl|CDHK01000002.1_cds_CEJ55993.1_2343	PMG11_02220
lcl|CDHK01000002.1_cds_CEJ55994.1_2344	PMG11_02221
lcl|CDHK01000002.1_cds_CEJ55995.1_2345	PMG11_02222
lcl|CDHK01000002.1_cds_CEJ55996.1_2346	PMG11_02223
lcl|CDHK01000002.1_cds_CEJ55997.1_2347	PMG11_02224
lcl|CDHK01000002.1_cds_CEJ55998.1_2348	PMG11_02225
lcl|CDHK01000002.1_cds_CEJ55999.1_2349	PMG11_02227
lcl|CDHK01000002.1_cds_CEJ56000.1_2350	PMG11_02226
lcl|CDHK01000002.1_cds_CEJ56001.1_2351	PMG11_02228
lcl|CDHK01000002.1_cds_CEJ56002.1_2352	PMG11_02229
lcl|CDHK01000002.1_cds_CEJ56003.1_2353	PMG11_02230
lcl|CDHK01000002.1_cds_CEJ56004.1_2354	PMG11_02231
lcl|CDHK01000002.1_cds_CEJ56005.1_2355	PMG11_02232
lcl|CDHK01000002.1_cds_CEJ56006.1_2356	PMG11_02233
lcl|CDHK01000002.1_cds_CEJ56007.1_2357	PMG11_02234
lcl|CDHK01000002.1_cds_CEJ56008.1_2358	PMG11_02235
lcl|CDHK01000002.1_cds_CEJ56009.1_2359	PMG11_02236
lcl|CDHK01000002.1_cds_CEJ56010.1_2360	PMG11_02237
lcl|CDHK01000002.1_cds_CEJ56011.1_2361	PMG11_02238
lcl|CDHK01000002.1_cds_CEJ56012.1_2362	PMG11_02239
lcl|CDHK01000002.1_cds_CEJ56013.1_2363	PMG11_02240
lcl|CDHK01000002.1_cds_CEJ56014.1_2364	PMG11_02241
lcl|CDHK01000002.1_cds_CEJ56015.1_2365	PMG11_02242
lcl|CDHK01000002.1_cds_CEJ56016.1_2366	PMG11_02243
lcl|CDHK01000002.1_cds_CEJ56017.1_2367	PMG11_02244
lcl|CDHK01000002.1_cds_CEJ56018.1_2368	PMG11_02246
lcl|CDHK01000002.1_cds_CEJ56019.1_2369	PMG11_02245
lcl|CDHK01000002.1_cds_CEJ56020.1_2370	PMG11_02247
lcl|CDHK01000002.1_cds_CEJ56021.1_2371	PMG11_02248
lcl|CDHK01000002.1_cds_CEJ56022.1_2372	PMG11_02249
lcl|CDHK01000002.1_cds_CEJ56023.1_2373	PMG11_02250
lcl|CDHK01000002.1_cds_CEJ56024.1_2374	PMG11_02251
lcl|CDHK01000002.1_cds_CEJ56025.1_2375	PMG11_02252
lcl|CDHK01000002.1_cds_CEJ56026.1_2376	PMG11_02253
lcl|CDHK01000002.1_cds_CEJ56027.1_2377	PMG11_02254
lcl|CDHK01000002.1_cds_CEJ56029.1_2378	PMG11_02255
lcl|CDHK01000002.1_cds_CEJ56028.1_2379	PMG11_02255
lcl|CDHK01000002.1_cds_CEJ56030.1_2380	PMG11_02256
lcl|CDHK01000002.1_cds_CEJ56031.1_2381	PMG11_02257
lcl|CDHK01000002.1_cds_CEJ56032.1_2382	PMG11_02258
lcl|CDHK01000002.1_cds_CEJ56034.1_2383	PMG11_02259
lcl|CDHK01000002.1_cds_CEJ56033.1_2384	PMG11_02259
lcl|CDHK01000002.1_cds_CEJ56035.1_2385	PMG11_02260
lcl|CDHK01000002.1_cds_CEJ56036.1_2386	PMG11_02261
lcl|CDHK01000002.1_cds_CEJ56037.1_2387	PMG11_02262
lcl|CDHK01000002.1_cds_CEJ56038.1_2388	PMG11_02263
lcl|CDHK01000002.1_cds_CEJ56039.1_2389	PMG11_02264
lcl|CDHK01000002.1_cds_CEJ56040.1_2390	PMG11_02265
lcl|CDHK01000002.1_cds_CEJ56041.1_2391	PMG11_02266
lcl|CDHK01000002.1_cds_CEJ56042.1_2392	PMG11_02267
lcl|CDHK01000002.1_cds_CEJ56043.1_2393	PMG11_02268
lcl|CDHK01000002.1_cds_CEJ56044.1_2394	PMG11_02269
lcl|CDHK01000002.1_cds_CEJ56045.1_2395	PMG11_02270
lcl|CDHK01000002.1_cds_CEJ56046.1_2396	PMG11_02271
lcl|CDHK01000002.1_cds_CEJ56047.1_2397	PMG11_02272
lcl|CDHK01000002.1_cds_CEJ56048.1_2398	PMG11_02273
lcl|CDHK01000002.1_cds_CEJ56049.1_2399	PMG11_02274
lcl|CDHK01000002.1_cds_CEJ56050.1_2400	PMG11_02275
lcl|CDHK01000002.1_cds_CEJ56051.1_2401	PMG11_02276
lcl|CDHK01000002.1_cds_CEJ56052.1_2402	PMG11_02277
lcl|CDHK01000002.1_cds_CEJ56053.1_2403	PMG11_02278
lcl|CDHK01000002.1_cds_CEJ56054.1_2404	PMG11_02279
lcl|CDHK01000002.1_cds_CEJ56055.1_2405	PMG11_02280
lcl|CDHK01000002.1_cds_CEJ56056.1_2406	PMG11_02281
lcl|CDHK01000002.1_cds_CEJ56057.1_2407	PMG11_02282
lcl|CDHK01000002.1_cds_CEJ56058.1_2408	PMG11_02283
lcl|CDHK01000002.1_cds_CEJ56059.1_2409	PMG11_02284
lcl|CDHK01000002.1_cds_CEJ56060.1_2410	PMG11_02285
lcl|CDHK01000002.1_cds_CEJ56061.1_2411	PMG11_02286
lcl|CDHK01000002.1_cds_CEJ56062.1_2412	PMG11_02287
lcl|CDHK01000002.1_cds_CEJ56063.1_2413	PMG11_02288
lcl|CDHK01000002.1_cds_CEJ56064.1_2414	PMG11_02289
lcl|CDHK01000002.1_cds_CEJ56065.1_2415	PMG11_02290
lcl|CDHK01000002.1_cds_CEJ56066.1_2416	PMG11_02291
lcl|CDHK01000002.1_cds_CEJ56067.1_2417	PMG11_02292
lcl|CDHK01000002.1_cds_CEJ56068.1_2418	PMG11_02293
lcl|CDHK01000002.1_cds_CEJ56069.1_2419	PMG11_02294
lcl|CDHK01000002.1_cds_CEJ56070.1_2420	PMG11_02295
lcl|CDHK01000002.1_cds_CEJ56071.1_2421	PMG11_02296
lcl|CDHK01000002.1_cds_CEJ56072.1_2422	PMG11_02297
lcl|CDHK01000002.1_cds_CEJ56074.1_2423	PMG11_02298
lcl|CDHK01000002.1_cds_CEJ56073.1_2424	PMG11_02298
lcl|CDHK01000002.1_cds_CEJ56075.1_2425	PMG11_02298
lcl|CDHK01000002.1_cds_CEJ56076.1_2426	PMG11_02299
lcl|CDHK01000002.1_cds_CEJ56077.1_2427	PMG11_02300
lcl|CDHK01000002.1_cds_CEJ56078.1_2428	PMG11_02301
lcl|CDHK01000002.1_cds_CEJ56079.1_2429	PMG11_02302
lcl|CDHK01000002.1_cds_CEJ56080.1_2430	PMG11_02303
lcl|CDHK01000002.1_cds_CEJ56081.1_2431	PMG11_02304
lcl|CDHK01000002.1_cds_CEJ56082.1_2432	PMG11_02305
lcl|CDHK01000002.1_cds_CEJ56083.1_2433	PMG11_02306
lcl|CDHK01000002.1_cds_CEJ56084.1_2434	PMG11_02307
lcl|CDHK01000002.1_cds_CEJ56085.1_2435	PMG11_02308
lcl|CDHK01000002.1_cds_CEJ56086.1_2436	PMG11_02309
lcl|CDHK01000002.1_cds_CEJ56087.1_2437	PMG11_02310
lcl|CDHK01000002.1_cds_CEJ56088.1_2438	PMG11_02311
lcl|CDHK01000002.1_cds_CEJ56089.1_2439	PMG11_02312
lcl|CDHK01000002.1_cds_CEJ56090.1_2440	PMG11_02313
lcl|CDHK01000002.1_cds_CEJ56091.1_2441	PMG11_02314
lcl|CDHK01000002.1_cds_CEJ56092.1_2442	PMG11_02315
lcl|CDHK01000002.1_cds_CEJ56093.1_2443	PMG11_02316
lcl|CDHK01000002.1_cds_CEJ56094.1_2444	PMG11_02317
lcl|CDHK01000002.1_cds_CEJ56095.1_2445	PMG11_02318
lcl|CDHK01000002.1_cds_CEJ56096.1_2446	PMG11_02319
lcl|CDHK01000002.1_cds_CEJ56097.1_2447	PMG11_02320
lcl|CDHK01000002.1_cds_CEJ56098.1_2448	PMG11_02321
lcl|CDHK01000002.1_cds_CEJ56099.1_2449	PMG11_02322
lcl|CDHK01000002.1_cds_CEJ56100.1_2450	PMG11_02323
lcl|CDHK01000002.1_cds_CEJ56101.1_2451	PMG11_02324
lcl|CDHK01000002.1_cds_CEJ56102.1_2452	PMG11_02325
lcl|CDHK01000002.1_cds_CEJ56103.1_2453	PMG11_02326
lcl|CDHK01000002.1_cds_CEJ56104.1_2454	PMG11_02327
lcl|CDHK01000002.1_cds_CEJ56105.1_2455	PMG11_02328
lcl|CDHK01000002.1_cds_CEJ56106.1_2456	PMG11_02329
lcl|CDHK01000002.1_cds_CEJ56107.1_2457	PMG11_02330
lcl|CDHK01000002.1_cds_CEJ56108.1_2458	PMG11_02331
lcl|CDHK01000002.1_cds_CEJ56109.1_2459	PMG11_02332
lcl|CDHK01000002.1_cds_CEJ56110.1_2460	PMG11_02333
lcl|CDHK01000002.1_cds_CEJ56111.1_2461	PMG11_02334
lcl|CDHK01000002.1_cds_CEJ56112.1_2462	PMG11_02335
lcl|CDHK01000002.1_cds_CEJ56113.1_2463	PMG11_02336
lcl|CDHK01000002.1_cds_CEJ56114.1_2464	PMG11_02337
lcl|CDHK01000002.1_cds_CEJ56115.1_2465	PMG11_02338
lcl|CDHK01000002.1_cds_CEJ56116.1_2466	PMG11_02338
lcl|CDHK01000002.1_cds_CEJ56117.1_2467	PMG11_02339
lcl|CDHK01000002.1_cds_CEJ56118.1_2468	PMG11_02340
lcl|CDHK01000002.1_cds_CEJ56119.1_2469	PMG11_02341
lcl|CDHK01000002.1_cds_CEJ56120.1_2470	PMG11_02342
lcl|CDHK01000002.1_cds_CEJ56121.1_2471	PMG11_02343
lcl|CDHK01000002.1_cds_CEJ56122.1_2472	PMG11_02344
lcl|CDHK01000002.1_cds_CEJ56123.1_2473	PMG11_02345
lcl|CDHK01000002.1_cds_CEJ56124.1_2474	PMG11_02346
lcl|CDHK01000002.1_cds_CEJ56125.1_2475	PMG11_02347
lcl|CDHK01000002.1_cds_CEJ56126.1_2476	PMG11_02348
lcl|CDHK01000002.1_cds_CEJ56127.1_2477	PMG11_02349
lcl|CDHK01000002.1_cds_CEJ56128.1_2478	PMG11_02350
lcl|CDHK01000002.1_cds_CEJ56129.1_2479	PMG11_02351
lcl|CDHK01000002.1_cds_CEJ56130.1_2480	PMG11_02352
lcl|CDHK01000002.1_cds_CEJ56131.1_2481	PMG11_02353
lcl|CDHK01000002.1_cds_CEJ56132.1_2482	PMG11_02353
lcl|CDHK01000002.1_cds_CEJ56133.1_2483	PMG11_02354
lcl|CDHK01000002.1_cds_CEJ56134.1_2484	PMG11_02355
lcl|CDHK01000002.1_cds_CEJ56135.1_2485	PMG11_02356
lcl|CDHK01000002.1_cds_CEJ56136.1_2486	PMG11_02357
lcl|CDHK01000002.1_cds_CEJ56137.1_2487	PMG11_02358
lcl|CDHK01000002.1_cds_CEJ56138.1_2488	PMG11_02359
lcl|CDHK01000002.1_cds_CEJ56139.1_2489	PMG11_02360
lcl|CDHK01000002.1_cds_CEJ56140.1_2490	PMG11_02361
lcl|CDHK01000002.1_cds_CEJ56141.1_2491	PMG11_02362
lcl|CDHK01000002.1_cds_CEJ56142.1_2492	PMG11_02363
lcl|CDHK01000002.1_cds_CEJ56143.1_2493	PMG11_02364
lcl|CDHK01000002.1_cds_CEJ56144.1_2494	PMG11_02365
lcl|CDHK01000002.1_cds_CEJ56145.1_2495	PMG11_02366
lcl|CDHK01000002.1_cds_CEJ56146.1_2496	PMG11_02366
lcl|CDHK01000002.1_cds_CEJ56147.1_2497	PMG11_02367
lcl|CDHK01000002.1_cds_CEJ56148.1_2498	PMG11_02368
lcl|CDHK01000002.1_cds_CEJ56149.1_2499	PMG11_02369
lcl|CDHK01000002.1_cds_CEJ56150.1_2500	PMG11_02370
lcl|CDHK01000002.1_cds_CEJ56151.1_2501	PMG11_02371
lcl|CDHK01000002.1_cds_CEJ56152.1_2502	PMG11_02372
lcl|CDHK01000002.1_cds_CEJ56153.1_2503	PMG11_02373
lcl|CDHK01000002.1_cds_CEJ56154.1_2504	PMG11_02374
lcl|CDHK01000002.1_cds_CEJ56155.1_2505	PMG11_02376
lcl|CDHK01000002.1_cds_CEJ56156.1_2506	PMG11_02375
lcl|CDHK01000002.1_cds_CEJ56157.1_2507	PMG11_02375
lcl|CDHK01000002.1_cds_CEJ56158.1_2508	PMG11_02377
lcl|CDHK01000002.1_cds_CEJ56159.1_2509	PMG11_02378
lcl|CDHK01000002.1_cds_CEJ56160.1_2510	PMG11_02379
lcl|CDHK01000002.1_cds_CEJ56161.1_2511	PMG11_02380
lcl|CDHK01000002.1_cds_CEJ56162.1_2512	PMG11_02381
lcl|CDHK01000002.1_cds_CEJ56163.1_2513	PMG11_02382
lcl|CDHK01000002.1_cds_CEJ56164.1_2514	PMG11_02383
lcl|CDHK01000002.1_cds_CEJ56165.1_2515	PMG11_02384
lcl|CDHK01000002.1_cds_CEJ56166.1_2516	PMG11_02385
lcl|CDHK01000002.1_cds_CEJ56167.1_2517	PMG11_02387
lcl|CDHK01000002.1_cds_CEJ56168.1_2518	PMG11_02386
lcl|CDHK01000002.1_cds_CEJ56169.1_2519	PMG11_02388
lcl|CDHK01000002.1_cds_CEJ56170.1_2520	PMG11_02389
lcl|CDHK01000002.1_cds_CEJ56171.1_2521	PMG11_02390
lcl|CDHK01000002.1_cds_CEJ56172.1_2522	PMG11_02391
lcl|CDHK01000002.1_cds_CEJ56173.1_2523	PMG11_02392
lcl|CDHK01000002.1_cds_CEJ56174.1_2524	PMG11_02393
lcl|CDHK01000002.1_cds_CEJ56175.1_2525	PMG11_02394
lcl|CDHK01000002.1_cds_CEJ56176.1_2526	PMG11_02395
lcl|CDHK01000002.1_cds_CEJ56177.1_2527	PMG11_02396
lcl|CDHK01000002.1_cds_CEJ56178.1_2528	PMG11_02396
lcl|CDHK01000002.1_cds_CEJ56179.1_2529	PMG11_02397
lcl|CDHK01000002.1_cds_CEJ56180.1_2530	PMG11_02398
lcl|CDHK01000002.1_cds_CEJ56181.1_2531	PMG11_02399
lcl|CDHK01000002.1_cds_CEJ56182.1_2532	PMG11_02400
lcl|CDHK01000002.1_cds_CEJ56183.1_2533	PMG11_02401
lcl|CDHK01000002.1_cds_CEJ56184.1_2534	PMG11_02402
lcl|CDHK01000002.1_cds_CEJ56185.1_2535	PMG11_02403
lcl|CDHK01000002.1_cds_CEJ56186.1_2536	PMG11_02404
lcl|CDHK01000002.1_cds_CEJ56187.1_2537	PMG11_02405
lcl|CDHK01000002.1_cds_CEJ56188.1_2538	PMG11_02406
lcl|CDHK01000002.1_cds_CEJ56189.1_2539	PMG11_02407
lcl|CDHK01000002.1_cds_CEJ56190.1_2540	PMG11_02408
lcl|CDHK01000002.1_cds_CEJ56191.1_2541	PMG11_02409
lcl|CDHK01000002.1_cds_CEJ56192.1_2542	PMG11_02410
lcl|CDHK01000002.1_cds_CEJ56193.1_2543	PMG11_02411
lcl|CDHK01000002.1_cds_CEJ56194.1_2544	PMG11_02412
lcl|CDHK01000002.1_cds_CEJ56196.1_2545	PMG11_02413
lcl|CDHK01000002.1_cds_CEJ56195.1_2546	PMG11_02413
lcl|CDHK01000002.1_cds_CEJ56197.1_2547	PMG11_02414
lcl|CDHK01000002.1_cds_CEJ56198.1_2548	PMG11_02415
lcl|CDHK01000002.1_cds_CEJ56199.1_2549	PMG11_02416
lcl|CDHK01000002.1_cds_CEJ56200.1_2550	PMG11_02417
lcl|CDHK01000002.1_cds_CEJ56201.1_2551	PMG11_02418
lcl|CDHK01000002.1_cds_CEJ56202.1_2552	PMG11_02419
lcl|CDHK01000002.1_cds_CEJ56203.1_2553	PMG11_02420
lcl|CDHK01000002.1_cds_CEJ56204.1_2554	PMG11_02422
lcl|CDHK01000002.1_cds_CEJ56205.1_2555	PMG11_02421
lcl|CDHK01000002.1_cds_CEJ56206.1_2556	PMG11_02423
lcl|CDHK01000002.1_cds_CEJ56207.1_2557	PMG11_02424
lcl|CDHK01000002.1_cds_CEJ56208.1_2558	PMG11_02425
lcl|CDHK01000002.1_cds_CEJ56209.1_2559	PMG11_02426
lcl|CDHK01000002.1_cds_CEJ56210.1_2560	PMG11_02427
lcl|CDHK01000002.1_cds_CEJ56211.1_2561	PMG11_02428
lcl|CDHK01000002.1_cds_CEJ56212.1_2562	PMG11_02429
lcl|CDHK01000002.1_cds_CEJ56213.1_2563	PMG11_02430
lcl|CDHK01000002.1_cds_CEJ56214.1_2564	PMG11_02431
lcl|CDHK01000002.1_cds_CEJ56215.1_2565	PMG11_02432
lcl|CDHK01000002.1_cds_CEJ56216.1_2566	PMG11_02433
lcl|CDHK01000002.1_cds_CEJ56217.1_2567	PMG11_02434
lcl|CDHK01000002.1_cds_CEJ56218.1_2568	PMG11_02435
lcl|CDHK01000002.1_cds_CEJ56219.1_2569	PMG11_02436
lcl|CDHK01000002.1_cds_CEJ56220.1_2570	PMG11_02437
lcl|CDHK01000002.1_cds_CEJ56221.1_2571	PMG11_02438
lcl|CDHK01000002.1_cds_CEJ56222.1_2572	PMG11_02439
lcl|CDHK01000002.1_cds_CEJ56223.1_2573	PMG11_02441
lcl|CDHK01000002.1_cds_CEJ56224.1_2574	PMG11_02440
lcl|CDHK01000002.1_cds_CEJ56225.1_2575	PMG11_02442
lcl|CDHK01000002.1_cds_CEJ56226.1_2576	PMG11_02443
lcl|CDHK01000002.1_cds_CEJ56227.1_2577	PMG11_02444
lcl|CDHK01000002.1_cds_CEJ56228.1_2578	PMG11_02445
lcl|CDHK01000002.1_cds_CEJ56229.1_2579	PMG11_02446
lcl|CDHK01000002.1_cds_CEJ56230.1_2580	PMG11_02447
lcl|CDHK01000002.1_cds_CEJ56231.1_2581	PMG11_02448
lcl|CDHK01000002.1_cds_CEJ56232.1_2582	PMG11_02449
lcl|CDHK01000002.1_cds_CEJ56233.1_2583	PMG11_02450
lcl|CDHK01000002.1_cds_CEJ56234.1_2584	PMG11_02451
lcl|CDHK01000002.1_cds_CEJ56235.1_2585	PMG11_02452
lcl|CDHK01000002.1_cds_CEJ56236.1_2586	PMG11_02453
lcl|CDHK01000002.1_cds_CEJ56237.1_2587	PMG11_02454
lcl|CDHK01000002.1_cds_CEJ56238.1_2588	PMG11_02455
lcl|CDHK01000002.1_cds_CEJ56239.1_2589	PMG11_02456
lcl|CDHK01000002.1_cds_CEJ56240.1_2590	PMG11_02457
lcl|CDHK01000002.1_cds_CEJ56241.1_2591	PMG11_02459
lcl|CDHK01000002.1_cds_CEJ56242.1_2592	PMG11_02458
lcl|CDHK01000002.1_cds_CEJ56243.1_2593	PMG11_02460
lcl|CDHK01000002.1_cds_CEJ56244.1_2594	PMG11_02461
lcl|CDHK01000002.1_cds_CEJ56245.1_2595	PMG11_02462
lcl|CDHK01000002.1_cds_CEJ56246.1_2596	PMG11_02463
lcl|CDHK01000002.1_cds_CEJ56247.1_2597	PMG11_02464
lcl|CDHK01000002.1_cds_CEJ56248.1_2598	PMG11_02465
lcl|CDHK01000002.1_cds_CEJ56249.1_2599	PMG11_02466
lcl|CDHK01000002.1_cds_CEJ56250.1_2600	PMG11_02467
lcl|CDHK01000002.1_cds_CEJ56251.1_2601	PMG11_02468
lcl|CDHK01000002.1_cds_CEJ56252.1_2602	PMG11_02469
lcl|CDHK01000002.1_cds_CEJ56253.1_2603	PMG11_02470
lcl|CDHK01000002.1_cds_CEJ56254.1_2604	PMG11_02471
lcl|CDHK01000002.1_cds_CEJ56255.1_2605	PMG11_02472
lcl|CDHK01000002.1_cds_CEJ56256.1_2606	PMG11_02473
lcl|CDHK01000002.1_cds_CEJ56257.1_2607	PMG11_02474
lcl|CDHK01000002.1_cds_CEJ56258.1_2608	PMG11_02475
lcl|CDHK01000002.1_cds_CEJ56259.1_2609	PMG11_02476
lcl|CDHK01000002.1_cds_CEJ56260.1_2610	PMG11_02477
lcl|CDHK01000002.1_cds_CEJ56261.1_2611	PMG11_02478
lcl|CDHK01000002.1_cds_CEJ56263.1_2612	PMG11_02479
lcl|CDHK01000002.1_cds_CEJ56267.1_2613	PMG11_02480
lcl|CDHK01000002.1_cds_CEJ56268.1_2614	PMG11_02481
lcl|CDHK01000002.1_cds_CEJ56269.1_2615	PMG11_02482
lcl|CDHK01000002.1_cds_CEJ56270.1_2616	PMG11_02483
lcl|CDHK01000002.1_cds_CEJ56271.1_2617	PMG11_02484
lcl|CDHK01000002.1_cds_CEJ56272.1_2618	PMG11_02485
lcl|CDHK01000002.1_cds_CEJ56273.1_2619	PMG11_02486
lcl|CDHK01000002.1_cds_CEJ56274.1_2620	PMG11_02487
lcl|CDHK01000002.1_cds_CEJ56275.1_2621	PMG11_02488
lcl|CDHK01000002.1_cds_CEJ56276.1_2622	PMG11_02489
lcl|CDHK01000002.1_cds_CEJ56277.1_2623	PMG11_02491
lcl|CDHK01000002.1_cds_CEJ56278.1_2624	PMG11_02490
lcl|CDHK01000002.1_cds_CEJ56279.1_2625	PMG11_02492
lcl|CDHK01000002.1_cds_CEJ56280.1_2626	PMG11_02494
lcl|CDHK01000002.1_cds_CEJ56281.1_2627	PMG11_02495
lcl|CDHK01000002.1_cds_CEJ56282.1_2628	PMG11_02493
lcl|CDHK01000002.1_cds_CEJ56283.1_2629	PMG11_02496
lcl|CDHK01000002.1_cds_CEJ56284.1_2630	PMG11_02497
lcl|CDHK01000002.1_cds_CEJ56285.1_2631	PMG11_02498
lcl|CDHK01000002.1_cds_CEJ56286.1_2632	PMG11_02499
lcl|CDHK01000002.1_cds_CEJ56287.1_2633	PMG11_02500
lcl|CDHK01000002.1_cds_CEJ56288.1_2634	PMG11_02501
lcl|CDHK01000002.1_cds_CEJ56289.1_2635	PMG11_02502
lcl|CDHK01000002.1_cds_CEJ56290.1_2636	PMG11_02503
lcl|CDHK01000002.1_cds_CEJ56291.1_2637	PMG11_02503
lcl|CDHK01000002.1_cds_CEJ56292.1_2638	PMG11_02504
lcl|CDHK01000002.1_cds_CEJ56293.1_2639	PMG11_02504
lcl|CDHK01000002.1_cds_CEJ56294.1_2640	PMG11_02505
lcl|CDHK01000002.1_cds_CEJ56295.1_2641	PMG11_02506
lcl|CDHK01000002.1_cds_CEJ56296.1_2642	PMG11_02507
lcl|CDHK01000002.1_cds_CEJ56297.1_2643	PMG11_02508
lcl|CDHK01000002.1_cds_CEJ56299.1_2644	PMG11_02509
lcl|CDHK01000002.1_cds_CEJ56298.1_2645	PMG11_02509
lcl|CDHK01000002.1_cds_CEJ56300.1_2646	PMG11_02510
lcl|CDHK01000002.1_cds_CEJ56301.1_2647	PMG11_02511
lcl|CDHK01000002.1_cds_CEJ56302.1_2648	PMG11_02512
lcl|CDHK01000002.1_cds_CEJ56303.1_2649	PMG11_02513
lcl|CDHK01000002.1_cds_CEJ56304.1_2650	PMG11_02514
lcl|CDHK01000002.1_cds_CEJ56305.1_2651	PMG11_02515
lcl|CDHK01000002.1_cds_CEJ56306.1_2652	PMG11_02516
lcl|CDHK01000002.1_cds_CEJ56307.1_2653	PMG11_02517
lcl|CDHK01000002.1_cds_CEJ56308.1_2654	PMG11_02518
lcl|CDHK01000002.1_cds_CEJ56309.1_2655	PMG11_02519
lcl|CDHK01000002.1_cds_CEJ56310.1_2656	PMG11_02519
lcl|CDHK01000002.1_cds_CEJ56311.1_2657	PMG11_02520
lcl|CDHK01000002.1_cds_CEJ56312.1_2658	PMG11_02521
lcl|CDHK01000002.1_cds_CEJ56314.1_2659	PMG11_02522
lcl|CDHK01000002.1_cds_CEJ56313.1_2660	PMG11_02522
lcl|CDHK01000002.1_cds_CEJ56315.1_2661	PMG11_02523
lcl|CDHK01000002.1_cds_CEJ56316.1_2662	PMG11_02524
lcl|CDHK01000002.1_cds_CEJ56317.1_2663	PMG11_02525
lcl|CDHK01000002.1_cds_CEJ56318.1_2664	PMG11_02526
lcl|CDHK01000002.1_cds_CEJ56319.1_2665	PMG11_02527
lcl|CDHK01000002.1_cds_CEJ56320.1_2666	PMG11_02528
lcl|CDHK01000002.1_cds_CEJ56321.1_2667	PMG11_02529
lcl|CDHK01000002.1_cds_CEJ56322.1_2668	PMG11_02530
lcl|CDHK01000002.1_cds_CEJ56323.1_2669	PMG11_02531
lcl|CDHK01000002.1_cds_CEJ56324.1_2670	PMG11_02533
lcl|CDHK01000002.1_cds_CEJ56325.1_2671	PMG11_02532
lcl|CDHK01000002.1_cds_CEJ56326.1_2672	PMG11_02534
lcl|CDHK01000002.1_cds_CEJ56327.1_2673	PMG11_02535
lcl|CDHK01000002.1_cds_CEJ56328.1_2674	PMG11_02536
lcl|CDHK01000002.1_cds_CEJ56329.1_2675	PMG11_02537
lcl|CDHK01000002.1_cds_CEJ56330.1_2676	PMG11_02538
lcl|CDHK01000002.1_cds_CEJ56331.1_2677	PMG11_02539
lcl|CDHK01000002.1_cds_CEJ56332.1_2678	PMG11_02540
lcl|CDHK01000002.1_cds_CEJ56333.1_2679	PMG11_02541
lcl|CDHK01000002.1_cds_CEJ56334.1_2680	PMG11_02542
lcl|CDHK01000002.1_cds_CEJ56335.1_2681	PMG11_02543
lcl|CDHK01000002.1_cds_CEJ56336.1_2682	PMG11_02544
lcl|CDHK01000002.1_cds_CEJ56337.1_2683	PMG11_02545
lcl|CDHK01000002.1_cds_CEJ56338.1_2684	PMG11_02546
lcl|CDHK01000002.1_cds_CEJ56339.1_2685	PMG11_02547
lcl|CDHK01000002.1_cds_CEJ56340.1_2686	PMG11_02548
lcl|CDHK01000002.1_cds_CEJ56341.1_2687	PMG11_02549
lcl|CDHK01000002.1_cds_CEJ56342.1_2688	PMG11_02550
lcl|CDHK01000002.1_cds_CEJ56343.1_2689	PMG11_02551
lcl|CDHK01000002.1_cds_CEJ56344.1_2690	PMG11_02552
lcl|CDHK01000002.1_cds_CEJ56345.1_2691	PMG11_02553
lcl|CDHK01000002.1_cds_CEJ56346.1_2692	PMG11_02554
lcl|CDHK01000002.1_cds_CEJ56347.1_2693	PMG11_02555
lcl|CDHK01000002.1_cds_CEJ56348.1_2694	PMG11_02556
lcl|CDHK01000002.1_cds_CEJ56349.1_2695	PMG11_02557
lcl|CDHK01000002.1_cds_CEJ56350.1_2696	PMG11_02558
lcl|CDHK01000002.1_cds_CEJ56351.1_2697	PMG11_02559
lcl|CDHK01000002.1_cds_CEJ56352.1_2698	PMG11_02560
lcl|CDHK01000002.1_cds_CEJ56353.1_2699	PMG11_02561
lcl|CDHK01000002.1_cds_CEJ56354.1_2700	PMG11_02562
lcl|CDHK01000002.1_cds_CEJ56355.1_2701	PMG11_02563
lcl|CDHK01000002.1_cds_CEJ56356.1_2702	PMG11_02564
lcl|CDHK01000002.1_cds_CEJ56357.1_2703	PMG11_02565
lcl|CDHK01000002.1_cds_CEJ56358.1_2704	PMG11_02566
lcl|CDHK01000002.1_cds_CEJ56359.1_2705	PMG11_02567
lcl|CDHK01000002.1_cds_CEJ56360.1_2706	PMG11_02568
lcl|CDHK01000002.1_cds_CEJ56361.1_2707	PMG11_02569
lcl|CDHK01000002.1_cds_CEJ56362.1_2708	PMG11_02570
lcl|CDHK01000002.1_cds_CEJ56363.1_2709	PMG11_02571
lcl|CDHK01000002.1_cds_CEJ56364.1_2710	PMG11_02572
lcl|CDHK01000002.1_cds_CEJ56365.1_2711	PMG11_02573
lcl|CDHK01000002.1_cds_CEJ56366.1_2712	PMG11_02574
lcl|CDHK01000002.1_cds_CEJ56367.1_2713	PMG11_02575
lcl|CDHK01000002.1_cds_CEJ56368.1_2714	PMG11_02576
lcl|CDHK01000002.1_cds_CEJ56369.1_2715	PMG11_02577
lcl|CDHK01000002.1_cds_CEJ56370.1_2716	PMG11_02578
lcl|CDHK01000002.1_cds_CEJ56371.1_2717	PMG11_02579
lcl|CDHK01000002.1_cds_CEJ56372.1_2718	PMG11_02580
lcl|CDHK01000002.1_cds_CEJ56373.1_2719	PMG11_02581
lcl|CDHK01000002.1_cds_CEJ56374.1_2720	PMG11_02582
lcl|CDHK01000002.1_cds_CEJ56375.1_2721	PMG11_02583
lcl|CDHK01000002.1_cds_CEJ56376.1_2722	PMG11_02584
lcl|CDHK01000002.1_cds_CEJ56377.1_2723	PMG11_02585
lcl|CDHK01000002.1_cds_CEJ56378.1_2724	PMG11_02586
lcl|CDHK01000002.1_cds_CEJ56379.1_2725	PMG11_02587
lcl|CDHK01000002.1_cds_CEJ56380.1_2726	PMG11_02588
lcl|CDHK01000002.1_cds_CEJ56381.1_2727	PMG11_02589
lcl|CDHK01000002.1_cds_CEJ56382.1_2728	PMG11_02590
lcl|CDHK01000002.1_cds_CEJ56383.1_2729	PMG11_02591
lcl|CDHK01000002.1_cds_CEJ56384.1_2730	PMG11_02592
lcl|CDHK01000002.1_cds_CEJ56385.1_2731	PMG11_02593
lcl|CDHK01000002.1_cds_CEJ56386.1_2732	PMG11_02594
lcl|CDHK01000002.1_cds_CEJ56387.1_2733	PMG11_02595
lcl|CDHK01000002.1_cds_CEJ56388.1_2734	PMG11_02596
lcl|CDHK01000002.1_cds_CEJ56389.1_2735	PMG11_02597
lcl|CDHK01000002.1_cds_CEJ56390.1_2736	PMG11_02598
lcl|CDHK01000002.1_cds_CEJ56391.1_2737	PMG11_02599
lcl|CDHK01000002.1_cds_CEJ56392.1_2738	PMG11_02600
lcl|CDHK01000002.1_cds_CEJ56393.1_2739	PMG11_02601
lcl|CDHK01000002.1_cds_CEJ56394.1_2740	PMG11_02602
lcl|CDHK01000002.1_cds_CEJ56395.1_2741	PMG11_02603
lcl|CDHK01000002.1_cds_CEJ56396.1_2742	PMG11_02604
lcl|CDHK01000002.1_cds_CEJ56397.1_2743	PMG11_02605
lcl|CDHK01000002.1_cds_CEJ56398.1_2744	PMG11_02606
lcl|CDHK01000002.1_cds_CEJ56399.1_2745	PMG11_02607
lcl|CDHK01000002.1_cds_CEJ56400.1_2746	PMG11_02608
lcl|CDHK01000002.1_cds_CEJ56401.1_2747	PMG11_02609
lcl|CDHK01000002.1_cds_CEJ56402.1_2748	PMG11_02610
lcl|CDHK01000002.1_cds_CEJ56403.1_2749	PMG11_02611
lcl|CDHK01000002.1_cds_CEJ56404.1_2750	PMG11_02612
lcl|CDHK01000002.1_cds_CEJ56405.1_2751	PMG11_02613
lcl|CDHK01000002.1_cds_CEJ56406.1_2752	PMG11_02614
lcl|CDHK01000002.1_cds_CEJ56407.1_2753	PMG11_02615
lcl|CDHK01000002.1_cds_CEJ56408.1_2754	PMG11_02616
lcl|CDHK01000002.1_cds_CEJ56409.1_2755	PMG11_02617
lcl|CDHK01000002.1_cds_CEJ56410.1_2756	PMG11_02618
lcl|CDHK01000002.1_cds_CEJ56411.1_2757	PMG11_02619
lcl|CDHK01000002.1_cds_CEJ56412.1_2758	PMG11_02620
lcl|CDHK01000002.1_cds_CEJ56413.1_2759	PMG11_02621
lcl|CDHK01000002.1_cds_CEJ56414.1_2760	PMG11_02622
lcl|CDHK01000002.1_cds_CEJ56415.1_2761	PMG11_02623
lcl|CDHK01000002.1_cds_CEJ56416.1_2762	PMG11_02624
lcl|CDHK01000002.1_cds_CEJ56417.1_2763	PMG11_02625
lcl|CDHK01000002.1_cds_CEJ56418.1_2764	PMG11_02626
lcl|CDHK01000002.1_cds_CEJ56419.1_2765	PMG11_02627
lcl|CDHK01000002.1_cds_CEJ56420.1_2766	PMG11_02628
lcl|CDHK01000002.1_cds_CEJ56421.1_2767	PMG11_02629
lcl|CDHK01000002.1_cds_CEJ56422.1_2768	PMG11_02630
lcl|CDHK01000002.1_cds_CEJ56423.1_2769	PMG11_02631
lcl|CDHK01000002.1_cds_CEJ56424.1_2770	PMG11_02632
lcl|CDHK01000002.1_cds_CEJ56425.1_2771	PMG11_02633
lcl|CDHK01000002.1_cds_CEJ56426.1_2772	PMG11_02634
lcl|CDHK01000002.1_cds_CEJ56427.1_2773	PMG11_02635
lcl|CDHK01000002.1_cds_CEJ56428.1_2774	PMG11_02636
lcl|CDHK01000002.1_cds_CEJ56429.1_2775	PMG11_02637
lcl|CDHK01000002.1_cds_CEJ56430.1_2776	PMG11_02638
lcl|CDHK01000002.1_cds_CEJ56431.1_2777	PMG11_02638
lcl|CDHK01000002.1_cds_CEJ56432.1_2778	PMG11_02639
lcl|CDHK01000002.1_cds_CEJ56433.1_2779	PMG11_02640
lcl|CDHK01000002.1_cds_CEJ56434.1_2780	PMG11_02641
lcl|CDHK01000002.1_cds_CEJ56435.1_2781	PMG11_02642
lcl|CDHK01000002.1_cds_CEJ56436.1_2782	PMG11_02643
lcl|CDHK01000002.1_cds_CEJ56437.1_2783	PMG11_02644
lcl|CDHK01000002.1_cds_CEJ56438.1_2784	PMG11_02645
lcl|CDHK01000002.1_cds_CEJ56439.1_2785	PMG11_02646
lcl|CDHK01000002.1_cds_CEJ56440.1_2786	PMG11_02647
lcl|CDHK01000002.1_cds_CEJ56441.1_2787	PMG11_02647
lcl|CDHK01000002.1_cds_CEJ56442.1_2788	PMG11_02648
lcl|CDHK01000002.1_cds_CEJ56443.1_2789	PMG11_02649
lcl|CDHK01000002.1_cds_CEJ56444.1_2790	PMG11_02650
lcl|CDHK01000002.1_cds_CEJ56445.1_2791	PMG11_02651
lcl|CDHK01000002.1_cds_CEJ56446.1_2792	PMG11_02652
lcl|CDHK01000002.1_cds_CEJ56447.1_2793	PMG11_02653
lcl|CDHK01000002.1_cds_CEJ56448.1_2794	PMG11_02654
lcl|CDHK01000002.1_cds_CEJ56449.1_2795	PMG11_02655
lcl|CDHK01000002.1_cds_CEJ56450.1_2796	PMG11_02656
lcl|CDHK01000002.1_cds_CEJ56451.1_2797	PMG11_02657
lcl|CDHK01000002.1_cds_CEJ56452.1_2798	PMG11_02658
lcl|CDHK01000002.1_cds_CEJ56453.1_2799	PMG11_02659
lcl|CDHK01000002.1_cds_CEJ56454.1_2800	PMG11_02660
lcl|CDHK01000002.1_cds_CEJ56455.1_2801	PMG11_02661
lcl|CDHK01000002.1_cds_CEJ56456.1_2802	PMG11_02662
lcl|CDHK01000002.1_cds_CEJ56457.1_2803	PMG11_02663
lcl|CDHK01000002.1_cds_CEJ56458.1_2804	PMG11_02664
lcl|CDHK01000002.1_cds_CEJ56459.1_2805	PMG11_02665
lcl|CDHK01000002.1_cds_CEJ56460.1_2806	PMG11_02666
lcl|CDHK01000002.1_cds_CEJ56461.1_2807	PMG11_02667
lcl|CDHK01000002.1_cds_CEJ56462.1_2808	PMG11_02668
lcl|CDHK01000002.1_cds_CEJ56463.1_2809	PMG11_02669
lcl|CDHK01000002.1_cds_CEJ56464.1_2810	PMG11_02670
lcl|CDHK01000002.1_cds_CEJ56465.1_2811	PMG11_02671
lcl|CDHK01000002.1_cds_CEJ56466.1_2812	PMG11_02672
lcl|CDHK01000002.1_cds_CEJ56467.1_2813	PMG11_02673
lcl|CDHK01000002.1_cds_CEJ56468.1_2814	PMG11_02674
lcl|CDHK01000002.1_cds_CEJ56469.1_2815	PMG11_02675
lcl|CDHK01000002.1_cds_CEJ56470.1_2816	PMG11_02676
lcl|CDHK01000002.1_cds_CEJ56471.1_2817	PMG11_02677
lcl|CDHK01000002.1_cds_CEJ56472.1_2818	PMG11_02678
lcl|CDHK01000002.1_cds_CEJ56473.1_2819	PMG11_02679
lcl|CDHK01000002.1_cds_CEJ56474.1_2820	PMG11_02680
lcl|CDHK01000002.1_cds_CEJ56475.1_2821	PMG11_02680
lcl|CDHK01000002.1_cds_CEJ56476.1_2822	PMG11_02681
lcl|CDHK01000002.1_cds_CEJ56477.1_2823	PMG11_02682
lcl|CDHK01000002.1_cds_CEJ56478.1_2824	PMG11_02683
lcl|CDHK01000002.1_cds_CEJ56479.1_2825	PMG11_02684
lcl|CDHK01000002.1_cds_CEJ56480.1_2826	PMG11_02685
lcl|CDHK01000002.1_cds_CEJ56481.1_2827	PMG11_02686
lcl|CDHK01000002.1_cds_CEJ56482.1_2828	PMG11_02687
lcl|CDHK01000002.1_cds_CEJ56483.1_2829	PMG11_02688
lcl|CDHK01000002.1_cds_CEJ56484.1_2830	PMG11_02689
lcl|CDHK01000002.1_cds_CEJ56485.1_2831	PMG11_02690
lcl|CDHK01000002.1_cds_CEJ56486.1_2832	PMG11_02691
lcl|CDHK01000002.1_cds_CEJ56487.1_2833	PMG11_02692
lcl|CDHK01000002.1_cds_CEJ56488.1_2834	PMG11_02693
lcl|CDHK01000002.1_cds_CEJ56489.1_2835	PMG11_02694
lcl|CDHK01000002.1_cds_CEJ56490.1_2836	PMG11_02695
lcl|CDHK01000002.1_cds_CEJ56491.1_2837	PMG11_02696
lcl|CDHK01000002.1_cds_CEJ56492.1_2838	PMG11_02697
lcl|CDHK01000002.1_cds_CEJ56493.1_2839	PMG11_02698
lcl|CDHK01000002.1_cds_CEJ56494.1_2840	PMG11_02699
lcl|CDHK01000002.1_cds_CEJ56495.1_2841	PMG11_02699
lcl|CDHK01000002.1_cds_CEJ56496.1_2842	PMG11_02700
lcl|CDHK01000002.1_cds_CEJ56497.1_2843	PMG11_02701
lcl|CDHK01000002.1_cds_CEJ56498.1_2844	PMG11_02702
lcl|CDHK01000002.1_cds_CEJ56499.1_2845	PMG11_02703
lcl|CDHK01000002.1_cds_CEJ56500.1_2846	PMG11_02704
lcl|CDHK01000002.1_cds_CEJ56501.1_2847	PMG11_02705
lcl|CDHK01000002.1_cds_CEJ56502.1_2848	PMG11_02706
lcl|CDHK01000002.1_cds_CEJ56503.1_2849	PMG11_02707
lcl|CDHK01000002.1_cds_CEJ56504.1_2850	PMG11_02708
lcl|CDHK01000002.1_cds_CEJ56505.1_2851	PMG11_02709
lcl|CDHK01000002.1_cds_CEJ56506.1_2852	PMG11_02710
lcl|CDHK01000002.1_cds_CEJ56507.1_2853	PMG11_02711
lcl|CDHK01000002.1_cds_CEJ56508.1_2854	PMG11_02712
lcl|CDHK01000002.1_cds_CEJ56509.1_2855	PMG11_02713
lcl|CDHK01000002.1_cds_CEJ56510.1_2856	PMG11_02714
lcl|CDHK01000002.1_cds_CEJ56511.1_2857	PMG11_02715
lcl|CDHK01000002.1_cds_CEJ56512.1_2858	PMG11_02716
lcl|CDHK01000002.1_cds_CEJ56513.1_2859	PMG11_02717
lcl|CDHK01000002.1_cds_CEJ56514.1_2860	PMG11_02718
lcl|CDHK01000002.1_cds_CEJ56515.1_2861	PMG11_02719
lcl|CDHK01000002.1_cds_CEJ56516.1_2862	PMG11_02720
lcl|CDHK01000002.1_cds_CEJ56517.1_2863	PMG11_02721
lcl|CDHK01000002.1_cds_CEJ56518.1_2864	PMG11_02722
lcl|CDHK01000002.1_cds_CEJ56519.1_2865	PMG11_02723
lcl|CDHK01000002.1_cds_CEJ56520.1_2866	PMG11_02724
lcl|CDHK01000002.1_cds_CEJ56521.1_2867	PMG11_02725
lcl|CDHK01000002.1_cds_CEJ56522.1_2868	PMG11_02726
lcl|CDHK01000002.1_cds_CEJ56523.1_2869	PMG11_02727
lcl|CDHK01000002.1_cds_CEJ56524.1_2870	PMG11_02728
lcl|CDHK01000002.1_cds_CEJ56525.1_2871	PMG11_02729
lcl|CDHK01000002.1_cds_CEJ56526.1_2872	PMG11_02730
lcl|CDHK01000002.1_cds_CEJ56527.1_2873	PMG11_02731
lcl|CDHK01000002.1_cds_CEJ56528.1_2874	PMG11_02732
lcl|CDHK01000002.1_cds_CEJ56529.1_2875	PMG11_02733
lcl|CDHK01000002.1_cds_CEJ56531.1_2876	PMG11_02734
lcl|CDHK01000002.1_cds_CEJ56530.1_2877	PMG11_02734
lcl|CDHK01000002.1_cds_CEJ56532.1_2878	PMG11_02735
lcl|CDHK01000002.1_cds_CEJ56533.1_2879	PMG11_02736
lcl|CDHK01000002.1_cds_CEJ56534.1_2880	PMG11_02737
lcl|CDHK01000002.1_cds_CEJ56535.1_2881	PMG11_02738
lcl|CDHK01000002.1_cds_CEJ56536.1_2882	PMG11_02739
lcl|CDHK01000002.1_cds_CEJ56537.1_2883	PMG11_02740
lcl|CDHK01000002.1_cds_CEJ56538.1_2884	PMG11_02741
lcl|CDHK01000002.1_cds_CEJ56539.1_2885	PMG11_02742
lcl|CDHK01000002.1_cds_CEJ56540.1_2886	PMG11_02743
lcl|CDHK01000002.1_cds_CEJ56541.1_2887	PMG11_02744
lcl|CDHK01000002.1_cds_CEJ56542.1_2888	PMG11_02745
lcl|CDHK01000002.1_cds_CEJ56543.1_2889	PMG11_02746
lcl|CDHK01000002.1_cds_CEJ56544.1_2890	PMG11_02747
lcl|CDHK01000002.1_cds_CEJ56545.1_2891	PMG11_02748
lcl|CDHK01000002.1_cds_CEJ56546.1_2892	PMG11_02749
lcl|CDHK01000002.1_cds_CEJ56547.1_2893	PMG11_02750
lcl|CDHK01000002.1_cds_CEJ56548.1_2894	PMG11_02751
lcl|CDHK01000002.1_cds_CEJ56549.1_2895	PMG11_02752
lcl|CDHK01000002.1_cds_CEJ56550.1_2896	PMG11_02753
lcl|CDHK01000002.1_cds_CEJ56551.1_2897	PMG11_02754
lcl|CDHK01000002.1_cds_CEJ56552.1_2898	PMG11_02755
lcl|CDHK01000002.1_cds_CEJ56553.1_2899	PMG11_02756
lcl|CDHK01000002.1_cds_CEJ56554.1_2900	PMG11_02757
lcl|CDHK01000002.1_cds_CEJ56555.1_2901	PMG11_02758
lcl|CDHK01000002.1_cds_CEJ56556.1_2902	PMG11_02759
lcl|CDHK01000002.1_cds_CEJ56557.1_2903	PMG11_02760
lcl|CDHK01000002.1_cds_CEJ56558.1_2904	PMG11_02761
lcl|CDHK01000002.1_cds_CEJ56559.1_2905	PMG11_02762
lcl|CDHK01000002.1_cds_CEJ56560.1_2906	PMG11_02763
lcl|CDHK01000002.1_cds_CEJ56561.1_2907	PMG11_02764
lcl|CDHK01000002.1_cds_CEJ56562.1_2908	PMG11_02765
lcl|CDHK01000002.1_cds_CEJ56563.1_2909	PMG11_02765
lcl|CDHK01000002.1_cds_CEJ56564.1_2910	PMG11_02766
lcl|CDHK01000002.1_cds_CEJ56565.1_2911	PMG11_02767
lcl|CDHK01000002.1_cds_CEJ56566.1_2912	PMG11_02768
lcl|CDHK01000002.1_cds_CEJ56567.1_2913	PMG11_02769
lcl|CDHK01000002.1_cds_CEJ56568.1_2914	PMG11_02770
lcl|CDHK01000002.1_cds_CEJ56569.1_2915	PMG11_02771
lcl|CDHK01000002.1_cds_CEJ56570.1_2916	PMG11_02772
lcl|CDHK01000002.1_cds_CEJ56571.1_2917	PMG11_02773
lcl|CDHK01000002.1_cds_CEJ56572.1_2918	PMG11_02774
lcl|CDHK01000002.1_cds_CEJ56573.1_2919	PMG11_02775
lcl|CDHK01000002.1_cds_CEJ56574.1_2920	PMG11_02776
lcl|CDHK01000002.1_cds_CEJ56575.1_2921	PMG11_02777
lcl|CDHK01000002.1_cds_CEJ56576.1_2922	PMG11_02778
lcl|CDHK01000002.1_cds_CEJ56577.1_2923	PMG11_02779
lcl|CDHK01000002.1_cds_CEJ56578.1_2924	PMG11_02780
lcl|CDHK01000002.1_cds_CEJ56579.1_2925	PMG11_02781
lcl|CDHK01000002.1_cds_CEJ56580.1_2926	PMG11_02782
lcl|CDHK01000002.1_cds_CEJ56581.1_2927	PMG11_02783
lcl|CDHK01000002.1_cds_CEJ56582.1_2928	PMG11_02784
lcl|CDHK01000002.1_cds_CEJ56583.1_2929	PMG11_02785
lcl|CDHK01000002.1_cds_CEJ56584.1_2930	PMG11_02786
lcl|CDHK01000002.1_cds_CEJ56585.1_2931	PMG11_02787
lcl|CDHK01000002.1_cds_CEJ56586.1_2932	PMG11_02788
lcl|CDHK01000002.1_cds_CEJ56587.1_2933	PMG11_02789
lcl|CDHK01000002.1_cds_CEJ56588.1_2934	PMG11_02790
lcl|CDHK01000002.1_cds_CEJ56589.1_2935	PMG11_02791
lcl|CDHK01000002.1_cds_CEJ56590.1_2936	PMG11_02792
lcl|CDHK01000002.1_cds_CEJ56591.1_2937	PMG11_02793
lcl|CDHK01000002.1_cds_CEJ56592.1_2938	PMG11_02794
lcl|CDHK01000002.1_cds_CEJ56593.1_2939	PMG11_02795
lcl|CDHK01000002.1_cds_CEJ56594.1_2940	PMG11_02796
lcl|CDHK01000002.1_cds_CEJ56595.1_2941	PMG11_02797
lcl|CDHK01000002.1_cds_CEJ56596.1_2942	PMG11_02798
lcl|CDHK01000002.1_cds_CEJ56597.1_2943	PMG11_02799
lcl|CDHK01000002.1_cds_CEJ56598.1_2944	PMG11_02800
lcl|CDHK01000002.1_cds_CEJ56599.1_2945	PMG11_02801
lcl|CDHK01000002.1_cds_CEJ56600.1_2946	PMG11_02802
lcl|CDHK01000002.1_cds_CEJ56601.1_2947	PMG11_02803
lcl|CDHK01000002.1_cds_CEJ56602.1_2948	PMG11_02804
lcl|CDHK01000002.1_cds_CEJ56603.1_2949	PMG11_02805
lcl|CDHK01000002.1_cds_CEJ56604.1_2950	PMG11_02806
lcl|CDHK01000002.1_cds_CEJ56605.1_2951	PMG11_02807
lcl|CDHK01000002.1_cds_CEJ56606.1_2952	PMG11_02808
lcl|CDHK01000002.1_cds_CEJ56607.1_2953	PMG11_02809
lcl|CDHK01000002.1_cds_CEJ56608.1_2954	PMG11_02810
lcl|CDHK01000002.1_cds_CEJ56609.1_2955	PMG11_02811
lcl|CDHK01000002.1_cds_CEJ56610.1_2956	PMG11_02812
lcl|CDHK01000002.1_cds_CEJ56611.1_2957	PMG11_02812
lcl|CDHK01000002.1_cds_CEJ56612.1_2958	PMG11_02813
lcl|CDHK01000002.1_cds_CEJ56613.1_2959	PMG11_02814
lcl|CDHK01000002.1_cds_CEJ56614.1_2960	PMG11_02815
lcl|CDHK01000002.1_cds_CEJ56615.1_2961	PMG11_02816
lcl|CDHK01000002.1_cds_CEJ56616.1_2962	PMG11_02817
lcl|CDHK01000002.1_cds_CEJ56617.1_2963	PMG11_02818
lcl|CDHK01000002.1_cds_CEJ56618.1_2964	PMG11_02819
lcl|CDHK01000002.1_cds_CEJ56619.1_2965	PMG11_02820
lcl|CDHK01000002.1_cds_CEJ56620.1_2966	PMG11_02821
lcl|CDHK01000002.1_cds_CEJ56621.1_2967	PMG11_02822
lcl|CDHK01000002.1_cds_CEJ56622.1_2968	PMG11_02823
lcl|CDHK01000002.1_cds_CEJ56623.1_2969	PMG11_02824
lcl|CDHK01000002.1_cds_CEJ56624.1_2970	PMG11_02825
lcl|CDHK01000002.1_cds_CEJ56625.1_2971	PMG11_02826
lcl|CDHK01000002.1_cds_CEJ56626.1_2972	PMG11_02827
lcl|CDHK01000002.1_cds_CEJ56627.1_2973	PMG11_02828
lcl|CDHK01000002.1_cds_CEJ56628.1_2974	PMG11_02829
lcl|CDHK01000002.1_cds_CEJ56629.1_2975	PMG11_02830
lcl|CDHK01000002.1_cds_CEJ56630.1_2976	PMG11_02831
lcl|CDHK01000002.1_cds_CEJ56631.1_2977	PMG11_02832
lcl|CDHK01000002.1_cds_CEJ56632.1_2978	PMG11_02833
lcl|CDHK01000002.1_cds_CEJ56633.1_2979	PMG11_02834
lcl|CDHK01000002.1_cds_CEJ56634.1_2980	PMG11_02835
lcl|CDHK01000002.1_cds_CEJ56635.1_2981	PMG11_02836
lcl|CDHK01000002.1_cds_CEJ56636.1_2982	PMG11_02837
lcl|CDHK01000002.1_cds_CEJ56637.1_2983	PMG11_02838
lcl|CDHK01000002.1_cds_CEJ56638.1_2984	PMG11_02839
lcl|CDHK01000002.1_cds_CEJ56639.1_2985	PMG11_02840
lcl|CDHK01000002.1_cds_CEJ56640.1_2986	PMG11_02841
lcl|CDHK01000002.1_cds_CEJ56641.1_2987	PMG11_02842
lcl|CDHK01000002.1_cds_CEJ56642.1_2988	PMG11_02843
lcl|CDHK01000002.1_cds_CEJ56643.1_2989	PMG11_02844
lcl|CDHK01000002.1_cds_CEJ56644.1_2990	PMG11_02845
lcl|CDHK01000002.1_cds_CEJ56645.1_2991	PMG11_02846
lcl|CDHK01000002.1_cds_CEJ56646.1_2992	PMG11_02847
lcl|CDHK01000002.1_cds_CEJ56647.1_2993	PMG11_02848
lcl|CDHK01000002.1_cds_CEJ56648.1_2994	PMG11_02849
lcl|CDHK01000002.1_cds_CEJ56649.1_2995	PMG11_02850
lcl|CDHK01000002.1_cds_CEJ56650.1_2996	PMG11_02851
lcl|CDHK01000002.1_cds_CEJ56651.1_2997	PMG11_02852
lcl|CDHK01000002.1_cds_CEJ56652.1_2998	PMG11_02853
lcl|CDHK01000002.1_cds_CEJ56653.1_2999	PMG11_02854
lcl|CDHK01000002.1_cds_CEJ56654.1_3000	PMG11_02855
lcl|CDHK01000002.1_cds_CEJ56655.1_3001	PMG11_02856
lcl|CDHK01000002.1_cds_CEJ56656.1_3002	PMG11_02857
lcl|CDHK01000002.1_cds_CEJ56657.1_3003	PMG11_02858
lcl|CDHK01000002.1_cds_CEJ56658.1_3004	PMG11_02859
lcl|CDHK01000002.1_cds_CEJ56659.1_3005	PMG11_02860
lcl|CDHK01000002.1_cds_CEJ56660.1_3006	PMG11_02861
lcl|CDHK01000002.1_cds_CEJ56661.1_3007	PMG11_02862
lcl|CDHK01000002.1_cds_CEJ56662.1_3008	PMG11_02863
lcl|CDHK01000002.1_cds_CEJ56663.1_3009	PMG11_02864
lcl|CDHK01000002.1_cds_CEJ56664.1_3010	PMG11_02865
lcl|CDHK01000002.1_cds_CEJ56665.1_3011	PMG11_02866
lcl|CDHK01000002.1_cds_CEJ56666.1_3012	PMG11_02867
lcl|CDHK01000002.1_cds_CEJ56667.1_3013	PMG11_02868
lcl|CDHK01000002.1_cds_CEJ56668.1_3014	PMG11_02869
lcl|CDHK01000002.1_cds_CEJ56669.1_3015	PMG11_02870
lcl|CDHK01000002.1_cds_CEJ56670.1_3016	PMG11_02871
lcl|CDHK01000002.1_cds_CEJ56671.1_3017	PMG11_02872
lcl|CDHK01000002.1_cds_CEJ56672.1_3018	PMG11_02873
lcl|CDHK01000002.1_cds_CEJ56673.1_3019	PMG11_02874
lcl|CDHK01000002.1_cds_CEJ56674.1_3020	PMG11_02874
lcl|CDHK01000002.1_cds_CEJ56675.1_3021	PMG11_02875
lcl|CDHK01000002.1_cds_CEJ56676.1_3022	PMG11_02876
lcl|CDHK01000002.1_cds_CEJ56677.1_3023	PMG11_02877
lcl|CDHK01000002.1_cds_CEJ56678.1_3024	PMG11_02878
lcl|CDHK01000002.1_cds_CEJ56679.1_3025	PMG11_02879
lcl|CDHK01000002.1_cds_CEJ56680.1_3026	PMG11_02880
lcl|CDHK01000002.1_cds_CEJ56681.1_3027	PMG11_02881
lcl|CDHK01000002.1_cds_CEJ56682.1_3028	PMG11_02882
lcl|CDHK01000002.1_cds_CEJ56683.1_3029	PMG11_02883
lcl|CDHK01000002.1_cds_CEJ56684.1_3030	PMG11_02884
lcl|CDHK01000002.1_cds_CEJ56685.1_3031	PMG11_02885
lcl|CDHK01000002.1_cds_CEJ56686.1_3032	PMG11_02886
lcl|CDHK01000002.1_cds_CEJ56687.1_3033	PMG11_02887
lcl|CDHK01000002.1_cds_CEJ56688.1_3034	PMG11_02889
lcl|CDHK01000002.1_cds_CEJ56689.1_3035	PMG11_02888
lcl|CDHK01000002.1_cds_CEJ56690.1_3036	PMG11_02890
lcl|CDHK01000002.1_cds_CEJ56691.1_3037	PMG11_02891
lcl|CDHK01000002.1_cds_CEJ56692.1_3038	PMG11_02892
lcl|CDHK01000002.1_cds_CEJ56693.1_3039	PMG11_02893
lcl|CDHK01000002.1_cds_CEJ56694.1_3040	PMG11_02894
lcl|CDHK01000002.1_cds_CEJ56695.1_3041	PMG11_02895
lcl|CDHK01000002.1_cds_CEJ56696.1_3042	PMG11_02896
lcl|CDHK01000002.1_cds_CEJ56697.1_3043	PMG11_02897
lcl|CDHK01000002.1_cds_CEJ56698.1_3044	PMG11_02898
lcl|CDHK01000002.1_cds_CEJ56699.1_3045	PMG11_02899
lcl|CDHK01000002.1_cds_CEJ56700.1_3046	PMG11_02900
lcl|CDHK01000002.1_cds_CEJ56701.1_3047	PMG11_02901
lcl|CDHK01000002.1_cds_CEJ56702.1_3048	PMG11_02902
lcl|CDHK01000002.1_cds_CEJ56703.1_3049	PMG11_02903
lcl|CDHK01000002.1_cds_CEJ56704.1_3050	PMG11_02904
lcl|CDHK01000002.1_cds_CEJ56705.1_3051	PMG11_02904
lcl|CDHK01000002.1_cds_CEJ56706.1_3052	PMG11_02905
lcl|CDHK01000002.1_cds_CEJ56707.1_3053	PMG11_02906
lcl|CDHK01000002.1_cds_CEJ56708.1_3054	PMG11_02907
lcl|CDHK01000002.1_cds_CEJ56709.1_3055	PMG11_02908
lcl|CDHK01000002.1_cds_CEJ56710.1_3056	PMG11_02909
lcl|CDHK01000002.1_cds_CEJ56711.1_3057	PMG11_02910
lcl|CDHK01000002.1_cds_CEJ56712.1_3058	PMG11_02911
lcl|CDHK01000002.1_cds_CEJ56713.1_3059	PMG11_02912
lcl|CDHK01000002.1_cds_CEJ56714.1_3060	PMG11_02913
lcl|CDHK01000002.1_cds_CEJ56715.1_3061	PMG11_02914
lcl|CDHK01000002.1_cds_CEJ56716.1_3062	PMG11_02915
lcl|CDHK01000002.1_cds_CEJ56717.1_3063	PMG11_02916
lcl|CDHK01000002.1_cds_CEJ56718.1_3064	PMG11_02917
lcl|CDHK01000002.1_cds_CEJ56719.1_3065	PMG11_02918
lcl|CDHK01000002.1_cds_CEJ56720.1_3066	PMG11_02919
lcl|CDHK01000002.1_cds_CEJ56721.1_3067	PMG11_02920
lcl|CDHK01000002.1_cds_CEJ56722.1_3068	PMG11_02921
lcl|CDHK01000002.1_cds_CEJ56723.1_3069	PMG11_02922
lcl|CDHK01000002.1_cds_CEJ56724.1_3070	PMG11_02923
lcl|CDHK01000002.1_cds_CEJ56725.1_3071	PMG11_02924
lcl|CDHK01000002.1_cds_CEJ56726.1_3072	PMG11_02925
lcl|CDHK01000002.1_cds_CEJ56727.1_3073	PMG11_02926
lcl|CDHK01000002.1_cds_CEJ56728.1_3074	PMG11_02927
lcl|CDHK01000002.1_cds_CEJ56729.1_3075	PMG11_02927
lcl|CDHK01000002.1_cds_CEJ56730.1_3076	PMG11_02928
lcl|CDHK01000002.1_cds_CEJ56731.1_3077	PMG11_02929
lcl|CDHK01000002.1_cds_CEJ56732.1_3078	PMG11_02930
lcl|CDHK01000002.1_cds_CEJ56733.1_3079	PMG11_02931
lcl|CDHK01000002.1_cds_CEJ56734.1_3080	PMG11_02932
lcl|CDHK01000002.1_cds_CEJ56735.1_3081	PMG11_02933
lcl|CDHK01000002.1_cds_CEJ56736.1_3082	PMG11_02934
lcl|CDHK01000002.1_cds_CEJ56737.1_3083	PMG11_02935
lcl|CDHK01000002.1_cds_CEJ56738.1_3084	PMG11_02936
lcl|CDHK01000002.1_cds_CEJ56739.1_3085	PMG11_02937
lcl|CDHK01000002.1_cds_CEJ56740.1_3086	PMG11_02938
lcl|CDHK01000002.1_cds_CEJ56741.1_3087	PMG11_02939
lcl|CDHK01000002.1_cds_CEJ56742.1_3088	PMG11_02941
lcl|CDHK01000002.1_cds_CEJ56743.1_3089	PMG11_02940
lcl|CDHK01000002.1_cds_CEJ56744.1_3090	PMG11_02942
lcl|CDHK01000002.1_cds_CEJ56745.1_3091	PMG11_02943
lcl|CDHK01000002.1_cds_CEJ56746.1_3092	PMG11_02944
lcl|CDHK01000002.1_cds_CEJ56747.1_3093	PMG11_02945
lcl|CDHK01000002.1_cds_CEJ56748.1_3094	PMG11_02946
lcl|CDHK01000002.1_cds_CEJ56749.1_3095	PMG11_02947
lcl|CDHK01000002.1_cds_CEJ56750.1_3096	PMG11_02948
lcl|CDHK01000002.1_cds_CEJ56751.1_3097	PMG11_02949
lcl|CDHK01000002.1_cds_CEJ56752.1_3098	PMG11_02950
lcl|CDHK01000002.1_cds_CEJ56753.1_3099	PMG11_02951
lcl|CDHK01000002.1_cds_CEJ56754.1_3100	PMG11_02952
lcl|CDHK01000002.1_cds_CEJ56755.1_3101	PMG11_02953
lcl|CDHK01000002.1_cds_CEJ56756.1_3102	PMG11_02954
lcl|CDHK01000002.1_cds_CEJ56757.1_3103	PMG11_02955
lcl|CDHK01000002.1_cds_CEJ56758.1_3104	PMG11_02956
lcl|CDHK01000002.1_cds_CEJ56759.1_3105	PMG11_02957
lcl|CDHK01000002.1_cds_CEJ56760.1_3106	PMG11_02958
lcl|CDHK01000002.1_cds_CEJ56761.1_3107	PMG11_02959
lcl|CDHK01000002.1_cds_CEJ56762.1_3108	PMG11_02960
lcl|CDHK01000002.1_cds_CEJ56763.1_3109	PMG11_02961
lcl|CDHK01000002.1_cds_CEJ56764.1_3110	PMG11_02962
lcl|CDHK01000002.1_cds_CEJ56765.1_3111	PMG11_02963
lcl|CDHK01000002.1_cds_CEJ56766.1_3112	PMG11_02964
lcl|CDHK01000002.1_cds_CEJ56767.1_3113	PMG11_02965
lcl|CDHK01000002.1_cds_CEJ56768.1_3114	PMG11_02966
lcl|CDHK01000002.1_cds_CEJ56769.1_3115	PMG11_02967
lcl|CDHK01000002.1_cds_CEJ56770.1_3116	PMG11_02968
lcl|CDHK01000002.1_cds_CEJ56771.1_3117	PMG11_02969
lcl|CDHK01000002.1_cds_CEJ56772.1_3118	PMG11_02970
lcl|CDHK01000002.1_cds_CEJ56773.1_3119	PMG11_02971
lcl|CDHK01000002.1_cds_CEJ56774.1_3120	PMG11_02972
lcl|CDHK01000002.1_cds_CEJ56775.1_3121	PMG11_02973
lcl|CDHK01000002.1_cds_CEJ56776.1_3122	PMG11_02974
lcl|CDHK01000002.1_cds_CEJ56777.1_3123	PMG11_02975
lcl|CDHK01000002.1_cds_CEJ56778.1_3124	PMG11_02976
lcl|CDHK01000002.1_cds_CEJ56779.1_3125	PMG11_02977
lcl|CDHK01000002.1_cds_CEJ56780.1_3126	PMG11_02978
lcl|CDHK01000002.1_cds_CEJ56781.1_3127	PMG11_02979
lcl|CDHK01000002.1_cds_CEJ56782.1_3128	PMG11_02980
lcl|CDHK01000002.1_cds_CEJ56783.1_3129	PMG11_02981
lcl|CDHK01000002.1_cds_CEJ56784.1_3130	PMG11_02982
lcl|CDHK01000002.1_cds_CEJ56785.1_3131	PMG11_02983
lcl|CDHK01000002.1_cds_CEJ56786.1_3132	PMG11_02984
lcl|CDHK01000002.1_cds_CEJ56787.1_3133	PMG11_02985
lcl|CDHK01000003.1_cds_CEO58254.1_3134	PMG11_02986
lcl|CDHK01000003.1_cds_CEO58255.1_3135	PMG11_02987
lcl|CDHK01000003.1_cds_CEO58256.1_3136	PMG11_02988
lcl|CDHK01000003.1_cds_CEO58257.1_3137	PMG11_02989
lcl|CDHK01000003.1_cds_CEO58258.1_3138	PMG11_02990
lcl|CDHK01000003.1_cds_CEO58259.1_3139	PMG11_02990
lcl|CDHK01000003.1_cds_CEO58260.1_3140	PMG11_02991
lcl|CDHK01000003.1_cds_CEO58261.1_3141	PMG11_02992
lcl|CDHK01000003.1_cds_CEO58262.1_3142	PMG11_02993
lcl|CDHK01000003.1_cds_CEO58263.1_3143	PMG11_02994
lcl|CDHK01000003.1_cds_CEO58264.1_3144	PMG11_02995
lcl|CDHK01000003.1_cds_CEO58265.1_3145	PMG11_02996
lcl|CDHK01000003.1_cds_CEO58266.1_3146	PMG11_02997
lcl|CDHK01000003.1_cds_CEO58267.1_3147	PMG11_02998
lcl|CDHK01000003.1_cds_CEO58268.1_3148	PMG11_02999
lcl|CDHK01000003.1_cds_CEO58269.1_3149	PMG11_03000
lcl|CDHK01000003.1_cds_CEO58270.1_3150	PMG11_03001
lcl|CDHK01000003.1_cds_CEO58271.1_3151	PMG11_03002
lcl|CDHK01000003.1_cds_CEO58272.1_3152	PMG11_03003
lcl|CDHK01000003.1_cds_CEO58273.1_3153	PMG11_03004
lcl|CDHK01000003.1_cds_CEO58274.1_3154	PMG11_03005
lcl|CDHK01000003.1_cds_CEO58275.1_3155	PMG11_03006
lcl|CDHK01000003.1_cds_CEO58276.1_3156	PMG11_03007
lcl|CDHK01000003.1_cds_CEO58277.1_3157	PMG11_03008
lcl|CDHK01000003.1_cds_CEO58278.1_3158	PMG11_03009
lcl|CDHK01000003.1_cds_CEO58279.1_3159	PMG11_03010
lcl|CDHK01000003.1_cds_CEO58280.1_3160	PMG11_03011
lcl|CDHK01000003.1_cds_CEO58281.1_3161	PMG11_03012
lcl|CDHK01000003.1_cds_CEO58282.1_3162	PMG11_03013
lcl|CDHK01000003.1_cds_CEO58283.1_3163	PMG11_03014
lcl|CDHK01000003.1_cds_CEO58284.1_3164	PMG11_03015
lcl|CDHK01000003.1_cds_CEO58285.1_3165	PMG11_03016
lcl|CDHK01000003.1_cds_CEO58286.1_3166	PMG11_03017
lcl|CDHK01000003.1_cds_CEO58287.1_3167	PMG11_03018
lcl|CDHK01000003.1_cds_CEO58288.1_3168	PMG11_03019
lcl|CDHK01000003.1_cds_CEO58289.1_3169	PMG11_03020
lcl|CDHK01000003.1_cds_CEO58290.1_3170	PMG11_03021
lcl|CDHK01000003.1_cds_CEO58291.1_3171	PMG11_03022
lcl|CDHK01000003.1_cds_CEO58292.1_3172	PMG11_03023
lcl|CDHK01000003.1_cds_CEO58293.1_3173	PMG11_03024
lcl|CDHK01000003.1_cds_CEO58294.1_3174	PMG11_03025
lcl|CDHK01000003.1_cds_CEO58295.1_3175	PMG11_03026
lcl|CDHK01000003.1_cds_CEO58296.1_3176	PMG11_03027
lcl|CDHK01000003.1_cds_CEO58297.1_3177	PMG11_03028
lcl|CDHK01000003.1_cds_CEO58298.1_3178	PMG11_03029
lcl|CDHK01000003.1_cds_CEO58299.1_3179	PMG11_03030
lcl|CDHK01000003.1_cds_CEO58300.1_3180	PMG11_03031
lcl|CDHK01000003.1_cds_CEO58301.1_3181	PMG11_03032
lcl|CDHK01000003.1_cds_CEO58302.1_3182	PMG11_03033
lcl|CDHK01000003.1_cds_CEO58303.1_3183	PMG11_03034
lcl|CDHK01000003.1_cds_CEO58304.1_3184	PMG11_03035
lcl|CDHK01000003.1_cds_CEO58305.1_3185	PMG11_03036
lcl|CDHK01000003.1_cds_CEO58306.1_3186	PMG11_03037
lcl|CDHK01000003.1_cds_CEO58307.1_3187	PMG11_03038
lcl|CDHK01000003.1_cds_CEO58308.1_3188	PMG11_03039
lcl|CDHK01000003.1_cds_CEO58309.1_3189	PMG11_03040
lcl|CDHK01000003.1_cds_CEO58310.1_3190	PMG11_03041
lcl|CDHK01000003.1_cds_CEO58311.1_3191	PMG11_03042
lcl|CDHK01000003.1_cds_CEO58312.1_3192	PMG11_03043
lcl|CDHK01000003.1_cds_CEO58313.1_3193	PMG11_03044
lcl|CDHK01000003.1_cds_CEO58314.1_3194	PMG11_03045
lcl|CDHK01000003.1_cds_CEO58315.1_3195	PMG11_03046
lcl|CDHK01000003.1_cds_CEO58316.1_3196	PMG11_03047
lcl|CDHK01000003.1_cds_CEO58317.1_3197	PMG11_03048
lcl|CDHK01000003.1_cds_CEO58318.1_3198	PMG11_03049
lcl|CDHK01000003.1_cds_CEO58319.1_3199	PMG11_03050
lcl|CDHK01000003.1_cds_CEO58320.1_3200	PMG11_03050
lcl|CDHK01000003.1_cds_CEO58321.1_3201	PMG11_03051
lcl|CDHK01000003.1_cds_CEO58322.1_3202	PMG11_03052
lcl|CDHK01000003.1_cds_CEO58323.1_3203	PMG11_03053
lcl|CDHK01000003.1_cds_CEO58324.1_3204	PMG11_03054
lcl|CDHK01000003.1_cds_CEO58325.1_3205	PMG11_03055
lcl|CDHK01000003.1_cds_CEO58326.1_3206	PMG11_03056
lcl|CDHK01000003.1_cds_CEO58327.1_3207	PMG11_03057
lcl|CDHK01000003.1_cds_CEO58328.1_3208	PMG11_03058
lcl|CDHK01000003.1_cds_CEO58329.1_3209	PMG11_03059
lcl|CDHK01000003.1_cds_CEO58330.1_3210	PMG11_03061
lcl|CDHK01000003.1_cds_CEO58331.1_3211	PMG11_03060
lcl|CDHK01000003.1_cds_CEO58332.1_3212	PMG11_03062
lcl|CDHK01000003.1_cds_CEO58333.1_3213	PMG11_03063
lcl|CDHK01000003.1_cds_CEO58334.1_3214	PMG11_03064
lcl|CDHK01000003.1_cds_CEO58335.1_3215	PMG11_03065
lcl|CDHK01000003.1_cds_CEO58336.1_3216	PMG11_03066
lcl|CDHK01000003.1_cds_CEO58337.1_3217	PMG11_03067
lcl|CDHK01000003.1_cds_CEO58338.1_3218	PMG11_03068
lcl|CDHK01000003.1_cds_CEO58339.1_3219	PMG11_03069
lcl|CDHK01000003.1_cds_CEO58340.1_3220	PMG11_03070
lcl|CDHK01000003.1_cds_CEO58341.1_3221	PMG11_03071
lcl|CDHK01000003.1_cds_CEO58342.1_3222	PMG11_03073
lcl|CDHK01000003.1_cds_CEO58343.1_3223	PMG11_03072
lcl|CDHK01000003.1_cds_CEO58344.1_3224	PMG11_03074
lcl|CDHK01000003.1_cds_CEO58345.1_3225	PMG11_03075
lcl|CDHK01000003.1_cds_CEO58346.1_3226	PMG11_03076
lcl|CDHK01000003.1_cds_CEO58347.1_3227	PMG11_03077
lcl|CDHK01000003.1_cds_CEO58348.1_3228	PMG11_03078
lcl|CDHK01000003.1_cds_CEO58349.1_3229	PMG11_03079
lcl|CDHK01000003.1_cds_CEO58350.1_3230	PMG11_03080
lcl|CDHK01000003.1_cds_CEO58351.1_3231	PMG11_03081
lcl|CDHK01000003.1_cds_CEO58352.1_3232	PMG11_03082
lcl|CDHK01000003.1_cds_CEO58353.1_3233	PMG11_03083
lcl|CDHK01000003.1_cds_CEO58354.1_3234	PMG11_03084
lcl|CDHK01000003.1_cds_CEO58355.1_3235	PMG11_03085
lcl|CDHK01000003.1_cds_CEO58356.1_3236	PMG11_03086
lcl|CDHK01000003.1_cds_CEO58357.1_3237	PMG11_03087
lcl|CDHK01000003.1_cds_CEO58358.1_3238	PMG11_03088
lcl|CDHK01000003.1_cds_CEO58359.1_3239	PMG11_03089
lcl|CDHK01000003.1_cds_CEO58360.1_3240	PMG11_03090
lcl|CDHK01000003.1_cds_CEO58361.1_3241	PMG11_03091
lcl|CDHK01000003.1_cds_CEO58362.1_3242	PMG11_03092
lcl|CDHK01000003.1_cds_CEO58363.1_3243	PMG11_03093
lcl|CDHK01000003.1_cds_CEO58364.1_3244	PMG11_03094
lcl|CDHK01000003.1_cds_CEO58365.1_3245	PMG11_03095
lcl|CDHK01000003.1_cds_CEO58366.1_3246	PMG11_03096
lcl|CDHK01000003.1_cds_CEO58367.1_3247	PMG11_03097
lcl|CDHK01000003.1_cds_CEO58368.1_3248	PMG11_03098
lcl|CDHK01000003.1_cds_CEO58369.1_3249	PMG11_03099
lcl|CDHK01000003.1_cds_CEO58370.1_3250	PMG11_03099
lcl|CDHK01000003.1_cds_CEO58371.1_3251	PMG11_03100
lcl|CDHK01000003.1_cds_CEO58372.1_3252	PMG11_03101
lcl|CDHK01000003.1_cds_CEO58373.1_3253	PMG11_03102
lcl|CDHK01000003.1_cds_CEO58374.1_3254	PMG11_03103
lcl|CDHK01000003.1_cds_CEO58375.1_3255	PMG11_03104
lcl|CDHK01000003.1_cds_CEO58376.1_3256	PMG11_03105
lcl|CDHK01000003.1_cds_CEO58377.1_3257	PMG11_03106
lcl|CDHK01000003.1_cds_CEO58378.1_3258	PMG11_03107
lcl|CDHK01000003.1_cds_CEO58379.1_3259	PMG11_03108
lcl|CDHK01000003.1_cds_CEO58380.1_3260	PMG11_03109
lcl|CDHK01000003.1_cds_CEO58381.1_3261	PMG11_03110
lcl|CDHK01000003.1_cds_CEO58382.1_3262	PMG11_03111
lcl|CDHK01000003.1_cds_CEO58383.1_3263	PMG11_03112
lcl|CDHK01000003.1_cds_CEO58384.1_3264	PMG11_03113
lcl|CDHK01000003.1_cds_CEO58385.1_3265	PMG11_03114
lcl|CDHK01000003.1_cds_CEO58386.1_3266	PMG11_03115
lcl|CDHK01000003.1_cds_CEO58387.1_3267	PMG11_03116
lcl|CDHK01000003.1_cds_CEO58388.1_3268	PMG11_03117
lcl|CDHK01000003.1_cds_CEO58389.1_3269	PMG11_03118
lcl|CDHK01000003.1_cds_CEO58390.1_3270	PMG11_03119
lcl|CDHK01000003.1_cds_CEO58391.1_3271	PMG11_03120
lcl|CDHK01000003.1_cds_CEO58392.1_3272	PMG11_03121
lcl|CDHK01000003.1_cds_CEO58393.1_3273	PMG11_03122
lcl|CDHK01000003.1_cds_CEO58394.1_3274	PMG11_03123
lcl|CDHK01000003.1_cds_CEO58395.1_3275	PMG11_03124
lcl|CDHK01000003.1_cds_CEO58396.1_3276	PMG11_03125
lcl|CDHK01000003.1_cds_CEO58397.1_3277	PMG11_03126
lcl|CDHK01000003.1_cds_CEO58398.1_3278	PMG11_03127
lcl|CDHK01000003.1_cds_CEO58399.1_3279	PMG11_03128
lcl|CDHK01000003.1_cds_CEO58400.1_3280	PMG11_03129
lcl|CDHK01000003.1_cds_CEO58401.1_3281	PMG11_03130
lcl|CDHK01000003.1_cds_CEO58402.1_3282	PMG11_03131
lcl|CDHK01000003.1_cds_CEO58403.1_3283	PMG11_03132
lcl|CDHK01000003.1_cds_CEO58404.1_3284	PMG11_03133
lcl|CDHK01000003.1_cds_CEO58405.1_3285	PMG11_03134
lcl|CDHK01000003.1_cds_CEO58406.1_3286	PMG11_03135
lcl|CDHK01000003.1_cds_CEO58407.1_3287	PMG11_03136
lcl|CDHK01000003.1_cds_CEO58408.1_3288	PMG11_03137
lcl|CDHK01000003.1_cds_CEO58409.1_3289	PMG11_03138
lcl|CDHK01000003.1_cds_CEO58410.1_3290	PMG11_03138
lcl|CDHK01000003.1_cds_CEO58411.1_3291	PMG11_03139
lcl|CDHK01000003.1_cds_CEO58412.1_3292	PMG11_03139
lcl|CDHK01000003.1_cds_CEO58413.1_3293	PMG11_03140
lcl|CDHK01000003.1_cds_CEO58414.1_3294	PMG11_03141
lcl|CDHK01000003.1_cds_CEO58415.1_3295	PMG11_03142
lcl|CDHK01000003.1_cds_CEO58416.1_3296	PMG11_03143
lcl|CDHK01000003.1_cds_CEO58417.1_3297	PMG11_03144
lcl|CDHK01000003.1_cds_CEO58419.1_3298	PMG11_03145
lcl|CDHK01000003.1_cds_CEO58418.1_3299	PMG11_03145
lcl|CDHK01000003.1_cds_CEO58420.1_3300	PMG11_03146
lcl|CDHK01000003.1_cds_CEO58421.1_3301	PMG11_03147
lcl|CDHK01000003.1_cds_CEO58422.1_3302	PMG11_03148
lcl|CDHK01000003.1_cds_CEO58423.1_3303	PMG11_03149
lcl|CDHK01000003.1_cds_CEO58424.1_3304	PMG11_03150
lcl|CDHK01000003.1_cds_CEO58425.1_3305	PMG11_03151
lcl|CDHK01000003.1_cds_CEO58426.1_3306	PMG11_03152
lcl|CDHK01000003.1_cds_CEO58427.1_3307	PMG11_03152
lcl|CDHK01000003.1_cds_CEO58428.1_3308	PMG11_03152
lcl|CDHK01000003.1_cds_CEO58429.1_3309	PMG11_03153
lcl|CDHK01000003.1_cds_CEO58430.1_3310	PMG11_03154
lcl|CDHK01000003.1_cds_CEO58431.1_3311	PMG11_03155
lcl|CDHK01000003.1_cds_CEO58432.1_3312	PMG11_03156
lcl|CDHK01000003.1_cds_CEO58433.1_3313	PMG11_03157
lcl|CDHK01000003.1_cds_CEO58434.1_3314	PMG11_03158
lcl|CDHK01000003.1_cds_CEO58435.1_3315	PMG11_03159
lcl|CDHK01000003.1_cds_CEO58436.1_3316	PMG11_03160
lcl|CDHK01000003.1_cds_CEO58437.1_3317	PMG11_03161
lcl|CDHK01000003.1_cds_CEO58438.1_3318	PMG11_03162
lcl|CDHK01000003.1_cds_CEO58439.1_3319	PMG11_03164
lcl|CDHK01000003.1_cds_CEO58440.1_3320	PMG11_03163
lcl|CDHK01000003.1_cds_CEO58441.1_3321	PMG11_03165
lcl|CDHK01000003.1_cds_CEO58442.1_3322	PMG11_03166
lcl|CDHK01000003.1_cds_CEO58443.1_3323	PMG11_03167
lcl|CDHK01000003.1_cds_CEO58444.1_3324	PMG11_03168
lcl|CDHK01000003.1_cds_CEO58445.1_3325	PMG11_03169
lcl|CDHK01000003.1_cds_CEO58446.1_3326	PMG11_03170
lcl|CDHK01000003.1_cds_CEO58447.1_3327	PMG11_03171
lcl|CDHK01000003.1_cds_CEO58448.1_3328	PMG11_03172
lcl|CDHK01000003.1_cds_CEO58449.1_3329	PMG11_03173
lcl|CDHK01000003.1_cds_CEO58450.1_3330	PMG11_03174
lcl|CDHK01000003.1_cds_CEO58451.1_3331	PMG11_03175
lcl|CDHK01000003.1_cds_CEO58452.1_3332	PMG11_03176
lcl|CDHK01000003.1_cds_CEO58453.1_3333	PMG11_03177
lcl|CDHK01000003.1_cds_CEO58454.1_3334	PMG11_03178
lcl|CDHK01000003.1_cds_CEO58455.1_3335	PMG11_03179
lcl|CDHK01000003.1_cds_CEO58456.1_3336	PMG11_03180
lcl|CDHK01000003.1_cds_CEO58457.1_3337	PMG11_03181
lcl|CDHK01000003.1_cds_CEO58458.1_3338	PMG11_03182
lcl|CDHK01000003.1_cds_CEO58459.1_3339	PMG11_03183
lcl|CDHK01000003.1_cds_CEO58460.1_3340	PMG11_03184
lcl|CDHK01000003.1_cds_CEO58461.1_3341	PMG11_03185
lcl|CDHK01000003.1_cds_CEO58462.1_3342	PMG11_03186
lcl|CDHK01000003.1_cds_CEO58463.1_3343	PMG11_03187
lcl|CDHK01000003.1_cds_CEO58464.1_3344	PMG11_03188
lcl|CDHK01000003.1_cds_CEO58465.1_3345	PMG11_03189
lcl|CDHK01000003.1_cds_CEO58466.1_3346	PMG11_03190
lcl|CDHK01000003.1_cds_CEO58467.1_3347	PMG11_03191
lcl|CDHK01000003.1_cds_CEO58468.1_3348	PMG11_03192
lcl|CDHK01000003.1_cds_CEO58469.1_3349	PMG11_03193
lcl|CDHK01000003.1_cds_CEO58470.1_3350	PMG11_03194
lcl|CDHK01000003.1_cds_CEO58471.1_3351	PMG11_03195
lcl|CDHK01000003.1_cds_CEO58472.1_3352	PMG11_03196
lcl|CDHK01000003.1_cds_CEO58473.1_3353	PMG11_03197
lcl|CDHK01000003.1_cds_CEO58474.1_3354	PMG11_03198
lcl|CDHK01000003.1_cds_CEO58475.1_3355	PMG11_03198
lcl|CDHK01000003.1_cds_CEO58476.1_3356	PMG11_03199
lcl|CDHK01000003.1_cds_CEO58477.1_3357	PMG11_03200
lcl|CDHK01000003.1_cds_CEO58478.1_3358	PMG11_03201
lcl|CDHK01000003.1_cds_CEO58479.1_3359	PMG11_03202
lcl|CDHK01000003.1_cds_CEO58480.1_3360	PMG11_03203
lcl|CDHK01000003.1_cds_CEO58481.1_3361	PMG11_03204
lcl|CDHK01000003.1_cds_CEO58482.1_3362	PMG11_03205
lcl|CDHK01000003.1_cds_CEO58484.1_3363	PMG11_03206
lcl|CDHK01000003.1_cds_CEO58485.1_3364	PMG11_03206
lcl|CDHK01000003.1_cds_CEO58483.1_3365	PMG11_03206
lcl|CDHK01000003.1_cds_CEO58486.1_3366	PMG11_03207
lcl|CDHK01000003.1_cds_CEO58487.1_3367	PMG11_03208
lcl|CDHK01000003.1_cds_CEO58488.1_3368	PMG11_03209
lcl|CDHK01000003.1_cds_CEO58489.1_3369	PMG11_03210
lcl|CDHK01000003.1_cds_CEO58490.1_3370	PMG11_03211
lcl|CDHK01000003.1_cds_CEO58491.1_3371	PMG11_03212
lcl|CDHK01000003.1_cds_CEO58492.1_3372	PMG11_03213
lcl|CDHK01000003.1_cds_CEO58493.1_3373	PMG11_03214
lcl|CDHK01000003.1_cds_CEO58494.1_3374	PMG11_03215
lcl|CDHK01000003.1_cds_CEO58495.1_3375	PMG11_03216
lcl|CDHK01000003.1_cds_CEO58496.1_3376	PMG11_03217
lcl|CDHK01000003.1_cds_CEO58497.1_3377	PMG11_03218
lcl|CDHK01000003.1_cds_CEO58498.1_3378	PMG11_03219
lcl|CDHK01000003.1_cds_CEO58500.1_3379	PMG11_03220
lcl|CDHK01000003.1_cds_CEO58499.1_3380	PMG11_03220
lcl|CDHK01000003.1_cds_CEO58501.1_3381	PMG11_03221
lcl|CDHK01000003.1_cds_CEO58502.1_3382	PMG11_03222
lcl|CDHK01000003.1_cds_CEO58503.1_3383	PMG11_03222
lcl|CDHK01000003.1_cds_CEO58504.1_3384	PMG11_03223
lcl|CDHK01000003.1_cds_CEO58505.1_3385	PMG11_03224
lcl|CDHK01000003.1_cds_CEO58506.1_3386	PMG11_03225
lcl|CDHK01000003.1_cds_CEO58507.1_3387	PMG11_03226
lcl|CDHK01000003.1_cds_CEO58508.1_3388	PMG11_03227
lcl|CDHK01000003.1_cds_CEO58509.1_3389	PMG11_03228
lcl|CDHK01000003.1_cds_CEO58510.1_3390	PMG11_03229
lcl|CDHK01000003.1_cds_CEO58511.1_3391	PMG11_03230
lcl|CDHK01000003.1_cds_CEO58512.1_3392	PMG11_03232
lcl|CDHK01000003.1_cds_CEO58513.1_3393	PMG11_03231
lcl|CDHK01000003.1_cds_CEO58514.1_3394	PMG11_03233
lcl|CDHK01000003.1_cds_CEO58515.1_3395	PMG11_03234
lcl|CDHK01000003.1_cds_CEO58516.1_3396	PMG11_03235
lcl|CDHK01000003.1_cds_CEO58517.1_3397	PMG11_03236
lcl|CDHK01000003.1_cds_CEO58518.1_3398	PMG11_03237
lcl|CDHK01000003.1_cds_CEO58519.1_3399	PMG11_03238
lcl|CDHK01000003.1_cds_CEO58521.1_3400	PMG11_03239
lcl|CDHK01000003.1_cds_CEO58520.1_3401	PMG11_03239
lcl|CDHK01000003.1_cds_CEO58522.1_3402	PMG11_03240
lcl|CDHK01000003.1_cds_CEO58523.1_3403	PMG11_03241
lcl|CDHK01000003.1_cds_CEO58524.1_3404	PMG11_03242
lcl|CDHK01000003.1_cds_CEO58525.1_3405	PMG11_03244
lcl|CDHK01000003.1_cds_CEO58527.1_3406	PMG11_03243
lcl|CDHK01000003.1_cds_CEO58526.1_3407	PMG11_03243
lcl|CDHK01000003.1_cds_CEO58528.1_3408	PMG11_03245
lcl|CDHK01000003.1_cds_CEO58529.1_3409	PMG11_03246
lcl|CDHK01000003.1_cds_CEO58530.1_3410	PMG11_03247
lcl|CDHK01000003.1_cds_CEO58531.1_3411	PMG11_03248
lcl|CDHK01000003.1_cds_CEO58532.1_3412	PMG11_03249
lcl|CDHK01000003.1_cds_CEO58533.1_3413	PMG11_03250
lcl|CDHK01000003.1_cds_CEO58534.1_3414	PMG11_03251
lcl|CDHK01000003.1_cds_CEO58535.1_3415	PMG11_03252
lcl|CDHK01000003.1_cds_CEO58536.1_3416	PMG11_03253
lcl|CDHK01000003.1_cds_CEO58537.1_3417	PMG11_03254
lcl|CDHK01000003.1_cds_CEO58538.1_3418	PMG11_03254
lcl|CDHK01000003.1_cds_CEO58539.1_3419	PMG11_03255
lcl|CDHK01000003.1_cds_CEO58540.1_3420	PMG11_03256
lcl|CDHK01000003.1_cds_CEO58541.1_3421	PMG11_03257
lcl|CDHK01000003.1_cds_CEO58542.1_3422	PMG11_03258
lcl|CDHK01000003.1_cds_CEO58543.1_3423	PMG11_03258
lcl|CDHK01000003.1_cds_CEO58544.1_3424	PMG11_03258
lcl|CDHK01000003.1_cds_CEO58545.1_3425	PMG11_03259
lcl|CDHK01000003.1_cds_CEO58546.1_3426	PMG11_03260
lcl|CDHK01000003.1_cds_CEO58547.1_3427	PMG11_03261
lcl|CDHK01000003.1_cds_CEO58548.1_3428	PMG11_03262
lcl|CDHK01000003.1_cds_CEO58549.1_3429	PMG11_03263
lcl|CDHK01000003.1_cds_CEO58550.1_3430	PMG11_03264
lcl|CDHK01000003.1_cds_CEO58551.1_3431	PMG11_03265
lcl|CDHK01000003.1_cds_CEO58552.1_3432	PMG11_03266
lcl|CDHK01000003.1_cds_CEO58553.1_3433	PMG11_03267
lcl|CDHK01000003.1_cds_CEO58554.1_3434	PMG11_03268
lcl|CDHK01000003.1_cds_CEO58555.1_3435	PMG11_03269
lcl|CDHK01000003.1_cds_CEO58556.1_3436	PMG11_03270
lcl|CDHK01000003.1_cds_CEO58558.1_3437	PMG11_03271
lcl|CDHK01000003.1_cds_CEO58557.1_3438	PMG11_03271
lcl|CDHK01000003.1_cds_CEO58559.1_3439	PMG11_03272
lcl|CDHK01000003.1_cds_CEO58560.1_3440	PMG11_03273
lcl|CDHK01000003.1_cds_CEO58561.1_3441	PMG11_03274
lcl|CDHK01000003.1_cds_CEO58562.1_3442	PMG11_03274
lcl|CDHK01000003.1_cds_CEO58563.1_3443	PMG11_03275
lcl|CDHK01000003.1_cds_CEO58564.1_3444	PMG11_03276
lcl|CDHK01000003.1_cds_CEO58565.1_3445	PMG11_03277
lcl|CDHK01000003.1_cds_CEO58566.1_3446	PMG11_03278
lcl|CDHK01000003.1_cds_CEO58567.1_3447	PMG11_03279
lcl|CDHK01000003.1_cds_CEO58568.1_3448	PMG11_03280
lcl|CDHK01000003.1_cds_CEO58569.1_3449	PMG11_03281
lcl|CDHK01000003.1_cds_CEO58570.1_3450	PMG11_03282
lcl|CDHK01000003.1_cds_CEO58571.1_3451	PMG11_03283
lcl|CDHK01000003.1_cds_CEO58572.1_3452	PMG11_03284
lcl|CDHK01000003.1_cds_CEO58573.1_3453	PMG11_03285
lcl|CDHK01000003.1_cds_CEO58574.1_3454	PMG11_03286
lcl|CDHK01000003.1_cds_CEO58575.1_3455	PMG11_03287
lcl|CDHK01000003.1_cds_CEO58576.1_3456	PMG11_03288
lcl|CDHK01000003.1_cds_CEO58577.1_3457	PMG11_03289
lcl|CDHK01000003.1_cds_CEO58578.1_3458	PMG11_03290
lcl|CDHK01000003.1_cds_CEO58579.1_3459	PMG11_03291
lcl|CDHK01000003.1_cds_CEO58580.1_3460	PMG11_03292
lcl|CDHK01000003.1_cds_CEO58581.1_3461	PMG11_03294
lcl|CDHK01000003.1_cds_CEO58582.1_3462	PMG11_03293
lcl|CDHK01000003.1_cds_CEO58583.1_3463	PMG11_03295
lcl|CDHK01000003.1_cds_CEO58584.1_3464	PMG11_03296
lcl|CDHK01000003.1_cds_CEO58585.1_3465	PMG11_03297
lcl|CDHK01000003.1_cds_CEO58586.1_3466	PMG11_03298
lcl|CDHK01000003.1_cds_CEO58587.1_3467	PMG11_03299
lcl|CDHK01000003.1_cds_CEO58588.1_3468	PMG11_03300
lcl|CDHK01000003.1_cds_CEO58589.1_3469	PMG11_03301
lcl|CDHK01000003.1_cds_CEO58590.1_3470	PMG11_03302
lcl|CDHK01000003.1_cds_CEO58591.1_3471	PMG11_03303
lcl|CDHK01000003.1_cds_CEO58592.1_3472	PMG11_03304
lcl|CDHK01000003.1_cds_CEO58593.1_3473	PMG11_03305
lcl|CDHK01000003.1_cds_CEO58594.1_3474	PMG11_03306
lcl|CDHK01000003.1_cds_CEO58595.1_3475	PMG11_03307
lcl|CDHK01000003.1_cds_CEO58596.1_3476	PMG11_03308
lcl|CDHK01000003.1_cds_CEO58597.1_3477	PMG11_03309
lcl|CDHK01000003.1_cds_CEO58598.1_3478	PMG11_03310
lcl|CDHK01000003.1_cds_CEO58599.1_3479	PMG11_03311
lcl|CDHK01000003.1_cds_CEO58600.1_3480	PMG11_03312
lcl|CDHK01000003.1_cds_CEO58601.1_3481	PMG11_03312
lcl|CDHK01000003.1_cds_CEO58602.1_3482	PMG11_03313
lcl|CDHK01000003.1_cds_CEO58603.1_3483	PMG11_03314
lcl|CDHK01000003.1_cds_CEO58604.1_3484	PMG11_03315
lcl|CDHK01000003.1_cds_CEO58605.1_3485	PMG11_03316
lcl|CDHK01000003.1_cds_CEO58606.1_3486	PMG11_03317
lcl|CDHK01000003.1_cds_CEO58607.1_3487	PMG11_03318
lcl|CDHK01000003.1_cds_CEO58608.1_3488	PMG11_03319
lcl|CDHK01000003.1_cds_CEO58609.1_3489	PMG11_03320
lcl|CDHK01000003.1_cds_CEO58610.1_3490	PMG11_03321
lcl|CDHK01000003.1_cds_CEO58611.1_3491	PMG11_03322
lcl|CDHK01000003.1_cds_CEO58612.1_3492	PMG11_03323
lcl|CDHK01000003.1_cds_CEO58613.1_3493	PMG11_03324
lcl|CDHK01000003.1_cds_CEO58614.1_3494	PMG11_03325
lcl|CDHK01000003.1_cds_CEO58615.1_3495	PMG11_03326
lcl|CDHK01000003.1_cds_CEO58616.1_3496	PMG11_03327
lcl|CDHK01000003.1_cds_CEO58617.1_3497	PMG11_03328
lcl|CDHK01000003.1_cds_CEO58618.1_3498	PMG11_03329
lcl|CDHK01000003.1_cds_CEO58619.1_3499	PMG11_03330
lcl|CDHK01000003.1_cds_CEO58621.1_3500	PMG11_03330
lcl|CDHK01000003.1_cds_CEO58620.1_3501	PMG11_03330
lcl|CDHK01000003.1_cds_CEO58622.1_3502	PMG11_03331
lcl|CDHK01000003.1_cds_CEO58623.1_3503	PMG11_03332
lcl|CDHK01000003.1_cds_CEO58624.1_3504	PMG11_03333
lcl|CDHK01000003.1_cds_CEO58625.1_3505	PMG11_03334
lcl|CDHK01000003.1_cds_CEO58626.1_3506	PMG11_03335
lcl|CDHK01000003.1_cds_CEO58627.1_3507	PMG11_03336
lcl|CDHK01000003.1_cds_CEO58628.1_3508	PMG11_03337
lcl|CDHK01000003.1_cds_CEO58629.1_3509	PMG11_03338
lcl|CDHK01000003.1_cds_CEO58630.1_3510	PMG11_03339
lcl|CDHK01000003.1_cds_CEO58631.1_3511	PMG11_03340
lcl|CDHK01000003.1_cds_CEO58632.1_3512	PMG11_03341
lcl|CDHK01000003.1_cds_CEO58633.1_3513	PMG11_03342
lcl|CDHK01000003.1_cds_CEO58634.1_3514	PMG11_03343
lcl|CDHK01000003.1_cds_CEO58635.1_3515	PMG11_03344
lcl|CDHK01000003.1_cds_CEO58636.1_3516	PMG11_03345
lcl|CDHK01000003.1_cds_CEO58637.1_3517	PMG11_03345
lcl|CDHK01000003.1_cds_CEO58638.1_3518	PMG11_03346
lcl|CDHK01000003.1_cds_CEO58639.1_3519	PMG11_03347
lcl|CDHK01000003.1_cds_CEO58640.1_3520	PMG11_03348
lcl|CDHK01000003.1_cds_CEO58641.1_3521	PMG11_03349
lcl|CDHK01000003.1_cds_CEO58642.1_3522	PMG11_03350
lcl|CDHK01000003.1_cds_CEO58643.1_3523	PMG11_03351
lcl|CDHK01000003.1_cds_CEO58644.1_3524	PMG11_03352
lcl|CDHK01000003.1_cds_CEO58645.1_3525	PMG11_03353
lcl|CDHK01000003.1_cds_CEO58646.1_3526	PMG11_03354
lcl|CDHK01000003.1_cds_CEO58647.1_3527	PMG11_03355
lcl|CDHK01000003.1_cds_CEO58648.1_3528	PMG11_03356
lcl|CDHK01000003.1_cds_CEO58649.1_3529	PMG11_03357
lcl|CDHK01000003.1_cds_CEO58650.1_3530	PMG11_03358
lcl|CDHK01000003.1_cds_CEO58651.1_3531	PMG11_03359
lcl|CDHK01000003.1_cds_CEO58652.1_3532	PMG11_03360
lcl|CDHK01000003.1_cds_CEO58653.1_3533	PMG11_03361
lcl|CDHK01000003.1_cds_CEO58654.1_3534	PMG11_03362
lcl|CDHK01000003.1_cds_CEO58655.1_3535	PMG11_03363
lcl|CDHK01000003.1_cds_CEO58656.1_3536	PMG11_03364
lcl|CDHK01000003.1_cds_CEO58657.1_3537	PMG11_03365
lcl|CDHK01000003.1_cds_CEO58658.1_3538	PMG11_03366
lcl|CDHK01000003.1_cds_CEO58659.1_3539	PMG11_03367
lcl|CDHK01000003.1_cds_CEO58660.1_3540	PMG11_03367
lcl|CDHK01000003.1_cds_CEO58661.1_3541	PMG11_03368
lcl|CDHK01000003.1_cds_CEO58662.1_3542	PMG11_03369
lcl|CDHK01000003.1_cds_CEO58663.1_3543	PMG11_03370
lcl|CDHK01000003.1_cds_CEO58664.1_3544	PMG11_03371
lcl|CDHK01000003.1_cds_CEO58665.1_3545	PMG11_03372
lcl|CDHK01000003.1_cds_CEO58666.1_3546	PMG11_03373
lcl|CDHK01000003.1_cds_CEO58667.1_3547	PMG11_03374
lcl|CDHK01000003.1_cds_CEO58668.1_3548	PMG11_03375
lcl|CDHK01000003.1_cds_CEO58669.1_3549	PMG11_03376
lcl|CDHK01000003.1_cds_CEO58670.1_3550	PMG11_03377
lcl|CDHK01000003.1_cds_CEO58671.1_3551	PMG11_03378
lcl|CDHK01000003.1_cds_CEO58672.1_3552	PMG11_03379
lcl|CDHK01000003.1_cds_CEO58673.1_3553	PMG11_03380
lcl|CDHK01000003.1_cds_CEO58674.1_3554	PMG11_03381
lcl|CDHK01000003.1_cds_CEO58675.1_3555	PMG11_03382
lcl|CDHK01000003.1_cds_CEO58676.1_3556	PMG11_03383
lcl|CDHK01000003.1_cds_CEO58677.1_3557	PMG11_03384
lcl|CDHK01000003.1_cds_CEO58678.1_3558	PMG11_03385
lcl|CDHK01000003.1_cds_CEO58679.1_3559	PMG11_03386
lcl|CDHK01000003.1_cds_CEO58680.1_3560	PMG11_03387
lcl|CDHK01000003.1_cds_CEO58681.1_3561	PMG11_03388
lcl|CDHK01000003.1_cds_CEO58682.1_3562	PMG11_03389
lcl|CDHK01000003.1_cds_CEO58683.1_3563	PMG11_03390
lcl|CDHK01000003.1_cds_CEO58684.1_3564	PMG11_03391
lcl|CDHK01000003.1_cds_CEO58685.1_3565	PMG11_03392
lcl|CDHK01000003.1_cds_CEO58686.1_3566	PMG11_03393
lcl|CDHK01000003.1_cds_CEO58687.1_3567	PMG11_03394
lcl|CDHK01000003.1_cds_CEO58688.1_3568	PMG11_03394
lcl|CDHK01000003.1_cds_CEO58689.1_3569	PMG11_03395
lcl|CDHK01000003.1_cds_CEO58690.1_3570	PMG11_03396
lcl|CDHK01000003.1_cds_CEO58691.1_3571	PMG11_03397
lcl|CDHK01000003.1_cds_CEO58692.1_3572	PMG11_03398
lcl|CDHK01000003.1_cds_CEO58693.1_3573	PMG11_03399
lcl|CDHK01000003.1_cds_CEO58694.1_3574	PMG11_03400
lcl|CDHK01000003.1_cds_CEO58695.1_3575	PMG11_03401
lcl|CDHK01000003.1_cds_CEO58696.1_3576	PMG11_03402
lcl|CDHK01000003.1_cds_CEO58697.1_3577	PMG11_03403
lcl|CDHK01000003.1_cds_CEO58698.1_3578	PMG11_03404
lcl|CDHK01000003.1_cds_CEO58699.1_3579	PMG11_03405
lcl|CDHK01000003.1_cds_CEO58700.1_3580	PMG11_03406
lcl|CDHK01000003.1_cds_CEO58701.1_3581	PMG11_03407
lcl|CDHK01000003.1_cds_CEO58702.1_3582	PMG11_03408
lcl|CDHK01000003.1_cds_CEO58703.1_3583	PMG11_03409
lcl|CDHK01000003.1_cds_CEO58704.1_3584	PMG11_03410
lcl|CDHK01000003.1_cds_CEO58705.1_3585	PMG11_03411
lcl|CDHK01000003.1_cds_CEO58706.1_3586	PMG11_03412
lcl|CDHK01000003.1_cds_CEO58708.1_3587	PMG11_03413
lcl|CDHK01000003.1_cds_CEO58707.1_3588	PMG11_03413
lcl|CDHK01000003.1_cds_CEO58709.1_3589	PMG11_03414
lcl|CDHK01000003.1_cds_CEO58710.1_3590	PMG11_03415
lcl|CDHK01000003.1_cds_CEO58711.1_3591	PMG11_03416
lcl|CDHK01000003.1_cds_CEO58712.1_3592	PMG11_03417
lcl|CDHK01000003.1_cds_CEO58713.1_3593	PMG11_03418
lcl|CDHK01000003.1_cds_CEO58714.1_3594	PMG11_03419
lcl|CDHK01000003.1_cds_CEO58715.1_3595	PMG11_03420
lcl|CDHK01000003.1_cds_CEO58716.1_3596	PMG11_03421
lcl|CDHK01000003.1_cds_CEO58717.1_3597	PMG11_03422
lcl|CDHK01000003.1_cds_CEO58718.1_3598	PMG11_03423
lcl|CDHK01000003.1_cds_CEO58719.1_3599	PMG11_03424
lcl|CDHK01000003.1_cds_CEO58720.1_3600	PMG11_03425
lcl|CDHK01000003.1_cds_CEO58721.1_3601	PMG11_03426
lcl|CDHK01000003.1_cds_CEO58722.1_3602	PMG11_03427
lcl|CDHK01000003.1_cds_CEO58723.1_3603	PMG11_03428
lcl|CDHK01000003.1_cds_CEO58724.1_3604	PMG11_03429
lcl|CDHK01000003.1_cds_CEO58725.1_3605	PMG11_03430
lcl|CDHK01000003.1_cds_CEO58726.1_3606	PMG11_03431
lcl|CDHK01000003.1_cds_CEO58727.1_3607	PMG11_03432
lcl|CDHK01000003.1_cds_CEO58728.1_3608	PMG11_03433
lcl|CDHK01000003.1_cds_CEO58729.1_3609	PMG11_03434
lcl|CDHK01000003.1_cds_CEO58730.1_3610	PMG11_03435
lcl|CDHK01000003.1_cds_CEO58731.1_3611	PMG11_03436
lcl|CDHK01000003.1_cds_CEO58732.1_3612	PMG11_03437
lcl|CDHK01000003.1_cds_CEO58733.1_3613	PMG11_03438
lcl|CDHK01000003.1_cds_CEO58734.1_3614	PMG11_03439
lcl|CDHK01000003.1_cds_CEO58735.1_3615	PMG11_03440
lcl|CDHK01000003.1_cds_CEO58736.1_3616	PMG11_03441
lcl|CDHK01000003.1_cds_CEO58737.1_3617	PMG11_03442
lcl|CDHK01000003.1_cds_CEO58738.1_3618	PMG11_03443
lcl|CDHK01000003.1_cds_CEO58739.1_3619	PMG11_03444
lcl|CDHK01000003.1_cds_CEO58740.1_3620	PMG11_03445
lcl|CDHK01000003.1_cds_CEO58741.1_3621	PMG11_03445
lcl|CDHK01000003.1_cds_CEO58742.1_3622	PMG11_03446
lcl|CDHK01000003.1_cds_CEO58743.1_3623	PMG11_03447
lcl|CDHK01000003.1_cds_CEO58744.1_3624	PMG11_03448
lcl|CDHK01000003.1_cds_CEO58745.1_3625	PMG11_03449
lcl|CDHK01000003.1_cds_CEO58746.1_3626	PMG11_03450
lcl|CDHK01000003.1_cds_CEO58747.1_3627	PMG11_03451
lcl|CDHK01000003.1_cds_CEO58748.1_3628	PMG11_03452
lcl|CDHK01000003.1_cds_CEO58749.1_3629	PMG11_03453
lcl|CDHK01000003.1_cds_CEO58750.1_3630	PMG11_03454
lcl|CDHK01000003.1_cds_CEO58751.1_3631	PMG11_03455
lcl|CDHK01000003.1_cds_CEO58752.1_3632	PMG11_03456
lcl|CDHK01000003.1_cds_CEO58753.1_3633	PMG11_03457
lcl|CDHK01000003.1_cds_CEO58754.1_3634	PMG11_03458
lcl|CDHK01000003.1_cds_CEO58755.1_3635	PMG11_03459
lcl|CDHK01000003.1_cds_CEO58756.1_3636	PMG11_03460
lcl|CDHK01000003.1_cds_CEO58757.1_3637	PMG11_03461
lcl|CDHK01000003.1_cds_CEO58758.1_3638	PMG11_03462
lcl|CDHK01000003.1_cds_CEO58759.1_3639	PMG11_03463
lcl|CDHK01000003.1_cds_CEO58760.1_3640	PMG11_03464
lcl|CDHK01000003.1_cds_CEO58761.1_3641	PMG11_03465
lcl|CDHK01000003.1_cds_CEO58762.1_3642	PMG11_03466
lcl|CDHK01000003.1_cds_CEO58763.1_3643	PMG11_03467
lcl|CDHK01000003.1_cds_CEO58764.1_3644	PMG11_03468
lcl|CDHK01000003.1_cds_CEO58765.1_3645	PMG11_03469
lcl|CDHK01000003.1_cds_CEO58766.1_3646	PMG11_03470
lcl|CDHK01000003.1_cds_CEO58767.1_3647	PMG11_03471
lcl|CDHK01000003.1_cds_CEO58768.1_3648	PMG11_03472
lcl|CDHK01000003.1_cds_CEO58769.1_3649	PMG11_03473
lcl|CDHK01000003.1_cds_CEO58770.1_3650	PMG11_03474
lcl|CDHK01000003.1_cds_CEO58771.1_3651	PMG11_03474
lcl|CDHK01000003.1_cds_CEO58772.1_3652	PMG11_03475
lcl|CDHK01000003.1_cds_CEO58773.1_3653	PMG11_03476
lcl|CDHK01000003.1_cds_CEO58774.1_3654	PMG11_03477
lcl|CDHK01000003.1_cds_CEO58775.1_3655	PMG11_03478
lcl|CDHK01000003.1_cds_CEO58776.1_3656	PMG11_03479
lcl|CDHK01000003.1_cds_CEO58777.1_3657	PMG11_03479
lcl|CDHK01000003.1_cds_CEO58778.1_3658	PMG11_03480
lcl|CDHK01000003.1_cds_CEO58779.1_3659	PMG11_03481
lcl|CDHK01000003.1_cds_CEO58780.1_3660	PMG11_03482
lcl|CDHK01000003.1_cds_CEO58781.1_3661	PMG11_03483
lcl|CDHK01000003.1_cds_CEO58782.1_3662	PMG11_03484
lcl|CDHK01000003.1_cds_CEO58783.1_3663	PMG11_03485
lcl|CDHK01000003.1_cds_CEO58784.1_3664	PMG11_03486
lcl|CDHK01000003.1_cds_CEO58785.1_3665	PMG11_03487
lcl|CDHK01000003.1_cds_CEO58786.1_3666	PMG11_03488
lcl|CDHK01000003.1_cds_CEO58787.1_3667	PMG11_03489
lcl|CDHK01000003.1_cds_CEO58788.1_3668	PMG11_03490
lcl|CDHK01000003.1_cds_CEO58789.1_3669	PMG11_03491
lcl|CDHK01000003.1_cds_CEO58790.1_3670	PMG11_03492
lcl|CDHK01000003.1_cds_CEO58791.1_3671	PMG11_03493
lcl|CDHK01000003.1_cds_CEO58792.1_3672	PMG11_03494
lcl|CDHK01000003.1_cds_CEO58793.1_3673	PMG11_03495
lcl|CDHK01000003.1_cds_CEO58794.1_3674	PMG11_03496
lcl|CDHK01000003.1_cds_CEO58795.1_3675	PMG11_03497
lcl|CDHK01000003.1_cds_CEO58796.1_3676	PMG11_03498
lcl|CDHK01000003.1_cds_CEO58797.1_3677	PMG11_03499
lcl|CDHK01000003.1_cds_CEO58798.1_3678	PMG11_03500
lcl|CDHK01000003.1_cds_CEO58799.1_3679	PMG11_03501
lcl|CDHK01000003.1_cds_CEO58800.1_3680	PMG11_03502
lcl|CDHK01000003.1_cds_CEO58801.1_3681	PMG11_03503
lcl|CDHK01000003.1_cds_CEO58802.1_3682	PMG11_03504
lcl|CDHK01000003.1_cds_CEO58803.1_3683	PMG11_03505
lcl|CDHK01000003.1_cds_CEO58804.1_3684	PMG11_03506
lcl|CDHK01000003.1_cds_CEO58805.1_3685	PMG11_03507
lcl|CDHK01000003.1_cds_CEO58806.1_3686	PMG11_03508
lcl|CDHK01000003.1_cds_CEO58807.1_3687	PMG11_03509
lcl|CDHK01000003.1_cds_CEO58808.1_3688	PMG11_03510
lcl|CDHK01000003.1_cds_CEO58809.1_3689	PMG11_03511
lcl|CDHK01000003.1_cds_CEO58810.1_3690	PMG11_03512
lcl|CDHK01000003.1_cds_CEO58811.1_3691	PMG11_03513
lcl|CDHK01000003.1_cds_CEO58812.1_3692	PMG11_03514
lcl|CDHK01000003.1_cds_CEO58813.1_3693	PMG11_03515
lcl|CDHK01000003.1_cds_CEO58814.1_3694	PMG11_03516
lcl|CDHK01000003.1_cds_CEO58815.1_3695	PMG11_03517
lcl|CDHK01000003.1_cds_CEO58816.1_3696	PMG11_03518
lcl|CDHK01000003.1_cds_CEO58817.1_3697	PMG11_03519
lcl|CDHK01000003.1_cds_CEO58818.1_3698	PMG11_03520
lcl|CDHK01000003.1_cds_CEO58819.1_3699	PMG11_03521
lcl|CDHK01000003.1_cds_CEO58820.1_3700	PMG11_03522
lcl|CDHK01000003.1_cds_CEO58821.1_3701	PMG11_03523
lcl|CDHK01000003.1_cds_CEO58822.1_3702	PMG11_03524
lcl|CDHK01000003.1_cds_CEO58823.1_3703	PMG11_03525
lcl|CDHK01000003.1_cds_CEO58824.1_3704	PMG11_03526
lcl|CDHK01000003.1_cds_CEO58825.1_3705	PMG11_03527
lcl|CDHK01000003.1_cds_CEO58826.1_3706	PMG11_03528
lcl|CDHK01000003.1_cds_CEO58827.1_3707	PMG11_03529
lcl|CDHK01000003.1_cds_CEO58828.1_3708	PMG11_03530
lcl|CDHK01000003.1_cds_CEO58829.1_3709	PMG11_03531
lcl|CDHK01000003.1_cds_CEO58830.1_3710	PMG11_03532
lcl|CDHK01000003.1_cds_CEO58831.1_3711	PMG11_03533
lcl|CDHK01000003.1_cds_CEO58832.1_3712	PMG11_03534
lcl|CDHK01000003.1_cds_CEO58833.1_3713	PMG11_03535
lcl|CDHK01000003.1_cds_CEO58834.1_3714	PMG11_03536
lcl|CDHK01000003.1_cds_CEO58835.1_3715	PMG11_03536
lcl|CDHK01000003.1_cds_CEO58836.1_3716	PMG11_03537
lcl|CDHK01000003.1_cds_CEO58837.1_3717	PMG11_03537
lcl|CDHK01000003.1_cds_CEO58838.1_3718	PMG11_03538
lcl|CDHK01000003.1_cds_CEO58839.1_3719	PMG11_03539
lcl|CDHK01000003.1_cds_CEO58840.1_3720	PMG11_03540
lcl|CDHK01000003.1_cds_CEO58841.1_3721	PMG11_03541
lcl|CDHK01000003.1_cds_CEO58842.1_3722	PMG11_03542
lcl|CDHK01000003.1_cds_CEO58843.1_3723	PMG11_03543
lcl|CDHK01000003.1_cds_CEO58844.1_3724	PMG11_03544
lcl|CDHK01000003.1_cds_CEO58845.1_3725	PMG11_03545
lcl|CDHK01000003.1_cds_CEO58846.1_3726	PMG11_03546
lcl|CDHK01000003.1_cds_CEO58847.1_3727	PMG11_03547
lcl|CDHK01000003.1_cds_CEO58848.1_3728	PMG11_03548
lcl|CDHK01000003.1_cds_CEO58849.1_3729	PMG11_03549
lcl|CDHK01000003.1_cds_CEO58851.1_3730	PMG11_03550
lcl|CDHK01000003.1_cds_CEO58850.1_3731	PMG11_03550
lcl|CDHK01000003.1_cds_CEO58852.1_3732	PMG11_03551
lcl|CDHK01000003.1_cds_CEO58853.1_3733	PMG11_03552
lcl|CDHK01000003.1_cds_CEO58854.1_3734	PMG11_03553
lcl|CDHK01000003.1_cds_CEO58855.1_3735	PMG11_03554
lcl|CDHK01000003.1_cds_CEO58856.1_3736	PMG11_03555
lcl|CDHK01000003.1_cds_CEO58857.1_3737	PMG11_03556
lcl|CDHK01000003.1_cds_CEO58858.1_3738	PMG11_03556
lcl|CDHK01000003.1_cds_CEO58859.1_3739	PMG11_03557
lcl|CDHK01000003.1_cds_CEO58860.1_3740	PMG11_03558
lcl|CDHK01000003.1_cds_CEO58861.1_3741	PMG11_03559
lcl|CDHK01000003.1_cds_CEO58862.1_3742	PMG11_03560
lcl|CDHK01000003.1_cds_CEO58863.1_3743	PMG11_03560
lcl|CDHK01000003.1_cds_CEO58864.1_3744	PMG11_03561
lcl|CDHK01000003.1_cds_CEO58865.1_3745	PMG11_03562
lcl|CDHK01000003.1_cds_CEO58866.1_3746	PMG11_03563
lcl|CDHK01000003.1_cds_CEO58867.1_3747	PMG11_03564
lcl|CDHK01000003.1_cds_CEO58868.1_3748	PMG11_03565
lcl|CDHK01000003.1_cds_CEO58869.1_3749	PMG11_03566
lcl|CDHK01000003.1_cds_CEO58870.1_3750	PMG11_03567
lcl|CDHK01000003.1_cds_CEO58871.1_3751	PMG11_03568
lcl|CDHK01000003.1_cds_CEO58872.1_3752	PMG11_03569
lcl|CDHK01000003.1_cds_CEO58873.1_3753	PMG11_03570
lcl|CDHK01000003.1_cds_CEO58874.1_3754	PMG11_03571
lcl|CDHK01000003.1_cds_CEO58875.1_3755	PMG11_03572
lcl|CDHK01000003.1_cds_CEO58876.1_3756	PMG11_03573
lcl|CDHK01000003.1_cds_CEO58877.1_3757	PMG11_03574
lcl|CDHK01000003.1_cds_CEO58878.1_3758	PMG11_03575
lcl|CDHK01000003.1_cds_CEO58879.1_3759	PMG11_03576
lcl|CDHK01000003.1_cds_CEO58880.1_3760	PMG11_03577
lcl|CDHK01000003.1_cds_CEO58881.1_3761	PMG11_03578
lcl|CDHK01000003.1_cds_CEO58882.1_3762	PMG11_03579
lcl|CDHK01000003.1_cds_CEO58883.1_3763	PMG11_03580
lcl|CDHK01000003.1_cds_CEO58884.1_3764	PMG11_03581
lcl|CDHK01000003.1_cds_CEO58885.1_3765	PMG11_03582
lcl|CDHK01000003.1_cds_CEO58886.1_3766	PMG11_03583
lcl|CDHK01000003.1_cds_CEO58888.1_3767	PMG11_03584
lcl|CDHK01000003.1_cds_CEO58887.1_3768	PMG11_03584
lcl|CDHK01000003.1_cds_CEO58889.1_3769	PMG11_03585
lcl|CDHK01000003.1_cds_CEO58890.1_3770	PMG11_03586
lcl|CDHK01000003.1_cds_CEO58891.1_3771	PMG11_03586
lcl|CDHK01000003.1_cds_CEO58892.1_3772	PMG11_03587
lcl|CDHK01000003.1_cds_CEO58893.1_3773	PMG11_03588
lcl|CDHK01000003.1_cds_CEO58894.1_3774	PMG11_03589
lcl|CDHK01000003.1_cds_CEO58895.1_3775	PMG11_03590
lcl|CDHK01000003.1_cds_CEO58896.1_3776	PMG11_03591
lcl|CDHK01000003.1_cds_CEO58897.1_3777	PMG11_03592
lcl|CDHK01000003.1_cds_CEO58898.1_3778	PMG11_03593
lcl|CDHK01000003.1_cds_CEO58899.1_3779	PMG11_03594
lcl|CDHK01000003.1_cds_CEO58900.1_3780	PMG11_03595
lcl|CDHK01000003.1_cds_CEO58901.1_3781	PMG11_03596
lcl|CDHK01000003.1_cds_CEO58902.1_3782	PMG11_03597
lcl|CDHK01000003.1_cds_CEO58903.1_3783	PMG11_03598
lcl|CDHK01000003.1_cds_CEO58904.1_3784	PMG11_03599
lcl|CDHK01000003.1_cds_CEO58905.1_3785	PMG11_03600
lcl|CDHK01000003.1_cds_CEO58906.1_3786	PMG11_03601
lcl|CDHK01000003.1_cds_CEO58907.1_3787	PMG11_03602
lcl|CDHK01000003.1_cds_CEO58908.1_3788	PMG11_03603
lcl|CDHK01000003.1_cds_CEO58909.1_3789	PMG11_03604
lcl|CDHK01000003.1_cds_CEO58910.1_3790	PMG11_03605
lcl|CDHK01000003.1_cds_CEO58911.1_3791	PMG11_03606
lcl|CDHK01000003.1_cds_CEO58912.1_3792	PMG11_03607
lcl|CDHK01000003.1_cds_CEO58913.1_3793	PMG11_03608
lcl|CDHK01000003.1_cds_CEO58914.1_3794	PMG11_03608
lcl|CDHK01000003.1_cds_CEO58915.1_3795	PMG11_03609
lcl|CDHK01000003.1_cds_CEO58916.1_3796	PMG11_03610
lcl|CDHK01000003.1_cds_CEO58917.1_3797	PMG11_03610
lcl|CDHK01000003.1_cds_CEO58918.1_3798	PMG11_03610
lcl|CDHK01000003.1_cds_CEO58919.1_3799	PMG11_03611
lcl|CDHK01000003.1_cds_CEO58920.1_3800	PMG11_03612
lcl|CDHK01000003.1_cds_CEO58921.1_3801	PMG11_03613
lcl|CDHK01000003.1_cds_CEO58922.1_3802	PMG11_03614
lcl|CDHK01000003.1_cds_CEO58923.1_3803	PMG11_03615
lcl|CDHK01000003.1_cds_CEO58924.1_3804	PMG11_03616
lcl|CDHK01000003.1_cds_CEO58925.1_3805	PMG11_03617
lcl|CDHK01000003.1_cds_CEO58926.1_3806	PMG11_03618
lcl|CDHK01000003.1_cds_CEO58927.1_3807	PMG11_03619
lcl|CDHK01000003.1_cds_CEO58928.1_3808	PMG11_03620
lcl|CDHK01000003.1_cds_CEO58929.1_3809	PMG11_03621
lcl|CDHK01000003.1_cds_CEO58930.1_3810	PMG11_03622
lcl|CDHK01000003.1_cds_CEO58931.1_3811	PMG11_03623
lcl|CDHK01000003.1_cds_CEO58932.1_3812	PMG11_03624
lcl|CDHK01000003.1_cds_CEO58933.1_3813	PMG11_03625
lcl|CDHK01000003.1_cds_CEO58934.1_3814	PMG11_03626
lcl|CDHK01000003.1_cds_CEO58935.1_3815	PMG11_03627
lcl|CDHK01000003.1_cds_CEO58936.1_3816	PMG11_03628
lcl|CDHK01000003.1_cds_CEO58937.1_3817	PMG11_03629
lcl|CDHK01000003.1_cds_CEO58938.1_3818	PMG11_03630
lcl|CDHK01000003.1_cds_CEO58939.1_3819	PMG11_03631
lcl|CDHK01000003.1_cds_CEO58940.1_3820	PMG11_03632
lcl|CDHK01000003.1_cds_CEO58941.1_3821	PMG11_03633
lcl|CDHK01000003.1_cds_CEO58942.1_3822	PMG11_03634
lcl|CDHK01000003.1_cds_CEO58943.1_3823	PMG11_03635
lcl|CDHK01000003.1_cds_CEO58944.1_3824	PMG11_03636
lcl|CDHK01000003.1_cds_CEO58945.1_3825	PMG11_03637
lcl|CDHK01000003.1_cds_CEO58946.1_3826	PMG11_03638
lcl|CDHK01000003.1_cds_CEO58947.1_3827	PMG11_03639
lcl|CDHK01000003.1_cds_CEO58948.1_3828	PMG11_03640
lcl|CDHK01000003.1_cds_CEO58949.1_3829	PMG11_03641
lcl|CDHK01000003.1_cds_CEO58950.1_3830	PMG11_03642
lcl|CDHK01000003.1_cds_CEO58951.1_3831	PMG11_03643
lcl|CDHK01000003.1_cds_CEO58952.1_3832	PMG11_03644
lcl|CDHK01000003.1_cds_CEO58953.1_3833	PMG11_03645
lcl|CDHK01000003.1_cds_CEO58954.1_3834	PMG11_03646
lcl|CDHK01000003.1_cds_CEO58955.1_3835	PMG11_03647
lcl|CDHK01000003.1_cds_CEO58956.1_3836	PMG11_03648
lcl|CDHK01000003.1_cds_CEO58957.1_3837	PMG11_03649
lcl|CDHK01000003.1_cds_CEO58958.1_3838	PMG11_03650
lcl|CDHK01000003.1_cds_CEO58959.1_3839	PMG11_03651
lcl|CDHK01000003.1_cds_CEO58960.1_3840	PMG11_03652
lcl|CDHK01000003.1_cds_CEO58961.1_3841	PMG11_03653
lcl|CDHK01000003.1_cds_CEO58962.1_3842	PMG11_03654
lcl|CDHK01000003.1_cds_CEO58963.1_3843	PMG11_03655
lcl|CDHK01000003.1_cds_CEO58964.1_3844	PMG11_03656
lcl|CDHK01000003.1_cds_CEO58965.1_3845	PMG11_03657
lcl|CDHK01000003.1_cds_CEO58966.1_3846	PMG11_03658
lcl|CDHK01000003.1_cds_CEO58967.1_3847	PMG11_03659
lcl|CDHK01000003.1_cds_CEO58968.1_3848	PMG11_03660
lcl|CDHK01000003.1_cds_CEO58969.1_3849	PMG11_03661
lcl|CDHK01000003.1_cds_CEO58970.1_3850	PMG11_03662
lcl|CDHK01000003.1_cds_CEO58971.1_3851	PMG11_03663
lcl|CDHK01000003.1_cds_CEO58972.1_3852	PMG11_03664
lcl|CDHK01000003.1_cds_CEO58973.1_3853	PMG11_03665
lcl|CDHK01000003.1_cds_CEO58974.1_3854	PMG11_03666
lcl|CDHK01000003.1_cds_CEO58975.1_3855	PMG11_03667
lcl|CDHK01000003.1_cds_CEO58976.1_3856	PMG11_03668
lcl|CDHK01000003.1_cds_CEO58977.1_3857	PMG11_03669
lcl|CDHK01000003.1_cds_CEO58978.1_3858	PMG11_03670
lcl|CDHK01000003.1_cds_CEO58979.1_3859	PMG11_03671
lcl|CDHK01000003.1_cds_CEO58980.1_3860	PMG11_03672
lcl|CDHK01000003.1_cds_CEO58981.1_3861	PMG11_03673
lcl|CDHK01000003.1_cds_CEO58982.1_3862	PMG11_03674
lcl|CDHK01000003.1_cds_CEO58983.1_3863	PMG11_03675
lcl|CDHK01000003.1_cds_CEO58984.1_3864	PMG11_03676
lcl|CDHK01000003.1_cds_CEO58985.1_3865	PMG11_03677
lcl|CDHK01000003.1_cds_CEO58986.1_3866	PMG11_03678
lcl|CDHK01000003.1_cds_CEO58987.1_3867	PMG11_03679
lcl|CDHK01000003.1_cds_CEO58988.1_3868	PMG11_03680
lcl|CDHK01000003.1_cds_CEO58989.1_3869	PMG11_03681
lcl|CDHK01000003.1_cds_CEO58990.1_3870	PMG11_03681
lcl|CDHK01000003.1_cds_CEO58991.1_3871	PMG11_03682
lcl|CDHK01000003.1_cds_CEO58992.1_3872	PMG11_03683
lcl|CDHK01000003.1_cds_CEO58993.1_3873	PMG11_03684
lcl|CDHK01000003.1_cds_CEO58994.1_3874	PMG11_03685
lcl|CDHK01000003.1_cds_CEO58995.1_3875	PMG11_03686
lcl|CDHK01000003.1_cds_CEO58996.1_3876	PMG11_03687
lcl|CDHK01000003.1_cds_CEO58997.1_3877	PMG11_03688
lcl|CDHK01000003.1_cds_CEO58998.1_3878	PMG11_03689
lcl|CDHK01000003.1_cds_CEO58999.1_3879	PMG11_03690
lcl|CDHK01000003.1_cds_CEO59000.1_3880	PMG11_03691
lcl|CDHK01000003.1_cds_CEO59001.1_3881	PMG11_03692
lcl|CDHK01000003.1_cds_CEO59002.1_3882	PMG11_03693
lcl|CDHK01000003.1_cds_CEO59004.1_3883	PMG11_03694
lcl|CDHK01000003.1_cds_CEO59003.1_3884	PMG11_03694
lcl|CDHK01000003.1_cds_CEO59005.1_3885	PMG11_03695
lcl|CDHK01000003.1_cds_CEO59006.1_3886	PMG11_03696
lcl|CDHK01000003.1_cds_CEO59007.1_3887	PMG11_03697
lcl|CDHK01000003.1_cds_CEO59008.1_3888	PMG11_03698
lcl|CDHK01000003.1_cds_CEO59009.1_3889	PMG11_03699
lcl|CDHK01000003.1_cds_CEO59010.1_3890	PMG11_03700
lcl|CDHK01000003.1_cds_CEO59011.1_3891	PMG11_03701
lcl|CDHK01000003.1_cds_CEO59012.1_3892	PMG11_03702
lcl|CDHK01000003.1_cds_CEO59013.1_3893	PMG11_03703
lcl|CDHK01000003.1_cds_CEO59014.1_3894	PMG11_03704
lcl|CDHK01000003.1_cds_CEO59015.1_3895	PMG11_03705
lcl|CDHK01000003.1_cds_CEO59016.1_3896	PMG11_03706
lcl|CDHK01000003.1_cds_CEO59017.1_3897	PMG11_03707
lcl|CDHK01000003.1_cds_CEO59018.1_3898	PMG11_03708
lcl|CDHK01000003.1_cds_CEO59019.1_3899	PMG11_03709
lcl|CDHK01000003.1_cds_CEO59020.1_3900	PMG11_03709
lcl|CDHK01000003.1_cds_CEO59021.1_3901	PMG11_03710
lcl|CDHK01000003.1_cds_CEO59022.1_3902	PMG11_03711
lcl|CDHK01000003.1_cds_CEO59023.1_3903	PMG11_03712
lcl|CDHK01000003.1_cds_CEO59024.1_3904	PMG11_03713
lcl|CDHK01000003.1_cds_CEO59025.1_3905	PMG11_03714
lcl|CDHK01000003.1_cds_CEO59026.1_3906	PMG11_03715
lcl|CDHK01000003.1_cds_CEO59027.1_3907	PMG11_03716
lcl|CDHK01000003.1_cds_CEO59028.1_3908	PMG11_03717
lcl|CDHK01000003.1_cds_CEO59029.1_3909	PMG11_03718
lcl|CDHK01000003.1_cds_CEO59030.1_3910	PMG11_03719
lcl|CDHK01000003.1_cds_CEO59031.1_3911	PMG11_03720
lcl|CDHK01000003.1_cds_CEO59032.1_3912	PMG11_03721
lcl|CDHK01000003.1_cds_CEO59033.1_3913	PMG11_03722
lcl|CDHK01000003.1_cds_CEO59034.1_3914	PMG11_03723
lcl|CDHK01000003.1_cds_CEO59035.1_3915	PMG11_03724
lcl|CDHK01000003.1_cds_CEO59036.1_3916	PMG11_03725
lcl|CDHK01000003.1_cds_CEO59037.1_3917	PMG11_03726
lcl|CDHK01000003.1_cds_CEO59038.1_3918	PMG11_03727
lcl|CDHK01000003.1_cds_CEO59039.1_3919	PMG11_03728
lcl|CDHK01000003.1_cds_CEO59040.1_3920	PMG11_03729
lcl|CDHK01000003.1_cds_CEO59041.1_3921	PMG11_03730
lcl|CDHK01000003.1_cds_CEO59042.1_3922	PMG11_03731
lcl|CDHK01000003.1_cds_CEO59043.1_3923	PMG11_03732
lcl|CDHK01000003.1_cds_CEO59044.1_3924	PMG11_03733
lcl|CDHK01000003.1_cds_CEO59045.1_3925	PMG11_03734
lcl|CDHK01000003.1_cds_CEO59046.1_3926	PMG11_03735
lcl|CDHK01000003.1_cds_CEO59047.1_3927	PMG11_03736
lcl|CDHK01000003.1_cds_CEO59048.1_3928	PMG11_03737
lcl|CDHK01000003.1_cds_CEO59049.1_3929	PMG11_03738
lcl|CDHK01000003.1_cds_CEO59050.1_3930	PMG11_03739
lcl|CDHK01000003.1_cds_CEO59051.1_3931	PMG11_03740
lcl|CDHK01000003.1_cds_CEO59052.1_3932	PMG11_03741
lcl|CDHK01000003.1_cds_CEO59053.1_3933	PMG11_03742
lcl|CDHK01000003.1_cds_CEO59054.1_3934	PMG11_03743
lcl|CDHK01000003.1_cds_CEO59055.1_3935	PMG11_03744
lcl|CDHK01000003.1_cds_CEO59056.1_3936	PMG11_03745
lcl|CDHK01000003.1_cds_CEO59057.1_3937	PMG11_03746
lcl|CDHK01000003.1_cds_CEO59058.1_3938	PMG11_03747
lcl|CDHK01000003.1_cds_CEO59059.1_3939	PMG11_03748
lcl|CDHK01000003.1_cds_CEO59060.1_3940	PMG11_03749
lcl|CDHK01000003.1_cds_CEO59061.1_3941	PMG11_03750
lcl|CDHK01000003.1_cds_CEO59062.1_3942	PMG11_03751
lcl|CDHK01000003.1_cds_CEO59063.1_3943	PMG11_03752
lcl|CDHK01000003.1_cds_CEO59064.1_3944	PMG11_03753
lcl|CDHK01000003.1_cds_CEO59065.1_3945	PMG11_03754
lcl|CDHK01000003.1_cds_CEO59066.1_3946	PMG11_03755
lcl|CDHK01000003.1_cds_CEO59067.1_3947	PMG11_03756
lcl|CDHK01000003.1_cds_CEO59068.1_3948	PMG11_03757
lcl|CDHK01000003.1_cds_CEO59069.1_3949	PMG11_03758
lcl|CDHK01000003.1_cds_CEO59070.1_3950	PMG11_03759
lcl|CDHK01000003.1_cds_CEO59071.1_3951	PMG11_03760
lcl|CDHK01000003.1_cds_CEO59072.1_3952	PMG11_03761
lcl|CDHK01000003.1_cds_CEO59073.1_3953	PMG11_03762
lcl|CDHK01000003.1_cds_CEO59074.1_3954	PMG11_03763
lcl|CDHK01000003.1_cds_CEO59075.1_3955	PMG11_03764
lcl|CDHK01000003.1_cds_CEO59076.1_3956	PMG11_03765
lcl|CDHK01000003.1_cds_CEO59077.1_3957	PMG11_03765
lcl|CDHK01000003.1_cds_CEO59078.1_3958	PMG11_03766
lcl|CDHK01000003.1_cds_CEO59079.1_3959	PMG11_03767
lcl|CDHK01000003.1_cds_CEO59080.1_3960	PMG11_03768
lcl|CDHK01000003.1_cds_CEO59081.1_3961	PMG11_03769
lcl|CDHK01000003.1_cds_CEO59082.1_3962	PMG11_03770
lcl|CDHK01000003.1_cds_CEO59083.1_3963	PMG11_03771
lcl|CDHK01000003.1_cds_CEO59084.1_3964	PMG11_03772
lcl|CDHK01000003.1_cds_CEO59085.1_3965	PMG11_03773
lcl|CDHK01000003.1_cds_CEO59086.1_3966	PMG11_03774
lcl|CDHK01000003.1_cds_CEO59087.1_3967	PMG11_03775
lcl|CDHK01000003.1_cds_CEO59088.1_3968	PMG11_03776
lcl|CDHK01000003.1_cds_CEO59089.1_3969	PMG11_03777
lcl|CDHK01000003.1_cds_CEO59090.1_3970	PMG11_03778
lcl|CDHK01000003.1_cds_CEO59091.1_3971	PMG11_03779
lcl|CDHK01000003.1_cds_CEO59092.1_3972	PMG11_03780
lcl|CDHK01000003.1_cds_CEO59093.1_3973	PMG11_03781
lcl|CDHK01000003.1_cds_CEO59094.1_3974	PMG11_03782
lcl|CDHK01000003.1_cds_CEO59095.1_3975	PMG11_03783
lcl|CDHK01000003.1_cds_CEO59096.1_3976	PMG11_03784
lcl|CDHK01000003.1_cds_CEO59097.1_3977	PMG11_03785
lcl|CDHK01000003.1_cds_CEO59098.1_3978	PMG11_03786
lcl|CDHK01000003.1_cds_CEO59099.1_3979	PMG11_03787
lcl|CDHK01000003.1_cds_CEO59100.1_3980	PMG11_03788
lcl|CDHK01000003.1_cds_CEO59101.1_3981	PMG11_03789
lcl|CDHK01000003.1_cds_CEO59102.1_3982	PMG11_03790
lcl|CDHK01000003.1_cds_CEO59103.1_3983	PMG11_03791
lcl|CDHK01000003.1_cds_CEO59104.1_3984	PMG11_03791
lcl|CDHK01000003.1_cds_CEO59105.1_3985	PMG11_03792
lcl|CDHK01000003.1_cds_CEO59106.1_3986	PMG11_03793
lcl|CDHK01000003.1_cds_CEO59107.1_3987	PMG11_03794
lcl|CDHK01000003.1_cds_CEO59108.1_3988	PMG11_03795
lcl|CDHK01000003.1_cds_CEO59109.1_3989	PMG11_03796
lcl|CDHK01000003.1_cds_CEO59110.1_3990	PMG11_03797
lcl|CDHK01000003.1_cds_CEO59111.1_3991	PMG11_03798
lcl|CDHK01000003.1_cds_CEO59112.1_3992	PMG11_03799
lcl|CDHK01000003.1_cds_CEO59113.1_3993	PMG11_03800
lcl|CDHK01000003.1_cds_CEO59114.1_3994	PMG11_03801
lcl|CDHK01000003.1_cds_CEO59115.1_3995	PMG11_03802
lcl|CDHK01000003.1_cds_CEO59116.1_3996	PMG11_03803
lcl|CDHK01000003.1_cds_CEO59117.1_3997	PMG11_03804
lcl|CDHK01000003.1_cds_CEO59118.1_3998	PMG11_03805
lcl|CDHK01000003.1_cds_CEO59119.1_3999	PMG11_03806
lcl|CDHK01000003.1_cds_CEO59120.1_4000	PMG11_03806
lcl|CDHK01000003.1_cds_CEO59121.1_4001	PMG11_03807
lcl|CDHK01000003.1_cds_CEO59122.1_4002	PMG11_03808
lcl|CDHK01000003.1_cds_CEO59123.1_4003	PMG11_03809
lcl|CDHK01000003.1_cds_CEO59124.1_4004	PMG11_03810
lcl|CDHK01000003.1_cds_CEO59125.1_4005	PMG11_03811
lcl|CDHK01000003.1_cds_CEO59126.1_4006	PMG11_03812
lcl|CDHK01000003.1_cds_CEO59127.1_4007	PMG11_03813
lcl|CDHK01000003.1_cds_CEO59128.1_4008	PMG11_03814
lcl|CDHK01000003.1_cds_CEO59129.1_4009	PMG11_03815
lcl|CDHK01000003.1_cds_CEO59130.1_4010	PMG11_03816
lcl|CDHK01000003.1_cds_CEO59131.1_4011	PMG11_03817
lcl|CDHK01000003.1_cds_CEO59132.1_4012	PMG11_03818
lcl|CDHK01000003.1_cds_CEO59133.1_4013	PMG11_03819
lcl|CDHK01000003.1_cds_CEO59134.1_4014	PMG11_03820
lcl|CDHK01000003.1_cds_CEO59135.1_4015	PMG11_03821
lcl|CDHK01000003.1_cds_CEO59136.1_4016	PMG11_03822
lcl|CDHK01000003.1_cds_CEO59137.1_4017	PMG11_03823
lcl|CDHK01000003.1_cds_CEO59138.1_4018	PMG11_03824
lcl|CDHK01000003.1_cds_CEO59139.1_4019	PMG11_03825
lcl|CDHK01000003.1_cds_CEO59140.1_4020	PMG11_03826
lcl|CDHK01000003.1_cds_CEO59141.1_4021	PMG11_03827
lcl|CDHK01000003.1_cds_CEO59142.1_4022	PMG11_03828
lcl|CDHK01000003.1_cds_CEO59143.1_4023	PMG11_03829
lcl|CDHK01000003.1_cds_CEO59144.1_4024	PMG11_03830
lcl|CDHK01000003.1_cds_CEO59145.1_4025	PMG11_03831
lcl|CDHK01000003.1_cds_CEO59146.1_4026	PMG11_03832
lcl|CDHK01000003.1_cds_CEO59147.1_4027	PMG11_03833
lcl|CDHK01000003.1_cds_CEO59148.1_4028	PMG11_03834
lcl|CDHK01000003.1_cds_CEO59149.1_4029	PMG11_03835
lcl|CDHK01000003.1_cds_CEO59150.1_4030	PMG11_03836
lcl|CDHK01000003.1_cds_CEO59151.1_4031	PMG11_03837
lcl|CDHK01000003.1_cds_CEO59152.1_4032	PMG11_03838
lcl|CDHK01000003.1_cds_CEO59153.1_4033	PMG11_03839
lcl|CDHK01000003.1_cds_CEO59154.1_4034	PMG11_03839
lcl|CDHK01000003.1_cds_CEO59155.1_4035	PMG11_03840
lcl|CDHK01000003.1_cds_CEO59156.1_4036	PMG11_03841
lcl|CDHK01000003.1_cds_CEO59157.1_4037	PMG11_03842
lcl|CDHK01000003.1_cds_CEO59158.1_4038	PMG11_03843
lcl|CDHK01000003.1_cds_CEO59159.1_4039	PMG11_03844
lcl|CDHK01000003.1_cds_CEO59160.1_4040	PMG11_03845
lcl|CDHK01000003.1_cds_CEO59161.1_4041	PMG11_03846
lcl|CDHK01000003.1_cds_CEO59162.1_4042	PMG11_03847
lcl|CDHK01000003.1_cds_CEO59163.1_4043	PMG11_03848
lcl|CDHK01000003.1_cds_CEO59164.1_4044	PMG11_03849
lcl|CDHK01000003.1_cds_CEO59165.1_4045	PMG11_03850
lcl|CDHK01000003.1_cds_CEO59166.1_4046	PMG11_03851
lcl|CDHK01000003.1_cds_CEO59167.1_4047	PMG11_03852
lcl|CDHK01000003.1_cds_CEO59168.1_4048	PMG11_03853
lcl|CDHK01000003.1_cds_CEO59169.1_4049	PMG11_03854
lcl|CDHK01000003.1_cds_CEO59170.1_4050	PMG11_03855
lcl|CDHK01000003.1_cds_CEO59171.1_4051	PMG11_03856
lcl|CDHK01000003.1_cds_CEO59172.1_4052	PMG11_03857
lcl|CDHK01000003.1_cds_CEO59173.1_4053	PMG11_03857
lcl|CDHK01000003.1_cds_CEO59174.1_4054	PMG11_03858
lcl|CDHK01000003.1_cds_CEO59175.1_4055	PMG11_03859
lcl|CDHK01000003.1_cds_CEO59176.1_4056	PMG11_03860
lcl|CDHK01000003.1_cds_CEO59177.1_4057	PMG11_03861
lcl|CDHK01000003.1_cds_CEO59178.1_4058	PMG11_03862
lcl|CDHK01000003.1_cds_CEO59179.1_4059	PMG11_03863
lcl|CDHK01000003.1_cds_CEO59180.1_4060	PMG11_03864
lcl|CDHK01000003.1_cds_CEO59181.1_4061	PMG11_03865
lcl|CDHK01000003.1_cds_CEO59182.1_4062	PMG11_03865
lcl|CDHK01000003.1_cds_CEO59183.1_4063	PMG11_03866
lcl|CDHK01000003.1_cds_CEO59184.1_4064	PMG11_03867
lcl|CDHK01000003.1_cds_CEO59185.1_4065	PMG11_03868
lcl|CDHK01000003.1_cds_CEO59186.1_4066	PMG11_03869
lcl|CDHK01000003.1_cds_CEO59187.1_4067	PMG11_03870
lcl|CDHK01000003.1_cds_CEO59188.1_4068	PMG11_03871
lcl|CDHK01000003.1_cds_CEO59189.1_4069	PMG11_03872
lcl|CDHK01000003.1_cds_CEO59190.1_4070	PMG11_03873
lcl|CDHK01000003.1_cds_CEO59191.1_4071	PMG11_03874
lcl|CDHK01000003.1_cds_CEO59192.1_4072	PMG11_03875
lcl|CDHK01000003.1_cds_CEO59193.1_4073	PMG11_03876
lcl|CDHK01000003.1_cds_CEO59194.1_4074	PMG11_03877
lcl|CDHK01000003.1_cds_CEO59195.1_4075	PMG11_03878
lcl|CDHK01000003.1_cds_CEO59196.1_4076	PMG11_03879
lcl|CDHK01000003.1_cds_CEO59197.1_4077	PMG11_03880
lcl|CDHK01000003.1_cds_CEO59198.1_4078	PMG11_03881
lcl|CDHK01000003.1_cds_CEO59199.1_4079	PMG11_03882
lcl|CDHK01000003.1_cds_CEO59200.1_4080	PMG11_03883
lcl|CDHK01000003.1_cds_CEO59201.1_4081	PMG11_03884
lcl|CDHK01000003.1_cds_CEO59202.1_4082	PMG11_03885
lcl|CDHK01000003.1_cds_CEO59203.1_4083	PMG11_03886
lcl|CDHK01000003.1_cds_CEO59204.1_4084	PMG11_03887
lcl|CDHK01000003.1_cds_CEO59205.1_4085	PMG11_03888
lcl|CDHK01000003.1_cds_CEO59206.1_4086	PMG11_03889
lcl|CDHK01000003.1_cds_CEO59207.1_4087	PMG11_03890
lcl|CDHK01000003.1_cds_CEO59208.1_4088	PMG11_03891
lcl|CDHK01000003.1_cds_CEO59209.1_4089	PMG11_03893
lcl|CDHK01000003.1_cds_CEO59210.1_4090	PMG11_03892
lcl|CDHK01000003.1_cds_CEO59211.1_4091	PMG11_03894
lcl|CDHK01000003.1_cds_CEO59212.1_4092	PMG11_03895
lcl|CDHK01000003.1_cds_CEO59213.1_4093	PMG11_03896
lcl|CDHK01000003.1_cds_CEO59214.1_4094	PMG11_03897
lcl|CDHK01000003.1_cds_CEO59215.1_4095	PMG11_03898
lcl|CDHK01000003.1_cds_CEO59216.1_4096	PMG11_03899
lcl|CDHK01000003.1_cds_CEO59217.1_4097	PMG11_03900
lcl|CDHK01000003.1_cds_CEO59218.1_4098	PMG11_03901
lcl|CDHK01000003.1_cds_CEO59219.1_4099	PMG11_03902
lcl|CDHK01000003.1_cds_CEO59220.1_4100	PMG11_03903
lcl|CDHK01000003.1_cds_CEO59221.1_4101	PMG11_03905
lcl|CDHK01000003.1_cds_CEO59222.1_4102	PMG11_03904
lcl|CDHK01000003.1_cds_CEO59223.1_4103	PMG11_03906
lcl|CDHK01000003.1_cds_CEO59224.1_4104	PMG11_03907
lcl|CDHK01000003.1_cds_CEO59226.1_4105	PMG11_03908
lcl|CDHK01000003.1_cds_CEO59225.1_4106	PMG11_03908
lcl|CDHK01000003.1_cds_CEO59227.1_4107	PMG11_03909
lcl|CDHK01000003.1_cds_CEO59228.1_4108	PMG11_03910
lcl|CDHK01000003.1_cds_CEO59229.1_4109	PMG11_03911
lcl|CDHK01000003.1_cds_CEO59230.1_4110	PMG11_03912
lcl|CDHK01000003.1_cds_CEO59231.1_4111	PMG11_03913
lcl|CDHK01000003.1_cds_CEO59232.1_4112	PMG11_03914
lcl|CDHK01000003.1_cds_CEO59233.1_4113	PMG11_03915
lcl|CDHK01000003.1_cds_CEO59234.1_4114	PMG11_03916
lcl|CDHK01000003.1_cds_CEO59235.1_4115	PMG11_03917
lcl|CDHK01000003.1_cds_CEO59236.1_4116	PMG11_03918
lcl|CDHK01000003.1_cds_CEO59237.1_4117	PMG11_03919
lcl|CDHK01000003.1_cds_CEO59238.1_4118	PMG11_03920
lcl|CDHK01000003.1_cds_CEO59239.1_4119	PMG11_03921
lcl|CDHK01000003.1_cds_CEO59240.1_4120	PMG11_03922
lcl|CDHK01000003.1_cds_CEO59241.1_4121	PMG11_03923
lcl|CDHK01000003.1_cds_CEO59242.1_4122	PMG11_03924
lcl|CDHK01000003.1_cds_CEO59243.1_4123	PMG11_03925
lcl|CDHK01000003.1_cds_CEO59244.1_4124	PMG11_03926
lcl|CDHK01000003.1_cds_CEO59245.1_4125	PMG11_03928
lcl|CDHK01000003.1_cds_CEO59246.1_4126	PMG11_03927
lcl|CDHK01000003.1_cds_CEO59247.1_4127	PMG11_03929
lcl|CDHK01000003.1_cds_CEO59248.1_4128	PMG11_03930
lcl|CDHK01000003.1_cds_CEO59249.1_4129	PMG11_03931
lcl|CDHK01000003.1_cds_CEO59250.1_4130	PMG11_03932
lcl|CDHK01000003.1_cds_CEO59251.1_4131	PMG11_03933
lcl|CDHK01000003.1_cds_CEO59252.1_4132	PMG11_03934
lcl|CDHK01000003.1_cds_CEO59253.1_4133	PMG11_03935
lcl|CDHK01000003.1_cds_CEO59254.1_4134	PMG11_03936
lcl|CDHK01000003.1_cds_CEO59255.1_4135	PMG11_03937
lcl|CDHK01000003.1_cds_CEO59256.1_4136	PMG11_03938
lcl|CDHK01000003.1_cds_CEO59257.1_4137	PMG11_03939
lcl|CDHK01000003.1_cds_CEO59258.1_4138	PMG11_03940
lcl|CDHK01000003.1_cds_CEO59259.1_4139	PMG11_03941
lcl|CDHK01000003.1_cds_CEO59260.1_4140	PMG11_03942
lcl|CDHK01000003.1_cds_CEO59261.1_4141	PMG11_03943
lcl|CDHK01000003.1_cds_CEO59262.1_4142	PMG11_03944
lcl|CDHK01000003.1_cds_CEO59263.1_4143	PMG11_03945
lcl|CDHK01000003.1_cds_CEO59264.1_4144	PMG11_03946
lcl|CDHK01000003.1_cds_CEO59265.1_4145	PMG11_03947
lcl|CDHK01000003.1_cds_CEO59266.1_4146	PMG11_03948
lcl|CDHK01000003.1_cds_CEO59267.1_4147	PMG11_03949
lcl|CDHK01000003.1_cds_CEO59268.1_4148	PMG11_03950
lcl|CDHK01000003.1_cds_CEO59269.1_4149	PMG11_03951
lcl|CDHK01000003.1_cds_CEO59270.1_4150	PMG11_03952
lcl|CDHK01000003.1_cds_CEO59271.1_4151	PMG11_03953
lcl|CDHK01000003.1_cds_CEO59272.1_4152	PMG11_03954
lcl|CDHK01000003.1_cds_CEO59273.1_4153	PMG11_03955
lcl|CDHK01000003.1_cds_CEO59274.1_4154	PMG11_03956
lcl|CDHK01000003.1_cds_CEO59275.1_4155	PMG11_03957
lcl|CDHK01000003.1_cds_CEO59276.1_4156	PMG11_03958
lcl|CDHK01000003.1_cds_CEO59277.1_4157	PMG11_03959
lcl|CDHK01000003.1_cds_CEO59278.1_4158	PMG11_03960
lcl|CDHK01000003.1_cds_CEO59279.1_4159	PMG11_03961
lcl|CDHK01000003.1_cds_CEO59280.1_4160	PMG11_03962
lcl|CDHK01000003.1_cds_CEO59281.1_4161	PMG11_03963
lcl|CDHK01000003.1_cds_CEO59282.1_4162	PMG11_03964
lcl|CDHK01000003.1_cds_CEO59283.1_4163	PMG11_03965
lcl|CDHK01000003.1_cds_CEO59284.1_4164	PMG11_03966
lcl|CDHK01000003.1_cds_CEO59285.1_4165	PMG11_03967
lcl|CDHK01000003.1_cds_CEO59287.1_4166	PMG11_03968
lcl|CDHK01000003.1_cds_CEO59286.1_4167	PMG11_03968
lcl|CDHK01000003.1_cds_CEO59288.1_4168	PMG11_03969
lcl|CDHK01000003.1_cds_CEO59289.1_4169	PMG11_03970
lcl|CDHK01000003.1_cds_CEO59290.1_4170	PMG11_03971
lcl|CDHK01000003.1_cds_CEO59291.1_4171	PMG11_03971
lcl|CDHK01000003.1_cds_CEO59292.1_4172	PMG11_03972
lcl|CDHK01000003.1_cds_CEO59293.1_4173	PMG11_03973
lcl|CDHK01000003.1_cds_CEO59294.1_4174	PMG11_03974
lcl|CDHK01000003.1_cds_CEO59295.1_4175	PMG11_03975
lcl|CDHK01000003.1_cds_CEO59296.1_4176	PMG11_03976
lcl|CDHK01000003.1_cds_CEO59297.1_4177	PMG11_03977
lcl|CDHK01000003.1_cds_CEO59298.1_4178	PMG11_03978
lcl|CDHK01000003.1_cds_CEO59299.1_4179	PMG11_03979
lcl|CDHK01000003.1_cds_CEO59300.1_4180	PMG11_03980
lcl|CDHK01000003.1_cds_CEO59301.1_4181	PMG11_03981
lcl|CDHK01000003.1_cds_CEO59302.1_4182	PMG11_03982
lcl|CDHK01000003.1_cds_CEO59303.1_4183	PMG11_03984
lcl|CDHK01000003.1_cds_CEO59304.1_4184	PMG11_03983
lcl|CDHK01000003.1_cds_CEO59305.1_4185	PMG11_03985
lcl|CDHK01000003.1_cds_CEO59306.1_4186	PMG11_03986
lcl|CDHK01000003.1_cds_CEO59307.1_4187	PMG11_03987
lcl|CDHK01000003.1_cds_CEO59308.1_4188	PMG11_03988
lcl|CDHK01000003.1_cds_CEO59309.1_4189	PMG11_03989
lcl|CDHK01000003.1_cds_CEO59310.1_4190	PMG11_03990
lcl|CDHK01000003.1_cds_CEO59311.1_4191	PMG11_03991
lcl|CDHK01000003.1_cds_CEO59312.1_4192	PMG11_03992
lcl|CDHK01000003.1_cds_CEO59313.1_4193	PMG11_03993
lcl|CDHK01000003.1_cds_CEO59314.1_4194	PMG11_03994
lcl|CDHK01000003.1_cds_CEO59315.1_4195	PMG11_03995
lcl|CDHK01000003.1_cds_CEO59316.1_4196	PMG11_03996
lcl|CDHK01000003.1_cds_CEO59317.1_4197	PMG11_03997
lcl|CDHK01000003.1_cds_CEO59318.1_4198	PMG11_03998
lcl|CDHK01000003.1_cds_CEO59319.1_4199	PMG11_03998
lcl|CDHK01000003.1_cds_CEO59320.1_4200	PMG11_03999
lcl|CDHK01000003.1_cds_CEO59321.1_4201	PMG11_04000
lcl|CDHK01000003.1_cds_CEO59322.1_4202	PMG11_04001
lcl|CDHK01000003.1_cds_CEO59323.1_4203	PMG11_04002
lcl|CDHK01000003.1_cds_CEO59324.1_4204	PMG11_04003
lcl|CDHK01000003.1_cds_CEO59325.1_4205	PMG11_04004
lcl|CDHK01000003.1_cds_CEO59326.1_4206	PMG11_04005
lcl|CDHK01000003.1_cds_CEO59327.1_4207	PMG11_04006
lcl|CDHK01000003.1_cds_CEO59328.1_4208	PMG11_04007
lcl|CDHK01000003.1_cds_CEO59329.1_4209	PMG11_04008
lcl|CDHK01000003.1_cds_CEO59330.1_4210	PMG11_04009
lcl|CDHK01000003.1_cds_CEO59331.1_4211	PMG11_04010
lcl|CDHK01000003.1_cds_CEO59332.1_4212	PMG11_04011
lcl|CDHK01000003.1_cds_CEO59333.1_4213	PMG11_04012
lcl|CDHK01000003.1_cds_CEO59334.1_4214	PMG11_04013
lcl|CDHK01000003.1_cds_CEO59335.1_4215	PMG11_04014
lcl|CDHK01000003.1_cds_CEO59336.1_4216	PMG11_04015
lcl|CDHK01000003.1_cds_CEO59337.1_4217	PMG11_04016
lcl|CDHK01000003.1_cds_CEO59338.1_4218	PMG11_04017
lcl|CDHK01000003.1_cds_CEO59339.1_4219	PMG11_04018
lcl|CDHK01000003.1_cds_CEO59340.1_4220	PMG11_04019
lcl|CDHK01000003.1_cds_CEO59341.1_4221	PMG11_04020
lcl|CDHK01000003.1_cds_CEO59342.1_4222	PMG11_04021
lcl|CDHK01000003.1_cds_CEO59343.1_4223	PMG11_04022
lcl|CDHK01000003.1_cds_CEO59344.1_4224	PMG11_04023
lcl|CDHK01000003.1_cds_CEO59345.1_4225	PMG11_04024
lcl|CDHK01000003.1_cds_CEO59346.1_4226	PMG11_04024
lcl|CDHK01000003.1_cds_CEO59347.1_4227	PMG11_04025
lcl|CDHK01000003.1_cds_CEO59348.1_4228	PMG11_04026
lcl|CDHK01000003.1_cds_CEO59349.1_4229	PMG11_04027
lcl|CDHK01000003.1_cds_CEO59350.1_4230	PMG11_04028
lcl|CDHK01000003.1_cds_CEO59351.1_4231	PMG11_04029
lcl|CDHK01000003.1_cds_CEO59353.1_4232	PMG11_04030
lcl|CDHK01000003.1_cds_CEO59352.1_4233	PMG11_04030
lcl|CDHK01000003.1_cds_CEO59354.1_4234	PMG11_04031
lcl|CDHK01000003.1_cds_CEO59355.1_4235	PMG11_04032
lcl|CDHK01000003.1_cds_CEO59356.1_4236	PMG11_04033
lcl|CDHK01000003.1_cds_CEO59357.1_4237	PMG11_04034
lcl|CDHK01000003.1_cds_CEO59358.1_4238	PMG11_04035
lcl|CDHK01000003.1_cds_CEO59359.1_4239	PMG11_04036
lcl|CDHK01000003.1_cds_CEO59360.1_4240	PMG11_04037
lcl|CDHK01000003.1_cds_CEO59361.1_4241	PMG11_04038
lcl|CDHK01000003.1_cds_CEO59362.1_4242	PMG11_04039
lcl|CDHK01000003.1_cds_CEO59363.1_4243	PMG11_04040
lcl|CDHK01000003.1_cds_CEO59364.1_4244	PMG11_04041
lcl|CDHK01000003.1_cds_CEO59365.1_4245	PMG11_04042
lcl|CDHK01000003.1_cds_CEO59366.1_4246	PMG11_04043
lcl|CDHK01000003.1_cds_CEO59367.1_4247	PMG11_04044
lcl|CDHK01000003.1_cds_CEO59368.1_4248	PMG11_04045
lcl|CDHK01000003.1_cds_CEO59369.1_4249	PMG11_04046
lcl|CDHK01000003.1_cds_CEO59370.1_4250	PMG11_04046
lcl|CDHK01000003.1_cds_CEO59371.1_4251	PMG11_04047
lcl|CDHK01000003.1_cds_CEO59372.1_4252	PMG11_04048
lcl|CDHK01000003.1_cds_CEO59373.1_4253	PMG11_04049
lcl|CDHK01000003.1_cds_CEO59374.1_4254	PMG11_04050
lcl|CDHK01000003.1_cds_CEO59375.1_4255	PMG11_04051
lcl|CDHK01000003.1_cds_CEO59376.1_4256	PMG11_04052
lcl|CDHK01000003.1_cds_CEO59377.1_4257	PMG11_04053
lcl|CDHK01000003.1_cds_CEO59378.1_4258	PMG11_04054
lcl|CDHK01000003.1_cds_CEO59379.1_4259	PMG11_04055
lcl|CDHK01000003.1_cds_CEO59380.1_4260	PMG11_04056
lcl|CDHK01000003.1_cds_CEO59381.1_4261	PMG11_04057
lcl|CDHK01000003.1_cds_CEO59382.1_4262	PMG11_04058
lcl|CDHK01000003.1_cds_CEO59383.1_4263	PMG11_04059
lcl|CDHK01000003.1_cds_CEO59384.1_4264	PMG11_04060
lcl|CDHK01000003.1_cds_CEO59385.1_4265	PMG11_04061
lcl|CDHK01000003.1_cds_CEO59386.1_4266	PMG11_04062
lcl|CDHK01000003.1_cds_CEO59387.1_4267	PMG11_04063
lcl|CDHK01000003.1_cds_CEO59388.1_4268	PMG11_04064
lcl|CDHK01000003.1_cds_CEO59389.1_4269	PMG11_04065
lcl|CDHK01000003.1_cds_CEO59390.1_4270	PMG11_04066
lcl|CDHK01000003.1_cds_CEO59391.1_4271	PMG11_04067
lcl|CDHK01000003.1_cds_CEO59392.1_4272	PMG11_04068
lcl|CDHK01000003.1_cds_CEO59393.1_4273	PMG11_04069
lcl|CDHK01000003.1_cds_CEO59394.1_4274	PMG11_04070
lcl|CDHK01000003.1_cds_CEO59395.1_4275	PMG11_04071
lcl|CDHK01000003.1_cds_CEO59396.1_4276	PMG11_04072
lcl|CDHK01000003.1_cds_CEO59397.1_4277	PMG11_04073
lcl|CDHK01000003.1_cds_CEO59398.1_4278	PMG11_04074
lcl|CDHK01000003.1_cds_CEO59399.1_4279	PMG11_04075
lcl|CDHK01000003.1_cds_CEO59400.1_4280	PMG11_04076
lcl|CDHK01000003.1_cds_CEO59401.1_4281	PMG11_04077
lcl|CDHK01000003.1_cds_CEO59402.1_4282	PMG11_04078
lcl|CDHK01000003.1_cds_CEO59403.1_4283	PMG11_04079
lcl|CDHK01000003.1_cds_CEO59404.1_4284	PMG11_04080
lcl|CDHK01000003.1_cds_CEO59405.1_4285	PMG11_04081
lcl|CDHK01000003.1_cds_CEO59406.1_4286	PMG11_04082
lcl|CDHK01000003.1_cds_CEO59407.1_4287	PMG11_04083
lcl|CDHK01000003.1_cds_CEO59408.1_4288	PMG11_04084
lcl|CDHK01000003.1_cds_CEO59409.1_4289	PMG11_04085
lcl|CDHK01000003.1_cds_CEO59410.1_4290	PMG11_04086
lcl|CDHK01000003.1_cds_CEO59411.1_4291	PMG11_04087
lcl|CDHK01000003.1_cds_CEO59412.1_4292	PMG11_04088
lcl|CDHK01000003.1_cds_CEO59413.1_4293	PMG11_04089
lcl|CDHK01000003.1_cds_CEO59414.1_4294	PMG11_04090
lcl|CDHK01000003.1_cds_CEO59415.1_4295	PMG11_04091
lcl|CDHK01000003.1_cds_CEO59416.1_4296	PMG11_04092
lcl|CDHK01000003.1_cds_CEO59417.1_4297	PMG11_04093
lcl|CDHK01000003.1_cds_CEO59418.1_4298	PMG11_04094
lcl|CDHK01000003.1_cds_CEO59419.1_4299	PMG11_04095
lcl|CDHK01000003.1_cds_CEO59420.1_4300	PMG11_04095
lcl|CDHK01000003.1_cds_CEO59421.1_4301	PMG11_04096
lcl|CDHK01000003.1_cds_CEO59422.1_4302	PMG11_04097
lcl|CDHK01000003.1_cds_CEO59423.1_4303	PMG11_04098
lcl|CDHK01000003.1_cds_CEO59424.1_4304	PMG11_04099
lcl|CDHK01000003.1_cds_CEO59425.1_4305	PMG11_04100
lcl|CDHK01000003.1_cds_CEO59426.1_4306	PMG11_04101
lcl|CDHK01000003.1_cds_CEO59427.1_4307	PMG11_04102
lcl|CDHK01000003.1_cds_CEO59428.1_4308	PMG11_04103
lcl|CDHK01000003.1_cds_CEO59429.1_4309	PMG11_04104
lcl|CDHK01000003.1_cds_CEO59430.1_4310	PMG11_04105
lcl|CDHK01000003.1_cds_CEO59431.1_4311	PMG11_04106
lcl|CDHK01000003.1_cds_CEO59432.1_4312	PMG11_04107
lcl|CDHK01000003.1_cds_CEO59433.1_4313	PMG11_04108
lcl|CDHK01000003.1_cds_CEO59434.1_4314	PMG11_04109
lcl|CDHK01000003.1_cds_CEO59435.1_4315	PMG11_04110
lcl|CDHK01000003.1_cds_CEO59436.1_4316	PMG11_04111
lcl|CDHK01000003.1_cds_CEO59437.1_4317	PMG11_04112
lcl|CDHK01000003.1_cds_CEO59438.1_4318	PMG11_04113
lcl|CDHK01000003.1_cds_CEO59439.1_4319	PMG11_04114
lcl|CDHK01000003.1_cds_CEO59440.1_4320	PMG11_04115
lcl|CDHK01000003.1_cds_CEO59441.1_4321	PMG11_04116
lcl|CDHK01000003.1_cds_CEO59442.1_4322	PMG11_04117
lcl|CDHK01000003.1_cds_CEO59443.1_4323	PMG11_04118
lcl|CDHK01000003.1_cds_CEO59444.1_4324	PMG11_04119
lcl|CDHK01000003.1_cds_CEO59445.1_4325	PMG11_04120
lcl|CDHK01000003.1_cds_CEO59446.1_4326	PMG11_04121
lcl|CDHK01000003.1_cds_CEO59447.1_4327	PMG11_04122
lcl|CDHK01000003.1_cds_CEO59448.1_4328	PMG11_04123
lcl|CDHK01000003.1_cds_CEO59449.1_4329	PMG11_04124
lcl|CDHK01000003.1_cds_CEO59450.1_4330	PMG11_04125
lcl|CDHK01000003.1_cds_CEO59451.1_4331	PMG11_04126
lcl|CDHK01000003.1_cds_CEO59452.1_4332	PMG11_04127
lcl|CDHK01000003.1_cds_CEO59453.1_4333	PMG11_04128
lcl|CDHK01000003.1_cds_CEO59454.1_4334	PMG11_04129
lcl|CDHK01000003.1_cds_CEO59455.1_4335	PMG11_04130
lcl|CDHK01000003.1_cds_CEO59456.1_4336	PMG11_04131
lcl|CDHK01000003.1_cds_CEO59457.1_4337	PMG11_04132
lcl|CDHK01000003.1_cds_CEO59458.1_4338	PMG11_04133
lcl|CDHK01000003.1_cds_CEO59459.1_4339	PMG11_04134
lcl|CDHK01000003.1_cds_CEO59460.1_4340	PMG11_04135
lcl|CDHK01000003.1_cds_CEO59461.1_4341	PMG11_04136
lcl|CDHK01000003.1_cds_CEO59462.1_4342	PMG11_04137
lcl|CDHK01000003.1_cds_CEO59463.1_4343	PMG11_04138
lcl|CDHK01000003.1_cds_CEO59464.1_4344	PMG11_04139
lcl|CDHK01000003.1_cds_CEO59465.1_4345	PMG11_04140
lcl|CDHK01000003.1_cds_CEO59466.1_4346	PMG11_04141
lcl|CDHK01000003.1_cds_CEO59467.1_4347	PMG11_04142
lcl|CDHK01000003.1_cds_CEO59468.1_4348	PMG11_04143
lcl|CDHK01000003.1_cds_CEO59469.1_4349	PMG11_04144
lcl|CDHK01000003.1_cds_CEO59470.1_4350	PMG11_04145
lcl|CDHK01000003.1_cds_CEO59471.1_4351	PMG11_04146
lcl|CDHK01000003.1_cds_CEO59472.1_4352	PMG11_04147
lcl|CDHK01000003.1_cds_CEO59473.1_4353	PMG11_04148
lcl|CDHK01000003.1_cds_CEO59474.1_4354	PMG11_04149
lcl|CDHK01000003.1_cds_CEO59475.1_4355	PMG11_04150
lcl|CDHK01000003.1_cds_CEO59476.1_4356	PMG11_04151
lcl|CDHK01000003.1_cds_CEO59477.1_4357	PMG11_04152
lcl|CDHK01000003.1_cds_CEO59478.1_4358	PMG11_04153
lcl|CDHK01000003.1_cds_CEO59479.1_4359	PMG11_04154
lcl|CDHK01000003.1_cds_CEO59480.1_4360	PMG11_04155
lcl|CDHK01000003.1_cds_CEO59481.1_4361	PMG11_04156
lcl|CDHK01000003.1_cds_CEO59482.1_4362	PMG11_04157
lcl|CDHK01000003.1_cds_CEO59483.1_4363	PMG11_04158
lcl|CDHK01000003.1_cds_CEO59484.1_4364	PMG11_04159
lcl|CDHK01000003.1_cds_CEO59485.1_4365	PMG11_04160
lcl|CDHK01000003.1_cds_CEO59486.1_4366	PMG11_04161
lcl|CDHK01000003.1_cds_CEO59487.1_4367	PMG11_04162
lcl|CDHK01000003.1_cds_CEO59488.1_4368	PMG11_04163
lcl|CDHK01000003.1_cds_CEO59489.1_4369	PMG11_04164
lcl|CDHK01000003.1_cds_CEO59490.1_4370	PMG11_04165
lcl|CDHK01000003.1_cds_CEO59491.1_4371	PMG11_04166
lcl|CDHK01000003.1_cds_CEO59492.1_4372	PMG11_04167
lcl|CDHK01000003.1_cds_CEO59493.1_4373	PMG11_04168
lcl|CDHK01000003.1_cds_CEO59494.1_4374	PMG11_04169
lcl|CDHK01000003.1_cds_CEO59495.1_4375	PMG11_04170
lcl|CDHK01000003.1_cds_CEO59496.1_4376	PMG11_04171
lcl|CDHK01000003.1_cds_CEO59497.1_4377	PMG11_04172
lcl|CDHK01000003.1_cds_CEO59498.1_4378	PMG11_04173
lcl|CDHK01000003.1_cds_CEO59499.1_4379	PMG11_04174
lcl|CDHK01000003.1_cds_CEO59500.1_4380	PMG11_04175
lcl|CDHK01000003.1_cds_CEO59501.1_4381	PMG11_04175
lcl|CDHK01000003.1_cds_CEO59502.1_4382	PMG11_04176
lcl|CDHK01000003.1_cds_CEO59503.1_4383	PMG11_04177
lcl|CDHK01000003.1_cds_CEO59504.1_4384	PMG11_04178
lcl|CDHK01000003.1_cds_CEO59505.1_4385	PMG11_04179
lcl|CDHK01000003.1_cds_CEO59506.1_4386	PMG11_04180
lcl|CDHK01000003.1_cds_CEO59507.1_4387	PMG11_04181
lcl|CDHK01000003.1_cds_CEO59508.1_4388	PMG11_04182
lcl|CDHK01000003.1_cds_CEO59509.1_4389	PMG11_04183
lcl|CDHK01000003.1_cds_CEO59510.1_4390	PMG11_04184
lcl|CDHK01000003.1_cds_CEO59511.1_4391	PMG11_04185
lcl|CDHK01000003.1_cds_CEO59512.1_4392	PMG11_04186
lcl|CDHK01000003.1_cds_CEO59513.1_4393	PMG11_04188
lcl|CDHK01000003.1_cds_CEO59514.1_4394	PMG11_04187
lcl|CDHK01000003.1_cds_CEO59515.1_4395	PMG11_04189
lcl|CDHK01000003.1_cds_CEO59516.1_4396	PMG11_04190
lcl|CDHK01000003.1_cds_CEO59517.1_4397	PMG11_04191
lcl|CDHK01000003.1_cds_CEO59518.1_4398	PMG11_04192
lcl|CDHK01000003.1_cds_CEO59519.1_4399	PMG11_04193
lcl|CDHK01000003.1_cds_CEO59520.1_4400	PMG11_04194
lcl|CDHK01000003.1_cds_CEO59521.1_4401	PMG11_04195
lcl|CDHK01000003.1_cds_CEO59522.1_4402	PMG11_04196
lcl|CDHK01000003.1_cds_CEO59523.1_4403	PMG11_04197
lcl|CDHK01000003.1_cds_CEO59524.1_4404	PMG11_04198
lcl|CDHK01000003.1_cds_CEO59525.1_4405	PMG11_04199
lcl|CDHK01000003.1_cds_CEO59526.1_4406	PMG11_04200
lcl|CDHK01000003.1_cds_CEO59527.1_4407	PMG11_04201
lcl|CDHK01000003.1_cds_CEO59528.1_4408	PMG11_04202
lcl|CDHK01000003.1_cds_CEO59529.1_4409	PMG11_04203
lcl|CDHK01000003.1_cds_CEO59530.1_4410	PMG11_04204
lcl|CDHK01000003.1_cds_CEO59531.1_4411	PMG11_04205
lcl|CDHK01000003.1_cds_CEO59532.1_4412	PMG11_04206
lcl|CDHK01000003.1_cds_CEO59533.1_4413	PMG11_04207
lcl|CDHK01000003.1_cds_CEO59534.1_4414	PMG11_04208
lcl|CDHK01000003.1_cds_CEO59535.1_4415	PMG11_04209
lcl|CDHK01000003.1_cds_CEO59536.1_4416	PMG11_04210
lcl|CDHK01000003.1_cds_CEO59537.1_4417	PMG11_04211
lcl|CDHK01000003.1_cds_CEO59538.1_4418	PMG11_04212
lcl|CDHK01000003.1_cds_CEO59539.1_4419	PMG11_04213
lcl|CDHK01000003.1_cds_CEO59540.1_4420	PMG11_04214
lcl|CDHK01000003.1_cds_CEO59541.1_4421	PMG11_04215
lcl|CDHK01000003.1_cds_CEO59542.1_4422	PMG11_04216
lcl|CDHK01000003.1_cds_CEO59543.1_4423	PMG11_04217
lcl|CDHK01000003.1_cds_CEO59544.1_4424	PMG11_04218
lcl|CDHK01000003.1_cds_CEO59545.1_4425	PMG11_04219
lcl|CDHK01000003.1_cds_CEO59546.1_4426	PMG11_04220
lcl|CDHK01000003.1_cds_CEO59547.1_4427	PMG11_04221
lcl|CDHK01000003.1_cds_CEO59548.1_4428	PMG11_04222
lcl|CDHK01000003.1_cds_CEO59549.1_4429	PMG11_04223
lcl|CDHK01000003.1_cds_CEO59550.1_4430	PMG11_04224
lcl|CDHK01000003.1_cds_CEO59551.1_4431	PMG11_04225
lcl|CDHK01000003.1_cds_CEO59552.1_4432	PMG11_04226
lcl|CDHK01000003.1_cds_CEO59553.1_4433	PMG11_04227
lcl|CDHK01000003.1_cds_CEO59554.1_4434	PMG11_04228
lcl|CDHK01000003.1_cds_CEO59555.1_4435	PMG11_04229
lcl|CDHK01000003.1_cds_CEO59556.1_4436	PMG11_04230
lcl|CDHK01000003.1_cds_CEO59557.1_4437	PMG11_04231
lcl|CDHK01000003.1_cds_CEO59558.1_4438	PMG11_04232
lcl|CDHK01000003.1_cds_CEO59559.1_4439	PMG11_04233
lcl|CDHK01000003.1_cds_CEO59560.1_4440	PMG11_04234
lcl|CDHK01000003.1_cds_CEO59561.1_4441	PMG11_04235
lcl|CDHK01000003.1_cds_CEO59562.1_4442	PMG11_04236
lcl|CDHK01000003.1_cds_CEO59563.1_4443	PMG11_04237
lcl|CDHK01000003.1_cds_CEO59564.1_4444	PMG11_04238
lcl|CDHK01000003.1_cds_CEO59565.1_4445	PMG11_04239
lcl|CDHK01000003.1_cds_CEO59566.1_4446	PMG11_04240
lcl|CDHK01000003.1_cds_CEO59567.1_4447	PMG11_04241
lcl|CDHK01000003.1_cds_CEO59568.1_4448	PMG11_04241
lcl|CDHK01000003.1_cds_CEO59569.1_4449	PMG11_04242
lcl|CDHK01000003.1_cds_CEO59570.1_4450	PMG11_04243
lcl|CDHK01000003.1_cds_CEO59571.1_4451	PMG11_04244
lcl|CDHK01000003.1_cds_CEO59572.1_4452	PMG11_04245
lcl|CDHK01000003.1_cds_CEO59573.1_4453	PMG11_04246
lcl|CDHK01000003.1_cds_CEO59574.1_4454	PMG11_04247
lcl|CDHK01000003.1_cds_CEO59575.1_4455	PMG11_04248
lcl|CDHK01000003.1_cds_CEO59576.1_4456	PMG11_04249
lcl|CDHK01000003.1_cds_CEO59577.1_4457	PMG11_04250
lcl|CDHK01000003.1_cds_CEO59578.1_4458	PMG11_04251
lcl|CDHK01000003.1_cds_CEO59579.1_4459	PMG11_04252
lcl|CDHK01000003.1_cds_CEO59580.1_4460	PMG11_04253
lcl|CDHK01000003.1_cds_CEO59581.1_4461	PMG11_04254
lcl|CDHK01000003.1_cds_CEO59582.1_4462	PMG11_04255
lcl|CDHK01000003.1_cds_CEO59583.1_4463	PMG11_04256
lcl|CDHK01000003.1_cds_CEO59584.1_4464	PMG11_04257
lcl|CDHK01000003.1_cds_CEO59585.1_4465	PMG11_04258
lcl|CDHK01000003.1_cds_CEO59586.1_4466	PMG11_04259
lcl|CDHK01000003.1_cds_CEO59587.1_4467	PMG11_04259
lcl|CDHK01000003.1_cds_CEO59588.1_4468	PMG11_04260
lcl|CDHK01000003.1_cds_CEO59589.1_4469	PMG11_04261
lcl|CDHK01000003.1_cds_CEO59590.1_4470	PMG11_04262
lcl|CDHK01000003.1_cds_CEO59591.1_4471	PMG11_04263
lcl|CDHK01000003.1_cds_CEO59592.1_4472	PMG11_04264
lcl|CDHK01000003.1_cds_CEO59593.1_4473	PMG11_04265
lcl|CDHK01000003.1_cds_CEO59594.1_4474	PMG11_04266
lcl|CDHK01000003.1_cds_CEO59595.1_4475	PMG11_04267
lcl|CDHK01000003.1_cds_CEO59596.1_4476	PMG11_04268
lcl|CDHK01000003.1_cds_CEO59597.1_4477	PMG11_04269
lcl|CDHK01000003.1_cds_CEO59598.1_4478	PMG11_04270
lcl|CDHK01000003.1_cds_CEO59599.1_4479	PMG11_04271
lcl|CDHK01000003.1_cds_CEO59600.1_4480	PMG11_04272
lcl|CDHK01000003.1_cds_CEO59601.1_4481	PMG11_04273
lcl|CDHK01000003.1_cds_CEO59602.1_4482	PMG11_04274
lcl|CDHK01000003.1_cds_CEO59603.1_4483	PMG11_04275
lcl|CDHK01000003.1_cds_CEO59604.1_4484	PMG11_04276
lcl|CDHK01000003.1_cds_CEO59605.1_4485	PMG11_04277
lcl|CDHK01000003.1_cds_CEO59606.1_4486	PMG11_04278
lcl|CDHK01000003.1_cds_CEO59607.1_4487	PMG11_04279
lcl|CDHK01000003.1_cds_CEO59608.1_4488	PMG11_04280
lcl|CDHK01000003.1_cds_CEO59609.1_4489	PMG11_04281
lcl|CDHK01000003.1_cds_CEO59610.1_4490	PMG11_04282
lcl|CDHK01000003.1_cds_CEO59611.1_4491	PMG11_04283
lcl|CDHK01000003.1_cds_CEO59612.1_4492	PMG11_04284
lcl|CDHK01000003.1_cds_CEO59613.1_4493	PMG11_04284
lcl|CDHK01000003.1_cds_CEO59614.1_4494	PMG11_04285
lcl|CDHK01000003.1_cds_CEO59615.1_4495	PMG11_04285
lcl|CDHK01000003.1_cds_CEO59616.1_4496	PMG11_04286
lcl|CDHK01000003.1_cds_CEO59617.1_4497	PMG11_04287
lcl|CDHK01000003.1_cds_CEO59618.1_4498	PMG11_04288
lcl|CDHK01000003.1_cds_CEO59619.1_4499	PMG11_04289
lcl|CDHK01000003.1_cds_CEO59620.1_4500	PMG11_04289
lcl|CDHK01000003.1_cds_CEO59621.1_4501	PMG11_04290
lcl|CDHK01000003.1_cds_CEO59622.1_4502	PMG11_04291
lcl|CDHK01000003.1_cds_CEO59623.1_4503	PMG11_04292
lcl|CDHK01000003.1_cds_CEO59624.1_4504	PMG11_04293
lcl|CDHK01000003.1_cds_CEO59625.1_4505	PMG11_04294
lcl|CDHK01000003.1_cds_CEO59626.1_4506	PMG11_04295
lcl|CDHK01000003.1_cds_CEO59627.1_4507	PMG11_04295
lcl|CDHK01000003.1_cds_CEO59628.1_4508	PMG11_04296
lcl|CDHK01000003.1_cds_CEO59629.1_4509	PMG11_04297
lcl|CDHK01000003.1_cds_CEO59630.1_4510	PMG11_04298
lcl|CDHK01000003.1_cds_CEO59631.1_4511	PMG11_04299
lcl|CDHK01000003.1_cds_CEO59632.1_4512	PMG11_04300
lcl|CDHK01000003.1_cds_CEO59633.1_4513	PMG11_04301
lcl|CDHK01000003.1_cds_CEO59634.1_4514	PMG11_04302
lcl|CDHK01000003.1_cds_CEO59635.1_4515	PMG11_04303
lcl|CDHK01000003.1_cds_CEO59636.1_4516	PMG11_04304
lcl|CDHK01000003.1_cds_CEO59637.1_4517	PMG11_04305
lcl|CDHK01000004.1_cds_CEO59638.1_4518	PMG11_04306
lcl|CDHK01000004.1_cds_CEO59639.1_4519	PMG11_04307
lcl|CDHK01000004.1_cds_CEO59640.1_4520	PMG11_04308
lcl|CDHK01000004.1_cds_CEO59641.1_4521	PMG11_04309
lcl|CDHK01000004.1_cds_CEO59642.1_4522	PMG11_04310
lcl|CDHK01000004.1_cds_CEO59643.1_4523	PMG11_04311
lcl|CDHK01000004.1_cds_CEO59644.1_4524	PMG11_04312
lcl|CDHK01000004.1_cds_CEO59645.1_4525	PMG11_04313
lcl|CDHK01000004.1_cds_CEO59646.1_4526	PMG11_04314
lcl|CDHK01000004.1_cds_CEO59647.1_4527	PMG11_04315
lcl|CDHK01000004.1_cds_CEO59648.1_4528	PMG11_04316
lcl|CDHK01000004.1_cds_CEO59649.1_4529	PMG11_04317
lcl|CDHK01000004.1_cds_CEO59650.1_4530	PMG11_04318
lcl|CDHK01000004.1_cds_CEO59651.1_4531	PMG11_04319
lcl|CDHK01000004.1_cds_CEO59652.1_4532	PMG11_04320
lcl|CDHK01000004.1_cds_CEO59653.1_4533	PMG11_04321
lcl|CDHK01000004.1_cds_CEO59654.1_4534	PMG11_04322
lcl|CDHK01000004.1_cds_CEO59655.1_4535	PMG11_04323
lcl|CDHK01000004.1_cds_CEO59656.1_4536	PMG11_04324
lcl|CDHK01000004.1_cds_CEO59657.1_4537	PMG11_04325
lcl|CDHK01000004.1_cds_CEO59658.1_4538	PMG11_04326
lcl|CDHK01000004.1_cds_CEO59659.1_4539	PMG11_04327
lcl|CDHK01000004.1_cds_CEO59660.1_4540	PMG11_04328
lcl|CDHK01000004.1_cds_CEO59661.1_4541	PMG11_04329
lcl|CDHK01000004.1_cds_CEO59662.1_4542	PMG11_04330
lcl|CDHK01000004.1_cds_CEO59663.1_4543	PMG11_04332
lcl|CDHK01000004.1_cds_CEO59664.1_4544	PMG11_04331
lcl|CDHK01000004.1_cds_CEO59665.1_4545	PMG11_04333
lcl|CDHK01000004.1_cds_CEO59666.1_4546	PMG11_04334
lcl|CDHK01000004.1_cds_CEO59667.1_4547	PMG11_04335
lcl|CDHK01000004.1_cds_CEO59668.1_4548	PMG11_04336
lcl|CDHK01000004.1_cds_CEO59669.1_4549	PMG11_04337
lcl|CDHK01000004.1_cds_CEO59670.1_4550	PMG11_04338
lcl|CDHK01000004.1_cds_CEO59671.1_4551	PMG11_04339
lcl|CDHK01000004.1_cds_CEO59672.1_4552	PMG11_04340
lcl|CDHK01000004.1_cds_CEO59673.1_4553	PMG11_04341
lcl|CDHK01000004.1_cds_CEO59674.1_4554	PMG11_04342
lcl|CDHK01000004.1_cds_CEO59675.1_4555	PMG11_04343
lcl|CDHK01000004.1_cds_CEO59676.1_4556	PMG11_04344
lcl|CDHK01000004.1_cds_CEO59677.1_4557	PMG11_04345
lcl|CDHK01000004.1_cds_CEO59678.1_4558	PMG11_04346
lcl|CDHK01000004.1_cds_CEO59679.1_4559	PMG11_04347
lcl|CDHK01000004.1_cds_CEO59680.1_4560	PMG11_04348
lcl|CDHK01000004.1_cds_CEO59681.1_4561	PMG11_04349
lcl|CDHK01000004.1_cds_CEO59682.1_4562	PMG11_04350
lcl|CDHK01000004.1_cds_CEO59683.1_4563	PMG11_04351
lcl|CDHK01000004.1_cds_CEO59684.1_4564	PMG11_04352
lcl|CDHK01000004.1_cds_CEO59685.1_4565	PMG11_04352
lcl|CDHK01000004.1_cds_CEO59686.1_4566	PMG11_04353
lcl|CDHK01000004.1_cds_CEO59687.1_4567	PMG11_04354
lcl|CDHK01000004.1_cds_CEO59688.1_4568	PMG11_04355
lcl|CDHK01000004.1_cds_CEO59689.1_4569	PMG11_04356
lcl|CDHK01000004.1_cds_CEO59690.1_4570	PMG11_04357
lcl|CDHK01000004.1_cds_CEO59691.1_4571	PMG11_04358
lcl|CDHK01000004.1_cds_CEO59692.1_4572	PMG11_04359
lcl|CDHK01000004.1_cds_CEO59693.1_4573	PMG11_04360
lcl|CDHK01000004.1_cds_CEO59694.1_4574	PMG11_04361
lcl|CDHK01000004.1_cds_CEO59695.1_4575	PMG11_04362
lcl|CDHK01000004.1_cds_CEO59696.1_4576	PMG11_04363
lcl|CDHK01000004.1_cds_CEO59697.1_4577	PMG11_04364
lcl|CDHK01000004.1_cds_CEO59698.1_4578	PMG11_04365
lcl|CDHK01000004.1_cds_CEO59699.1_4579	PMG11_04366
lcl|CDHK01000004.1_cds_CEO59700.1_4580	PMG11_04367
lcl|CDHK01000004.1_cds_CEO59701.1_4581	PMG11_04368
lcl|CDHK01000004.1_cds_CEO59702.1_4582	PMG11_04369
lcl|CDHK01000004.1_cds_CEO59703.1_4583	PMG11_04370
lcl|CDHK01000004.1_cds_CEO59704.1_4584	PMG11_04371
lcl|CDHK01000004.1_cds_CEO59705.1_4585	PMG11_04372
lcl|CDHK01000004.1_cds_CEO59706.1_4586	PMG11_04373
lcl|CDHK01000004.1_cds_CEO59707.1_4587	PMG11_04374
lcl|CDHK01000004.1_cds_CEO59708.1_4588	PMG11_04375
lcl|CDHK01000004.1_cds_CEO59709.1_4589	PMG11_04376
lcl|CDHK01000004.1_cds_CEO59710.1_4590	PMG11_04377
lcl|CDHK01000004.1_cds_CEO59711.1_4591	PMG11_04378
lcl|CDHK01000004.1_cds_CEO59712.1_4592	PMG11_04378
lcl|CDHK01000004.1_cds_CEO59713.1_4593	PMG11_04379
lcl|CDHK01000004.1_cds_CEO59714.1_4594	PMG11_04380
lcl|CDHK01000004.1_cds_CEO59715.1_4595	PMG11_04380
lcl|CDHK01000004.1_cds_CEO59716.1_4596	PMG11_04381
lcl|CDHK01000004.1_cds_CEO59717.1_4597	PMG11_04382
lcl|CDHK01000004.1_cds_CEO59718.1_4598	PMG11_04383
lcl|CDHK01000004.1_cds_CEO59719.1_4599	PMG11_04384
lcl|CDHK01000004.1_cds_CEO59720.1_4600	PMG11_04385
lcl|CDHK01000004.1_cds_CEO59721.1_4601	PMG11_04386
lcl|CDHK01000004.1_cds_CEO59722.1_4602	PMG11_04387
lcl|CDHK01000004.1_cds_CEO59723.1_4603	PMG11_04388
lcl|CDHK01000004.1_cds_CEO59724.1_4604	PMG11_04389
lcl|CDHK01000004.1_cds_CEO59725.1_4605	PMG11_04390
lcl|CDHK01000004.1_cds_CEO59726.1_4606	PMG11_04391
lcl|CDHK01000004.1_cds_CEO59727.1_4607	PMG11_04392
lcl|CDHK01000004.1_cds_CEO59728.1_4608	PMG11_04393
lcl|CDHK01000004.1_cds_CEO59729.1_4609	PMG11_04394
lcl|CDHK01000004.1_cds_CEO59730.1_4610	PMG11_04395
lcl|CDHK01000004.1_cds_CEO59731.1_4611	PMG11_04396
lcl|CDHK01000004.1_cds_CEO59732.1_4612	PMG11_04397
lcl|CDHK01000004.1_cds_CEO59733.1_4613	PMG11_04398
lcl|CDHK01000004.1_cds_CEO59734.1_4614	PMG11_04399
lcl|CDHK01000004.1_cds_CEO59735.1_4615	PMG11_04400
lcl|CDHK01000004.1_cds_CEO59736.1_4616	PMG11_04401
lcl|CDHK01000004.1_cds_CEO59737.1_4617	PMG11_04402
lcl|CDHK01000004.1_cds_CEO59738.1_4618	PMG11_04402
lcl|CDHK01000004.1_cds_CEO59739.1_4619	PMG11_04403
lcl|CDHK01000004.1_cds_CEO59740.1_4620	PMG11_04404
lcl|CDHK01000004.1_cds_CEO59741.1_4621	PMG11_04405
lcl|CDHK01000004.1_cds_CEO59742.1_4622	PMG11_04406
lcl|CDHK01000004.1_cds_CEO59743.1_4623	PMG11_04407
lcl|CDHK01000004.1_cds_CEO59744.1_4624	PMG11_04408
lcl|CDHK01000004.1_cds_CEO59745.1_4625	PMG11_04409
lcl|CDHK01000004.1_cds_CEO59746.1_4626	PMG11_04410
lcl|CDHK01000004.1_cds_CEO59747.1_4627	PMG11_04411
lcl|CDHK01000004.1_cds_CEO59748.1_4628	PMG11_04412
lcl|CDHK01000004.1_cds_CEO59749.1_4629	PMG11_04413
lcl|CDHK01000004.1_cds_CEO59750.1_4630	PMG11_04414
lcl|CDHK01000004.1_cds_CEO59751.1_4631	PMG11_04415
lcl|CDHK01000004.1_cds_CEO59752.1_4632	PMG11_04416
lcl|CDHK01000004.1_cds_CEO59753.1_4633	PMG11_04417
lcl|CDHK01000004.1_cds_CEO59754.1_4634	PMG11_04418
lcl|CDHK01000004.1_cds_CEO59755.1_4635	PMG11_04419
lcl|CDHK01000004.1_cds_CEO59756.1_4636	PMG11_04420
lcl|CDHK01000004.1_cds_CEO59757.1_4637	PMG11_04421
lcl|CDHK01000004.1_cds_CEO59758.1_4638	PMG11_04422
lcl|CDHK01000004.1_cds_CEO59759.1_4639	PMG11_04423
lcl|CDHK01000004.1_cds_CEO59762.1_4640	PMG11_04424
lcl|CDHK01000004.1_cds_CEO59761.1_4641	PMG11_04424
lcl|CDHK01000004.1_cds_CEO59760.1_4642	PMG11_04424
lcl|CDHK01000004.1_cds_CEO59763.1_4643	PMG11_04425
lcl|CDHK01000004.1_cds_CEO59764.1_4644	PMG11_04426
lcl|CDHK01000004.1_cds_CEO59765.1_4645	PMG11_04427
lcl|CDHK01000004.1_cds_CEO59766.1_4646	PMG11_04428
lcl|CDHK01000004.1_cds_CEO59767.1_4647	PMG11_04429
lcl|CDHK01000004.1_cds_CEO59768.1_4648	PMG11_04430
lcl|CDHK01000004.1_cds_CEO59769.1_4649	PMG11_04431
lcl|CDHK01000004.1_cds_CEO59770.1_4650	PMG11_04431
lcl|CDHK01000004.1_cds_CEO59771.1_4651	PMG11_04432
lcl|CDHK01000004.1_cds_CEO59772.1_4652	PMG11_04433
lcl|CDHK01000004.1_cds_CEO59773.1_4653	PMG11_04434
lcl|CDHK01000004.1_cds_CEO59774.1_4654	PMG11_04435
lcl|CDHK01000004.1_cds_CEO59775.1_4655	PMG11_04436
lcl|CDHK01000004.1_cds_CEO59776.1_4656	PMG11_04437
lcl|CDHK01000004.1_cds_CEO59777.1_4657	PMG11_04437
lcl|CDHK01000004.1_cds_CEO59778.1_4658	PMG11_04438
lcl|CDHK01000004.1_cds_CEO59779.1_4659	PMG11_04438
lcl|CDHK01000004.1_cds_CEO59780.1_4660	PMG11_04438
lcl|CDHK01000004.1_cds_CEO59781.1_4661	PMG11_04439
lcl|CDHK01000004.1_cds_CEO59782.1_4662	PMG11_04440
lcl|CDHK01000004.1_cds_CEO59783.1_4663	PMG11_04441
lcl|CDHK01000004.1_cds_CEO59784.1_4664	PMG11_04442
lcl|CDHK01000004.1_cds_CEO59786.1_4665	PMG11_04443
lcl|CDHK01000004.1_cds_CEO59785.1_4666	PMG11_04443
lcl|CDHK01000004.1_cds_CEO59787.1_4667	PMG11_04444
lcl|CDHK01000004.1_cds_CEO59788.1_4668	PMG11_04445
lcl|CDHK01000004.1_cds_CEO59789.1_4669	PMG11_04446
lcl|CDHK01000004.1_cds_CEO59790.1_4670	PMG11_04446
lcl|CDHK01000004.1_cds_CEO59791.1_4671	PMG11_04447
lcl|CDHK01000004.1_cds_CEO59792.1_4672	PMG11_04448
lcl|CDHK01000004.1_cds_CEO59793.1_4673	PMG11_04449
lcl|CDHK01000004.1_cds_CEO59794.1_4674	PMG11_04450
lcl|CDHK01000004.1_cds_CEO59795.1_4675	PMG11_04451
lcl|CDHK01000004.1_cds_CEO59796.1_4676	PMG11_04452
lcl|CDHK01000004.1_cds_CEO59797.1_4677	PMG11_04453
lcl|CDHK01000004.1_cds_CEO59798.1_4678	PMG11_04454
lcl|CDHK01000004.1_cds_CEO59799.1_4679	PMG11_04455
lcl|CDHK01000004.1_cds_CEO59800.1_4680	PMG11_04456
lcl|CDHK01000004.1_cds_CEO59801.1_4681	PMG11_04457
lcl|CDHK01000004.1_cds_CEO59802.1_4682	PMG11_04458
lcl|CDHK01000004.1_cds_CEO59803.1_4683	PMG11_04459
lcl|CDHK01000004.1_cds_CEO59804.1_4684	PMG11_04460
lcl|CDHK01000004.1_cds_CEO59805.1_4685	PMG11_04461
lcl|CDHK01000004.1_cds_CEO59806.1_4686	PMG11_04462
lcl|CDHK01000004.1_cds_CEO59807.1_4687	PMG11_04463
lcl|CDHK01000004.1_cds_CEO59808.1_4688	PMG11_04464
lcl|CDHK01000004.1_cds_CEO59809.1_4689	PMG11_04465
lcl|CDHK01000004.1_cds_CEO59810.1_4690	PMG11_04466
lcl|CDHK01000004.1_cds_CEO59811.1_4691	PMG11_04467
lcl|CDHK01000004.1_cds_CEO59812.1_4692	PMG11_04468
lcl|CDHK01000004.1_cds_CEO59813.1_4693	PMG11_04469
lcl|CDHK01000004.1_cds_CEO59814.1_4694	PMG11_04470
lcl|CDHK01000004.1_cds_CEO59815.1_4695	PMG11_04471
lcl|CDHK01000004.1_cds_CEO59816.1_4696	PMG11_04472
lcl|CDHK01000004.1_cds_CEO59817.1_4697	PMG11_04473
lcl|CDHK01000004.1_cds_CEO59818.1_4698	PMG11_04474
lcl|CDHK01000004.1_cds_CEO59819.1_4699	PMG11_04475
lcl|CDHK01000004.1_cds_CEO59820.1_4700	PMG11_04476
lcl|CDHK01000004.1_cds_CEO59821.1_4701	PMG11_04477
lcl|CDHK01000004.1_cds_CEO59822.1_4702	PMG11_04477
lcl|CDHK01000004.1_cds_CEO59823.1_4703	PMG11_04478
lcl|CDHK01000004.1_cds_CEO59824.1_4704	PMG11_04479
lcl|CDHK01000004.1_cds_CEO59825.1_4705	PMG11_04480
lcl|CDHK01000004.1_cds_CEO59826.1_4706	PMG11_04481
lcl|CDHK01000004.1_cds_CEO59827.1_4707	PMG11_04482
lcl|CDHK01000004.1_cds_CEO59828.1_4708	PMG11_04483
lcl|CDHK01000004.1_cds_CEO59829.1_4709	PMG11_04484
lcl|CDHK01000004.1_cds_CEO59830.1_4710	PMG11_04485
lcl|CDHK01000004.1_cds_CEO59831.1_4711	PMG11_04486
lcl|CDHK01000004.1_cds_CEO59832.1_4712	PMG11_04487
lcl|CDHK01000004.1_cds_CEO59833.1_4713	PMG11_04488
lcl|CDHK01000004.1_cds_CEO59834.1_4714	PMG11_04489
lcl|CDHK01000004.1_cds_CEO59835.1_4715	PMG11_04491
lcl|CDHK01000004.1_cds_CEO59836.1_4716	PMG11_04490
lcl|CDHK01000004.1_cds_CEO59837.1_4717	PMG11_04492
lcl|CDHK01000004.1_cds_CEO59838.1_4718	PMG11_04493
lcl|CDHK01000004.1_cds_CEO59839.1_4719	PMG11_04494
lcl|CDHK01000004.1_cds_CEO59840.1_4720	PMG11_04495
lcl|CDHK01000004.1_cds_CEO59841.1_4721	PMG11_04496
lcl|CDHK01000004.1_cds_CEO59842.1_4722	PMG11_04497
lcl|CDHK01000004.1_cds_CEO59844.1_4723	PMG11_04498
lcl|CDHK01000004.1_cds_CEO59843.1_4724	PMG11_04498
lcl|CDHK01000004.1_cds_CEO59845.1_4725	PMG11_04498
lcl|CDHK01000004.1_cds_CEO59846.1_4726	PMG11_04499
lcl|CDHK01000004.1_cds_CEO59847.1_4727	PMG11_04500
lcl|CDHK01000004.1_cds_CEO59848.1_4728	PMG11_04501
lcl|CDHK01000004.1_cds_CEO59849.1_4729	PMG11_04502
lcl|CDHK01000004.1_cds_CEO59850.1_4730	PMG11_04503
lcl|CDHK01000004.1_cds_CEO59851.1_4731	PMG11_04504
lcl|CDHK01000004.1_cds_CEO59852.1_4732	PMG11_04505
lcl|CDHK01000004.1_cds_CEO59853.1_4733	PMG11_04506
lcl|CDHK01000004.1_cds_CEO59854.1_4734	PMG11_04507
lcl|CDHK01000004.1_cds_CEO59855.1_4735	PMG11_04508
lcl|CDHK01000004.1_cds_CEO59856.1_4736	PMG11_04509
lcl|CDHK01000004.1_cds_CEO59857.1_4737	PMG11_04510
lcl|CDHK01000004.1_cds_CEO59858.1_4738	PMG11_04511
lcl|CDHK01000004.1_cds_CEO59859.1_4739	PMG11_04512
lcl|CDHK01000004.1_cds_CEO59860.1_4740	PMG11_04513
lcl|CDHK01000004.1_cds_CEO59861.1_4741	PMG11_04514
lcl|CDHK01000004.1_cds_CEO59862.1_4742	PMG11_04514
lcl|CDHK01000004.1_cds_CEO59863.1_4743	PMG11_04515
lcl|CDHK01000004.1_cds_CEO59865.1_4744	PMG11_04516
lcl|CDHK01000004.1_cds_CEO59864.1_4745	PMG11_04516
lcl|CDHK01000004.1_cds_CEO59866.1_4746	PMG11_04517
lcl|CDHK01000004.1_cds_CEO59867.1_4747	PMG11_04518
lcl|CDHK01000004.1_cds_CEO59868.1_4748	PMG11_04519
lcl|CDHK01000004.1_cds_CEO59869.1_4749	PMG11_04520
lcl|CDHK01000004.1_cds_CEO59870.1_4750	PMG11_04521
lcl|CDHK01000004.1_cds_CEO59871.1_4751	PMG11_04522
lcl|CDHK01000004.1_cds_CEO59872.1_4752	PMG11_04523
lcl|CDHK01000004.1_cds_CEO59873.1_4753	PMG11_04524
lcl|CDHK01000004.1_cds_CEO59874.1_4754	PMG11_04524
lcl|CDHK01000004.1_cds_CEO59875.1_4755	PMG11_04525
lcl|CDHK01000004.1_cds_CEO59876.1_4756	PMG11_04526
lcl|CDHK01000004.1_cds_CEO59877.1_4757	PMG11_04527
lcl|CDHK01000004.1_cds_CEO59878.1_4758	PMG11_04528
lcl|CDHK01000004.1_cds_CEO59879.1_4759	PMG11_04530
lcl|CDHK01000004.1_cds_CEO59880.1_4760	PMG11_04529
lcl|CDHK01000004.1_cds_CEO59881.1_4761	PMG11_04531
lcl|CDHK01000004.1_cds_CEO59882.1_4762	PMG11_04532
lcl|CDHK01000004.1_cds_CEO59883.1_4763	PMG11_04533
lcl|CDHK01000004.1_cds_CEO59884.1_4764	PMG11_04534
lcl|CDHK01000004.1_cds_CEO59885.1_4765	PMG11_04535
lcl|CDHK01000004.1_cds_CEO59886.1_4766	PMG11_04536
lcl|CDHK01000004.1_cds_CEO59887.1_4767	PMG11_04537
lcl|CDHK01000004.1_cds_CEO59888.1_4768	PMG11_04538
lcl|CDHK01000004.1_cds_CEO59889.1_4769	PMG11_04539
lcl|CDHK01000004.1_cds_CEO59890.1_4770	PMG11_04540
lcl|CDHK01000004.1_cds_CEO59891.1_4771	PMG11_04541
lcl|CDHK01000004.1_cds_CEO59892.1_4772	PMG11_04542
lcl|CDHK01000004.1_cds_CEO59893.1_4773	PMG11_04543
lcl|CDHK01000004.1_cds_CEO59894.1_4774	PMG11_04544
lcl|CDHK01000004.1_cds_CEO59895.1_4775	PMG11_04545
lcl|CDHK01000004.1_cds_CEO59896.1_4776	PMG11_04546
lcl|CDHK01000004.1_cds_CEO59897.1_4777	PMG11_04547
lcl|CDHK01000004.1_cds_CEO59898.1_4778	PMG11_04548
lcl|CDHK01000004.1_cds_CEO59899.1_4779	PMG11_04549
lcl|CDHK01000004.1_cds_CEO59900.1_4780	PMG11_04550
lcl|CDHK01000004.1_cds_CEO59901.1_4781	PMG11_04551
lcl|CDHK01000004.1_cds_CEO59902.1_4782	PMG11_04552
lcl|CDHK01000004.1_cds_CEO59903.1_4783	PMG11_04553
lcl|CDHK01000004.1_cds_CEO59904.1_4784	PMG11_04554
lcl|CDHK01000004.1_cds_CEO59905.1_4785	PMG11_04555
lcl|CDHK01000004.1_cds_CEO59906.1_4786	PMG11_04556
lcl|CDHK01000004.1_cds_CEO59907.1_4787	PMG11_04557
lcl|CDHK01000004.1_cds_CEO59908.1_4788	PMG11_04558
lcl|CDHK01000004.1_cds_CEO59909.1_4789	PMG11_04559
lcl|CDHK01000004.1_cds_CEO59910.1_4790	PMG11_04560
lcl|CDHK01000004.1_cds_CEO59911.1_4791	PMG11_04561
lcl|CDHK01000004.1_cds_CEO59912.1_4792	PMG11_04562
lcl|CDHK01000004.1_cds_CEO59913.1_4793	PMG11_04563
lcl|CDHK01000004.1_cds_CEO59914.1_4794	PMG11_04564
lcl|CDHK01000004.1_cds_CEO59915.1_4795	PMG11_04565
lcl|CDHK01000004.1_cds_CEO59916.1_4796	PMG11_04566
lcl|CDHK01000004.1_cds_CEO59917.1_4797	PMG11_04567
lcl|CDHK01000004.1_cds_CEO59918.1_4798	PMG11_04569
lcl|CDHK01000004.1_cds_CEO59919.1_4799	PMG11_04568
lcl|CDHK01000004.1_cds_CEO59920.1_4800	PMG11_04570
lcl|CDHK01000004.1_cds_CEO59921.1_4801	PMG11_04571
lcl|CDHK01000004.1_cds_CEO59922.1_4802	PMG11_04573
lcl|CDHK01000004.1_cds_CEO59923.1_4803	PMG11_04572
lcl|CDHK01000004.1_cds_CEO59924.1_4804	PMG11_04574
lcl|CDHK01000004.1_cds_CEO59925.1_4805	PMG11_04575
lcl|CDHK01000004.1_cds_CEO59926.1_4806	PMG11_04576
lcl|CDHK01000004.1_cds_CEO59927.1_4807	PMG11_04577
lcl|CDHK01000004.1_cds_CEO59928.1_4808	PMG11_04578
lcl|CDHK01000004.1_cds_CEO59929.1_4809	PMG11_04579
lcl|CDHK01000004.1_cds_CEO59931.1_4810	PMG11_04579
lcl|CDHK01000004.1_cds_CEO59930.1_4811	PMG11_04579
lcl|CDHK01000004.1_cds_CEO59932.1_4812	PMG11_04580
lcl|CDHK01000004.1_cds_CEO59933.1_4813	PMG11_04581
lcl|CDHK01000004.1_cds_CEO59934.1_4814	PMG11_04582
lcl|CDHK01000004.1_cds_CEO59935.1_4815	PMG11_04583
lcl|CDHK01000004.1_cds_CEO59936.1_4816	PMG11_04584
lcl|CDHK01000004.1_cds_CEO59937.1_4817	PMG11_04585
lcl|CDHK01000004.1_cds_CEO59938.1_4818	PMG11_04586
lcl|CDHK01000004.1_cds_CEO59939.1_4819	PMG11_04587
lcl|CDHK01000004.1_cds_CEO59940.1_4820	PMG11_04588
lcl|CDHK01000004.1_cds_CEO59941.1_4821	PMG11_04589
lcl|CDHK01000004.1_cds_CEO59942.1_4822	PMG11_04590
lcl|CDHK01000004.1_cds_CEO59943.1_4823	PMG11_04591
lcl|CDHK01000004.1_cds_CEO59944.1_4824	PMG11_04592
lcl|CDHK01000004.1_cds_CEO59945.1_4825	PMG11_04593
lcl|CDHK01000004.1_cds_CEO59946.1_4826	PMG11_04594
lcl|CDHK01000004.1_cds_CEO59947.1_4827	PMG11_04595
lcl|CDHK01000004.1_cds_CEO59948.1_4828	PMG11_04596
lcl|CDHK01000004.1_cds_CEO59949.1_4829	PMG11_04597
lcl|CDHK01000004.1_cds_CEO59950.1_4830	PMG11_04598
lcl|CDHK01000004.1_cds_CEO59951.1_4831	PMG11_04599
lcl|CDHK01000004.1_cds_CEO59952.1_4832	PMG11_04600
lcl|CDHK01000004.1_cds_CEO59953.1_4833	PMG11_04601
lcl|CDHK01000004.1_cds_CEO59954.1_4834	PMG11_04602
lcl|CDHK01000004.1_cds_CEO59955.1_4835	PMG11_04603
lcl|CDHK01000004.1_cds_CEO59956.1_4836	PMG11_04604
lcl|CDHK01000004.1_cds_CEO59957.1_4837	PMG11_04605
lcl|CDHK01000004.1_cds_CEO59958.1_4838	PMG11_04606
lcl|CDHK01000004.1_cds_CEO59959.1_4839	PMG11_04607
lcl|CDHK01000004.1_cds_CEO59960.1_4840	PMG11_04608
lcl|CDHK01000004.1_cds_CEO59961.1_4841	PMG11_04609
lcl|CDHK01000004.1_cds_CEO59962.1_4842	PMG11_04610
lcl|CDHK01000004.1_cds_CEO59963.1_4843	PMG11_04611
lcl|CDHK01000004.1_cds_CEO59964.1_4844	PMG11_04612
lcl|CDHK01000004.1_cds_CEO59965.1_4845	PMG11_04612
lcl|CDHK01000004.1_cds_CEO59966.1_4846	PMG11_04613
lcl|CDHK01000004.1_cds_CEO59967.1_4847	PMG11_04614
lcl|CDHK01000004.1_cds_CEO59968.1_4848	PMG11_04615
lcl|CDHK01000004.1_cds_CEO59969.1_4849	PMG11_04616
lcl|CDHK01000004.1_cds_CEO59970.1_4850	PMG11_04617
lcl|CDHK01000004.1_cds_CEO59971.1_4851	PMG11_04618
lcl|CDHK01000004.1_cds_CEO59972.1_4852	PMG11_04619
lcl|CDHK01000004.1_cds_CEO59973.1_4853	PMG11_04620
lcl|CDHK01000004.1_cds_CEO59974.1_4854	PMG11_04621
lcl|CDHK01000004.1_cds_CEO59975.1_4855	PMG11_04622
lcl|CDHK01000004.1_cds_CEO59976.1_4856	PMG11_04623
lcl|CDHK01000004.1_cds_CEO59977.1_4857	PMG11_04624
lcl|CDHK01000004.1_cds_CEO59978.1_4858	PMG11_04625
lcl|CDHK01000004.1_cds_CEO59979.1_4859	PMG11_04626
lcl|CDHK01000004.1_cds_CEO59980.1_4860	PMG11_04627
lcl|CDHK01000004.1_cds_CEO59981.1_4861	PMG11_04628
lcl|CDHK01000004.1_cds_CEO59982.1_4862	PMG11_04629
lcl|CDHK01000004.1_cds_CEO59983.1_4863	PMG11_04630
lcl|CDHK01000004.1_cds_CEO59984.1_4864	PMG11_04631
lcl|CDHK01000004.1_cds_CEO59985.1_4865	PMG11_04632
lcl|CDHK01000004.1_cds_CEO59986.1_4866	PMG11_04632
lcl|CDHK01000004.1_cds_CEO59988.1_4867	PMG11_04633
lcl|CDHK01000004.1_cds_CEO59987.1_4868	PMG11_04633
lcl|CDHK01000004.1_cds_CEO59989.1_4869	PMG11_04634
lcl|CDHK01000004.1_cds_CEO59990.1_4870	PMG11_04635
lcl|CDHK01000004.1_cds_CEO59991.1_4871	PMG11_04636
lcl|CDHK01000004.1_cds_CEO59992.1_4872	PMG11_04636
lcl|CDHK01000004.1_cds_CEO59993.1_4873	PMG11_04637
lcl|CDHK01000004.1_cds_CEO59994.1_4874	PMG11_04638
lcl|CDHK01000004.1_cds_CEO59995.1_4875	PMG11_04639
lcl|CDHK01000004.1_cds_CEO59996.1_4876	PMG11_04640
lcl|CDHK01000004.1_cds_CEO59997.1_4877	PMG11_04641
lcl|CDHK01000004.1_cds_CEO59998.1_4878	PMG11_04642
lcl|CDHK01000004.1_cds_CEO59999.1_4879	PMG11_04643
lcl|CDHK01000004.1_cds_CEO60000.1_4880	PMG11_04644
lcl|CDHK01000004.1_cds_CEO60001.1_4881	PMG11_04645
lcl|CDHK01000004.1_cds_CEO60002.1_4882	PMG11_04646
lcl|CDHK01000004.1_cds_CEO60003.1_4883	PMG11_04647
lcl|CDHK01000004.1_cds_CEO60004.1_4884	PMG11_04648
lcl|CDHK01000004.1_cds_CEO60005.1_4885	PMG11_04649
lcl|CDHK01000004.1_cds_CEO60006.1_4886	PMG11_04650
lcl|CDHK01000004.1_cds_CEO60007.1_4887	PMG11_04651
lcl|CDHK01000004.1_cds_CEO60008.1_4888	PMG11_04652
lcl|CDHK01000004.1_cds_CEO60009.1_4889	PMG11_04653
lcl|CDHK01000004.1_cds_CEO60010.1_4890	PMG11_04654
lcl|CDHK01000004.1_cds_CEO60011.1_4891	PMG11_04655
lcl|CDHK01000004.1_cds_CEO60012.1_4892	PMG11_04656
lcl|CDHK01000004.1_cds_CEO60013.1_4893	PMG11_04657
lcl|CDHK01000004.1_cds_CEO60014.1_4894	PMG11_04658
lcl|CDHK01000004.1_cds_CEO60015.1_4895	PMG11_04659
lcl|CDHK01000004.1_cds_CEO60016.1_4896	PMG11_04660
lcl|CDHK01000004.1_cds_CEO60017.1_4897	PMG11_04661
lcl|CDHK01000004.1_cds_CEO60018.1_4898	PMG11_04661
lcl|CDHK01000004.1_cds_CEO60019.1_4899	PMG11_04662
lcl|CDHK01000004.1_cds_CEO60020.1_4900	PMG11_04663
lcl|CDHK01000004.1_cds_CEO60021.1_4901	PMG11_04664
lcl|CDHK01000004.1_cds_CEO60022.1_4902	PMG11_04665
lcl|CDHK01000004.1_cds_CEO60023.1_4903	PMG11_04666
lcl|CDHK01000004.1_cds_CEO60024.1_4904	PMG11_04667
lcl|CDHK01000004.1_cds_CEO60025.1_4905	PMG11_04668
lcl|CDHK01000004.1_cds_CEO60026.1_4906	PMG11_04669
lcl|CDHK01000004.1_cds_CEO60027.1_4907	PMG11_04670
lcl|CDHK01000004.1_cds_CEO60028.1_4908	PMG11_04671
lcl|CDHK01000004.1_cds_CEO60029.1_4909	PMG11_04672
lcl|CDHK01000004.1_cds_CEO60030.1_4910	PMG11_04673
lcl|CDHK01000004.1_cds_CEO60031.1_4911	PMG11_04674
lcl|CDHK01000004.1_cds_CEO60032.1_4912	PMG11_04675
lcl|CDHK01000004.1_cds_CEO60033.1_4913	PMG11_04676
lcl|CDHK01000004.1_cds_CEO60034.1_4914	PMG11_04677
lcl|CDHK01000004.1_cds_CEO60035.1_4915	PMG11_04678
lcl|CDHK01000004.1_cds_CEO60036.1_4916	PMG11_04679
lcl|CDHK01000004.1_cds_CEO60037.1_4917	PMG11_04680
lcl|CDHK01000004.1_cds_CEO60038.1_4918	PMG11_04681
lcl|CDHK01000004.1_cds_CEO60039.1_4919	PMG11_04682
lcl|CDHK01000004.1_cds_CEO60040.1_4920	PMG11_04683
lcl|CDHK01000004.1_cds_CEO60041.1_4921	PMG11_04684
lcl|CDHK01000004.1_cds_CEO60042.1_4922	PMG11_04685
lcl|CDHK01000004.1_cds_CEO60043.1_4923	PMG11_04686
lcl|CDHK01000004.1_cds_CEO60044.1_4924	PMG11_04687
lcl|CDHK01000004.1_cds_CEO60045.1_4925	PMG11_04688
lcl|CDHK01000004.1_cds_CEO60046.1_4926	PMG11_04689
lcl|CDHK01000004.1_cds_CEO60047.1_4927	PMG11_04690
lcl|CDHK01000004.1_cds_CEO60048.1_4928	PMG11_04691
lcl|CDHK01000004.1_cds_CEO60049.1_4929	PMG11_04692
lcl|CDHK01000004.1_cds_CEO60050.1_4930	PMG11_04693
lcl|CDHK01000004.1_cds_CEO60051.1_4931	PMG11_04694
lcl|CDHK01000004.1_cds_CEO60052.1_4932	PMG11_04695
lcl|CDHK01000004.1_cds_CEO60053.1_4933	PMG11_04696
lcl|CDHK01000004.1_cds_CEO60054.1_4934	PMG11_04697
lcl|CDHK01000004.1_cds_CEO60055.1_4935	PMG11_04698
lcl|CDHK01000004.1_cds_CEO60056.1_4936	PMG11_04699
lcl|CDHK01000004.1_cds_CEO60057.1_4937	PMG11_04700
lcl|CDHK01000004.1_cds_CEO60058.1_4938	PMG11_04701
lcl|CDHK01000004.1_cds_CEO60059.1_4939	PMG11_04702
lcl|CDHK01000004.1_cds_CEO60060.1_4940	PMG11_04703
lcl|CDHK01000004.1_cds_CEO60061.1_4941	PMG11_04704
lcl|CDHK01000004.1_cds_CEO60062.1_4942	PMG11_04705
lcl|CDHK01000004.1_cds_CEO60063.1_4943	PMG11_04706
lcl|CDHK01000004.1_cds_CEO60064.1_4944	PMG11_04707
lcl|CDHK01000004.1_cds_CEO60065.1_4945	PMG11_04708
lcl|CDHK01000004.1_cds_CEO60066.1_4946	PMG11_04709
lcl|CDHK01000004.1_cds_CEO60067.1_4947	PMG11_04710
lcl|CDHK01000004.1_cds_CEO60068.1_4948	PMG11_04711
lcl|CDHK01000004.1_cds_CEO60069.1_4949	PMG11_04712
lcl|CDHK01000004.1_cds_CEO60070.1_4950	PMG11_04713
lcl|CDHK01000004.1_cds_CEO60071.1_4951	PMG11_04714
lcl|CDHK01000004.1_cds_CEO60072.1_4952	PMG11_04715
lcl|CDHK01000004.1_cds_CEO60073.1_4953	PMG11_04716
lcl|CDHK01000004.1_cds_CEO60074.1_4954	PMG11_04717
lcl|CDHK01000004.1_cds_CEO60075.1_4955	PMG11_04718
lcl|CDHK01000004.1_cds_CEO60076.1_4956	PMG11_04719
lcl|CDHK01000004.1_cds_CEO60077.1_4957	PMG11_04720
lcl|CDHK01000004.1_cds_CEO60078.1_4958	PMG11_04721
lcl|CDHK01000004.1_cds_CEO60079.1_4959	PMG11_04722
lcl|CDHK01000004.1_cds_CEO60080.1_4960	PMG11_04723
lcl|CDHK01000004.1_cds_CEO60081.1_4961	PMG11_04724
lcl|CDHK01000004.1_cds_CEO60082.1_4962	PMG11_04725
lcl|CDHK01000004.1_cds_CEO60083.1_4963	PMG11_04726
lcl|CDHK01000004.1_cds_CEO60084.1_4964	PMG11_04727
lcl|CDHK01000004.1_cds_CEO60085.1_4965	PMG11_04728
lcl|CDHK01000004.1_cds_CEO60086.1_4966	PMG11_04729
lcl|CDHK01000004.1_cds_CEO60087.1_4967	PMG11_04730
lcl|CDHK01000004.1_cds_CEO60088.1_4968	PMG11_04731
lcl|CDHK01000004.1_cds_CEO60089.1_4969	PMG11_04732
lcl|CDHK01000004.1_cds_CEO60090.1_4970	PMG11_04733
lcl|CDHK01000004.1_cds_CEO60091.1_4971	PMG11_04734
lcl|CDHK01000004.1_cds_CEO60092.1_4972	PMG11_04734
lcl|CDHK01000004.1_cds_CEO60093.1_4973	PMG11_04735
lcl|CDHK01000004.1_cds_CEO60094.1_4974	PMG11_04736
lcl|CDHK01000004.1_cds_CEO60095.1_4975	PMG11_04737
lcl|CDHK01000004.1_cds_CEO60096.1_4976	PMG11_04738
lcl|CDHK01000004.1_cds_CEO60097.1_4977	PMG11_04739
lcl|CDHK01000004.1_cds_CEO60098.1_4978	PMG11_04740
lcl|CDHK01000004.1_cds_CEO60100.1_4979	PMG11_04741
lcl|CDHK01000004.1_cds_CEO60099.1_4980	PMG11_04741
lcl|CDHK01000004.1_cds_CEO60101.1_4981	PMG11_04742
lcl|CDHK01000004.1_cds_CEO60102.1_4982	PMG11_04743
lcl|CDHK01000004.1_cds_CEO60103.1_4983	PMG11_04744
lcl|CDHK01000004.1_cds_CEO60104.1_4984	PMG11_04745
lcl|CDHK01000004.1_cds_CEO60105.1_4985	PMG11_04746
lcl|CDHK01000004.1_cds_CEO60106.1_4986	PMG11_04747
lcl|CDHK01000004.1_cds_CEO60107.1_4987	PMG11_04748
lcl|CDHK01000004.1_cds_CEO60108.1_4988	PMG11_04749
lcl|CDHK01000004.1_cds_CEO60109.1_4989	PMG11_04750
lcl|CDHK01000004.1_cds_CEO60110.1_4990	PMG11_04751
lcl|CDHK01000004.1_cds_CEO60111.1_4991	PMG11_04752
lcl|CDHK01000004.1_cds_CEO60112.1_4992	PMG11_04753
lcl|CDHK01000004.1_cds_CEO60113.1_4993	PMG11_04754
lcl|CDHK01000004.1_cds_CEO60114.1_4994	PMG11_04755
lcl|CDHK01000004.1_cds_CEO60115.1_4995	PMG11_04755
lcl|CDHK01000004.1_cds_CEO60116.1_4996	PMG11_04756
lcl|CDHK01000004.1_cds_CEO60117.1_4997	PMG11_04757
lcl|CDHK01000004.1_cds_CEO60118.1_4998	PMG11_04758
lcl|CDHK01000004.1_cds_CEO60119.1_4999	PMG11_04759
lcl|CDHK01000004.1_cds_CEO60120.1_5000	PMG11_04760
lcl|CDHK01000004.1_cds_CEO60121.1_5001	PMG11_04761
lcl|CDHK01000004.1_cds_CEO60122.1_5002	PMG11_04762
lcl|CDHK01000004.1_cds_CEO60123.1_5003	PMG11_04763
lcl|CDHK01000004.1_cds_CEO60124.1_5004	PMG11_04764
lcl|CDHK01000004.1_cds_CEO60125.1_5005	PMG11_04765
lcl|CDHK01000004.1_cds_CEO60126.1_5006	PMG11_04766
lcl|CDHK01000004.1_cds_CEO60127.1_5007	PMG11_04767
lcl|CDHK01000004.1_cds_CEO60128.1_5008	PMG11_04768
lcl|CDHK01000004.1_cds_CEO60129.1_5009	PMG11_04769
lcl|CDHK01000004.1_cds_CEO60130.1_5010	PMG11_04770
lcl|CDHK01000004.1_cds_CEO60131.1_5011	PMG11_04771
lcl|CDHK01000004.1_cds_CEO60132.1_5012	PMG11_04772
lcl|CDHK01000004.1_cds_CEO60133.1_5013	PMG11_04773
lcl|CDHK01000004.1_cds_CEO60134.1_5014	PMG11_04774
lcl|CDHK01000004.1_cds_CEO60135.1_5015	PMG11_04775
lcl|CDHK01000004.1_cds_CEO60136.1_5016	PMG11_04776
lcl|CDHK01000004.1_cds_CEO60137.1_5017	PMG11_04777
lcl|CDHK01000004.1_cds_CEO60138.1_5018	PMG11_04777
lcl|CDHK01000004.1_cds_CEO60139.1_5019	PMG11_04778
lcl|CDHK01000004.1_cds_CEO60140.1_5020	PMG11_04779
lcl|CDHK01000004.1_cds_CEO60141.1_5021	PMG11_04781
lcl|CDHK01000004.1_cds_CEO60142.1_5022	PMG11_04780
lcl|CDHK01000004.1_cds_CEO60143.1_5023	PMG11_04782
lcl|CDHK01000004.1_cds_CEO60144.1_5024	PMG11_04783
lcl|CDHK01000004.1_cds_CEO60145.1_5025	PMG11_04785
lcl|CDHK01000004.1_cds_CEO60146.1_5026	PMG11_04784
lcl|CDHK01000004.1_cds_CEO60147.1_5027	PMG11_04786
lcl|CDHK01000004.1_cds_CEO60148.1_5028	PMG11_04787
lcl|CDHK01000004.1_cds_CEO60149.1_5029	PMG11_04788
lcl|CDHK01000004.1_cds_CEO60150.1_5030	PMG11_04789
lcl|CDHK01000004.1_cds_CEO60151.1_5031	PMG11_04790
lcl|CDHK01000004.1_cds_CEO60152.1_5032	PMG11_04791
lcl|CDHK01000004.1_cds_CEO60153.1_5033	PMG11_04792
lcl|CDHK01000004.1_cds_CEO60154.1_5034	PMG11_04793
lcl|CDHK01000004.1_cds_CEO60155.1_5035	PMG11_04794
lcl|CDHK01000004.1_cds_CEO60156.1_5036	PMG11_04795
lcl|CDHK01000004.1_cds_CEO60157.1_5037	PMG11_04796
lcl|CDHK01000004.1_cds_CEO60158.1_5038	PMG11_04797
lcl|CDHK01000004.1_cds_CEO60159.1_5039	PMG11_04798
lcl|CDHK01000004.1_cds_CEO60160.1_5040	PMG11_04799
lcl|CDHK01000004.1_cds_CEO60161.1_5041	PMG11_04800
lcl|CDHK01000004.1_cds_CEO60162.1_5042	PMG11_04801
lcl|CDHK01000004.1_cds_CEO60163.1_5043	PMG11_04802
lcl|CDHK01000004.1_cds_CEO60164.1_5044	PMG11_04803
lcl|CDHK01000004.1_cds_CEO60165.1_5045	PMG11_04804
lcl|CDHK01000004.1_cds_CEO60166.1_5046	PMG11_04805
lcl|CDHK01000004.1_cds_CEO60167.1_5047	PMG11_04806
lcl|CDHK01000004.1_cds_CEO60168.1_5048	PMG11_04807
lcl|CDHK01000004.1_cds_CEO60169.1_5049	PMG11_04808
lcl|CDHK01000004.1_cds_CEO60170.1_5050	PMG11_04809
lcl|CDHK01000004.1_cds_CEO60171.1_5051	PMG11_04810
lcl|CDHK01000004.1_cds_CEO60172.1_5052	PMG11_04811
lcl|CDHK01000004.1_cds_CEO60173.1_5053	PMG11_04812
lcl|CDHK01000004.1_cds_CEO60174.1_5054	PMG11_04813
lcl|CDHK01000004.1_cds_CEO60175.1_5055	PMG11_04814
lcl|CDHK01000004.1_cds_CEO60176.1_5056	PMG11_04815
lcl|CDHK01000004.1_cds_CEO60177.1_5057	PMG11_04816
lcl|CDHK01000004.1_cds_CEO60178.1_5058	PMG11_04816
lcl|CDHK01000004.1_cds_CEO60179.1_5059	PMG11_04817
lcl|CDHK01000004.1_cds_CEO60180.1_5060	PMG11_04818
lcl|CDHK01000004.1_cds_CEO60181.1_5061	PMG11_04819
lcl|CDHK01000004.1_cds_CEO60182.1_5062	PMG11_04820
lcl|CDHK01000004.1_cds_CEO60183.1_5063	PMG11_04821
lcl|CDHK01000004.1_cds_CEO60184.1_5064	PMG11_04822
lcl|CDHK01000004.1_cds_CEO60185.1_5065	PMG11_04823
lcl|CDHK01000004.1_cds_CEO60186.1_5066	PMG11_04824
lcl|CDHK01000004.1_cds_CEO60187.1_5067	PMG11_04825
lcl|CDHK01000004.1_cds_CEO60188.1_5068	PMG11_04826
lcl|CDHK01000004.1_cds_CEO60189.1_5069	PMG11_04827
lcl|CDHK01000004.1_cds_CEO60190.1_5070	PMG11_04828
lcl|CDHK01000004.1_cds_CEO60191.1_5071	PMG11_04829
lcl|CDHK01000004.1_cds_CEO60192.1_5072	PMG11_04830
lcl|CDHK01000004.1_cds_CEO60193.1_5073	PMG11_04831
lcl|CDHK01000004.1_cds_CEO60194.1_5074	PMG11_04832
lcl|CDHK01000004.1_cds_CEO60195.1_5075	PMG11_04833
lcl|CDHK01000004.1_cds_CEO60196.1_5076	PMG11_04834
lcl|CDHK01000004.1_cds_CEO60197.1_5077	PMG11_04835
lcl|CDHK01000004.1_cds_CEO60198.1_5078	PMG11_04836
lcl|CDHK01000004.1_cds_CEO60199.1_5079	PMG11_04837
lcl|CDHK01000004.1_cds_CEO60200.1_5080	PMG11_04838
lcl|CDHK01000004.1_cds_CEO60201.1_5081	PMG11_04839
lcl|CDHK01000004.1_cds_CEO60202.1_5082	PMG11_04840
lcl|CDHK01000004.1_cds_CEO60203.1_5083	PMG11_04841
lcl|CDHK01000004.1_cds_CEO60204.1_5084	PMG11_04842
lcl|CDHK01000004.1_cds_CEO60205.1_5085	PMG11_04843
lcl|CDHK01000004.1_cds_CEO60206.1_5086	PMG11_04844
lcl|CDHK01000004.1_cds_CEO60207.1_5087	PMG11_04845
lcl|CDHK01000004.1_cds_CEO60208.1_5088	PMG11_04846
lcl|CDHK01000004.1_cds_CEO60209.1_5089	PMG11_04847
lcl|CDHK01000004.1_cds_CEO60210.1_5090	PMG11_04848
lcl|CDHK01000004.1_cds_CEO60211.1_5091	PMG11_04849
lcl|CDHK01000004.1_cds_CEO60212.1_5092	PMG11_04850
lcl|CDHK01000004.1_cds_CEO60213.1_5093	PMG11_04851
lcl|CDHK01000004.1_cds_CEO60214.1_5094	PMG11_04852
lcl|CDHK01000004.1_cds_CEO60215.1_5095	PMG11_04853
lcl|CDHK01000004.1_cds_CEO60216.1_5096	PMG11_04854
lcl|CDHK01000004.1_cds_CEO60217.1_5097	PMG11_04855
lcl|CDHK01000004.1_cds_CEO60218.1_5098	PMG11_04856
lcl|CDHK01000004.1_cds_CEO60219.1_5099	PMG11_04857
lcl|CDHK01000004.1_cds_CEO60220.1_5100	PMG11_04858
lcl|CDHK01000004.1_cds_CEO60221.1_5101	PMG11_04859
lcl|CDHK01000004.1_cds_CEO60222.1_5102	PMG11_04860
lcl|CDHK01000004.1_cds_CEO60223.1_5103	PMG11_04861
lcl|CDHK01000004.1_cds_CEO60224.1_5104	PMG11_04862
lcl|CDHK01000004.1_cds_CEO60225.1_5105	PMG11_04863
lcl|CDHK01000004.1_cds_CEO60226.1_5106	PMG11_04864
lcl|CDHK01000004.1_cds_CEO60227.1_5107	PMG11_04865
lcl|CDHK01000004.1_cds_CEO60228.1_5108	PMG11_04866
lcl|CDHK01000004.1_cds_CEO60229.1_5109	PMG11_04866
lcl|CDHK01000004.1_cds_CEO60230.1_5110	PMG11_04867
lcl|CDHK01000004.1_cds_CEO60231.1_5111	PMG11_04868
lcl|CDHK01000004.1_cds_CEO60232.1_5112	PMG11_04869
lcl|CDHK01000004.1_cds_CEO60233.1_5113	PMG11_04870
lcl|CDHK01000004.1_cds_CEO60234.1_5114	PMG11_04871
lcl|CDHK01000004.1_cds_CEO60235.1_5115	PMG11_04872
lcl|CDHK01000004.1_cds_CEO60236.1_5116	PMG11_04874
lcl|CDHK01000004.1_cds_CEO60237.1_5117	PMG11_04873
lcl|CDHK01000004.1_cds_CEO60238.1_5118	PMG11_04875
lcl|CDHK01000004.1_cds_CEO60239.1_5119	PMG11_04876
lcl|CDHK01000004.1_cds_CEO60240.1_5120	PMG11_04877
lcl|CDHK01000004.1_cds_CEO60241.1_5121	PMG11_04878
lcl|CDHK01000004.1_cds_CEO60242.1_5122	PMG11_04879
lcl|CDHK01000004.1_cds_CEO60243.1_5123	PMG11_04880
lcl|CDHK01000004.1_cds_CEO60244.1_5124	PMG11_04881
lcl|CDHK01000004.1_cds_CEO60245.1_5125	PMG11_04882
lcl|CDHK01000004.1_cds_CEO60246.1_5126	PMG11_04882
lcl|CDHK01000004.1_cds_CEO60247.1_5127	PMG11_04883
lcl|CDHK01000004.1_cds_CEO60248.1_5128	PMG11_04884
lcl|CDHK01000004.1_cds_CEO60249.1_5129	PMG11_04885
lcl|CDHK01000004.1_cds_CEO60250.1_5130	PMG11_04886
lcl|CDHK01000004.1_cds_CEO60251.1_5131	PMG11_04887
lcl|CDHK01000004.1_cds_CEO60252.1_5132	PMG11_04887
lcl|CDHK01000004.1_cds_CEO60253.1_5133	PMG11_04888
lcl|CDHK01000004.1_cds_CEO60254.1_5134	PMG11_04889
lcl|CDHK01000004.1_cds_CEO60255.1_5135	PMG11_04890
lcl|CDHK01000004.1_cds_CEO60256.1_5136	PMG11_04891
lcl|CDHK01000004.1_cds_CEO60257.1_5137	PMG11_04892
lcl|CDHK01000004.1_cds_CEO60258.1_5138	PMG11_04893
lcl|CDHK01000004.1_cds_CEO60259.1_5139	PMG11_04894
lcl|CDHK01000004.1_cds_CEO60260.1_5140	PMG11_04895
lcl|CDHK01000004.1_cds_CEO60261.1_5141	PMG11_04896
lcl|CDHK01000004.1_cds_CEO60262.1_5142	PMG11_04897
lcl|CDHK01000004.1_cds_CEO60263.1_5143	PMG11_04898
lcl|CDHK01000004.1_cds_CEO60264.1_5144	PMG11_04899
lcl|CDHK01000004.1_cds_CEO60265.1_5145	PMG11_04900
lcl|CDHK01000004.1_cds_CEO60266.1_5146	PMG11_04901
lcl|CDHK01000004.1_cds_CEO60267.1_5147	PMG11_04902
lcl|CDHK01000004.1_cds_CEO60268.1_5148	PMG11_04903
lcl|CDHK01000004.1_cds_CEO60269.1_5149	PMG11_04904
lcl|CDHK01000004.1_cds_CEO60270.1_5150	PMG11_04905
lcl|CDHK01000004.1_cds_CEO60271.1_5151	PMG11_04906
lcl|CDHK01000004.1_cds_CEO60272.1_5152	PMG11_04907
lcl|CDHK01000004.1_cds_CEO60273.1_5153	PMG11_04908
lcl|CDHK01000004.1_cds_CEO60274.1_5154	PMG11_04909
lcl|CDHK01000004.1_cds_CEO60275.1_5155	PMG11_04910
lcl|CDHK01000004.1_cds_CEO60276.1_5156	PMG11_04911
lcl|CDHK01000004.1_cds_CEO60277.1_5157	PMG11_04912
lcl|CDHK01000004.1_cds_CEO60278.1_5158	PMG11_04913
lcl|CDHK01000004.1_cds_CEO60279.1_5159	PMG11_04914
lcl|CDHK01000004.1_cds_CEO60280.1_5160	PMG11_04915
lcl|CDHK01000004.1_cds_CEO60281.1_5161	PMG11_04916
lcl|CDHK01000004.1_cds_CEO60282.1_5162	PMG11_04917
lcl|CDHK01000004.1_cds_CEO60283.1_5163	PMG11_04918
lcl|CDHK01000004.1_cds_CEO60284.1_5164	PMG11_04918
lcl|CDHK01000004.1_cds_CEO60285.1_5165	PMG11_04920
lcl|CDHK01000004.1_cds_CEO60286.1_5166	PMG11_04919
lcl|CDHK01000004.1_cds_CEO60287.1_5167	PMG11_04921
lcl|CDHK01000004.1_cds_CEO60288.1_5168	PMG11_04922
lcl|CDHK01000004.1_cds_CEO60289.1_5169	PMG11_04923
lcl|CDHK01000004.1_cds_CEO60290.1_5170	PMG11_04924
lcl|CDHK01000004.1_cds_CEO60291.1_5171	PMG11_04925
lcl|CDHK01000004.1_cds_CEO60292.1_5172	PMG11_04926
lcl|CDHK01000004.1_cds_CEO60293.1_5173	PMG11_04927
lcl|CDHK01000004.1_cds_CEO60294.1_5174	PMG11_04928
lcl|CDHK01000004.1_cds_CEO60295.1_5175	PMG11_04929
lcl|CDHK01000004.1_cds_CEO60296.1_5176	PMG11_04930
lcl|CDHK01000004.1_cds_CEO60297.1_5177	PMG11_04931
lcl|CDHK01000004.1_cds_CEO60298.1_5178	PMG11_04932
lcl|CDHK01000004.1_cds_CEO60299.1_5179	PMG11_04933
lcl|CDHK01000004.1_cds_CEO60300.1_5180	PMG11_04934
lcl|CDHK01000004.1_cds_CEO60301.1_5181	PMG11_04935
lcl|CDHK01000004.1_cds_CEO60302.1_5182	PMG11_04936
lcl|CDHK01000004.1_cds_CEO60303.1_5183	PMG11_04937
lcl|CDHK01000004.1_cds_CEO60304.1_5184	PMG11_04938
lcl|CDHK01000004.1_cds_CEO60305.1_5185	PMG11_04939
lcl|CDHK01000004.1_cds_CEO60306.1_5186	PMG11_04940
lcl|CDHK01000004.1_cds_CEO60308.1_5187	PMG11_04941
lcl|CDHK01000004.1_cds_CEO60307.1_5188	PMG11_04941
lcl|CDHK01000004.1_cds_CEO60309.1_5189	PMG11_04941
lcl|CDHK01000004.1_cds_CEO60310.1_5190	PMG11_04942
lcl|CDHK01000004.1_cds_CEO60311.1_5191	PMG11_04943
lcl|CDHK01000004.1_cds_CEO60312.1_5192	PMG11_04944
lcl|CDHK01000004.1_cds_CEO60313.1_5193	PMG11_04945
lcl|CDHK01000004.1_cds_CEO60314.1_5194	PMG11_04946
lcl|CDHK01000004.1_cds_CEO60315.1_5195	PMG11_04947
lcl|CDHK01000004.1_cds_CEO60316.1_5196	PMG11_04948
lcl|CDHK01000004.1_cds_CEO60317.1_5197	PMG11_04949
lcl|CDHK01000004.1_cds_CEO60318.1_5198	PMG11_04950
lcl|CDHK01000004.1_cds_CEO60319.1_5199	PMG11_04951
lcl|CDHK01000004.1_cds_CEO60320.1_5200	PMG11_04952
lcl|CDHK01000004.1_cds_CEO60321.1_5201	PMG11_04953
lcl|CDHK01000004.1_cds_CEO60322.1_5202	PMG11_04954
lcl|CDHK01000004.1_cds_CEO60323.1_5203	PMG11_04955
lcl|CDHK01000004.1_cds_CEO60324.1_5204	PMG11_04956
lcl|CDHK01000004.1_cds_CEO60325.1_5205	PMG11_04957
lcl|CDHK01000004.1_cds_CEO60326.1_5206	PMG11_04958
lcl|CDHK01000004.1_cds_CEO60327.1_5207	PMG11_04959
lcl|CDHK01000004.1_cds_CEO60328.1_5208	PMG11_04960
lcl|CDHK01000004.1_cds_CEO60329.1_5209	PMG11_04961
lcl|CDHK01000004.1_cds_CEO60330.1_5210	PMG11_04961
lcl|CDHK01000004.1_cds_CEO60331.1_5211	PMG11_04962
lcl|CDHK01000004.1_cds_CEO60332.1_5212	PMG11_04963
lcl|CDHK01000004.1_cds_CEO60333.1_5213	PMG11_04964
lcl|CDHK01000004.1_cds_CEO60334.1_5214	PMG11_04965
lcl|CDHK01000004.1_cds_CEO60335.1_5215	PMG11_04966
lcl|CDHK01000004.1_cds_CEO60336.1_5216	PMG11_04967
lcl|CDHK01000004.1_cds_CEO60337.1_5217	PMG11_04968
lcl|CDHK01000004.1_cds_CEO60338.1_5218	PMG11_04969
lcl|CDHK01000004.1_cds_CEO60339.1_5219	PMG11_04970
lcl|CDHK01000004.1_cds_CEO60340.1_5220	PMG11_04971
lcl|CDHK01000004.1_cds_CEO60341.1_5221	PMG11_04972
lcl|CDHK01000004.1_cds_CEO60342.1_5222	PMG11_04973
lcl|CDHK01000004.1_cds_CEO60343.1_5223	PMG11_04974
lcl|CDHK01000004.1_cds_CEO60344.1_5224	PMG11_04975
lcl|CDHK01000004.1_cds_CEO60345.1_5225	PMG11_04976
lcl|CDHK01000004.1_cds_CEO60346.1_5226	PMG11_04977
lcl|CDHK01000004.1_cds_CEO60347.1_5227	PMG11_04978
lcl|CDHK01000004.1_cds_CEO60348.1_5228	PMG11_04979
lcl|CDHK01000004.1_cds_CEO60349.1_5229	PMG11_04980
lcl|CDHK01000004.1_cds_CEO60350.1_5230	PMG11_04981
lcl|CDHK01000004.1_cds_CEO60351.1_5231	PMG11_04982
lcl|CDHK01000004.1_cds_CEO60352.1_5232	PMG11_04983
lcl|CDHK01000004.1_cds_CEO60353.1_5233	PMG11_04984
lcl|CDHK01000004.1_cds_CEO60354.1_5234	PMG11_04985
lcl|CDHK01000004.1_cds_CEO60355.1_5235	PMG11_04985
lcl|CDHK01000004.1_cds_CEO60356.1_5236	PMG11_04986
lcl|CDHK01000004.1_cds_CEO60357.1_5237	PMG11_04987
lcl|CDHK01000004.1_cds_CEO60358.1_5238	PMG11_04988
lcl|CDHK01000004.1_cds_CEO60359.1_5239	PMG11_04988
lcl|CDHK01000004.1_cds_CEO60360.1_5240	PMG11_04989
lcl|CDHK01000004.1_cds_CEO60361.1_5241	PMG11_04990
lcl|CDHK01000004.1_cds_CEO60362.1_5242	PMG11_04991
lcl|CDHK01000004.1_cds_CEO60363.1_5243	PMG11_04992
lcl|CDHK01000004.1_cds_CEO60364.1_5244	PMG11_04993
lcl|CDHK01000004.1_cds_CEO60365.1_5245	PMG11_04994
lcl|CDHK01000004.1_cds_CEO60366.1_5246	PMG11_04995
lcl|CDHK01000004.1_cds_CEO60367.1_5247	PMG11_04996
lcl|CDHK01000004.1_cds_CEO60368.1_5248	PMG11_04997
lcl|CDHK01000004.1_cds_CEO60369.1_5249	PMG11_04998
lcl|CDHK01000004.1_cds_CEO60370.1_5250	PMG11_04999
lcl|CDHK01000004.1_cds_CEO60371.1_5251	PMG11_05000
lcl|CDHK01000004.1_cds_CEO60372.1_5252	PMG11_05001
lcl|CDHK01000004.1_cds_CEO60373.1_5253	PMG11_05002
lcl|CDHK01000004.1_cds_CEO60374.1_5254	PMG11_05003
lcl|CDHK01000004.1_cds_CEO60375.1_5255	PMG11_05004
lcl|CDHK01000004.1_cds_CEO60376.1_5256	PMG11_05005
lcl|CDHK01000004.1_cds_CEO60377.1_5257	PMG11_05006
lcl|CDHK01000004.1_cds_CEO60378.1_5258	PMG11_05007
lcl|CDHK01000004.1_cds_CEO60379.1_5259	PMG11_05008
lcl|CDHK01000004.1_cds_CEO60380.1_5260	PMG11_05009
lcl|CDHK01000004.1_cds_CEO60381.1_5261	PMG11_05010
lcl|CDHK01000004.1_cds_CEO60382.1_5262	PMG11_05011
lcl|CDHK01000004.1_cds_CEO60383.1_5263	PMG11_05012
lcl|CDHK01000004.1_cds_CEO60384.1_5264	PMG11_05013
lcl|CDHK01000004.1_cds_CEO60385.1_5265	PMG11_05014
lcl|CDHK01000004.1_cds_CEO60386.1_5266	PMG11_05015
lcl|CDHK01000004.1_cds_CEO60387.1_5267	PMG11_05016
lcl|CDHK01000004.1_cds_CEO60388.1_5268	PMG11_05017
lcl|CDHK01000004.1_cds_CEO60389.1_5269	PMG11_05018
lcl|CDHK01000004.1_cds_CEO60390.1_5270	PMG11_05019
lcl|CDHK01000004.1_cds_CEO60391.1_5271	PMG11_05020
lcl|CDHK01000004.1_cds_CEO60392.1_5272	PMG11_05021
lcl|CDHK01000004.1_cds_CEO60393.1_5273	PMG11_05022
lcl|CDHK01000004.1_cds_CEO60394.1_5274	PMG11_05023
lcl|CDHK01000004.1_cds_CEO60395.1_5275	PMG11_05024
lcl|CDHK01000004.1_cds_CEO60396.1_5276	PMG11_05025
lcl|CDHK01000004.1_cds_CEO60397.1_5277	PMG11_05026
lcl|CDHK01000004.1_cds_CEO60398.1_5278	PMG11_05027
lcl|CDHK01000004.1_cds_CEO60399.1_5279	PMG11_05028
lcl|CDHK01000004.1_cds_CEO60400.1_5280	PMG11_05029
lcl|CDHK01000004.1_cds_CEO60401.1_5281	PMG11_05030
lcl|CDHK01000004.1_cds_CEO60402.1_5282	PMG11_05031
lcl|CDHK01000004.1_cds_CEO60403.1_5283	PMG11_05032
lcl|CDHK01000004.1_cds_CEO60404.1_5284	PMG11_05033
lcl|CDHK01000004.1_cds_CEO60405.1_5285	PMG11_05034
lcl|CDHK01000004.1_cds_CEO60406.1_5286	PMG11_05035
lcl|CDHK01000004.1_cds_CEO60407.1_5287	PMG11_05036
lcl|CDHK01000004.1_cds_CEO60408.1_5288	PMG11_05037
lcl|CDHK01000004.1_cds_CEO60409.1_5289	PMG11_05038
lcl|CDHK01000004.1_cds_CEO60410.1_5290	PMG11_05039
lcl|CDHK01000004.1_cds_CEO60411.1_5291	PMG11_05040
lcl|CDHK01000004.1_cds_CEO60412.1_5292	PMG11_05041
lcl|CDHK01000004.1_cds_CEO60413.1_5293	PMG11_05042
lcl|CDHK01000004.1_cds_CEO60414.1_5294	PMG11_05043
lcl|CDHK01000004.1_cds_CEO60415.1_5295	PMG11_05044
lcl|CDHK01000004.1_cds_CEO60416.1_5296	PMG11_05045
lcl|CDHK01000004.1_cds_CEO60417.1_5297	PMG11_05046
lcl|CDHK01000004.1_cds_CEO60418.1_5298	PMG11_05047
lcl|CDHK01000004.1_cds_CEO60419.1_5299	PMG11_05048
lcl|CDHK01000004.1_cds_CEO60420.1_5300	PMG11_05049
lcl|CDHK01000004.1_cds_CEO60421.1_5301	PMG11_05050
lcl|CDHK01000004.1_cds_CEO60422.1_5302	PMG11_05051
lcl|CDHK01000004.1_cds_CEO60423.1_5303	PMG11_05052
lcl|CDHK01000004.1_cds_CEO60424.1_5304	PMG11_05053
lcl|CDHK01000004.1_cds_CEO60425.1_5305	PMG11_05054
lcl|CDHK01000004.1_cds_CEO60426.1_5306	PMG11_05055
lcl|CDHK01000004.1_cds_CEO60427.1_5307	PMG11_05056
lcl|CDHK01000004.1_cds_CEO60428.1_5308	PMG11_05057
lcl|CDHK01000004.1_cds_CEO60429.1_5309	PMG11_05058
lcl|CDHK01000004.1_cds_CEO60430.1_5310	PMG11_05059
lcl|CDHK01000004.1_cds_CEO60431.1_5311	PMG11_05060
lcl|CDHK01000004.1_cds_CEO60432.1_5312	PMG11_05061
lcl|CDHK01000004.1_cds_CEO60433.1_5313	PMG11_05062
lcl|CDHK01000004.1_cds_CEO60434.1_5314	PMG11_05063
lcl|CDHK01000004.1_cds_CEO60435.1_5315	PMG11_05064
lcl|CDHK01000004.1_cds_CEO60436.1_5316	PMG11_05065
lcl|CDHK01000004.1_cds_CEO60437.1_5317	PMG11_05066
lcl|CDHK01000004.1_cds_CEO60438.1_5318	PMG11_05067
lcl|CDHK01000004.1_cds_CEO60439.1_5319	PMG11_05068
lcl|CDHK01000004.1_cds_CEO60440.1_5320	PMG11_05069
lcl|CDHK01000004.1_cds_CEO60441.1_5321	PMG11_05069
lcl|CDHK01000004.1_cds_CEO60442.1_5322	PMG11_05070
lcl|CDHK01000004.1_cds_CEO60443.1_5323	PMG11_05071
lcl|CDHK01000004.1_cds_CEO60444.1_5324	PMG11_05072
lcl|CDHK01000004.1_cds_CEO60445.1_5325	PMG11_05073
lcl|CDHK01000004.1_cds_CEO60446.1_5326	PMG11_05074
lcl|CDHK01000004.1_cds_CEO60447.1_5327	PMG11_05075
lcl|CDHK01000004.1_cds_CEO60448.1_5328	PMG11_05075
lcl|CDHK01000004.1_cds_CEO60449.1_5329	PMG11_05076
lcl|CDHK01000004.1_cds_CEO60450.1_5330	PMG11_05077
lcl|CDHK01000004.1_cds_CEO60451.1_5331	PMG11_05078
lcl|CDHK01000004.1_cds_CEO60452.1_5332	PMG11_05079
lcl|CDHK01000004.1_cds_CEO60453.1_5333	PMG11_05080
lcl|CDHK01000004.1_cds_CEO60454.1_5334	PMG11_05081
lcl|CDHK01000004.1_cds_CEO60455.1_5335	PMG11_05082
lcl|CDHK01000004.1_cds_CEO60456.1_5336	PMG11_05083
lcl|CDHK01000004.1_cds_CEO60457.1_5337	PMG11_05084
lcl|CDHK01000004.1_cds_CEO60458.1_5338	PMG11_05085
lcl|CDHK01000004.1_cds_CEO60459.1_5339	PMG11_05086
lcl|CDHK01000004.1_cds_CEO60460.1_5340	PMG11_05087
lcl|CDHK01000004.1_cds_CEO60461.1_5341	PMG11_05088
lcl|CDHK01000004.1_cds_CEO60462.1_5342	PMG11_05089
lcl|CDHK01000004.1_cds_CEO60463.1_5343	PMG11_05090
lcl|CDHK01000004.1_cds_CEO60464.1_5344	PMG11_05091
lcl|CDHK01000004.1_cds_CEO60465.1_5345	PMG11_05092
lcl|CDHK01000004.1_cds_CEO60466.1_5346	PMG11_05093
lcl|CDHK01000004.1_cds_CEO60467.1_5347	PMG11_05094
lcl|CDHK01000004.1_cds_CEO60468.1_5348	PMG11_05095
lcl|CDHK01000004.1_cds_CEO60469.1_5349	PMG11_05096
lcl|CDHK01000004.1_cds_CEO60470.1_5350	PMG11_05097
lcl|CDHK01000004.1_cds_CEO60471.1_5351	PMG11_05098
lcl|CDHK01000004.1_cds_CEO60472.1_5352	PMG11_05098
lcl|CDHK01000004.1_cds_CEO60473.1_5353	PMG11_05099
lcl|CDHK01000004.1_cds_CEO60474.1_5354	PMG11_05100
lcl|CDHK01000004.1_cds_CEO60475.1_5355	PMG11_05101
lcl|CDHK01000004.1_cds_CEO60476.1_5356	PMG11_05101
lcl|CDHK01000004.1_cds_CEO60477.1_5357	PMG11_05102
lcl|CDHK01000004.1_cds_CEO60478.1_5358	PMG11_05103
lcl|CDHK01000004.1_cds_CEO60479.1_5359	PMG11_05104
lcl|CDHK01000004.1_cds_CEO60480.1_5360	PMG11_05105
lcl|CDHK01000004.1_cds_CEO60481.1_5361	PMG11_05107
lcl|CDHK01000004.1_cds_CEO60482.1_5362	PMG11_05106
lcl|CDHK01000004.1_cds_CEO60483.1_5363	PMG11_05108
lcl|CDHK01000004.1_cds_CEO60484.1_5364	PMG11_05109
lcl|CDHK01000004.1_cds_CEO60485.1_5365	PMG11_05110
lcl|CDHK01000004.1_cds_CEO60486.1_5366	PMG11_05111
lcl|CDHK01000004.1_cds_CEO60487.1_5367	PMG11_05112
lcl|CDHK01000004.1_cds_CEO60488.1_5368	PMG11_05113
lcl|CDHK01000004.1_cds_CEO60489.1_5369	PMG11_05114
lcl|CDHK01000004.1_cds_CEO60490.1_5370	PMG11_05115
lcl|CDHK01000004.1_cds_CEO60491.1_5371	PMG11_05116
lcl|CDHK01000004.1_cds_CEO60492.1_5372	PMG11_05117
lcl|CDHK01000004.1_cds_CEO60493.1_5373	PMG11_05118
lcl|CDHK01000004.1_cds_CEO60494.1_5374	PMG11_05119
lcl|CDHK01000004.1_cds_CEO60495.1_5375	PMG11_05120
lcl|CDHK01000004.1_cds_CEO60496.1_5376	PMG11_05121
lcl|CDHK01000004.1_cds_CEO60497.1_5377	PMG11_05122
lcl|CDHK01000004.1_cds_CEO60498.1_5378	PMG11_05123
lcl|CDHK01000004.1_cds_CEO60499.1_5379	PMG11_05124
lcl|CDHK01000004.1_cds_CEO60500.1_5380	PMG11_05125
lcl|CDHK01000004.1_cds_CEO60501.1_5381	PMG11_05126
lcl|CDHK01000004.1_cds_CEO60502.1_5382	PMG11_05127
lcl|CDHK01000004.1_cds_CEO60503.1_5383	PMG11_05128
lcl|CDHK01000004.1_cds_CEO60504.1_5384	PMG11_05129
lcl|CDHK01000004.1_cds_CEO60505.1_5385	PMG11_05130
lcl|CDHK01000004.1_cds_CEO60506.1_5386	PMG11_05131
lcl|CDHK01000004.1_cds_CEO60507.1_5387	PMG11_05132
lcl|CDHK01000004.1_cds_CEO60508.1_5388	PMG11_05133
lcl|CDHK01000004.1_cds_CEO60509.1_5389	PMG11_05134
lcl|CDHK01000004.1_cds_CEO60510.1_5390	PMG11_05135
lcl|CDHK01000004.1_cds_CEO60511.1_5391	PMG11_05136
lcl|CDHK01000004.1_cds_CEO60512.1_5392	PMG11_05137
lcl|CDHK01000004.1_cds_CEO60513.1_5393	PMG11_05138
lcl|CDHK01000004.1_cds_CEO60514.1_5394	PMG11_05139
lcl|CDHK01000004.1_cds_CEO60515.1_5395	PMG11_05140
lcl|CDHK01000004.1_cds_CEO60516.1_5396	PMG11_05141
lcl|CDHK01000004.1_cds_CEO60517.1_5397	PMG11_05142
lcl|CDHK01000004.1_cds_CEO60518.1_5398	PMG11_05143
lcl|CDHK01000004.1_cds_CEO60519.1_5399	PMG11_05144
lcl|CDHK01000004.1_cds_CEO60520.1_5400	PMG11_05145
lcl|CDHK01000004.1_cds_CEO60521.1_5401	PMG11_05146
lcl|CDHK01000004.1_cds_CEO60522.1_5402	PMG11_05147
lcl|CDHK01000004.1_cds_CEO60523.1_5403	PMG11_05148
lcl|CDHK01000004.1_cds_CEO60524.1_5404	PMG11_05150
lcl|CDHK01000004.1_cds_CEO60525.1_5405	PMG11_05149
lcl|CDHK01000004.1_cds_CEO60526.1_5406	PMG11_05151
lcl|CDHK01000004.1_cds_CEO60527.1_5407	PMG11_05152
lcl|CDHK01000004.1_cds_CEO60528.1_5408	PMG11_05153
lcl|CDHK01000004.1_cds_CEO60529.1_5409	PMG11_05154
lcl|CDHK01000004.1_cds_CEO60530.1_5410	PMG11_05155
lcl|CDHK01000004.1_cds_CEO60531.1_5411	PMG11_05156
lcl|CDHK01000004.1_cds_CEO60532.1_5412	PMG11_05157
lcl|CDHK01000004.1_cds_CEO60533.1_5413	PMG11_05158
lcl|CDHK01000004.1_cds_CEO60534.1_5414	PMG11_05159
lcl|CDHK01000004.1_cds_CEO60535.1_5415	PMG11_05160
lcl|CDHK01000004.1_cds_CEO60536.1_5416	PMG11_05160
lcl|CDHK01000004.1_cds_CEO60537.1_5417	PMG11_05160
lcl|CDHK01000004.1_cds_CEO60538.1_5418	PMG11_05161
lcl|CDHK01000004.1_cds_CEO60539.1_5419	PMG11_05162
lcl|CDHK01000004.1_cds_CEO60540.1_5420	PMG11_05163
lcl|CDHK01000004.1_cds_CEO60541.1_5421	PMG11_05164
lcl|CDHK01000004.1_cds_CEO60542.1_5422	PMG11_05165
lcl|CDHK01000004.1_cds_CEO60543.1_5423	PMG11_05166
lcl|CDHK01000004.1_cds_CEO60544.1_5424	PMG11_05167
lcl|CDHK01000004.1_cds_CEO60545.1_5425	PMG11_05168
lcl|CDHK01000004.1_cds_CEO60546.1_5426	PMG11_05169
lcl|CDHK01000004.1_cds_CEO60547.1_5427	PMG11_05170
lcl|CDHK01000004.1_cds_CEO60548.1_5428	PMG11_05171
lcl|CDHK01000004.1_cds_CEO60549.1_5429	PMG11_05172
lcl|CDHK01000004.1_cds_CEO60550.1_5430	PMG11_05173
lcl|CDHK01000004.1_cds_CEO60551.1_5431	PMG11_05174
lcl|CDHK01000004.1_cds_CEO60552.1_5432	PMG11_05175
lcl|CDHK01000004.1_cds_CEO60553.1_5433	PMG11_05176
lcl|CDHK01000004.1_cds_CEO60554.1_5434	PMG11_05177
lcl|CDHK01000004.1_cds_CEO60555.1_5435	PMG11_05178
lcl|CDHK01000004.1_cds_CEO60556.1_5436	PMG11_05178
lcl|CDHK01000004.1_cds_CEO60557.1_5437	PMG11_05179
lcl|CDHK01000004.1_cds_CEO60558.1_5438	PMG11_05180
lcl|CDHK01000004.1_cds_CEO60559.1_5439	PMG11_05181
lcl|CDHK01000004.1_cds_CEO60560.1_5440	PMG11_05181
lcl|CDHK01000004.1_cds_CEO60561.1_5441	PMG11_05182
lcl|CDHK01000004.1_cds_CEO60562.1_5442	PMG11_05184
lcl|CDHK01000004.1_cds_CEO60563.1_5443	PMG11_05183
lcl|CDHK01000004.1_cds_CEO60564.1_5444	PMG11_05185
lcl|CDHK01000004.1_cds_CEO60565.1_5445	PMG11_05186
lcl|CDHK01000004.1_cds_CEO60566.1_5446	PMG11_05187
lcl|CDHK01000004.1_cds_CEO60567.1_5447	PMG11_05188
lcl|CDHK01000004.1_cds_CEO60568.1_5448	PMG11_05189
lcl|CDHK01000004.1_cds_CEO60569.1_5449	PMG11_05190
lcl|CDHK01000004.1_cds_CEO60570.1_5450	PMG11_05191
lcl|CDHK01000004.1_cds_CEO60571.1_5451	PMG11_05192
lcl|CDHK01000004.1_cds_CEO60572.1_5452	PMG11_05193
lcl|CDHK01000004.1_cds_CEO60573.1_5453	PMG11_05194
lcl|CDHK01000004.1_cds_CEO60574.1_5454	PMG11_05195
lcl|CDHK01000004.1_cds_CEO60575.1_5455	PMG11_05196
lcl|CDHK01000004.1_cds_CEO60576.1_5456	PMG11_05197
lcl|CDHK01000004.1_cds_CEO60577.1_5457	PMG11_05198
lcl|CDHK01000004.1_cds_CEO60578.1_5458	PMG11_05199
lcl|CDHK01000004.1_cds_CEO60579.1_5459	PMG11_05200
lcl|CDHK01000004.1_cds_CEO60580.1_5460	PMG11_05201
lcl|CDHK01000004.1_cds_CEO60581.1_5461	PMG11_05202
lcl|CDHK01000004.1_cds_CEO60582.1_5462	PMG11_05203
lcl|CDHK01000004.1_cds_CEO60583.1_5463	PMG11_05203
lcl|CDHK01000004.1_cds_CEO60584.1_5464	PMG11_05204
lcl|CDHK01000004.1_cds_CEO60585.1_5465	PMG11_05205
lcl|CDHK01000004.1_cds_CEO60586.1_5466	PMG11_05206
lcl|CDHK01000004.1_cds_CEO60587.1_5467	PMG11_05207
lcl|CDHK01000004.1_cds_CEO60588.1_5468	PMG11_05208
lcl|CDHK01000004.1_cds_CEO60589.1_5469	PMG11_05209
lcl|CDHK01000004.1_cds_CEO60591.1_5470	PMG11_05210
lcl|CDHK01000004.1_cds_CEO60590.1_5471	PMG11_05210
lcl|CDHK01000004.1_cds_CEO60592.1_5472	PMG11_05211
lcl|CDHK01000004.1_cds_CEO60593.1_5473	PMG11_05212
lcl|CDHK01000004.1_cds_CEO60594.1_5474	PMG11_05213
lcl|CDHK01000004.1_cds_CEO60595.1_5475	PMG11_05214
lcl|CDHK01000004.1_cds_CEO60596.1_5476	PMG11_05215
lcl|CDHK01000004.1_cds_CEO60597.1_5477	PMG11_05216
lcl|CDHK01000004.1_cds_CEO60598.1_5478	PMG11_05218
lcl|CDHK01000004.1_cds_CEO60600.1_5479	PMG11_05217
lcl|CDHK01000004.1_cds_CEO60599.1_5480	PMG11_05217
lcl|CDHK01000004.1_cds_CEO60601.1_5481	PMG11_05219
lcl|CDHK01000004.1_cds_CEO60602.1_5482	PMG11_05220
lcl|CDHK01000004.1_cds_CEO60603.1_5483	PMG11_05221
lcl|CDHK01000004.1_cds_CEO60604.1_5484	PMG11_05222
lcl|CDHK01000004.1_cds_CEO60605.1_5485	PMG11_05223
lcl|CDHK01000004.1_cds_CEO60606.1_5486	PMG11_05224
lcl|CDHK01000004.1_cds_CEO60607.1_5487	PMG11_05225
lcl|CDHK01000004.1_cds_CEO60608.1_5488	PMG11_05225
lcl|CDHK01000004.1_cds_CEO60609.1_5489	PMG11_05226
lcl|CDHK01000004.1_cds_CEO60610.1_5490	PMG11_05227
lcl|CDHK01000004.1_cds_CEO60611.1_5491	PMG11_05228
lcl|CDHK01000004.1_cds_CEO60612.1_5492	PMG11_05229
lcl|CDHK01000004.1_cds_CEO60613.1_5493	PMG11_05230
lcl|CDHK01000004.1_cds_CEO60614.1_5494	PMG11_05231
lcl|CDHK01000004.1_cds_CEO60615.1_5495	PMG11_05232
lcl|CDHK01000004.1_cds_CEO60616.1_5496	PMG11_05233
lcl|CDHK01000004.1_cds_CEO60617.1_5497	PMG11_05234
lcl|CDHK01000004.1_cds_CEO60618.1_5498	PMG11_05235
lcl|CDHK01000004.1_cds_CEO60619.1_5499	PMG11_05236
lcl|CDHK01000004.1_cds_CEO60620.1_5500	PMG11_05237
lcl|CDHK01000004.1_cds_CEO60621.1_5501	PMG11_05238
lcl|CDHK01000004.1_cds_CEO60622.1_5502	PMG11_05239
lcl|CDHK01000004.1_cds_CEO60623.1_5503	PMG11_05240
lcl|CDHK01000004.1_cds_CEO60624.1_5504	PMG11_05241
lcl|CDHK01000004.1_cds_CEO60625.1_5505	PMG11_05242
lcl|CDHK01000004.1_cds_CEO60626.1_5506	PMG11_05243
lcl|CDHK01000004.1_cds_CEO60627.1_5507	PMG11_05244
lcl|CDHK01000004.1_cds_CEO60628.1_5508	PMG11_05245
lcl|CDHK01000004.1_cds_CEO60629.1_5509	PMG11_05246
lcl|CDHK01000004.1_cds_CEO60630.1_5510	PMG11_05247
lcl|CDHK01000004.1_cds_CEO60631.1_5511	PMG11_05248
lcl|CDHK01000004.1_cds_CEO60633.1_5512	PMG11_05249
lcl|CDHK01000004.1_cds_CEO60634.1_5513	PMG11_05249
lcl|CDHK01000004.1_cds_CEO60635.1_5514	PMG11_05250
lcl|CDHK01000004.1_cds_CEO60637.1_5515	PMG11_05251
lcl|CDHK01000004.1_cds_CEO60640.1_5516	PMG11_05252
lcl|CDHK01000004.1_cds_CEO60642.1_5517	PMG11_05253
lcl|CDHK01000004.1_cds_CEO60643.1_5518	PMG11_05254
lcl|CDHK01000004.1_cds_CEO60644.1_5519	PMG11_05255
lcl|CDHK01000004.1_cds_CEO60646.1_5520	PMG11_05256
lcl|CDHK01000004.1_cds_CEO60648.1_5521	PMG11_05257
lcl|CDHK01000004.1_cds_CEO60650.1_5522	PMG11_05258
lcl|CDHK01000004.1_cds_CEO60654.1_5523	PMG11_05259
lcl|CDHK01000004.1_cds_CEO60656.1_5524	PMG11_05260
lcl|CDHK01000004.1_cds_CEO60658.1_5525	PMG11_05261
lcl|CDHK01000004.1_cds_CEO60660.1_5526	PMG11_05262
lcl|CDHK01000004.1_cds_CEO60662.1_5527	PMG11_05263
lcl|CDHK01000004.1_cds_CEO60664.1_5528	PMG11_05264
lcl|CDHK01000004.1_cds_CEO60668.1_5529	PMG11_05265
lcl|CDHK01000004.1_cds_CEO60670.1_5530	PMG11_05266
lcl|CDHK01000004.1_cds_CEO60672.1_5531	PMG11_05267
lcl|CDHK01000004.1_cds_CEO60674.1_5532	PMG11_05268
lcl|CDHK01000004.1_cds_CEO60676.1_5533	PMG11_05269
lcl|CDHK01000004.1_cds_CEO60678.1_5534	PMG11_05270
lcl|CDHK01000004.1_cds_CEO60679.1_5535	PMG11_05271
lcl|CDHK01000004.1_cds_CEO60681.1_5536	PMG11_05272
lcl|CDHK01000004.1_cds_CEO60683.1_5537	PMG11_05273
lcl|CDHK01000004.1_cds_CEO60685.1_5538	PMG11_05275
lcl|CDHK01000004.1_cds_CEO60687.1_5539	PMG11_05274
lcl|CDHK01000004.1_cds_CEO60688.1_5540	PMG11_05276
lcl|CDHK01000004.1_cds_CEO60690.1_5541	PMG11_05277
lcl|CDHK01000004.1_cds_CEO60692.1_5542	PMG11_05278
lcl|CDHK01000004.1_cds_CEO60694.1_5543	PMG11_05279
lcl|CDHK01000004.1_cds_CEO60696.1_5544	PMG11_05280
lcl|CDHK01000004.1_cds_CEO60698.1_5545	PMG11_05280
lcl|CDHK01000004.1_cds_CEO60700.1_5546	PMG11_05281
lcl|CDHK01000004.1_cds_CEO60702.1_5547	PMG11_05282
lcl|CDHK01000004.1_cds_CEO60704.1_5548	PMG11_05283
lcl|CDHK01000004.1_cds_CEO60707.1_5549	PMG11_05284
lcl|CDHK01000004.1_cds_CEO60709.1_5550	PMG11_05285
lcl|CDHK01000004.1_cds_CEO60711.1_5551	PMG11_05286
lcl|CDHK01000004.1_cds_CEO60714.1_5552	PMG11_05287
lcl|CDHK01000004.1_cds_CEO60715.1_5553	PMG11_05288
lcl|CDHK01000004.1_cds_CEO60719.1_5554	PMG11_05289
lcl|CDHK01000004.1_cds_CEO60722.1_5555	PMG11_05290
lcl|CDHK01000004.1_cds_CEO60721.1_5556	PMG11_05290
lcl|CDHK01000004.1_cds_CEO60724.1_5557	PMG11_05291
lcl|CDHK01000004.1_cds_CEO60725.1_5558	PMG11_05292
lcl|CDHK01000004.1_cds_CEO60727.1_5559	PMG11_05293
lcl|CDHK01000004.1_cds_CEO60730.1_5560	PMG11_05294
lcl|CDHK01000004.1_cds_CEO60733.1_5561	PMG11_05295
lcl|CDHK01000004.1_cds_CEO60735.1_5562	PMG11_05296
lcl|CDHK01000004.1_cds_CEO60737.1_5563	PMG11_05297
lcl|CDHK01000004.1_cds_CEO60740.1_5564	PMG11_05298
lcl|CDHK01000004.1_cds_CEO60742.1_5565	PMG11_05299
lcl|CDHK01000004.1_cds_CEO60744.1_5566	PMG11_05300
lcl|CDHK01000004.1_cds_CEO60746.1_5567	PMG11_05301
lcl|CDHK01000004.1_cds_CEO60748.1_5568	PMG11_05302
lcl|CDHK01000004.1_cds_CEO60752.1_5569	PMG11_05303
lcl|CDHK01000004.1_cds_CEO60755.1_5570	PMG11_05304
lcl|CDHK01000004.1_cds_CEO60756.1_5571	PMG11_05305
lcl|CDHK01000004.1_cds_CEO60758.1_5572	PMG11_05306
lcl|CDHK01000004.1_cds_CEO60761.1_5573	PMG11_05307
lcl|CDHK01000004.1_cds_CEO60763.1_5574	PMG11_05308
lcl|CDHK01000004.1_cds_CEO60766.1_5575	PMG11_05309
lcl|CDHK01000004.1_cds_CEO60768.1_5576	PMG11_05310
lcl|CDHK01000004.1_cds_CEO60770.1_5577	PMG11_05311
lcl|CDHK01000004.1_cds_CEO60771.1_5578	PMG11_05312
lcl|CDHK01000004.1_cds_CEO60773.1_5579	PMG11_05313
lcl|CDHK01000004.1_cds_CEO60774.1_5580	PMG11_05314
lcl|CDHK01000004.1_cds_CEO60775.1_5581	PMG11_05315
lcl|CDHK01000004.1_cds_CEO60776.1_5582	PMG11_05316
lcl|CDHK01000004.1_cds_CEO60777.1_5583	PMG11_05317
lcl|CDHK01000004.1_cds_CEO60778.1_5584	PMG11_05318
lcl|CDHK01000004.1_cds_CEO60779.1_5585	PMG11_05319
lcl|CDHK01000004.1_cds_CEO60780.1_5586	PMG11_05320
lcl|CDHK01000004.1_cds_CEO60781.1_5587	PMG11_05321
lcl|CDHK01000004.1_cds_CEO60782.1_5588	PMG11_05322
lcl|CDHK01000004.1_cds_CEO60783.1_5589	PMG11_05323
lcl|CDHK01000004.1_cds_CEO60784.1_5590	PMG11_05324
lcl|CDHK01000004.1_cds_CEO60787.1_5591	PMG11_05325
lcl|CDHK01000004.1_cds_CEO60789.1_5592	PMG11_05326
lcl|CDHK01000004.1_cds_CEO60793.1_5593	PMG11_05327
lcl|CDHK01000004.1_cds_CEO60795.1_5594	PMG11_05328
lcl|CDHK01000004.1_cds_CEO60798.1_5595	PMG11_05329
lcl|CDHK01000004.1_cds_CEO60800.1_5596	PMG11_05330
lcl|CDHK01000004.1_cds_CEO60803.1_5597	PMG11_05331
lcl|CDHK01000004.1_cds_CEO60804.1_5598	PMG11_05332
lcl|CDHK01000004.1_cds_CEO60806.1_5599	PMG11_05332
lcl|CDHK01000004.1_cds_CEO60810.1_5600	PMG11_05333
lcl|CDHK01000004.1_cds_CEO60813.1_5601	PMG11_05334
lcl|CDHK01000004.1_cds_CEO60815.1_5602	PMG11_05335
lcl|CDHK01000004.1_cds_CEO60817.1_5603	PMG11_05336
lcl|CDHK01000004.1_cds_CEO60819.1_5604	PMG11_05337
lcl|CDHK01000004.1_cds_CEO60821.1_5605	PMG11_05338
lcl|CDHK01000004.1_cds_CEO60823.1_5606	PMG11_05339
lcl|CDHK01000004.1_cds_CEO60825.1_5607	PMG11_05340
lcl|CDHK01000004.1_cds_CEO60828.1_5608	PMG11_05341
lcl|CDHK01000004.1_cds_CEO60830.1_5609	PMG11_05342
lcl|CDHK01000004.1_cds_CEO60832.1_5610	PMG11_05343
lcl|CDHK01000004.1_cds_CEO60834.1_5611	PMG11_05344
lcl|CDHK01000004.1_cds_CEO60837.1_5612	PMG11_05345
lcl|CDHK01000004.1_cds_CEO60839.1_5613	PMG11_05346
lcl|CDHK01000004.1_cds_CEO60841.1_5614	PMG11_05347
lcl|CDHK01000004.1_cds_CEO60843.1_5615	PMG11_05348
lcl|CDHK01000004.1_cds_CEO60845.1_5616	PMG11_05349
lcl|CDHK01000004.1_cds_CEO60846.1_5617	PMG11_05350
lcl|CDHK01000004.1_cds_CEO60849.1_5618	PMG11_05351
lcl|CDHK01000004.1_cds_CEO60850.1_5619	PMG11_05352
lcl|CDHK01000004.1_cds_CEO60852.1_5620	PMG11_05353
lcl|CDHK01000004.1_cds_CEO60855.1_5621	PMG11_05354
lcl|CDHK01000004.1_cds_CEO60858.1_5622	PMG11_05355
lcl|CDHK01000004.1_cds_CEO60860.1_5623	PMG11_05356
lcl|CDHK01000004.1_cds_CEO60863.1_5624	PMG11_05357
lcl|CDHK01000004.1_cds_CEO60865.1_5625	PMG11_05358
lcl|CDHK01000004.1_cds_CEO60867.1_5626	PMG11_05359
lcl|CDHK01000004.1_cds_CEO60870.1_5627	PMG11_05361
lcl|CDHK01000004.1_cds_CEO60871.1_5628	PMG11_05360
lcl|CDHK01000004.1_cds_CEO60873.1_5629	PMG11_05362
lcl|CDHK01000004.1_cds_CEO60875.1_5630	PMG11_05363
lcl|CDHK01000004.1_cds_CEO60878.1_5631	PMG11_05364
lcl|CDHK01000004.1_cds_CEO60880.1_5632	PMG11_05365
lcl|CDHK01000004.1_cds_CEO60882.1_5633	PMG11_05366
lcl|CDHK01000004.1_cds_CEO60887.1_5634	PMG11_05367
lcl|CDHK01000004.1_cds_CEO60889.1_5635	PMG11_05368
lcl|CDHK01000004.1_cds_CEO60893.1_5636	PMG11_05369
lcl|CDHK01000004.1_cds_CEO60896.1_5637	PMG11_05370
lcl|CDHK01000004.1_cds_CEO60895.1_5638	PMG11_05370
lcl|CDHK01000004.1_cds_CEO60901.1_5639	PMG11_05371
lcl|CDHK01000004.1_cds_CEO60903.1_5640	PMG11_05372
lcl|CDHK01000004.1_cds_CEO60905.1_5641	PMG11_05373
lcl|CDHK01000004.1_cds_CEO60906.1_5642	PMG11_05374
lcl|CDHK01000004.1_cds_CEO60909.1_5643	PMG11_05375
lcl|CDHK01000004.1_cds_CEO60911.1_5644	PMG11_05376
lcl|CDHK01000004.1_cds_CEO60913.1_5645	PMG11_05377
lcl|CDHK01000004.1_cds_CEO60915.1_5646	PMG11_05378
lcl|CDHK01000004.1_cds_CEO60918.1_5647	PMG11_05379
lcl|CDHK01000004.1_cds_CEO60921.1_5648	PMG11_05380
lcl|CDHK01000004.1_cds_CEO60924.1_5649	PMG11_05381
lcl|CDHK01000004.1_cds_CEO60926.1_5650	PMG11_05382
lcl|CDHK01000004.1_cds_CEO60928.1_5651	PMG11_05383
lcl|CDHK01000004.1_cds_CEO60931.1_5652	PMG11_05384
lcl|CDHK01000004.1_cds_CEO60933.1_5653	PMG11_05384
lcl|CDHK01000004.1_cds_CEO60934.1_5654	PMG11_05385
lcl|CDHK01000004.1_cds_CEO60935.1_5655	PMG11_05386
lcl|CDHK01000004.1_cds_CEO60936.1_5656	PMG11_05387
lcl|CDHK01000004.1_cds_CEO60937.1_5657	PMG11_05388
lcl|CDHK01000004.1_cds_CEO60938.1_5658	PMG11_05388
lcl|CDHK01000004.1_cds_CEO60939.1_5659	PMG11_05388
lcl|CDHK01000004.1_cds_CEO60941.1_5660	PMG11_05389
lcl|CDHK01000004.1_cds_CEO60944.1_5661	PMG11_05390
lcl|CDHK01000004.1_cds_CEO60946.1_5662	PMG11_05391
lcl|CDHK01000004.1_cds_CEO60947.1_5663	PMG11_05391
lcl|CDHK01000004.1_cds_CEO60950.1_5664	PMG11_05392
lcl|CDHK01000004.1_cds_CEO60952.1_5665	PMG11_05393
lcl|CDHK01000004.1_cds_CEO60955.1_5666	PMG11_05394
lcl|CDHK01000004.1_cds_CEO60957.1_5667	PMG11_05395
lcl|CDHK01000004.1_cds_CEO60960.1_5668	PMG11_05396
lcl|CDHK01000004.1_cds_CEO60963.1_5669	PMG11_05397
lcl|CDHK01000004.1_cds_CEO60966.1_5670	PMG11_05398
lcl|CDHK01000004.1_cds_CEO60970.1_5671	PMG11_05399
lcl|CDHK01000004.1_cds_CEO60973.1_5672	PMG11_05400
lcl|CDHK01000004.1_cds_CEO60975.1_5673	PMG11_05401
lcl|CDHK01000004.1_cds_CEO60978.1_5674	PMG11_05402
lcl|CDHK01000004.1_cds_CEO60981.1_5675	PMG11_05403
lcl|CDHK01000004.1_cds_CEO60983.1_5676	PMG11_05404
lcl|CDHK01000004.1_cds_CEO60985.1_5677	PMG11_05405
lcl|CDHK01000004.1_cds_CEO60987.1_5678	PMG11_05406
lcl|CDHK01000004.1_cds_CEO60990.1_5679	PMG11_05407
lcl|CDHK01000004.1_cds_CEO60992.1_5680	PMG11_05408
lcl|CDHK01000004.1_cds_CEO60994.1_5681	PMG11_05409
lcl|CDHK01000004.1_cds_CEO60996.1_5682	PMG11_05410
lcl|CDHK01000004.1_cds_CEO60998.1_5683	PMG11_05411
lcl|CDHK01000004.1_cds_CEO61000.1_5684	PMG11_05412
lcl|CDHK01000004.1_cds_CEO61002.1_5685	PMG11_05413
lcl|CDHK01000004.1_cds_CEO61006.1_5686	PMG11_05414
lcl|CDHK01000004.1_cds_CEO61008.1_5687	PMG11_05414
lcl|CDHK01000004.1_cds_CEO61010.1_5688	PMG11_05415
lcl|CDHK01000004.1_cds_CEO61013.1_5689	PMG11_05416
lcl|CDHK01000004.1_cds_CEO61015.1_5690	PMG11_05417
lcl|CDHK01000004.1_cds_CEO61017.1_5691	PMG11_05418
lcl|CDHK01000004.1_cds_CEO61019.1_5692	PMG11_05419
lcl|CDHK01000004.1_cds_CEO61021.1_5693	PMG11_05420
lcl|CDHK01000004.1_cds_CEO61022.1_5694	PMG11_05421
lcl|CDHK01000004.1_cds_CEO61025.1_5695	PMG11_05422
lcl|CDHK01000004.1_cds_CEO61027.1_5696	PMG11_05423
lcl|CDHK01000004.1_cds_CEO61029.1_5697	PMG11_05424
lcl|CDHK01000004.1_cds_CEO61031.1_5698	PMG11_05425
lcl|CDHK01000004.1_cds_CEO61034.1_5699	PMG11_05426
lcl|CDHK01000004.1_cds_CEO61035.1_5700	PMG11_05427
lcl|CDHK01000004.1_cds_CEO61037.1_5701	PMG11_05428
lcl|CDHK01000004.1_cds_CEO61041.1_5702	PMG11_05429
lcl|CDHK01000004.1_cds_CEO61043.1_5703	PMG11_05430
lcl|CDHK01000004.1_cds_CEO61045.1_5704	PMG11_05431
lcl|CDHK01000004.1_cds_CEO61049.1_5705	PMG11_05432
lcl|CDHK01000004.1_cds_CEO61051.1_5706	PMG11_05433
lcl|CDHK01000004.1_cds_CEO61055.1_5707	PMG11_05434
lcl|CDHK01000004.1_cds_CEO61057.1_5708	PMG11_05435
lcl|CDHK01000004.1_cds_CEO61059.1_5709	PMG11_05436
lcl|CDHK01000004.1_cds_CEO61060.1_5710	PMG11_05437
lcl|CDHK01000004.1_cds_CEO61061.1_5711	PMG11_05438
lcl|CDHK01000004.1_cds_CEO61062.1_5712	PMG11_05439
lcl|CDHK01000004.1_cds_CEO61063.1_5713	PMG11_05440
lcl|CDHK01000004.1_cds_CEO61064.1_5714	PMG11_05441
lcl|CDHK01000004.1_cds_CEO61065.1_5715	PMG11_05442
lcl|CDHK01000004.1_cds_CEO61067.1_5716	PMG11_05444
lcl|CDHK01000004.1_cds_CEO61069.1_5717	PMG11_05443
lcl|CDHK01000004.1_cds_CEO61070.1_5718	PMG11_05443
lcl|CDHK01000004.1_cds_CEO61072.1_5719	PMG11_05445
lcl|CDHK01000004.1_cds_CEO61074.1_5720	PMG11_05446
lcl|CDHK01000004.1_cds_CEO61078.1_5721	PMG11_05447
lcl|CDHK01000004.1_cds_CEO61080.1_5722	PMG11_05448
lcl|CDHK01000004.1_cds_CEO61082.1_5723	PMG11_05449
lcl|CDHK01000004.1_cds_CEO61084.1_5724	PMG11_05450
lcl|CDHK01000004.1_cds_CEO61086.1_5725	PMG11_05451
lcl|CDHK01000004.1_cds_CEO61089.1_5726	PMG11_05452
lcl|CDHK01000004.1_cds_CEO61091.1_5727	PMG11_05453
lcl|CDHK01000004.1_cds_CEO61093.1_5728	PMG11_05453
lcl|CDHK01000004.1_cds_CEO61094.1_5729	PMG11_05454
lcl|CDHK01000004.1_cds_CEO61096.1_5730	PMG11_05455
lcl|CDHK01000004.1_cds_CEO61099.1_5731	PMG11_05456
lcl|CDHK01000004.1_cds_CEO61101.1_5732	PMG11_05457
lcl|CDHK01000004.1_cds_CEO61103.1_5733	PMG11_05458
lcl|CDHK01000004.1_cds_CEO61105.1_5734	PMG11_05459
lcl|CDHK01000004.1_cds_CEO61107.1_5735	PMG11_05460
lcl|CDHK01000004.1_cds_CEO61111.1_5736	PMG11_05461
lcl|CDHK01000004.1_cds_CEO61114.1_5737	PMG11_05462
lcl|CDHK01000004.1_cds_CEO61116.1_5738	PMG11_05463
lcl|CDHK01000004.1_cds_CEO61119.1_5739	PMG11_05464
lcl|CDHK01000004.1_cds_CEO61121.1_5740	PMG11_05465
lcl|CDHK01000004.1_cds_CEO61125.1_5741	PMG11_05466
lcl|CDHK01000004.1_cds_CEO61126.1_5742	PMG11_05466
lcl|CDHK01000004.1_cds_CEO61128.1_5743	PMG11_05467
lcl|CDHK01000004.1_cds_CEO61131.1_5744	PMG11_05468
lcl|CDHK01000004.1_cds_CEO61134.1_5745	PMG11_05469
lcl|CDHK01000004.1_cds_CEO61135.1_5746	PMG11_05470
lcl|CDHK01000004.1_cds_CEO61138.1_5747	PMG11_05471
lcl|CDHK01000004.1_cds_CEO61140.1_5748	PMG11_05472
lcl|CDHK01000004.1_cds_CEO61142.1_5749	PMG11_05473
lcl|CDHK01000004.1_cds_CEO61144.1_5750	PMG11_05474
lcl|CDHK01000004.1_cds_CEO61145.1_5751	PMG11_05474
lcl|CDHK01000004.1_cds_CEO61148.1_5752	PMG11_05475
lcl|CDHK01000004.1_cds_CEO61149.1_5753	PMG11_05476
lcl|CDHK01000004.1_cds_CEO61151.1_5754	PMG11_05477
lcl|CDHK01000004.1_cds_CEO61154.1_5755	PMG11_05478
lcl|CDHK01000004.1_cds_CEO61155.1_5756	PMG11_05479
lcl|CDHK01000004.1_cds_CEO61157.1_5757	PMG11_05480
lcl|CDHK01000004.1_cds_CEO61159.1_5758	PMG11_05481
lcl|CDHK01000004.1_cds_CEO61161.1_5759	PMG11_05482
lcl|CDHK01000004.1_cds_CEO61165.1_5760	PMG11_05483
lcl|CDHK01000004.1_cds_CEO61167.1_5761	PMG11_05484
lcl|CDHK01000004.1_cds_CEO61171.1_5762	PMG11_05485
lcl|CDHK01000004.1_cds_CEO61173.1_5763	PMG11_05486
lcl|CDHK01000004.1_cds_CEO61175.1_5764	PMG11_05487
lcl|CDHK01000004.1_cds_CEO61178.1_5765	PMG11_05488
lcl|CDHK01000004.1_cds_CEO61179.1_5766	PMG11_05489
lcl|CDHK01000004.1_cds_CEO61182.1_5767	PMG11_05490
lcl|CDHK01000004.1_cds_CEO61186.1_5768	PMG11_05491
lcl|CDHK01000004.1_cds_CEO61187.1_5769	PMG11_05492
lcl|CDHK01000004.1_cds_CEO61188.1_5770	PMG11_05493
lcl|CDHK01000004.1_cds_CEO61189.1_5771	PMG11_05494
lcl|CDHK01000004.1_cds_CEO61190.1_5772	PMG11_05495
lcl|CDHK01000004.1_cds_CEO61191.1_5773	PMG11_05496
lcl|CDHK01000004.1_cds_CEO61192.1_5774	PMG11_05497
lcl|CDHK01000004.1_cds_CEO61193.1_5775	PMG11_05498
lcl|CDHK01000004.1_cds_CEO61194.1_5776	PMG11_05499
lcl|CDHK01000004.1_cds_CEO61195.1_5777	PMG11_05500
lcl|CDHK01000004.1_cds_CEO61196.1_5778	PMG11_05501
lcl|CDHK01000004.1_cds_CEO61198.1_5779	PMG11_05502
lcl|CDHK01000004.1_cds_CEO61201.1_5780	PMG11_05503
lcl|CDHK01000004.1_cds_CEO61203.1_5781	PMG11_05504
lcl|CDHK01000004.1_cds_CEO61205.1_5782	PMG11_05505
lcl|CDHK01000004.1_cds_CEO61207.1_5783	PMG11_05506
lcl|CDHK01000005.1_cds_CEJ56788.1_5784	PMG11_05507
lcl|CDHK01000005.1_cds_CEJ56789.1_5785	PMG11_05508
lcl|CDHK01000005.1_cds_CEJ56790.1_5786	PMG11_05509
lcl|CDHK01000005.1_cds_CEJ56791.1_5787	PMG11_05510
lcl|CDHK01000005.1_cds_CEJ56792.1_5788	PMG11_05510
lcl|CDHK01000005.1_cds_CEJ56793.1_5789	PMG11_05511
lcl|CDHK01000005.1_cds_CEJ56794.1_5790	PMG11_05512
lcl|CDHK01000005.1_cds_CEJ56795.1_5791	PMG11_05513
lcl|CDHK01000005.1_cds_CEJ56796.1_5792	PMG11_05514
lcl|CDHK01000005.1_cds_CEJ56797.1_5793	PMG11_05515
lcl|CDHK01000005.1_cds_CEJ56798.1_5794	PMG11_05516
lcl|CDHK01000005.1_cds_CEJ56799.1_5795	PMG11_05517
lcl|CDHK01000005.1_cds_CEJ56800.1_5796	PMG11_05518
lcl|CDHK01000005.1_cds_CEJ56801.1_5797	PMG11_05519
lcl|CDHK01000005.1_cds_CEJ56802.1_5798	PMG11_05520
lcl|CDHK01000005.1_cds_CEJ56803.1_5799	PMG11_05521
lcl|CDHK01000005.1_cds_CEJ56804.1_5800	PMG11_05522
lcl|CDHK01000005.1_cds_CEJ56805.1_5801	PMG11_05523
lcl|CDHK01000005.1_cds_CEJ56806.1_5802	PMG11_05524
lcl|CDHK01000005.1_cds_CEJ56807.1_5803	PMG11_05525
lcl|CDHK01000005.1_cds_CEJ56808.1_5804	PMG11_05526
lcl|CDHK01000005.1_cds_CEJ56809.1_5805	PMG11_05527
lcl|CDHK01000005.1_cds_CEJ56810.1_5806	PMG11_05528
lcl|CDHK01000005.1_cds_CEJ56811.1_5807	PMG11_05529
lcl|CDHK01000005.1_cds_CEJ56812.1_5808	PMG11_05531
lcl|CDHK01000005.1_cds_CEJ56813.1_5809	PMG11_05530
lcl|CDHK01000005.1_cds_CEJ56814.1_5810	PMG11_05532
lcl|CDHK01000005.1_cds_CEJ56815.1_5811	PMG11_05533
lcl|CDHK01000005.1_cds_CEJ56816.1_5812	PMG11_05534
lcl|CDHK01000005.1_cds_CEJ56817.1_5813	PMG11_05535
lcl|CDHK01000005.1_cds_CEJ56818.1_5814	PMG11_05536
lcl|CDHK01000005.1_cds_CEJ56819.1_5815	PMG11_05537
lcl|CDHK01000005.1_cds_CEJ56820.1_5816	PMG11_05538
lcl|CDHK01000005.1_cds_CEJ56821.1_5817	PMG11_05539
lcl|CDHK01000005.1_cds_CEJ56822.1_5818	PMG11_05540
lcl|CDHK01000005.1_cds_CEJ56823.1_5819	PMG11_05541
lcl|CDHK01000005.1_cds_CEJ56824.1_5820	PMG11_05542
lcl|CDHK01000005.1_cds_CEJ56825.1_5821	PMG11_05543
lcl|CDHK01000005.1_cds_CEJ56826.1_5822	PMG11_05544
lcl|CDHK01000005.1_cds_CEJ56827.1_5823	PMG11_05545
lcl|CDHK01000005.1_cds_CEJ56829.1_5824	PMG11_05546
lcl|CDHK01000005.1_cds_CEJ56828.1_5825	PMG11_05546
lcl|CDHK01000005.1_cds_CEJ56830.1_5826	PMG11_05547
lcl|CDHK01000005.1_cds_CEJ56831.1_5827	PMG11_05548
lcl|CDHK01000005.1_cds_CEJ56832.1_5828	PMG11_05549
lcl|CDHK01000005.1_cds_CEJ56833.1_5829	PMG11_05550
lcl|CDHK01000005.1_cds_CEJ56834.1_5830	PMG11_05551
lcl|CDHK01000005.1_cds_CEJ56835.1_5831	PMG11_05552
lcl|CDHK01000005.1_cds_CEJ56836.1_5832	PMG11_05553
lcl|CDHK01000005.1_cds_CEJ56837.1_5833	PMG11_05554
lcl|CDHK01000005.1_cds_CEJ56838.1_5834	PMG11_05555
lcl|CDHK01000005.1_cds_CEJ56839.1_5835	PMG11_05556
lcl|CDHK01000005.1_cds_CEJ56840.1_5836	PMG11_05557
lcl|CDHK01000005.1_cds_CEJ56841.1_5837	PMG11_05558
lcl|CDHK01000005.1_cds_CEJ56842.1_5838	PMG11_05559
lcl|CDHK01000005.1_cds_CEJ56843.1_5839	PMG11_05560
lcl|CDHK01000005.1_cds_CEJ56844.1_5840	PMG11_05561
lcl|CDHK01000005.1_cds_CEJ56845.1_5841	PMG11_05562
lcl|CDHK01000005.1_cds_CEJ56846.1_5842	PMG11_05563
lcl|CDHK01000005.1_cds_CEJ56847.1_5843	PMG11_05564
lcl|CDHK01000005.1_cds_CEJ56848.1_5844	PMG11_05565
lcl|CDHK01000005.1_cds_CEJ56849.1_5845	PMG11_05566
lcl|CDHK01000005.1_cds_CEJ56850.1_5846	PMG11_05567
lcl|CDHK01000005.1_cds_CEJ56851.1_5847	PMG11_05567
lcl|CDHK01000005.1_cds_CEJ56852.1_5848	PMG11_05568
lcl|CDHK01000005.1_cds_CEJ56853.1_5849	PMG11_05569
lcl|CDHK01000005.1_cds_CEJ56854.1_5850	PMG11_05570
lcl|CDHK01000005.1_cds_CEJ56855.1_5851	PMG11_05571
lcl|CDHK01000005.1_cds_CEJ56856.1_5852	PMG11_05572
lcl|CDHK01000005.1_cds_CEJ56857.1_5853	PMG11_05573
lcl|CDHK01000005.1_cds_CEJ56858.1_5854	PMG11_05574
lcl|CDHK01000005.1_cds_CEJ56859.1_5855	PMG11_05575
lcl|CDHK01000005.1_cds_CEJ56860.1_5856	PMG11_05576
lcl|CDHK01000005.1_cds_CEJ56861.1_5857	PMG11_05577
lcl|CDHK01000005.1_cds_CEJ56862.1_5858	PMG11_05578
lcl|CDHK01000005.1_cds_CEJ56863.1_5859	PMG11_05579
lcl|CDHK01000005.1_cds_CEJ56864.1_5860	PMG11_05580
lcl|CDHK01000005.1_cds_CEJ56865.1_5861	PMG11_05581
lcl|CDHK01000005.1_cds_CEJ56866.1_5862	PMG11_05582
lcl|CDHK01000005.1_cds_CEJ56867.1_5863	PMG11_05583
lcl|CDHK01000005.1_cds_CEJ56868.1_5864	PMG11_05584
lcl|CDHK01000005.1_cds_CEJ56869.1_5865	PMG11_05585
lcl|CDHK01000005.1_cds_CEJ56870.1_5866	PMG11_05586
lcl|CDHK01000005.1_cds_CEJ56872.1_5867	PMG11_05587
lcl|CDHK01000005.1_cds_CEJ56871.1_5868	PMG11_05587
lcl|CDHK01000005.1_cds_CEJ56873.1_5869	PMG11_05588
lcl|CDHK01000005.1_cds_CEJ56874.1_5870	PMG11_05589
lcl|CDHK01000005.1_cds_CEJ56875.1_5871	PMG11_05590
lcl|CDHK01000005.1_cds_CEJ56876.1_5872	PMG11_05591
lcl|CDHK01000005.1_cds_CEJ56877.1_5873	PMG11_05592
lcl|CDHK01000005.1_cds_CEJ56878.1_5874	PMG11_05593
lcl|CDHK01000005.1_cds_CEJ56879.1_5875	PMG11_05594
lcl|CDHK01000005.1_cds_CEJ56880.1_5876	PMG11_05595
lcl|CDHK01000005.1_cds_CEJ56881.1_5877	PMG11_05596
lcl|CDHK01000005.1_cds_CEJ56882.1_5878	PMG11_05597
lcl|CDHK01000005.1_cds_CEJ56883.1_5879	PMG11_05598
lcl|CDHK01000005.1_cds_CEJ56884.1_5880	PMG11_05599
lcl|CDHK01000005.1_cds_CEJ56885.1_5881	PMG11_05600
lcl|CDHK01000005.1_cds_CEJ56886.1_5882	PMG11_05600
lcl|CDHK01000005.1_cds_CEJ56887.1_5883	PMG11_05601
lcl|CDHK01000005.1_cds_CEJ56888.1_5884	PMG11_05601
lcl|CDHK01000005.1_cds_CEJ56889.1_5885	PMG11_05602
lcl|CDHK01000005.1_cds_CEJ56890.1_5886	PMG11_05603
lcl|CDHK01000005.1_cds_CEJ56891.1_5887	PMG11_05604
lcl|CDHK01000005.1_cds_CEJ56892.1_5888	PMG11_05605
lcl|CDHK01000005.1_cds_CEJ56893.1_5889	PMG11_05606
lcl|CDHK01000005.1_cds_CEJ56894.1_5890	PMG11_05606
lcl|CDHK01000005.1_cds_CEJ56895.1_5891	PMG11_05607
lcl|CDHK01000005.1_cds_CEJ56896.1_5892	PMG11_05608
lcl|CDHK01000005.1_cds_CEJ56897.1_5893	PMG11_05609
lcl|CDHK01000005.1_cds_CEJ56898.1_5894	PMG11_05610
lcl|CDHK01000005.1_cds_CEJ56899.1_5895	PMG11_05611
lcl|CDHK01000005.1_cds_CEJ56900.1_5896	PMG11_05612
lcl|CDHK01000005.1_cds_CEJ56901.1_5897	PMG11_05613
lcl|CDHK01000005.1_cds_CEJ56902.1_5898	PMG11_05614
lcl|CDHK01000005.1_cds_CEJ56903.1_5899	PMG11_05615
lcl|CDHK01000005.1_cds_CEJ56904.1_5900	PMG11_05616
lcl|CDHK01000005.1_cds_CEJ56905.1_5901	PMG11_05617
lcl|CDHK01000005.1_cds_CEJ56906.1_5902	PMG11_05618
lcl|CDHK01000005.1_cds_CEJ56907.1_5903	PMG11_05619
lcl|CDHK01000005.1_cds_CEJ56908.1_5904	PMG11_05620
lcl|CDHK01000005.1_cds_CEJ56909.1_5905	PMG11_05621
lcl|CDHK01000005.1_cds_CEJ56910.1_5906	PMG11_05622
lcl|CDHK01000005.1_cds_CEJ56911.1_5907	PMG11_05623
lcl|CDHK01000005.1_cds_CEJ56912.1_5908	PMG11_05624
lcl|CDHK01000005.1_cds_CEJ56913.1_5909	PMG11_05625
lcl|CDHK01000005.1_cds_CEJ56914.1_5910	PMG11_05626
lcl|CDHK01000005.1_cds_CEJ56915.1_5911	PMG11_05627
lcl|CDHK01000005.1_cds_CEJ56916.1_5912	PMG11_05628
lcl|CDHK01000005.1_cds_CEJ56917.1_5913	PMG11_05629
lcl|CDHK01000005.1_cds_CEJ56918.1_5914	PMG11_05630
lcl|CDHK01000005.1_cds_CEJ56919.1_5915	PMG11_05631
lcl|CDHK01000005.1_cds_CEJ56920.1_5916	PMG11_05632
lcl|CDHK01000005.1_cds_CEJ56921.1_5917	PMG11_05633
lcl|CDHK01000005.1_cds_CEJ56922.1_5918	PMG11_05634
lcl|CDHK01000005.1_cds_CEJ56923.1_5919	PMG11_05635
lcl|CDHK01000005.1_cds_CEJ56924.1_5920	PMG11_05636
lcl|CDHK01000005.1_cds_CEJ56925.1_5921	PMG11_05637
lcl|CDHK01000005.1_cds_CEJ56926.1_5922	PMG11_05638
lcl|CDHK01000005.1_cds_CEJ56927.1_5923	PMG11_05639
lcl|CDHK01000005.1_cds_CEJ56928.1_5924	PMG11_05640
lcl|CDHK01000005.1_cds_CEJ56929.1_5925	PMG11_05641
lcl|CDHK01000005.1_cds_CEJ56930.1_5926	PMG11_05642
lcl|CDHK01000005.1_cds_CEJ56931.1_5927	PMG11_05643
lcl|CDHK01000005.1_cds_CEJ56932.1_5928	PMG11_05644
lcl|CDHK01000005.1_cds_CEJ56933.1_5929	PMG11_05645
lcl|CDHK01000005.1_cds_CEJ56934.1_5930	PMG11_05646
lcl|CDHK01000005.1_cds_CEJ56935.1_5931	PMG11_05647
lcl|CDHK01000005.1_cds_CEJ56936.1_5932	PMG11_05648
lcl|CDHK01000005.1_cds_CEJ56937.1_5933	PMG11_05649
lcl|CDHK01000005.1_cds_CEJ56938.1_5934	PMG11_05650
lcl|CDHK01000005.1_cds_CEJ56939.1_5935	PMG11_05651
lcl|CDHK01000005.1_cds_CEJ56940.1_5936	PMG11_05652
lcl|CDHK01000005.1_cds_CEJ56941.1_5937	PMG11_05653
lcl|CDHK01000005.1_cds_CEJ56942.1_5938	PMG11_05653
lcl|CDHK01000005.1_cds_CEJ56943.1_5939	PMG11_05654
lcl|CDHK01000005.1_cds_CEJ56944.1_5940	PMG11_05655
lcl|CDHK01000005.1_cds_CEJ56945.1_5941	PMG11_05656
lcl|CDHK01000005.1_cds_CEJ56946.1_5942	PMG11_05657
lcl|CDHK01000005.1_cds_CEJ56947.1_5943	PMG11_05658
lcl|CDHK01000005.1_cds_CEJ56948.1_5944	PMG11_05659
lcl|CDHK01000005.1_cds_CEJ56949.1_5945	PMG11_05660
lcl|CDHK01000005.1_cds_CEJ56950.1_5946	PMG11_05661
lcl|CDHK01000005.1_cds_CEJ56951.1_5947	PMG11_05662
lcl|CDHK01000005.1_cds_CEJ56952.1_5948	PMG11_05663
lcl|CDHK01000005.1_cds_CEJ56953.1_5949	PMG11_05664
lcl|CDHK01000005.1_cds_CEJ56954.1_5950	PMG11_05665
lcl|CDHK01000005.1_cds_CEJ56955.1_5951	PMG11_05666
lcl|CDHK01000005.1_cds_CEJ56956.1_5952	PMG11_05667
lcl|CDHK01000005.1_cds_CEJ56957.1_5953	PMG11_05668
lcl|CDHK01000005.1_cds_CEJ56958.1_5954	PMG11_05669
lcl|CDHK01000005.1_cds_CEJ56959.1_5955	PMG11_05670
lcl|CDHK01000005.1_cds_CEJ56960.1_5956	PMG11_05671
lcl|CDHK01000005.1_cds_CEJ56961.1_5957	PMG11_05672
lcl|CDHK01000005.1_cds_CEJ56962.1_5958	PMG11_05673
lcl|CDHK01000005.1_cds_CEJ56963.1_5959	PMG11_05674
lcl|CDHK01000005.1_cds_CEJ56964.1_5960	PMG11_05675
lcl|CDHK01000005.1_cds_CEJ56965.1_5961	PMG11_05676
lcl|CDHK01000005.1_cds_CEJ56966.1_5962	PMG11_05677
lcl|CDHK01000005.1_cds_CEJ56967.1_5963	PMG11_05678
lcl|CDHK01000005.1_cds_CEJ56968.1_5964	PMG11_05679
lcl|CDHK01000005.1_cds_CEJ56969.1_5965	PMG11_05680
lcl|CDHK01000005.1_cds_CEJ56970.1_5966	PMG11_05680
lcl|CDHK01000005.1_cds_CEJ56971.1_5967	PMG11_05681
lcl|CDHK01000005.1_cds_CEJ56972.1_5968	PMG11_05682
lcl|CDHK01000005.1_cds_CEJ56973.1_5969	PMG11_05683
lcl|CDHK01000005.1_cds_CEJ56974.1_5970	PMG11_05684
lcl|CDHK01000005.1_cds_CEJ56975.1_5971	PMG11_05685
lcl|CDHK01000005.1_cds_CEJ56976.1_5972	PMG11_05686
lcl|CDHK01000005.1_cds_CEJ56977.1_5973	PMG11_05687
lcl|CDHK01000005.1_cds_CEJ56978.1_5974	PMG11_05688
lcl|CDHK01000005.1_cds_CEJ56979.1_5975	PMG11_05689
lcl|CDHK01000005.1_cds_CEJ56980.1_5976	PMG11_05690
lcl|CDHK01000005.1_cds_CEJ56981.1_5977	PMG11_05691
lcl|CDHK01000005.1_cds_CEJ56982.1_5978	PMG11_05692
lcl|CDHK01000005.1_cds_CEJ56983.1_5979	PMG11_05693
lcl|CDHK01000005.1_cds_CEJ56984.1_5980	PMG11_05694
lcl|CDHK01000005.1_cds_CEJ56985.1_5981	PMG11_05695
lcl|CDHK01000005.1_cds_CEJ56986.1_5982	PMG11_05696
lcl|CDHK01000005.1_cds_CEJ56987.1_5983	PMG11_05697
lcl|CDHK01000005.1_cds_CEJ56988.1_5984	PMG11_05698
lcl|CDHK01000005.1_cds_CEJ56989.1_5985	PMG11_05699
lcl|CDHK01000005.1_cds_CEJ56990.1_5986	PMG11_05700
lcl|CDHK01000005.1_cds_CEJ56991.1_5987	PMG11_05701
lcl|CDHK01000005.1_cds_CEJ56992.1_5988	PMG11_05702
lcl|CDHK01000005.1_cds_CEJ56993.1_5989	PMG11_05703
lcl|CDHK01000005.1_cds_CEJ56994.1_5990	PMG11_05704
lcl|CDHK01000005.1_cds_CEJ56995.1_5991	PMG11_05705
lcl|CDHK01000005.1_cds_CEJ56996.1_5992	PMG11_05706
lcl|CDHK01000005.1_cds_CEJ56997.1_5993	PMG11_05707
lcl|CDHK01000005.1_cds_CEJ56998.1_5994	PMG11_05708
lcl|CDHK01000005.1_cds_CEJ56999.1_5995	PMG11_05709
lcl|CDHK01000005.1_cds_CEJ57000.1_5996	PMG11_05710
lcl|CDHK01000005.1_cds_CEJ57001.1_5997	PMG11_05711
lcl|CDHK01000005.1_cds_CEJ57002.1_5998	PMG11_05712
lcl|CDHK01000005.1_cds_CEJ57003.1_5999	PMG11_05713
lcl|CDHK01000005.1_cds_CEJ57004.1_6000	PMG11_05714
lcl|CDHK01000005.1_cds_CEJ57005.1_6001	PMG11_05715
lcl|CDHK01000005.1_cds_CEJ57007.1_6002	PMG11_05716
lcl|CDHK01000005.1_cds_CEJ57006.1_6003	PMG11_05716
lcl|CDHK01000005.1_cds_CEJ57008.1_6004	PMG11_05717
lcl|CDHK01000005.1_cds_CEJ57009.1_6005	PMG11_05718
lcl|CDHK01000005.1_cds_CEJ57010.1_6006	PMG11_05718
lcl|CDHK01000005.1_cds_CEJ57011.1_6007	PMG11_05719
lcl|CDHK01000005.1_cds_CEJ57012.1_6008	PMG11_05720
lcl|CDHK01000005.1_cds_CEJ57013.1_6009	PMG11_05721
lcl|CDHK01000005.1_cds_CEJ57014.1_6010	PMG11_05722
lcl|CDHK01000005.1_cds_CEJ57015.1_6011	PMG11_05723
lcl|CDHK01000005.1_cds_CEJ57016.1_6012	PMG11_05724
lcl|CDHK01000005.1_cds_CEJ57017.1_6013	PMG11_05725
lcl|CDHK01000005.1_cds_CEJ57018.1_6014	PMG11_05726
lcl|CDHK01000005.1_cds_CEJ57019.1_6015	PMG11_05727
lcl|CDHK01000005.1_cds_CEJ57020.1_6016	PMG11_05728
lcl|CDHK01000005.1_cds_CEJ57021.1_6017	PMG11_05729
lcl|CDHK01000005.1_cds_CEJ57022.1_6018	PMG11_05730
lcl|CDHK01000005.1_cds_CEJ57023.1_6019	PMG11_05731
lcl|CDHK01000005.1_cds_CEJ57024.1_6020	PMG11_05732
lcl|CDHK01000005.1_cds_CEJ57025.1_6021	PMG11_05733
lcl|CDHK01000005.1_cds_CEJ57026.1_6022	PMG11_05734
lcl|CDHK01000005.1_cds_CEJ57027.1_6023	PMG11_05735
lcl|CDHK01000005.1_cds_CEJ57028.1_6024	PMG11_05736
lcl|CDHK01000005.1_cds_CEJ57029.1_6025	PMG11_05737
lcl|CDHK01000005.1_cds_CEJ57030.1_6026	PMG11_05738
lcl|CDHK01000005.1_cds_CEJ57031.1_6027	PMG11_05739
lcl|CDHK01000005.1_cds_CEJ57032.1_6028	PMG11_05740
lcl|CDHK01000005.1_cds_CEJ57033.1_6029	PMG11_05741
lcl|CDHK01000005.1_cds_CEJ57034.1_6030	PMG11_05742
lcl|CDHK01000005.1_cds_CEJ57035.1_6031	PMG11_05743
lcl|CDHK01000005.1_cds_CEJ57036.1_6032	PMG11_05744
lcl|CDHK01000005.1_cds_CEJ57037.1_6033	PMG11_05745
lcl|CDHK01000005.1_cds_CEJ57038.1_6034	PMG11_05746
lcl|CDHK01000005.1_cds_CEJ57039.1_6035	PMG11_05747
lcl|CDHK01000005.1_cds_CEJ57040.1_6036	PMG11_05748
lcl|CDHK01000005.1_cds_CEJ57041.1_6037	PMG11_05749
lcl|CDHK01000005.1_cds_CEJ57042.1_6038	PMG11_05750
lcl|CDHK01000005.1_cds_CEJ57043.1_6039	PMG11_05751
lcl|CDHK01000005.1_cds_CEJ57044.1_6040	PMG11_05752
lcl|CDHK01000005.1_cds_CEJ57045.1_6041	PMG11_05753
lcl|CDHK01000005.1_cds_CEJ57046.1_6042	PMG11_05754
lcl|CDHK01000005.1_cds_CEJ57047.1_6043	PMG11_05755
lcl|CDHK01000005.1_cds_CEJ57048.1_6044	PMG11_05756
lcl|CDHK01000005.1_cds_CEJ57049.1_6045	PMG11_05757
lcl|CDHK01000005.1_cds_CEJ57050.1_6046	PMG11_05758
lcl|CDHK01000005.1_cds_CEJ57051.1_6047	PMG11_05759
lcl|CDHK01000005.1_cds_CEJ57052.1_6048	PMG11_05760
lcl|CDHK01000005.1_cds_CEJ57053.1_6049	PMG11_05761
lcl|CDHK01000005.1_cds_CEJ57054.1_6050	PMG11_05762
lcl|CDHK01000005.1_cds_CEJ57055.1_6051	PMG11_05763
lcl|CDHK01000005.1_cds_CEJ57056.1_6052	PMG11_05764
lcl|CDHK01000005.1_cds_CEJ57057.1_6053	PMG11_05765
lcl|CDHK01000005.1_cds_CEJ57058.1_6054	PMG11_05766
lcl|CDHK01000005.1_cds_CEJ57059.1_6055	PMG11_05767
lcl|CDHK01000005.1_cds_CEJ57060.1_6056	PMG11_05768
lcl|CDHK01000005.1_cds_CEJ57061.1_6057	PMG11_05769
lcl|CDHK01000005.1_cds_CEJ57062.1_6058	PMG11_05770
lcl|CDHK01000005.1_cds_CEJ57063.1_6059	PMG11_05771
lcl|CDHK01000005.1_cds_CEJ57064.1_6060	PMG11_05772
lcl|CDHK01000005.1_cds_CEJ57065.1_6061	PMG11_05773
lcl|CDHK01000005.1_cds_CEJ57066.1_6062	PMG11_05774
lcl|CDHK01000005.1_cds_CEJ57067.1_6063	PMG11_05775
lcl|CDHK01000005.1_cds_CEJ57068.1_6064	PMG11_05776
lcl|CDHK01000005.1_cds_CEJ57069.1_6065	PMG11_05777
lcl|CDHK01000005.1_cds_CEJ57070.1_6066	PMG11_05778
lcl|CDHK01000005.1_cds_CEJ57071.1_6067	PMG11_05779
lcl|CDHK01000005.1_cds_CEJ57072.1_6068	PMG11_05780
lcl|CDHK01000005.1_cds_CEJ57073.1_6069	PMG11_05781
lcl|CDHK01000005.1_cds_CEJ57074.1_6070	PMG11_05782
lcl|CDHK01000005.1_cds_CEJ57075.1_6071	PMG11_05783
lcl|CDHK01000005.1_cds_CEJ57076.1_6072	PMG11_05784
lcl|CDHK01000005.1_cds_CEJ57077.1_6073	PMG11_05785
lcl|CDHK01000005.1_cds_CEJ57078.1_6074	PMG11_05786
lcl|CDHK01000005.1_cds_CEJ57079.1_6075	PMG11_05787
lcl|CDHK01000005.1_cds_CEJ57080.1_6076	PMG11_05788
lcl|CDHK01000005.1_cds_CEJ57081.1_6077	PMG11_05789
lcl|CDHK01000005.1_cds_CEJ57082.1_6078	PMG11_05790
lcl|CDHK01000005.1_cds_CEJ57083.1_6079	PMG11_05791
lcl|CDHK01000005.1_cds_CEJ57084.1_6080	PMG11_05792
lcl|CDHK01000005.1_cds_CEJ57085.1_6081	PMG11_05792
lcl|CDHK01000005.1_cds_CEJ57086.1_6082	PMG11_05793
lcl|CDHK01000005.1_cds_CEJ57087.1_6083	PMG11_05794
lcl|CDHK01000005.1_cds_CEJ57088.1_6084	PMG11_05795
lcl|CDHK01000005.1_cds_CEJ57089.1_6085	PMG11_05796
lcl|CDHK01000005.1_cds_CEJ57090.1_6086	PMG11_05797
lcl|CDHK01000005.1_cds_CEJ57091.1_6087	PMG11_05798
lcl|CDHK01000005.1_cds_CEJ57092.1_6088	PMG11_05799
lcl|CDHK01000005.1_cds_CEJ57093.1_6089	PMG11_05800
lcl|CDHK01000005.1_cds_CEJ57094.1_6090	PMG11_05801
lcl|CDHK01000005.1_cds_CEJ57095.1_6091	PMG11_05802
lcl|CDHK01000005.1_cds_CEJ57096.1_6092	PMG11_05803
lcl|CDHK01000005.1_cds_CEJ57097.1_6093	PMG11_05804
lcl|CDHK01000005.1_cds_CEJ57098.1_6094	PMG11_05805
lcl|CDHK01000005.1_cds_CEJ57099.1_6095	PMG11_05806
lcl|CDHK01000005.1_cds_CEJ57100.1_6096	PMG11_05807
lcl|CDHK01000005.1_cds_CEJ57101.1_6097	PMG11_05808
lcl|CDHK01000005.1_cds_CEJ57102.1_6098	PMG11_05809
lcl|CDHK01000005.1_cds_CEJ57103.1_6099	PMG11_05810
lcl|CDHK01000005.1_cds_CEJ57104.1_6100	PMG11_05811
lcl|CDHK01000005.1_cds_CEJ57105.1_6101	PMG11_05812
lcl|CDHK01000005.1_cds_CEJ57107.1_6102	PMG11_05813
lcl|CDHK01000005.1_cds_CEJ57106.1_6103	PMG11_05813
lcl|CDHK01000005.1_cds_CEJ57108.1_6104	PMG11_05813
lcl|CDHK01000005.1_cds_CEJ57109.1_6105	PMG11_05814
lcl|CDHK01000005.1_cds_CEJ57110.1_6106	PMG11_05815
lcl|CDHK01000005.1_cds_CEJ57111.1_6107	PMG11_05816
lcl|CDHK01000005.1_cds_CEJ57112.1_6108	PMG11_05817
lcl|CDHK01000005.1_cds_CEJ57113.1_6109	PMG11_05818
lcl|CDHK01000005.1_cds_CEJ57114.1_6110	PMG11_05819
lcl|CDHK01000005.1_cds_CEJ57115.1_6111	PMG11_05820
lcl|CDHK01000005.1_cds_CEJ57116.1_6112	PMG11_05822
lcl|CDHK01000005.1_cds_CEJ57117.1_6113	PMG11_05821
lcl|CDHK01000005.1_cds_CEJ57118.1_6114	PMG11_05823
lcl|CDHK01000005.1_cds_CEJ57119.1_6115	PMG11_05824
lcl|CDHK01000005.1_cds_CEJ57120.1_6116	PMG11_05825
lcl|CDHK01000005.1_cds_CEJ57121.1_6117	PMG11_05826
lcl|CDHK01000005.1_cds_CEJ57122.1_6118	PMG11_05827
lcl|CDHK01000005.1_cds_CEJ57123.1_6119	PMG11_05828
lcl|CDHK01000005.1_cds_CEJ57124.1_6120	PMG11_05829
lcl|CDHK01000005.1_cds_CEJ57125.1_6121	PMG11_05830
lcl|CDHK01000005.1_cds_CEJ57126.1_6122	PMG11_05831
lcl|CDHK01000005.1_cds_CEJ57127.1_6123	PMG11_05832
lcl|CDHK01000005.1_cds_CEJ57128.1_6124	PMG11_05833
lcl|CDHK01000005.1_cds_CEJ57129.1_6125	PMG11_05834
lcl|CDHK01000005.1_cds_CEJ57130.1_6126	PMG11_05835
lcl|CDHK01000005.1_cds_CEJ57131.1_6127	PMG11_05836
lcl|CDHK01000005.1_cds_CEJ57132.1_6128	PMG11_05837
lcl|CDHK01000005.1_cds_CEJ57133.1_6129	PMG11_05838
lcl|CDHK01000005.1_cds_CEJ57134.1_6130	PMG11_05839
lcl|CDHK01000005.1_cds_CEJ57135.1_6131	PMG11_05840
lcl|CDHK01000005.1_cds_CEJ57136.1_6132	PMG11_05841
lcl|CDHK01000005.1_cds_CEJ57137.1_6133	PMG11_05842
lcl|CDHK01000005.1_cds_CEJ57138.1_6134	PMG11_05843
lcl|CDHK01000005.1_cds_CEJ57139.1_6135	PMG11_05844
lcl|CDHK01000005.1_cds_CEJ57140.1_6136	PMG11_05845
lcl|CDHK01000005.1_cds_CEJ57141.1_6137	PMG11_05846
lcl|CDHK01000005.1_cds_CEJ57142.1_6138	PMG11_05847
lcl|CDHK01000005.1_cds_CEJ57143.1_6139	PMG11_05848
lcl|CDHK01000005.1_cds_CEJ57144.1_6140	PMG11_05849
lcl|CDHK01000005.1_cds_CEJ57145.1_6141	PMG11_05850
lcl|CDHK01000005.1_cds_CEJ57146.1_6142	PMG11_05851
lcl|CDHK01000005.1_cds_CEJ57147.1_6143	PMG11_05852
lcl|CDHK01000005.1_cds_CEJ57148.1_6144	PMG11_05853
lcl|CDHK01000005.1_cds_CEJ57149.1_6145	PMG11_05854
lcl|CDHK01000005.1_cds_CEJ57150.1_6146	PMG11_05855
lcl|CDHK01000005.1_cds_CEJ57151.1_6147	PMG11_05856
lcl|CDHK01000005.1_cds_CEJ57152.1_6148	PMG11_05857
lcl|CDHK01000005.1_cds_CEJ57153.1_6149	PMG11_05858
lcl|CDHK01000005.1_cds_CEJ57154.1_6150	PMG11_05859
lcl|CDHK01000005.1_cds_CEJ57155.1_6151	PMG11_05860
lcl|CDHK01000005.1_cds_CEJ57156.1_6152	PMG11_05861
lcl|CDHK01000005.1_cds_CEJ57157.1_6153	PMG11_05862
lcl|CDHK01000005.1_cds_CEJ57158.1_6154	PMG11_05863
lcl|CDHK01000005.1_cds_CEJ57159.1_6155	PMG11_05864
lcl|CDHK01000005.1_cds_CEJ57160.1_6156	PMG11_05865
lcl|CDHK01000005.1_cds_CEJ57161.1_6157	PMG11_05867
lcl|CDHK01000005.1_cds_CEJ57162.1_6158	PMG11_05866
lcl|CDHK01000005.1_cds_CEJ57163.1_6159	PMG11_05868
lcl|CDHK01000005.1_cds_CEJ57164.1_6160	PMG11_05869
lcl|CDHK01000005.1_cds_CEJ57165.1_6161	PMG11_05870
lcl|CDHK01000005.1_cds_CEJ57166.1_6162	PMG11_05871
lcl|CDHK01000005.1_cds_CEJ57167.1_6163	PMG11_05872
lcl|CDHK01000005.1_cds_CEJ57168.1_6164	PMG11_05873
lcl|CDHK01000005.1_cds_CEJ57169.1_6165	PMG11_05874
lcl|CDHK01000005.1_cds_CEJ57170.1_6166	PMG11_05875
lcl|CDHK01000005.1_cds_CEJ57171.1_6167	PMG11_05876
lcl|CDHK01000005.1_cds_CEJ57172.1_6168	PMG11_05877
lcl|CDHK01000005.1_cds_CEJ57173.1_6169	PMG11_05878
lcl|CDHK01000005.1_cds_CEJ57174.1_6170	PMG11_05879
lcl|CDHK01000005.1_cds_CEJ57175.1_6171	PMG11_05880
lcl|CDHK01000005.1_cds_CEJ57176.1_6172	PMG11_05880
lcl|CDHK01000005.1_cds_CEJ57177.1_6173	PMG11_05881
lcl|CDHK01000005.1_cds_CEJ57178.1_6174	PMG11_05882
lcl|CDHK01000005.1_cds_CEJ57179.1_6175	PMG11_05883
lcl|CDHK01000005.1_cds_CEJ57180.1_6176	PMG11_05884
lcl|CDHK01000005.1_cds_CEJ57181.1_6177	PMG11_05885
lcl|CDHK01000005.1_cds_CEJ57182.1_6178	PMG11_05886
lcl|CDHK01000005.1_cds_CEJ57183.1_6179	PMG11_05887
lcl|CDHK01000005.1_cds_CEJ57184.1_6180	PMG11_05888
lcl|CDHK01000005.1_cds_CEJ57185.1_6181	PMG11_05889
lcl|CDHK01000005.1_cds_CEJ57186.1_6182	PMG11_05890
lcl|CDHK01000005.1_cds_CEJ57187.1_6183	PMG11_05891
lcl|CDHK01000005.1_cds_CEJ57188.1_6184	PMG11_05892
lcl|CDHK01000005.1_cds_CEJ57189.1_6185	PMG11_05893
lcl|CDHK01000005.1_cds_CEJ57190.1_6186	PMG11_05894
lcl|CDHK01000005.1_cds_CEJ57191.1_6187	PMG11_05894
lcl|CDHK01000005.1_cds_CEJ57192.1_6188	PMG11_05894
lcl|CDHK01000005.1_cds_CEJ57193.1_6189	PMG11_05895
lcl|CDHK01000005.1_cds_CEJ57194.1_6190	PMG11_05896
lcl|CDHK01000005.1_cds_CEJ57195.1_6191	PMG11_05897
lcl|CDHK01000005.1_cds_CEJ57196.1_6192	PMG11_05898
lcl|CDHK01000005.1_cds_CEJ57197.1_6193	PMG11_05899
lcl|CDHK01000005.1_cds_CEJ57198.1_6194	PMG11_05900
lcl|CDHK01000005.1_cds_CEJ57199.1_6195	PMG11_05900
lcl|CDHK01000005.1_cds_CEJ57200.1_6196	PMG11_05901
lcl|CDHK01000005.1_cds_CEJ57201.1_6197	PMG11_05902
lcl|CDHK01000005.1_cds_CEJ57202.1_6198	PMG11_05903
lcl|CDHK01000005.1_cds_CEJ57203.1_6199	PMG11_05904
lcl|CDHK01000005.1_cds_CEJ57204.1_6200	PMG11_05905
lcl|CDHK01000005.1_cds_CEJ57205.1_6201	PMG11_05906
lcl|CDHK01000005.1_cds_CEJ57206.1_6202	PMG11_05907
lcl|CDHK01000005.1_cds_CEJ57207.1_6203	PMG11_05908
lcl|CDHK01000005.1_cds_CEJ57208.1_6204	PMG11_05909
lcl|CDHK01000005.1_cds_CEJ57209.1_6205	PMG11_05910
lcl|CDHK01000005.1_cds_CEJ57210.1_6206	PMG11_05911
lcl|CDHK01000005.1_cds_CEJ57211.1_6207	PMG11_05912
lcl|CDHK01000005.1_cds_CEJ57212.1_6208	PMG11_05913
lcl|CDHK01000005.1_cds_CEJ57213.1_6209	PMG11_05914
lcl|CDHK01000005.1_cds_CEJ57214.1_6210	PMG11_05915
lcl|CDHK01000005.1_cds_CEJ57215.1_6211	PMG11_05916
lcl|CDHK01000005.1_cds_CEJ57216.1_6212	PMG11_05917
lcl|CDHK01000005.1_cds_CEJ57217.1_6213	PMG11_05918
lcl|CDHK01000005.1_cds_CEJ57218.1_6214	PMG11_05919
lcl|CDHK01000005.1_cds_CEJ57219.1_6215	PMG11_05920
lcl|CDHK01000005.1_cds_CEJ57220.1_6216	PMG11_05921
lcl|CDHK01000005.1_cds_CEJ57221.1_6217	PMG11_05922
lcl|CDHK01000005.1_cds_CEJ57222.1_6218	PMG11_05923
lcl|CDHK01000005.1_cds_CEJ57223.1_6219	PMG11_05924
lcl|CDHK01000005.1_cds_CEJ57224.1_6220	PMG11_05925
lcl|CDHK01000005.1_cds_CEJ57225.1_6221	PMG11_05926
lcl|CDHK01000005.1_cds_CEJ57226.1_6222	PMG11_05927
lcl|CDHK01000005.1_cds_CEJ57227.1_6223	PMG11_05929
lcl|CDHK01000005.1_cds_CEJ57228.1_6224	PMG11_05928
lcl|CDHK01000005.1_cds_CEJ57229.1_6225	PMG11_05930
lcl|CDHK01000005.1_cds_CEJ57230.1_6226	PMG11_05931
lcl|CDHK01000005.1_cds_CEJ57231.1_6227	PMG11_05932
lcl|CDHK01000005.1_cds_CEJ57232.1_6228	PMG11_05933
lcl|CDHK01000005.1_cds_CEJ57233.1_6229	PMG11_05934
lcl|CDHK01000005.1_cds_CEJ57234.1_6230	PMG11_05935
lcl|CDHK01000005.1_cds_CEJ57235.1_6231	PMG11_05936
lcl|CDHK01000005.1_cds_CEJ57236.1_6232	PMG11_05937
lcl|CDHK01000005.1_cds_CEJ57237.1_6233	PMG11_05938
lcl|CDHK01000005.1_cds_CEJ57238.1_6234	PMG11_05939
lcl|CDHK01000005.1_cds_CEJ57239.1_6235	PMG11_05940
lcl|CDHK01000005.1_cds_CEJ57240.1_6236	PMG11_05941
lcl|CDHK01000005.1_cds_CEJ57241.1_6237	PMG11_05942
lcl|CDHK01000005.1_cds_CEJ57242.1_6238	PMG11_05943
lcl|CDHK01000005.1_cds_CEJ57243.1_6239	PMG11_05944
lcl|CDHK01000005.1_cds_CEJ57244.1_6240	PMG11_05945
lcl|CDHK01000005.1_cds_CEJ57245.1_6241	PMG11_05946
lcl|CDHK01000005.1_cds_CEJ57246.1_6242	PMG11_05947
lcl|CDHK01000005.1_cds_CEJ57247.1_6243	PMG11_05948
lcl|CDHK01000005.1_cds_CEJ57248.1_6244	PMG11_05950
lcl|CDHK01000005.1_cds_CEJ57249.1_6245	PMG11_05949
lcl|CDHK01000005.1_cds_CEJ57250.1_6246	PMG11_05951
lcl|CDHK01000005.1_cds_CEJ57251.1_6247	PMG11_05952
lcl|CDHK01000005.1_cds_CEJ57252.1_6248	PMG11_05953
lcl|CDHK01000005.1_cds_CEJ57253.1_6249	PMG11_05953
lcl|CDHK01000005.1_cds_CEJ57254.1_6250	PMG11_05954
lcl|CDHK01000005.1_cds_CEJ57255.1_6251	PMG11_05955
lcl|CDHK01000005.1_cds_CEJ57256.1_6252	PMG11_05956
lcl|CDHK01000005.1_cds_CEJ57257.1_6253	PMG11_05957
lcl|CDHK01000005.1_cds_CEJ57258.1_6254	PMG11_05958
lcl|CDHK01000005.1_cds_CEJ57259.1_6255	PMG11_05959
lcl|CDHK01000005.1_cds_CEJ57260.1_6256	PMG11_05960
lcl|CDHK01000005.1_cds_CEJ57261.1_6257	PMG11_05961
lcl|CDHK01000005.1_cds_CEJ57262.1_6258	PMG11_05962
lcl|CDHK01000005.1_cds_CEJ57263.1_6259	PMG11_05963
lcl|CDHK01000005.1_cds_CEJ57264.1_6260	PMG11_05964
lcl|CDHK01000005.1_cds_CEJ57265.1_6261	PMG11_05965
lcl|CDHK01000005.1_cds_CEJ57266.1_6262	PMG11_05966
lcl|CDHK01000005.1_cds_CEJ57267.1_6263	PMG11_05967
lcl|CDHK01000005.1_cds_CEJ57268.1_6264	PMG11_05968
lcl|CDHK01000005.1_cds_CEJ57269.1_6265	PMG11_05969
lcl|CDHK01000005.1_cds_CEJ57270.1_6266	PMG11_05969
lcl|CDHK01000005.1_cds_CEJ57271.1_6267	PMG11_05970
lcl|CDHK01000005.1_cds_CEJ57272.1_6268	PMG11_05971
lcl|CDHK01000005.1_cds_CEJ57273.1_6269	PMG11_05972
lcl|CDHK01000005.1_cds_CEJ57274.1_6270	PMG11_05973
lcl|CDHK01000005.1_cds_CEJ57275.1_6271	PMG11_05974
lcl|CDHK01000005.1_cds_CEJ57276.1_6272	PMG11_05975
lcl|CDHK01000005.1_cds_CEJ57277.1_6273	PMG11_05976
lcl|CDHK01000005.1_cds_CEJ57278.1_6274	PMG11_05976
lcl|CDHK01000005.1_cds_CEJ57279.1_6275	PMG11_05977
lcl|CDHK01000005.1_cds_CEJ57280.1_6276	PMG11_05978
lcl|CDHK01000005.1_cds_CEJ57281.1_6277	PMG11_05979
lcl|CDHK01000005.1_cds_CEJ57282.1_6278	PMG11_05980
lcl|CDHK01000005.1_cds_CEJ57283.1_6279	PMG11_05981
lcl|CDHK01000005.1_cds_CEJ57284.1_6280	PMG11_05982
lcl|CDHK01000005.1_cds_CEJ57285.1_6281	PMG11_05983
lcl|CDHK01000005.1_cds_CEJ57286.1_6282	PMG11_05984
lcl|CDHK01000005.1_cds_CEJ57287.1_6283	PMG11_05985
lcl|CDHK01000005.1_cds_CEJ57288.1_6284	PMG11_05986
lcl|CDHK01000005.1_cds_CEJ57289.1_6285	PMG11_05987
lcl|CDHK01000005.1_cds_CEJ57290.1_6286	PMG11_05988
lcl|CDHK01000005.1_cds_CEJ57291.1_6287	PMG11_05989
lcl|CDHK01000005.1_cds_CEJ57292.1_6288	PMG11_05989
lcl|CDHK01000005.1_cds_CEJ57293.1_6289	PMG11_05990
lcl|CDHK01000005.1_cds_CEJ57294.1_6290	PMG11_05991
lcl|CDHK01000005.1_cds_CEJ57295.1_6291	PMG11_05992
lcl|CDHK01000005.1_cds_CEJ57296.1_6292	PMG11_05993
lcl|CDHK01000005.1_cds_CEJ57297.1_6293	PMG11_05994
lcl|CDHK01000005.1_cds_CEJ57298.1_6294	PMG11_05995
lcl|CDHK01000005.1_cds_CEJ57299.1_6295	PMG11_05996
lcl|CDHK01000005.1_cds_CEJ57300.1_6296	PMG11_05997
lcl|CDHK01000005.1_cds_CEJ57301.1_6297	PMG11_05998
lcl|CDHK01000005.1_cds_CEJ57302.1_6298	PMG11_05999
lcl|CDHK01000005.1_cds_CEJ57303.1_6299	PMG11_06000
lcl|CDHK01000005.1_cds_CEJ57304.1_6300	PMG11_06001
lcl|CDHK01000005.1_cds_CEJ57305.1_6301	PMG11_06002
lcl|CDHK01000005.1_cds_CEJ57306.1_6302	PMG11_06003
lcl|CDHK01000005.1_cds_CEJ57307.1_6303	PMG11_06004
lcl|CDHK01000005.1_cds_CEJ57308.1_6304	PMG11_06005
lcl|CDHK01000005.1_cds_CEJ57309.1_6305	PMG11_06006
lcl|CDHK01000005.1_cds_CEJ57310.1_6306	PMG11_06007
lcl|CDHK01000005.1_cds_CEJ57311.1_6307	PMG11_06008
lcl|CDHK01000005.1_cds_CEJ57312.1_6308	PMG11_06009
lcl|CDHK01000005.1_cds_CEJ57313.1_6309	PMG11_06010
lcl|CDHK01000005.1_cds_CEJ57314.1_6310	PMG11_06011
lcl|CDHK01000005.1_cds_CEJ57315.1_6311	PMG11_06012
lcl|CDHK01000005.1_cds_CEJ57316.1_6312	PMG11_06013
lcl|CDHK01000005.1_cds_CEJ57317.1_6313	PMG11_06014
lcl|CDHK01000005.1_cds_CEJ57318.1_6314	PMG11_06015
lcl|CDHK01000005.1_cds_CEJ57319.1_6315	PMG11_06016
lcl|CDHK01000005.1_cds_CEJ57320.1_6316	PMG11_06017
lcl|CDHK01000005.1_cds_CEJ57321.1_6317	PMG11_06018
lcl|CDHK01000005.1_cds_CEJ57322.1_6318	PMG11_06019
lcl|CDHK01000005.1_cds_CEJ57323.1_6319	PMG11_06020
lcl|CDHK01000005.1_cds_CEJ57324.1_6320	PMG11_06021
lcl|CDHK01000005.1_cds_CEJ57325.1_6321	PMG11_06022
lcl|CDHK01000005.1_cds_CEJ57326.1_6322	PMG11_06023
lcl|CDHK01000005.1_cds_CEJ57327.1_6323	PMG11_06024
lcl|CDHK01000005.1_cds_CEJ57328.1_6324	PMG11_06025
lcl|CDHK01000005.1_cds_CEJ57329.1_6325	PMG11_06026
lcl|CDHK01000005.1_cds_CEJ57330.1_6326	PMG11_06027
lcl|CDHK01000005.1_cds_CEJ57331.1_6327	PMG11_06028
lcl|CDHK01000005.1_cds_CEJ57332.1_6328	PMG11_06029
lcl|CDHK01000005.1_cds_CEJ57334.1_6329	PMG11_06030
lcl|CDHK01000005.1_cds_CEJ57333.1_6330	PMG11_06030
lcl|CDHK01000005.1_cds_CEJ57335.1_6331	PMG11_06031
lcl|CDHK01000005.1_cds_CEJ57336.1_6332	PMG11_06032
lcl|CDHK01000005.1_cds_CEJ57337.1_6333	PMG11_06033
lcl|CDHK01000005.1_cds_CEJ57338.1_6334	PMG11_06034
lcl|CDHK01000005.1_cds_CEJ57339.1_6335	PMG11_06035
lcl|CDHK01000005.1_cds_CEJ57340.1_6336	PMG11_06036
lcl|CDHK01000005.1_cds_CEJ57341.1_6337	PMG11_06037
lcl|CDHK01000005.1_cds_CEJ57342.1_6338	PMG11_06038
lcl|CDHK01000005.1_cds_CEJ57343.1_6339	PMG11_06039
lcl|CDHK01000005.1_cds_CEJ57344.1_6340	PMG11_06040
lcl|CDHK01000005.1_cds_CEJ57345.1_6341	PMG11_06041
lcl|CDHK01000005.1_cds_CEJ57346.1_6342	PMG11_06042
lcl|CDHK01000005.1_cds_CEJ57347.1_6343	PMG11_06043
lcl|CDHK01000005.1_cds_CEJ57348.1_6344	PMG11_06044
lcl|CDHK01000005.1_cds_CEJ57349.1_6345	PMG11_06045
lcl|CDHK01000005.1_cds_CEJ57350.1_6346	PMG11_06046
lcl|CDHK01000005.1_cds_CEJ57351.1_6347	PMG11_06047
lcl|CDHK01000005.1_cds_CEJ57352.1_6348	PMG11_06048
lcl|CDHK01000005.1_cds_CEJ57353.1_6349	PMG11_06049
lcl|CDHK01000005.1_cds_CEJ57354.1_6350	PMG11_06050
lcl|CDHK01000005.1_cds_CEJ57355.1_6351	PMG11_06050
lcl|CDHK01000005.1_cds_CEJ57356.1_6352	PMG11_06051
lcl|CDHK01000005.1_cds_CEJ57357.1_6353	PMG11_06052
lcl|CDHK01000005.1_cds_CEJ57358.1_6354	PMG11_06053
lcl|CDHK01000005.1_cds_CEJ57359.1_6355	PMG11_06054
lcl|CDHK01000005.1_cds_CEJ57360.1_6356	PMG11_06055
lcl|CDHK01000005.1_cds_CEJ57361.1_6357	PMG11_06056
lcl|CDHK01000005.1_cds_CEJ57362.1_6358	PMG11_06057
lcl|CDHK01000005.1_cds_CEJ57363.1_6359	PMG11_06058
lcl|CDHK01000005.1_cds_CEJ57364.1_6360	PMG11_06059
lcl|CDHK01000005.1_cds_CEJ57365.1_6361	PMG11_06060
lcl|CDHK01000005.1_cds_CEJ57366.1_6362	PMG11_06061
lcl|CDHK01000005.1_cds_CEJ57367.1_6363	PMG11_06062
lcl|CDHK01000005.1_cds_CEJ57368.1_6364	PMG11_06062
lcl|CDHK01000005.1_cds_CEJ57369.1_6365	PMG11_06064
lcl|CDHK01000005.1_cds_CEJ57370.1_6366	PMG11_06063
lcl|CDHK01000005.1_cds_CEJ57371.1_6367	PMG11_06065
lcl|CDHK01000005.1_cds_CEJ57372.1_6368	PMG11_06066
lcl|CDHK01000005.1_cds_CEJ57373.1_6369	PMG11_06067
lcl|CDHK01000005.1_cds_CEJ57374.1_6370	PMG11_06068
lcl|CDHK01000005.1_cds_CEJ57375.1_6371	PMG11_06069
lcl|CDHK01000005.1_cds_CEJ57376.1_6372	PMG11_06070
lcl|CDHK01000005.1_cds_CEJ57377.1_6373	PMG11_06071
lcl|CDHK01000005.1_cds_CEJ57378.1_6374	PMG11_06072
lcl|CDHK01000005.1_cds_CEJ57379.1_6375	PMG11_06073
lcl|CDHK01000005.1_cds_CEJ57380.1_6376	PMG11_06074
lcl|CDHK01000005.1_cds_CEJ57381.1_6377	PMG11_06075
lcl|CDHK01000005.1_cds_CEJ57382.1_6378	PMG11_06076
lcl|CDHK01000005.1_cds_CEJ57383.1_6379	PMG11_06077
lcl|CDHK01000005.1_cds_CEJ57384.1_6380	PMG11_06078
lcl|CDHK01000005.1_cds_CEJ57385.1_6381	PMG11_06079
lcl|CDHK01000005.1_cds_CEJ57386.1_6382	PMG11_06080
lcl|CDHK01000005.1_cds_CEJ57387.1_6383	PMG11_06081
lcl|CDHK01000005.1_cds_CEJ57388.1_6384	PMG11_06082
lcl|CDHK01000005.1_cds_CEJ57389.1_6385	PMG11_06083
lcl|CDHK01000005.1_cds_CEJ57390.1_6386	PMG11_06084
lcl|CDHK01000005.1_cds_CEJ57391.1_6387	PMG11_06085
lcl|CDHK01000005.1_cds_CEJ57392.1_6388	PMG11_06086
lcl|CDHK01000005.1_cds_CEJ57393.1_6389	PMG11_06087
lcl|CDHK01000005.1_cds_CEJ57394.1_6390	PMG11_06088
lcl|CDHK01000005.1_cds_CEJ57395.1_6391	PMG11_06089
lcl|CDHK01000005.1_cds_CEJ57396.1_6392	PMG11_06090
lcl|CDHK01000005.1_cds_CEJ57397.1_6393	PMG11_06091
lcl|CDHK01000005.1_cds_CEJ57398.1_6394	PMG11_06092
lcl|CDHK01000005.1_cds_CEJ57399.1_6395	PMG11_06093
lcl|CDHK01000005.1_cds_CEJ57400.1_6396	PMG11_06094
lcl|CDHK01000005.1_cds_CEJ57401.1_6397	PMG11_06095
lcl|CDHK01000005.1_cds_CEJ57402.1_6398	PMG11_06096
lcl|CDHK01000005.1_cds_CEJ57403.1_6399	PMG11_06097
lcl|CDHK01000005.1_cds_CEJ57404.1_6400	PMG11_06098
lcl|CDHK01000005.1_cds_CEJ57405.1_6401	PMG11_06099
lcl|CDHK01000005.1_cds_CEJ57406.1_6402	PMG11_06100
lcl|CDHK01000005.1_cds_CEJ57407.1_6403	PMG11_06101
lcl|CDHK01000005.1_cds_CEJ57408.1_6404	PMG11_06102
lcl|CDHK01000005.1_cds_CEJ57409.1_6405	PMG11_06103
lcl|CDHK01000005.1_cds_CEJ57410.1_6406	PMG11_06104
lcl|CDHK01000005.1_cds_CEJ57411.1_6407	PMG11_06105
lcl|CDHK01000005.1_cds_CEJ57412.1_6408	PMG11_06106
lcl|CDHK01000005.1_cds_CEJ57413.1_6409	PMG11_06107
lcl|CDHK01000005.1_cds_CEJ57414.1_6410	PMG11_06108
lcl|CDHK01000005.1_cds_CEJ57415.1_6411	PMG11_06109
lcl|CDHK01000005.1_cds_CEJ57416.1_6412	PMG11_06110
lcl|CDHK01000005.1_cds_CEJ57417.1_6413	PMG11_06111
lcl|CDHK01000005.1_cds_CEJ57418.1_6414	PMG11_06112
lcl|CDHK01000005.1_cds_CEJ57419.1_6415	PMG11_06113
lcl|CDHK01000005.1_cds_CEJ57420.1_6416	PMG11_06114
lcl|CDHK01000005.1_cds_CEJ57421.1_6417	PMG11_06115
lcl|CDHK01000005.1_cds_CEJ57422.1_6418	PMG11_06116
lcl|CDHK01000005.1_cds_CEJ57423.1_6419	PMG11_06117
lcl|CDHK01000005.1_cds_CEJ57424.1_6420	PMG11_06118
lcl|CDHK01000005.1_cds_CEJ57425.1_6421	PMG11_06119
lcl|CDHK01000005.1_cds_CEJ57427.1_6422	PMG11_06120
lcl|CDHK01000005.1_cds_CEJ57426.1_6423	PMG11_06120
lcl|CDHK01000005.1_cds_CEJ57428.1_6424	PMG11_06121
lcl|CDHK01000005.1_cds_CEJ57429.1_6425	PMG11_06122
lcl|CDHK01000005.1_cds_CEJ57430.1_6426	PMG11_06123
lcl|CDHK01000005.1_cds_CEJ57431.1_6427	PMG11_06124
lcl|CDHK01000005.1_cds_CEJ57432.1_6428	PMG11_06125
lcl|CDHK01000005.1_cds_CEJ57433.1_6429	PMG11_06125
lcl|CDHK01000005.1_cds_CEJ57434.1_6430	PMG11_06126
lcl|CDHK01000005.1_cds_CEJ57435.1_6431	PMG11_06127
lcl|CDHK01000005.1_cds_CEJ57436.1_6432	PMG11_06128
lcl|CDHK01000005.1_cds_CEJ57437.1_6433	PMG11_06129
lcl|CDHK01000005.1_cds_CEJ57438.1_6434	PMG11_06130
lcl|CDHK01000005.1_cds_CEJ57439.1_6435	PMG11_06131
lcl|CDHK01000005.1_cds_CEJ57440.1_6436	PMG11_06132
lcl|CDHK01000005.1_cds_CEJ57441.1_6437	PMG11_06133
lcl|CDHK01000005.1_cds_CEJ57442.1_6438	PMG11_06134
lcl|CDHK01000005.1_cds_CEJ57443.1_6439	PMG11_06135
lcl|CDHK01000005.1_cds_CEJ57444.1_6440	PMG11_06136
lcl|CDHK01000005.1_cds_CEJ57445.1_6441	PMG11_06137
lcl|CDHK01000005.1_cds_CEJ57446.1_6442	PMG11_06138
lcl|CDHK01000005.1_cds_CEJ57447.1_6443	PMG11_06139
lcl|CDHK01000005.1_cds_CEJ57448.1_6444	PMG11_06140
lcl|CDHK01000005.1_cds_CEJ57449.1_6445	PMG11_06141
lcl|CDHK01000005.1_cds_CEJ57450.1_6446	PMG11_06142
lcl|CDHK01000005.1_cds_CEJ57451.1_6447	PMG11_06143
lcl|CDHK01000005.1_cds_CEJ57452.1_6448	PMG11_06144
lcl|CDHK01000005.1_cds_CEJ57453.1_6449	PMG11_06145
lcl|CDHK01000005.1_cds_CEJ57454.1_6450	PMG11_06146
lcl|CDHK01000005.1_cds_CEJ57455.1_6451	PMG11_06147
lcl|CDHK01000005.1_cds_CEJ57456.1_6452	PMG11_06148
lcl|CDHK01000005.1_cds_CEJ57457.1_6453	PMG11_06149
lcl|CDHK01000005.1_cds_CEJ57458.1_6454	PMG11_06150
lcl|CDHK01000005.1_cds_CEJ57459.1_6455	PMG11_06151
lcl|CDHK01000005.1_cds_CEJ57460.1_6456	PMG11_06152
lcl|CDHK01000005.1_cds_CEJ57462.1_6457	PMG11_06153
lcl|CDHK01000005.1_cds_CEJ57461.1_6458	PMG11_06153
lcl|CDHK01000005.1_cds_CEJ57463.1_6459	PMG11_06154
lcl|CDHK01000005.1_cds_CEJ57464.1_6460	PMG11_06155
lcl|CDHK01000005.1_cds_CEJ57465.1_6461	PMG11_06156
lcl|CDHK01000005.1_cds_CEJ57466.1_6462	PMG11_06157
lcl|CDHK01000005.1_cds_CEJ57467.1_6463	PMG11_06158
lcl|CDHK01000005.1_cds_CEJ57468.1_6464	PMG11_06159
lcl|CDHK01000005.1_cds_CEJ57469.1_6465	PMG11_06160
lcl|CDHK01000005.1_cds_CEJ57470.1_6466	PMG11_06161
lcl|CDHK01000005.1_cds_CEJ57471.1_6467	PMG11_06162
lcl|CDHK01000005.1_cds_CEJ57472.1_6468	PMG11_06163
lcl|CDHK01000005.1_cds_CEJ57473.1_6469	PMG11_06164
lcl|CDHK01000005.1_cds_CEJ57474.1_6470	PMG11_06165
lcl|CDHK01000005.1_cds_CEJ57475.1_6471	PMG11_06166
lcl|CDHK01000005.1_cds_CEJ57476.1_6472	PMG11_06167
lcl|CDHK01000005.1_cds_CEJ57477.1_6473	PMG11_06168
lcl|CDHK01000005.1_cds_CEJ57478.1_6474	PMG11_06169
lcl|CDHK01000005.1_cds_CEJ57479.1_6475	PMG11_06170
lcl|CDHK01000005.1_cds_CEJ57480.1_6476	PMG11_06171
lcl|CDHK01000005.1_cds_CEJ57481.1_6477	PMG11_06172
lcl|CDHK01000005.1_cds_CEJ57482.1_6478	PMG11_06173
lcl|CDHK01000005.1_cds_CEJ57483.1_6479	PMG11_06174
lcl|CDHK01000005.1_cds_CEJ57484.1_6480	PMG11_06175
lcl|CDHK01000005.1_cds_CEJ57485.1_6481	PMG11_06176
lcl|CDHK01000005.1_cds_CEJ57486.1_6482	PMG11_06177
lcl|CDHK01000005.1_cds_CEJ57487.1_6483	PMG11_06178
lcl|CDHK01000005.1_cds_CEJ57488.1_6484	PMG11_06179
lcl|CDHK01000005.1_cds_CEJ57489.1_6485	PMG11_06180
lcl|CDHK01000005.1_cds_CEJ57490.1_6486	PMG11_06181
lcl|CDHK01000005.1_cds_CEJ57491.1_6487	PMG11_06182
lcl|CDHK01000005.1_cds_CEJ57492.1_6488	PMG11_06183
lcl|CDHK01000005.1_cds_CEJ57493.1_6489	PMG11_06184
lcl|CDHK01000005.1_cds_CEJ57494.1_6490	PMG11_06185
lcl|CDHK01000005.1_cds_CEJ57495.1_6491	PMG11_06186
lcl|CDHK01000005.1_cds_CEJ57496.1_6492	PMG11_06187
lcl|CDHK01000005.1_cds_CEJ57497.1_6493	PMG11_06188
lcl|CDHK01000005.1_cds_CEJ57498.1_6494	PMG11_06189
lcl|CDHK01000005.1_cds_CEJ57499.1_6495	PMG11_06190
lcl|CDHK01000005.1_cds_CEJ57500.1_6496	PMG11_06191
lcl|CDHK01000005.1_cds_CEJ57501.1_6497	PMG11_06192
lcl|CDHK01000005.1_cds_CEJ57502.1_6498	PMG11_06193
lcl|CDHK01000005.1_cds_CEJ57503.1_6499	PMG11_06194
lcl|CDHK01000005.1_cds_CEJ57504.1_6500	PMG11_06195
lcl|CDHK01000005.1_cds_CEJ57505.1_6501	PMG11_06196
lcl|CDHK01000005.1_cds_CEJ57506.1_6502	PMG11_06197
lcl|CDHK01000005.1_cds_CEJ57507.1_6503	PMG11_06198
lcl|CDHK01000005.1_cds_CEJ57508.1_6504	PMG11_06199
lcl|CDHK01000005.1_cds_CEJ57509.1_6505	PMG11_06200
lcl|CDHK01000005.1_cds_CEJ57510.1_6506	PMG11_06201
lcl|CDHK01000005.1_cds_CEJ57511.1_6507	PMG11_06202
lcl|CDHK01000005.1_cds_CEJ57512.1_6508	PMG11_06203
lcl|CDHK01000005.1_cds_CEJ57513.1_6509	PMG11_06204
lcl|CDHK01000005.1_cds_CEJ57514.1_6510	PMG11_06205
lcl|CDHK01000005.1_cds_CEJ57515.1_6511	PMG11_06206
lcl|CDHK01000005.1_cds_CEJ57516.1_6512	PMG11_06207
lcl|CDHK01000005.1_cds_CEJ57517.1_6513	PMG11_06208
lcl|CDHK01000005.1_cds_CEJ57518.1_6514	PMG11_06209
lcl|CDHK01000005.1_cds_CEJ57519.1_6515	PMG11_06210
lcl|CDHK01000005.1_cds_CEJ57520.1_6516	PMG11_06211
lcl|CDHK01000005.1_cds_CEJ57521.1_6517	PMG11_06212
lcl|CDHK01000005.1_cds_CEJ57522.1_6518	PMG11_06213
lcl|CDHK01000005.1_cds_CEJ57523.1_6519	PMG11_06214
lcl|CDHK01000005.1_cds_CEJ57524.1_6520	PMG11_06215
lcl|CDHK01000005.1_cds_CEJ57525.1_6521	PMG11_06216
lcl|CDHK01000005.1_cds_CEJ57526.1_6522	PMG11_06217
lcl|CDHK01000005.1_cds_CEJ57527.1_6523	PMG11_06218
lcl|CDHK01000005.1_cds_CEJ57528.1_6524	PMG11_06219
lcl|CDHK01000005.1_cds_CEJ57529.1_6525	PMG11_06220
lcl|CDHK01000005.1_cds_CEJ57530.1_6526	PMG11_06221
lcl|CDHK01000005.1_cds_CEJ57531.1_6527	PMG11_06222
lcl|CDHK01000005.1_cds_CEJ57532.1_6528	PMG11_06223
lcl|CDHK01000005.1_cds_CEJ57533.1_6529	PMG11_06224
lcl|CDHK01000005.1_cds_CEJ57534.1_6530	PMG11_06225
lcl|CDHK01000005.1_cds_CEJ57535.1_6531	PMG11_06226
lcl|CDHK01000005.1_cds_CEJ57536.1_6532	PMG11_06226
lcl|CDHK01000005.1_cds_CEJ57537.1_6533	PMG11_06227
lcl|CDHK01000005.1_cds_CEJ57538.1_6534	PMG11_06228
lcl|CDHK01000005.1_cds_CEJ57539.1_6535	PMG11_06229
lcl|CDHK01000005.1_cds_CEJ57540.1_6536	PMG11_06230
lcl|CDHK01000005.1_cds_CEJ57541.1_6537	PMG11_06231
lcl|CDHK01000005.1_cds_CEJ57542.1_6538	PMG11_06232
lcl|CDHK01000005.1_cds_CEJ57543.1_6539	PMG11_06233
lcl|CDHK01000005.1_cds_CEJ57544.1_6540	PMG11_06234
lcl|CDHK01000005.1_cds_CEJ57545.1_6541	PMG11_06235
lcl|CDHK01000005.1_cds_CEJ57546.1_6542	PMG11_06236
lcl|CDHK01000005.1_cds_CEJ57547.1_6543	PMG11_06237
lcl|CDHK01000005.1_cds_CEJ57548.1_6544	PMG11_06238
lcl|CDHK01000005.1_cds_CEJ57549.1_6545	PMG11_06239
lcl|CDHK01000005.1_cds_CEJ57550.1_6546	PMG11_06240
lcl|CDHK01000005.1_cds_CEJ57551.1_6547	PMG11_06241
lcl|CDHK01000005.1_cds_CEJ57552.1_6548	PMG11_06243
lcl|CDHK01000005.1_cds_CEJ57553.1_6549	PMG11_06242
lcl|CDHK01000005.1_cds_CEJ57554.1_6550	PMG11_06244
lcl|CDHK01000005.1_cds_CEJ57555.1_6551	PMG11_06245
lcl|CDHK01000005.1_cds_CEJ57556.1_6552	PMG11_06246
lcl|CDHK01000005.1_cds_CEJ57557.1_6553	PMG11_06247
lcl|CDHK01000005.1_cds_CEJ57558.1_6554	PMG11_06248
lcl|CDHK01000005.1_cds_CEJ57559.1_6555	PMG11_06249
lcl|CDHK01000005.1_cds_CEJ57560.1_6556	PMG11_06249
lcl|CDHK01000005.1_cds_CEJ57561.1_6557	PMG11_06250
lcl|CDHK01000005.1_cds_CEJ57562.1_6558	PMG11_06251
lcl|CDHK01000005.1_cds_CEJ57563.1_6559	PMG11_06252
lcl|CDHK01000005.1_cds_CEJ57564.1_6560	PMG11_06253
lcl|CDHK01000005.1_cds_CEJ57565.1_6561	PMG11_06254
lcl|CDHK01000005.1_cds_CEJ57566.1_6562	PMG11_06255
lcl|CDHK01000005.1_cds_CEJ57567.1_6563	PMG11_06256
lcl|CDHK01000005.1_cds_CEJ57568.1_6564	PMG11_06257
lcl|CDHK01000005.1_cds_CEJ57569.1_6565	PMG11_06258
lcl|CDHK01000005.1_cds_CEJ57570.1_6566	PMG11_06259
lcl|CDHK01000005.1_cds_CEJ57571.1_6567	PMG11_06260
lcl|CDHK01000005.1_cds_CEJ57572.1_6568	PMG11_06261
lcl|CDHK01000005.1_cds_CEJ57573.1_6569	PMG11_06262
lcl|CDHK01000005.1_cds_CEJ57574.1_6570	PMG11_06263
lcl|CDHK01000005.1_cds_CEJ57575.1_6571	PMG11_06264
lcl|CDHK01000005.1_cds_CEJ57576.1_6572	PMG11_06265
lcl|CDHK01000005.1_cds_CEJ57577.1_6573	PMG11_06266
lcl|CDHK01000005.1_cds_CEJ57578.1_6574	PMG11_06267
lcl|CDHK01000005.1_cds_CEJ57579.1_6575	PMG11_06268
lcl|CDHK01000005.1_cds_CEJ57580.1_6576	PMG11_06269
lcl|CDHK01000005.1_cds_CEJ57581.1_6577	PMG11_06270
lcl|CDHK01000005.1_cds_CEJ57582.1_6578	PMG11_06271
lcl|CDHK01000005.1_cds_CEJ57583.1_6579	PMG11_06272
lcl|CDHK01000005.1_cds_CEJ57584.1_6580	PMG11_06273
lcl|CDHK01000005.1_cds_CEJ57585.1_6581	PMG11_06274
lcl|CDHK01000005.1_cds_CEJ57586.1_6582	PMG11_06275
lcl|CDHK01000005.1_cds_CEJ57587.1_6583	PMG11_06276
lcl|CDHK01000005.1_cds_CEJ57588.1_6584	PMG11_06276
lcl|CDHK01000005.1_cds_CEJ57589.1_6585	PMG11_06277
lcl|CDHK01000005.1_cds_CEJ57590.1_6586	PMG11_06278
lcl|CDHK01000005.1_cds_CEJ57591.1_6587	PMG11_06279
lcl|CDHK01000005.1_cds_CEJ57592.1_6588	PMG11_06280
lcl|CDHK01000005.1_cds_CEJ57593.1_6589	PMG11_06281
lcl|CDHK01000005.1_cds_CEJ57594.1_6590	PMG11_06282
lcl|CDHK01000005.1_cds_CEJ57595.1_6591	PMG11_06283
lcl|CDHK01000005.1_cds_CEJ57596.1_6592	PMG11_06284
lcl|CDHK01000005.1_cds_CEJ57597.1_6593	PMG11_06285
lcl|CDHK01000005.1_cds_CEJ57598.1_6594	PMG11_06286
lcl|CDHK01000005.1_cds_CEJ57599.1_6595	PMG11_06287
lcl|CDHK01000005.1_cds_CEJ57600.1_6596	PMG11_06288
lcl|CDHK01000005.1_cds_CEJ57601.1_6597	PMG11_06289
lcl|CDHK01000005.1_cds_CEJ57602.1_6598	PMG11_06290
lcl|CDHK01000005.1_cds_CEJ57603.1_6599	PMG11_06291
lcl|CDHK01000005.1_cds_CEJ57604.1_6600	PMG11_06292
lcl|CDHK01000005.1_cds_CEJ57605.1_6601	PMG11_06293
lcl|CDHK01000005.1_cds_CEJ57606.1_6602	PMG11_06294
lcl|CDHK01000005.1_cds_CEJ57607.1_6603	PMG11_06295
lcl|CDHK01000005.1_cds_CEJ57608.1_6604	PMG11_06296
lcl|CDHK01000005.1_cds_CEJ57609.1_6605	PMG11_06297
lcl|CDHK01000005.1_cds_CEJ57610.1_6606	PMG11_06298
lcl|CDHK01000005.1_cds_CEJ57611.1_6607	PMG11_06299
lcl|CDHK01000005.1_cds_CEJ57612.1_6608	PMG11_06300
lcl|CDHK01000005.1_cds_CEJ57613.1_6609	PMG11_06301
lcl|CDHK01000005.1_cds_CEJ57614.1_6610	PMG11_06302
lcl|CDHK01000005.1_cds_CEJ57615.1_6611	PMG11_06303
lcl|CDHK01000005.1_cds_CEJ57616.1_6612	PMG11_06304
lcl|CDHK01000005.1_cds_CEJ57617.1_6613	PMG11_06305
lcl|CDHK01000005.1_cds_CEJ57618.1_6614	PMG11_06306
lcl|CDHK01000005.1_cds_CEJ57619.1_6615	PMG11_06307
lcl|CDHK01000005.1_cds_CEJ57620.1_6616	PMG11_06308
lcl|CDHK01000005.1_cds_CEJ57621.1_6617	PMG11_06308
lcl|CDHK01000005.1_cds_CEJ57622.1_6618	PMG11_06309
lcl|CDHK01000005.1_cds_CEJ57623.1_6619	PMG11_06310
lcl|CDHK01000005.1_cds_CEJ57624.1_6620	PMG11_06310
lcl|CDHK01000005.1_cds_CEJ57625.1_6621	PMG11_06311
lcl|CDHK01000005.1_cds_CEJ57626.1_6622	PMG11_06312
lcl|CDHK01000005.1_cds_CEJ57627.1_6623	PMG11_06313
lcl|CDHK01000005.1_cds_CEJ57628.1_6624	PMG11_06314
lcl|CDHK01000005.1_cds_CEJ57629.1_6625	PMG11_06315
lcl|CDHK01000005.1_cds_CEJ57630.1_6626	PMG11_06316
lcl|CDHK01000005.1_cds_CEJ57631.1_6627	PMG11_06317
lcl|CDHK01000005.1_cds_CEJ57632.1_6628	PMG11_06318
lcl|CDHK01000005.1_cds_CEJ57633.1_6629	PMG11_06319
lcl|CDHK01000005.1_cds_CEJ57634.1_6630	PMG11_06320
lcl|CDHK01000005.1_cds_CEJ57635.1_6631	PMG11_06321
lcl|CDHK01000005.1_cds_CEJ57636.1_6632	PMG11_06322
lcl|CDHK01000005.1_cds_CEJ57637.1_6633	PMG11_06323
lcl|CDHK01000005.1_cds_CEJ57638.1_6634	PMG11_06324
lcl|CDHK01000005.1_cds_CEJ57639.1_6635	PMG11_06325
lcl|CDHK01000005.1_cds_CEJ57640.1_6636	PMG11_06326
lcl|CDHK01000005.1_cds_CEJ57641.1_6637	PMG11_06327
lcl|CDHK01000005.1_cds_CEJ57642.1_6638	PMG11_06328
lcl|CDHK01000005.1_cds_CEJ57643.1_6639	PMG11_06329
lcl|CDHK01000005.1_cds_CEJ57644.1_6640	PMG11_06330
lcl|CDHK01000005.1_cds_CEJ57645.1_6641	PMG11_06331
lcl|CDHK01000005.1_cds_CEJ57646.1_6642	PMG11_06332
lcl|CDHK01000005.1_cds_CEJ57647.1_6643	PMG11_06333
lcl|CDHK01000005.1_cds_CEJ57648.1_6644	PMG11_06334
lcl|CDHK01000005.1_cds_CEJ57649.1_6645	PMG11_06335
lcl|CDHK01000005.1_cds_CEJ57650.1_6646	PMG11_06336
lcl|CDHK01000005.1_cds_CEJ57651.1_6647	PMG11_06337
lcl|CDHK01000005.1_cds_CEJ57652.1_6648	PMG11_06338
lcl|CDHK01000005.1_cds_CEJ57653.1_6649	PMG11_06339
lcl|CDHK01000005.1_cds_CEJ57654.1_6650	PMG11_06340
lcl|CDHK01000005.1_cds_CEJ57655.1_6651	PMG11_06341
lcl|CDHK01000005.1_cds_CEJ57656.1_6652	PMG11_06342
lcl|CDHK01000005.1_cds_CEJ57657.1_6653	PMG11_06343
lcl|CDHK01000005.1_cds_CEJ57658.1_6654	PMG11_06344
lcl|CDHK01000005.1_cds_CEJ57659.1_6655	PMG11_06345
lcl|CDHK01000005.1_cds_CEJ57660.1_6656	PMG11_06346
lcl|CDHK01000005.1_cds_CEJ57661.1_6657	PMG11_06347
lcl|CDHK01000005.1_cds_CEJ57662.1_6658	PMG11_06348
lcl|CDHK01000005.1_cds_CEJ57663.1_6659	PMG11_06349
lcl|CDHK01000005.1_cds_CEJ57664.1_6660	PMG11_06350
lcl|CDHK01000005.1_cds_CEJ57665.1_6661	PMG11_06351
lcl|CDHK01000005.1_cds_CEJ57666.1_6662	PMG11_06352
lcl|CDHK01000005.1_cds_CEJ57667.1_6663	PMG11_06353
lcl|CDHK01000005.1_cds_CEJ57668.1_6664	PMG11_06354
lcl|CDHK01000005.1_cds_CEJ57669.1_6665	PMG11_06355
lcl|CDHK01000005.1_cds_CEJ57670.1_6666	PMG11_06355
lcl|CDHK01000005.1_cds_CEJ57671.1_6667	PMG11_06356
lcl|CDHK01000005.1_cds_CEJ57672.1_6668	PMG11_06358
lcl|CDHK01000005.1_cds_CEJ57673.1_6669	PMG11_06357
lcl|CDHK01000005.1_cds_CEJ57674.1_6670	PMG11_06359
lcl|CDHK01000005.1_cds_CEJ57675.1_6671	PMG11_06360
lcl|CDHK01000005.1_cds_CEJ57676.1_6672	PMG11_06361
lcl|CDHK01000005.1_cds_CEJ57677.1_6673	PMG11_06362
lcl|CDHK01000005.1_cds_CEJ57678.1_6674	PMG11_06363
lcl|CDHK01000005.1_cds_CEJ57679.1_6675	PMG11_06364
lcl|CDHK01000005.1_cds_CEJ57680.1_6676	PMG11_06365
lcl|CDHK01000005.1_cds_CEJ57681.1_6677	PMG11_06366
lcl|CDHK01000005.1_cds_CEJ57682.1_6678	PMG11_06367
lcl|CDHK01000005.1_cds_CEJ57684.1_6679	PMG11_06368
lcl|CDHK01000005.1_cds_CEJ57683.1_6680	PMG11_06368
lcl|CDHK01000005.1_cds_CEJ57685.1_6681	PMG11_06369
lcl|CDHK01000005.1_cds_CEJ57686.1_6682	PMG11_06370
lcl|CDHK01000005.1_cds_CEJ57687.1_6683	PMG11_06371
lcl|CDHK01000005.1_cds_CEJ57688.1_6684	PMG11_06372
lcl|CDHK01000005.1_cds_CEJ57689.1_6685	PMG11_06373
lcl|CDHK01000005.1_cds_CEJ57690.1_6686	PMG11_06374
lcl|CDHK01000005.1_cds_CEJ57691.1_6687	PMG11_06375
lcl|CDHK01000005.1_cds_CEJ57692.1_6688	PMG11_06376
lcl|CDHK01000005.1_cds_CEJ57693.1_6689	PMG11_06377
lcl|CDHK01000005.1_cds_CEJ57694.1_6690	PMG11_06378
lcl|CDHK01000005.1_cds_CEJ57695.1_6691	PMG11_06379
lcl|CDHK01000005.1_cds_CEJ57696.1_6692	PMG11_06380
lcl|CDHK01000005.1_cds_CEJ57697.1_6693	PMG11_06381
lcl|CDHK01000005.1_cds_CEJ57698.1_6694	PMG11_06382
lcl|CDHK01000005.1_cds_CEJ57699.1_6695	PMG11_06383
lcl|CDHK01000005.1_cds_CEJ57700.1_6696	PMG11_06384
lcl|CDHK01000005.1_cds_CEJ57701.1_6697	PMG11_06385
lcl|CDHK01000005.1_cds_CEJ57702.1_6698	PMG11_06386
lcl|CDHK01000005.1_cds_CEJ57703.1_6699	PMG11_06387
lcl|CDHK01000005.1_cds_CEJ57704.1_6700	PMG11_06388
lcl|CDHK01000005.1_cds_CEJ57705.1_6701	PMG11_06389
lcl|CDHK01000005.1_cds_CEJ57706.1_6702	PMG11_06390
lcl|CDHK01000005.1_cds_CEJ57707.1_6703	PMG11_06391
lcl|CDHK01000005.1_cds_CEJ57708.1_6704	PMG11_06392
lcl|CDHK01000005.1_cds_CEJ57709.1_6705	PMG11_06393
lcl|CDHK01000005.1_cds_CEJ57710.1_6706	PMG11_06394
lcl|CDHK01000005.1_cds_CEJ57711.1_6707	PMG11_06395
lcl|CDHK01000005.1_cds_CEJ57712.1_6708	PMG11_06396
lcl|CDHK01000005.1_cds_CEJ57713.1_6709	PMG11_06397
lcl|CDHK01000005.1_cds_CEJ57714.1_6710	PMG11_06398
lcl|CDHK01000005.1_cds_CEJ57715.1_6711	PMG11_06399
lcl|CDHK01000005.1_cds_CEJ57716.1_6712	PMG11_06400
lcl|CDHK01000005.1_cds_CEJ57717.1_6713	PMG11_06401
lcl|CDHK01000005.1_cds_CEJ57718.1_6714	PMG11_06403
lcl|CDHK01000005.1_cds_CEJ57719.1_6715	PMG11_06402
lcl|CDHK01000005.1_cds_CEJ57720.1_6716	PMG11_06404
lcl|CDHK01000005.1_cds_CEJ57721.1_6717	PMG11_06405
lcl|CDHK01000005.1_cds_CEJ57722.1_6718	PMG11_06406
lcl|CDHK01000005.1_cds_CEJ57723.1_6719	PMG11_06407
lcl|CDHK01000005.1_cds_CEJ57724.1_6720	PMG11_06408
lcl|CDHK01000005.1_cds_CEJ57725.1_6721	PMG11_06409
lcl|CDHK01000005.1_cds_CEJ57726.1_6722	PMG11_06410
lcl|CDHK01000005.1_cds_CEJ57727.1_6723	PMG11_06411
lcl|CDHK01000005.1_cds_CEJ57728.1_6724	PMG11_06412
lcl|CDHK01000005.1_cds_CEJ57729.1_6725	PMG11_06413
lcl|CDHK01000005.1_cds_CEJ57730.1_6726	PMG11_06414
lcl|CDHK01000005.1_cds_CEJ57731.1_6727	PMG11_06415
lcl|CDHK01000005.1_cds_CEJ57732.1_6728	PMG11_06416
lcl|CDHK01000005.1_cds_CEJ57733.1_6729	PMG11_06417
lcl|CDHK01000005.1_cds_CEJ57734.1_6730	PMG11_06419
lcl|CDHK01000005.1_cds_CEJ57735.1_6731	PMG11_06418
lcl|CDHK01000005.1_cds_CEJ57736.1_6732	PMG11_06418
lcl|CDHK01000005.1_cds_CEJ57737.1_6733	PMG11_06420
lcl|CDHK01000005.1_cds_CEJ57738.1_6734	PMG11_06421
lcl|CDHK01000005.1_cds_CEJ57739.1_6735	PMG11_06422
lcl|CDHK01000005.1_cds_CEJ57740.1_6736	PMG11_06423
lcl|CDHK01000005.1_cds_CEJ57741.1_6737	PMG11_06423
lcl|CDHK01000005.1_cds_CEJ57742.1_6738	PMG11_06424
lcl|CDHK01000005.1_cds_CEJ57743.1_6739	PMG11_06425
lcl|CDHK01000005.1_cds_CEJ57744.1_6740	PMG11_06426
lcl|CDHK01000005.1_cds_CEJ57745.1_6741	PMG11_06427
lcl|CDHK01000005.1_cds_CEJ57746.1_6742	PMG11_06428
lcl|CDHK01000005.1_cds_CEJ57747.1_6743	PMG11_06429
lcl|CDHK01000005.1_cds_CEJ57748.1_6744	PMG11_06430
lcl|CDHK01000005.1_cds_CEJ57749.1_6745	PMG11_06431
lcl|CDHK01000005.1_cds_CEJ57750.1_6746	PMG11_06432
lcl|CDHK01000005.1_cds_CEJ57751.1_6747	PMG11_06433
lcl|CDHK01000005.1_cds_CEJ57752.1_6748	PMG11_06434
lcl|CDHK01000005.1_cds_CEJ57753.1_6749	PMG11_06435
lcl|CDHK01000005.1_cds_CEJ57754.1_6750	PMG11_06436
lcl|CDHK01000005.1_cds_CEJ57755.1_6751	PMG11_06437
lcl|CDHK01000005.1_cds_CEJ57756.1_6752	PMG11_06437
lcl|CDHK01000005.1_cds_CEJ57757.1_6753	PMG11_06438
lcl|CDHK01000005.1_cds_CEJ57758.1_6754	PMG11_06439
lcl|CDHK01000005.1_cds_CEJ57759.1_6755	PMG11_06440
lcl|CDHK01000005.1_cds_CEJ57760.1_6756	PMG11_06441
lcl|CDHK01000005.1_cds_CEJ57761.1_6757	PMG11_06442
lcl|CDHK01000005.1_cds_CEJ57762.1_6758	PMG11_06443
lcl|CDHK01000005.1_cds_CEJ57763.1_6759	PMG11_06444
lcl|CDHK01000005.1_cds_CEJ57764.1_6760	PMG11_06445
lcl|CDHK01000005.1_cds_CEJ57765.1_6761	PMG11_06446
lcl|CDHK01000005.1_cds_CEJ57766.1_6762	PMG11_06447
lcl|CDHK01000005.1_cds_CEJ57767.1_6763	PMG11_06448
lcl|CDHK01000005.1_cds_CEJ57768.1_6764	PMG11_06449
lcl|CDHK01000005.1_cds_CEJ57769.1_6765	PMG11_06450
lcl|CDHK01000005.1_cds_CEJ57770.1_6766	PMG11_06451
lcl|CDHK01000005.1_cds_CEJ57771.1_6767	PMG11_06452
lcl|CDHK01000005.1_cds_CEJ57772.1_6768	PMG11_06453
lcl|CDHK01000005.1_cds_CEJ57773.1_6769	PMG11_06454
lcl|CDHK01000005.1_cds_CEJ57774.1_6770	PMG11_06455
lcl|CDHK01000005.1_cds_CEJ57775.1_6771	PMG11_06456
lcl|CDHK01000005.1_cds_CEJ57776.1_6772	PMG11_06457
lcl|CDHK01000005.1_cds_CEJ57777.1_6773	PMG11_06458
lcl|CDHK01000005.1_cds_CEJ57778.1_6774	PMG11_06459
lcl|CDHK01000005.1_cds_CEJ57779.1_6775	PMG11_06460
lcl|CDHK01000005.1_cds_CEJ57780.1_6776	PMG11_06461
lcl|CDHK01000005.1_cds_CEJ57781.1_6777	PMG11_06462
lcl|CDHK01000005.1_cds_CEJ57782.1_6778	PMG11_06463
lcl|CDHK01000005.1_cds_CEJ57783.1_6779	PMG11_06463
lcl|CDHK01000005.1_cds_CEJ57784.1_6780	PMG11_06464
lcl|CDHK01000005.1_cds_CEJ57785.1_6781	PMG11_06465
lcl|CDHK01000005.1_cds_CEJ57786.1_6782	PMG11_06466
lcl|CDHK01000005.1_cds_CEJ57787.1_6783	PMG11_06467
lcl|CDHK01000005.1_cds_CEJ57788.1_6784	PMG11_06468
lcl|CDHK01000005.1_cds_CEJ57789.1_6785	PMG11_06469
lcl|CDHK01000005.1_cds_CEJ57790.1_6786	PMG11_06470
lcl|CDHK01000005.1_cds_CEJ57791.1_6787	PMG11_06471
lcl|CDHK01000005.1_cds_CEJ57792.1_6788	PMG11_06472
lcl|CDHK01000005.1_cds_CEJ57793.1_6789	PMG11_06473
lcl|CDHK01000005.1_cds_CEJ57794.1_6790	PMG11_06474
lcl|CDHK01000005.1_cds_CEJ57795.1_6791	PMG11_06475
lcl|CDHK01000005.1_cds_CEJ57796.1_6792	PMG11_06476
lcl|CDHK01000005.1_cds_CEJ57797.1_6793	PMG11_06477
lcl|CDHK01000005.1_cds_CEJ57798.1_6794	PMG11_06478
lcl|CDHK01000005.1_cds_CEJ57799.1_6795	PMG11_06479
lcl|CDHK01000005.1_cds_CEJ57800.1_6796	PMG11_06480
lcl|CDHK01000005.1_cds_CEJ57801.1_6797	PMG11_06481
lcl|CDHK01000005.1_cds_CEJ57802.1_6798	PMG11_06482
lcl|CDHK01000005.1_cds_CEJ57803.1_6799	PMG11_06482
lcl|CDHK01000005.1_cds_CEJ57804.1_6800	PMG11_06483
lcl|CDHK01000005.1_cds_CEJ57805.1_6801	PMG11_06484
lcl|CDHK01000005.1_cds_CEJ57806.1_6802	PMG11_06485
lcl|CDHK01000005.1_cds_CEJ57807.1_6803	PMG11_06486
lcl|CDHK01000005.1_cds_CEJ57808.1_6804	PMG11_06487
lcl|CDHK01000005.1_cds_CEJ57809.1_6805	PMG11_06488
lcl|CDHK01000005.1_cds_CEJ57810.1_6806	PMG11_06489
lcl|CDHK01000005.1_cds_CEJ57811.1_6807	PMG11_06490
lcl|CDHK01000005.1_cds_CEJ57812.1_6808	PMG11_06491
lcl|CDHK01000005.1_cds_CEJ57813.1_6809	PMG11_06492
lcl|CDHK01000005.1_cds_CEJ57814.1_6810	PMG11_06493
lcl|CDHK01000005.1_cds_CEJ57815.1_6811	PMG11_06494
lcl|CDHK01000005.1_cds_CEJ57816.1_6812	PMG11_06495
lcl|CDHK01000005.1_cds_CEJ57817.1_6813	PMG11_06496
lcl|CDHK01000005.1_cds_CEJ57818.1_6814	PMG11_06497
lcl|CDHK01000005.1_cds_CEJ57819.1_6815	PMG11_06498
lcl|CDHK01000005.1_cds_CEJ57820.1_6816	PMG11_06499
lcl|CDHK01000005.1_cds_CEJ57821.1_6817	PMG11_06500
lcl|CDHK01000005.1_cds_CEJ57822.1_6818	PMG11_06501
lcl|CDHK01000005.1_cds_CEJ57823.1_6819	PMG11_06502
lcl|CDHK01000005.1_cds_CEJ57824.1_6820	PMG11_06503
lcl|CDHK01000005.1_cds_CEJ57825.1_6821	PMG11_06504
lcl|CDHK01000005.1_cds_CEJ57826.1_6822	PMG11_06505
lcl|CDHK01000005.1_cds_CEJ57827.1_6823	PMG11_06506
lcl|CDHK01000005.1_cds_CEJ57828.1_6824	PMG11_06507
lcl|CDHK01000005.1_cds_CEJ57829.1_6825	PMG11_06508
lcl|CDHK01000005.1_cds_CEJ57830.1_6826	PMG11_06509
lcl|CDHK01000005.1_cds_CEJ57831.1_6827	PMG11_06510
lcl|CDHK01000005.1_cds_CEJ57832.1_6828	PMG11_06511
lcl|CDHK01000005.1_cds_CEJ57833.1_6829	PMG11_06512
lcl|CDHK01000005.1_cds_CEJ57834.1_6830	PMG11_06513
lcl|CDHK01000005.1_cds_CEJ57835.1_6831	PMG11_06514
lcl|CDHK01000005.1_cds_CEJ57836.1_6832	PMG11_06515
lcl|CDHK01000005.1_cds_CEJ57837.1_6833	PMG11_06516
lcl|CDHK01000005.1_cds_CEJ57838.1_6834	PMG11_06517
lcl|CDHK01000005.1_cds_CEJ57839.1_6835	PMG11_06518
lcl|CDHK01000005.1_cds_CEJ57840.1_6836	PMG11_06519
lcl|CDHK01000005.1_cds_CEJ57841.1_6837	PMG11_06520
lcl|CDHK01000005.1_cds_CEJ57842.1_6838	PMG11_06521
lcl|CDHK01000005.1_cds_CEJ57843.1_6839	PMG11_06522
lcl|CDHK01000005.1_cds_CEJ57844.1_6840	PMG11_06523
lcl|CDHK01000005.1_cds_CEJ57845.1_6841	PMG11_06524
lcl|CDHK01000005.1_cds_CEJ57846.1_6842	PMG11_06525
lcl|CDHK01000005.1_cds_CEJ57847.1_6843	PMG11_06526
lcl|CDHK01000005.1_cds_CEJ57848.1_6844	PMG11_06527
lcl|CDHK01000005.1_cds_CEJ57849.1_6845	PMG11_06528
lcl|CDHK01000005.1_cds_CEJ57850.1_6846	PMG11_06528
lcl|CDHK01000005.1_cds_CEJ57851.1_6847	PMG11_06529
lcl|CDHK01000005.1_cds_CEJ57852.1_6848	PMG11_06530
lcl|CDHK01000005.1_cds_CEJ57853.1_6849	PMG11_06531
lcl|CDHK01000005.1_cds_CEJ57854.1_6850	PMG11_06532
lcl|CDHK01000005.1_cds_CEJ57855.1_6851	PMG11_06533
lcl|CDHK01000005.1_cds_CEJ57856.1_6852	PMG11_06534
lcl|CDHK01000005.1_cds_CEJ57857.1_6853	PMG11_06535
lcl|CDHK01000005.1_cds_CEJ57858.1_6854	PMG11_06536
lcl|CDHK01000005.1_cds_CEJ57859.1_6855	PMG11_06537
lcl|CDHK01000005.1_cds_CEJ57860.1_6856	PMG11_06538
lcl|CDHK01000005.1_cds_CEJ57861.1_6857	PMG11_06539
lcl|CDHK01000005.1_cds_CEJ57862.1_6858	PMG11_06540
lcl|CDHK01000005.1_cds_CEJ57863.1_6859	PMG11_06541
lcl|CDHK01000005.1_cds_CEJ57864.1_6860	PMG11_06542
lcl|CDHK01000005.1_cds_CEJ57865.1_6861	PMG11_06543
lcl|CDHK01000005.1_cds_CEJ57866.1_6862	PMG11_06544
lcl|CDHK01000005.1_cds_CEJ57867.1_6863	PMG11_06545
lcl|CDHK01000005.1_cds_CEJ57868.1_6864	PMG11_06546
lcl|CDHK01000005.1_cds_CEJ57869.1_6865	PMG11_06547
lcl|CDHK01000005.1_cds_CEJ57870.1_6866	PMG11_06548
lcl|CDHK01000005.1_cds_CEJ57871.1_6867	PMG11_06549
lcl|CDHK01000005.1_cds_CEJ57872.1_6868	PMG11_06550
lcl|CDHK01000005.1_cds_CEJ57873.1_6869	PMG11_06551
lcl|CDHK01000005.1_cds_CEJ57874.1_6870	PMG11_06552
lcl|CDHK01000005.1_cds_CEJ57875.1_6871	PMG11_06553
lcl|CDHK01000005.1_cds_CEJ57876.1_6872	PMG11_06554
lcl|CDHK01000005.1_cds_CEJ57877.1_6873	PMG11_06555
lcl|CDHK01000005.1_cds_CEJ57878.1_6874	PMG11_06556
lcl|CDHK01000005.1_cds_CEJ57879.1_6875	PMG11_06557
lcl|CDHK01000005.1_cds_CEJ57880.1_6876	PMG11_06558
lcl|CDHK01000005.1_cds_CEJ57881.1_6877	PMG11_06559
lcl|CDHK01000005.1_cds_CEJ57882.1_6878	PMG11_06560
lcl|CDHK01000005.1_cds_CEJ57883.1_6879	PMG11_06561
lcl|CDHK01000005.1_cds_CEJ57884.1_6880	PMG11_06562
lcl|CDHK01000005.1_cds_CEJ57885.1_6881	PMG11_06563
lcl|CDHK01000005.1_cds_CEJ57886.1_6882	PMG11_06564
lcl|CDHK01000005.1_cds_CEJ57888.1_6883	PMG11_06565
lcl|CDHK01000005.1_cds_CEJ57887.1_6884	PMG11_06565
lcl|CDHK01000005.1_cds_CEJ57889.1_6885	PMG11_06566
lcl|CDHK01000005.1_cds_CEJ57890.1_6886	PMG11_06567
lcl|CDHK01000005.1_cds_CEJ57891.1_6887	PMG11_06568
lcl|CDHK01000005.1_cds_CEJ57892.1_6888	PMG11_06569
lcl|CDHK01000005.1_cds_CEJ57893.1_6889	PMG11_06570
lcl|CDHK01000005.1_cds_CEJ57894.1_6890	PMG11_06571
lcl|CDHK01000005.1_cds_CEJ57895.1_6891	PMG11_06572
lcl|CDHK01000005.1_cds_CEJ57896.1_6892	PMG11_06573
lcl|CDHK01000005.1_cds_CEJ57897.1_6893	PMG11_06574
lcl|CDHK01000005.1_cds_CEJ57898.1_6894	PMG11_06575
lcl|CDHK01000005.1_cds_CEJ57899.1_6895	PMG11_06576
lcl|CDHK01000005.1_cds_CEJ57900.1_6896	PMG11_06577
lcl|CDHK01000005.1_cds_CEJ57901.1_6897	PMG11_06578
lcl|CDHK01000005.1_cds_CEJ57902.1_6898	PMG11_06579
lcl|CDHK01000005.1_cds_CEJ57903.1_6899	PMG11_06580
lcl|CDHK01000005.1_cds_CEJ57904.1_6900	PMG11_06581
lcl|CDHK01000005.1_cds_CEJ57905.1_6901	PMG11_06582
lcl|CDHK01000005.1_cds_CEJ57906.1_6902	PMG11_06583
lcl|CDHK01000005.1_cds_CEJ57907.1_6903	PMG11_06584
lcl|CDHK01000005.1_cds_CEJ57908.1_6904	PMG11_06585
lcl|CDHK01000005.1_cds_CEJ57909.1_6905	PMG11_06586
lcl|CDHK01000005.1_cds_CEJ57910.1_6906	PMG11_06587
lcl|CDHK01000005.1_cds_CEJ57911.1_6907	PMG11_06587
lcl|CDHK01000005.1_cds_CEJ57912.1_6908	PMG11_06588
lcl|CDHK01000005.1_cds_CEJ57913.1_6909	PMG11_06590
lcl|CDHK01000005.1_cds_CEJ57914.1_6910	PMG11_06589
lcl|CDHK01000005.1_cds_CEJ57915.1_6911	PMG11_06591
lcl|CDHK01000005.1_cds_CEJ57916.1_6912	PMG11_06592
lcl|CDHK01000005.1_cds_CEJ57917.1_6913	PMG11_06593
lcl|CDHK01000005.1_cds_CEJ57918.1_6914	PMG11_06594
lcl|CDHK01000005.1_cds_CEJ57919.1_6915	PMG11_06595
lcl|CDHK01000005.1_cds_CEJ57920.1_6916	PMG11_06596
lcl|CDHK01000005.1_cds_CEJ57921.1_6917	PMG11_06597
lcl|CDHK01000005.1_cds_CEJ57922.1_6918	PMG11_06597
lcl|CDHK01000005.1_cds_CEJ57923.1_6919	PMG11_06598
lcl|CDHK01000005.1_cds_CEJ57924.1_6920	PMG11_06599
lcl|CDHK01000005.1_cds_CEJ57925.1_6921	PMG11_06600
lcl|CDHK01000005.1_cds_CEJ57926.1_6922	PMG11_06601
lcl|CDHK01000006.1_cds_CEJ57927.1_6923	PMG11_06602
lcl|CDHK01000006.1_cds_CEJ57928.1_6924	PMG11_06603
lcl|CDHK01000006.1_cds_CEJ57929.1_6925	PMG11_06604
lcl|CDHK01000006.1_cds_CEJ57930.1_6926	PMG11_06605
lcl|CDHK01000006.1_cds_CEJ57931.1_6927	PMG11_06606
lcl|CDHK01000006.1_cds_CEJ57932.1_6928	PMG11_06607
lcl|CDHK01000006.1_cds_CEJ57933.1_6929	PMG11_06608
lcl|CDHK01000006.1_cds_CEJ57934.1_6930	PMG11_06609
lcl|CDHK01000006.1_cds_CEJ57935.1_6931	PMG11_06610
lcl|CDHK01000006.1_cds_CEJ57936.1_6932	PMG11_06611
lcl|CDHK01000006.1_cds_CEJ57937.1_6933	PMG11_06612
lcl|CDHK01000006.1_cds_CEJ57938.1_6934	PMG11_06613
lcl|CDHK01000006.1_cds_CEJ57939.1_6935	PMG11_06614
lcl|CDHK01000006.1_cds_CEJ57940.1_6936	PMG11_06615
lcl|CDHK01000006.1_cds_CEJ57941.1_6937	PMG11_06616
lcl|CDHK01000006.1_cds_CEJ57942.1_6938	PMG11_06617
lcl|CDHK01000006.1_cds_CEJ57943.1_6939	PMG11_06618
lcl|CDHK01000006.1_cds_CEJ57944.1_6940	PMG11_06619
lcl|CDHK01000006.1_cds_CEJ57945.1_6941	PMG11_06620
lcl|CDHK01000006.1_cds_CEJ57946.1_6942	PMG11_06621
lcl|CDHK01000006.1_cds_CEJ57947.1_6943	PMG11_06622
lcl|CDHK01000006.1_cds_CEJ57948.1_6944	PMG11_06623
lcl|CDHK01000006.1_cds_CEJ57949.1_6945	PMG11_06624
lcl|CDHK01000006.1_cds_CEJ57950.1_6946	PMG11_06625
lcl|CDHK01000006.1_cds_CEJ57951.1_6947	PMG11_06626
lcl|CDHK01000006.1_cds_CEJ57952.1_6948	PMG11_06627
lcl|CDHK01000006.1_cds_CEJ57953.1_6949	PMG11_06628
lcl|CDHK01000006.1_cds_CEJ57954.1_6950	PMG11_06629
lcl|CDHK01000006.1_cds_CEJ57955.1_6951	PMG11_06630
lcl|CDHK01000006.1_cds_CEJ57956.1_6952	PMG11_06631
lcl|CDHK01000006.1_cds_CEJ57957.1_6953	PMG11_06633
lcl|CDHK01000006.1_cds_CEJ57958.1_6954	PMG11_06632
lcl|CDHK01000006.1_cds_CEJ57959.1_6955	PMG11_06634
lcl|CDHK01000006.1_cds_CEJ57960.1_6956	PMG11_06635
lcl|CDHK01000006.1_cds_CEJ57961.1_6957	PMG11_06636
lcl|CDHK01000006.1_cds_CEJ57962.1_6958	PMG11_06637
lcl|CDHK01000006.1_cds_CEJ57963.1_6959	PMG11_06638
lcl|CDHK01000006.1_cds_CEJ57964.1_6960	PMG11_06638
lcl|CDHK01000006.1_cds_CEJ57965.1_6961	PMG11_06639
lcl|CDHK01000006.1_cds_CEJ57966.1_6962	PMG11_06640
lcl|CDHK01000006.1_cds_CEJ57967.1_6963	PMG11_06641
lcl|CDHK01000006.1_cds_CEJ57968.1_6964	PMG11_06642
lcl|CDHK01000006.1_cds_CEJ57969.1_6965	PMG11_06643
lcl|CDHK01000006.1_cds_CEJ57970.1_6966	PMG11_06644
lcl|CDHK01000006.1_cds_CEJ57972.1_6967	PMG11_06645
lcl|CDHK01000006.1_cds_CEJ57971.1_6968	PMG11_06645
lcl|CDHK01000006.1_cds_CEJ57973.1_6969	PMG11_06646
lcl|CDHK01000006.1_cds_CEJ57974.1_6970	PMG11_06647
lcl|CDHK01000006.1_cds_CEJ57975.1_6971	PMG11_06648
lcl|CDHK01000006.1_cds_CEJ57976.1_6972	PMG11_06649
lcl|CDHK01000006.1_cds_CEJ57977.1_6973	PMG11_06650
lcl|CDHK01000006.1_cds_CEJ57978.1_6974	PMG11_06652
lcl|CDHK01000006.1_cds_CEJ57979.1_6975	PMG11_06651
lcl|CDHK01000006.1_cds_CEJ57980.1_6976	PMG11_06653
lcl|CDHK01000006.1_cds_CEJ57981.1_6977	PMG11_06654
lcl|CDHK01000006.1_cds_CEJ57982.1_6978	PMG11_06655
lcl|CDHK01000006.1_cds_CEJ57983.1_6979	PMG11_06656
lcl|CDHK01000006.1_cds_CEJ57984.1_6980	PMG11_06657
lcl|CDHK01000006.1_cds_CEJ57985.1_6981	PMG11_06658
lcl|CDHK01000006.1_cds_CEJ57986.1_6982	PMG11_06659
lcl|CDHK01000006.1_cds_CEJ57987.1_6983	PMG11_06660
lcl|CDHK01000006.1_cds_CEJ57988.1_6984	PMG11_06661
lcl|CDHK01000006.1_cds_CEJ57989.1_6985	PMG11_06662
lcl|CDHK01000006.1_cds_CEJ57990.1_6986	PMG11_06663
lcl|CDHK01000006.1_cds_CEJ57992.1_6987	PMG11_06664
lcl|CDHK01000006.1_cds_CEJ57991.1_6988	PMG11_06664
lcl|CDHK01000006.1_cds_CEJ57993.1_6989	PMG11_06665
lcl|CDHK01000006.1_cds_CEJ57994.1_6990	PMG11_06666
lcl|CDHK01000006.1_cds_CEJ57995.1_6991	PMG11_06667
lcl|CDHK01000006.1_cds_CEJ57996.1_6992	PMG11_06668
lcl|CDHK01000006.1_cds_CEJ57997.1_6993	PMG11_06669
lcl|CDHK01000006.1_cds_CEJ57998.1_6994	PMG11_06670
lcl|CDHK01000006.1_cds_CEJ57999.1_6995	PMG11_06671
lcl|CDHK01000006.1_cds_CEJ58000.1_6996	PMG11_06672
lcl|CDHK01000006.1_cds_CEJ58001.1_6997	PMG11_06673
lcl|CDHK01000006.1_cds_CEJ58002.1_6998	PMG11_06674
lcl|CDHK01000006.1_cds_CEJ58003.1_6999	PMG11_06675
lcl|CDHK01000006.1_cds_CEJ58004.1_7000	PMG11_06676
lcl|CDHK01000006.1_cds_CEJ58005.1_7001	PMG11_06677
lcl|CDHK01000006.1_cds_CEJ58006.1_7002	PMG11_06678
lcl|CDHK01000006.1_cds_CEJ58007.1_7003	PMG11_06679
lcl|CDHK01000006.1_cds_CEJ58008.1_7004	PMG11_06680
lcl|CDHK01000006.1_cds_CEJ58009.1_7005	PMG11_06681
lcl|CDHK01000006.1_cds_CEJ58010.1_7006	PMG11_06682
lcl|CDHK01000006.1_cds_CEJ58011.1_7007	PMG11_06683
lcl|CDHK01000006.1_cds_CEJ58012.1_7008	PMG11_06684
lcl|CDHK01000006.1_cds_CEJ58013.1_7009	PMG11_06685
lcl|CDHK01000006.1_cds_CEJ58014.1_7010	PMG11_06686
lcl|CDHK01000006.1_cds_CEJ58015.1_7011	PMG11_06687
lcl|CDHK01000006.1_cds_CEJ58016.1_7012	PMG11_06688
lcl|CDHK01000006.1_cds_CEJ58017.1_7013	PMG11_06689
lcl|CDHK01000006.1_cds_CEJ58018.1_7014	PMG11_06690
lcl|CDHK01000006.1_cds_CEJ58019.1_7015	PMG11_06691
lcl|CDHK01000006.1_cds_CEJ58020.1_7016	PMG11_06692
lcl|CDHK01000006.1_cds_CEJ58021.1_7017	PMG11_06693
lcl|CDHK01000006.1_cds_CEJ58022.1_7018	PMG11_06694
lcl|CDHK01000006.1_cds_CEJ58023.1_7019	PMG11_06695
lcl|CDHK01000006.1_cds_CEJ58024.1_7020	PMG11_06696
lcl|CDHK01000006.1_cds_CEJ58025.1_7021	PMG11_06697
lcl|CDHK01000006.1_cds_CEJ58026.1_7022	PMG11_06698
lcl|CDHK01000006.1_cds_CEJ58027.1_7023	PMG11_06699
lcl|CDHK01000006.1_cds_CEJ58028.1_7024	PMG11_06700
lcl|CDHK01000006.1_cds_CEJ58029.1_7025	PMG11_06701
lcl|CDHK01000006.1_cds_CEJ58030.1_7026	PMG11_06702
lcl|CDHK01000006.1_cds_CEJ58031.1_7027	PMG11_06703
lcl|CDHK01000006.1_cds_CEJ58032.1_7028	PMG11_06704
lcl|CDHK01000006.1_cds_CEJ58033.1_7029	PMG11_06705
lcl|CDHK01000006.1_cds_CEJ58034.1_7030	PMG11_06706
lcl|CDHK01000006.1_cds_CEJ58035.1_7031	PMG11_06706
lcl|CDHK01000006.1_cds_CEJ58036.1_7032	PMG11_06707
lcl|CDHK01000006.1_cds_CEJ58037.1_7033	PMG11_06708
lcl|CDHK01000006.1_cds_CEJ58038.1_7034	PMG11_06709
lcl|CDHK01000006.1_cds_CEJ58039.1_7035	PMG11_06710
lcl|CDHK01000006.1_cds_CEJ58040.1_7036	PMG11_06711
lcl|CDHK01000006.1_cds_CEJ58041.1_7037	PMG11_06712
lcl|CDHK01000006.1_cds_CEJ58042.1_7038	PMG11_06713
lcl|CDHK01000006.1_cds_CEJ58043.1_7039	PMG11_06714
lcl|CDHK01000006.1_cds_CEJ58044.1_7040	PMG11_06715
lcl|CDHK01000006.1_cds_CEJ58045.1_7041	PMG11_06716
lcl|CDHK01000006.1_cds_CEJ58046.1_7042	PMG11_06717
lcl|CDHK01000006.1_cds_CEJ58047.1_7043	PMG11_06718
lcl|CDHK01000006.1_cds_CEJ58048.1_7044	PMG11_06719
lcl|CDHK01000006.1_cds_CEJ58049.1_7045	PMG11_06720
lcl|CDHK01000006.1_cds_CEJ58050.1_7046	PMG11_06721
lcl|CDHK01000006.1_cds_CEJ58051.1_7047	PMG11_06722
lcl|CDHK01000006.1_cds_CEJ58052.1_7048	PMG11_06723
lcl|CDHK01000006.1_cds_CEJ58053.1_7049	PMG11_06724
lcl|CDHK01000006.1_cds_CEJ58054.1_7050	PMG11_06725
lcl|CDHK01000006.1_cds_CEJ58055.1_7051	PMG11_06726
lcl|CDHK01000006.1_cds_CEJ58056.1_7052	PMG11_06727
lcl|CDHK01000006.1_cds_CEJ58057.1_7053	PMG11_06728
lcl|CDHK01000006.1_cds_CEJ58058.1_7054	PMG11_06729
lcl|CDHK01000006.1_cds_CEJ58059.1_7055	PMG11_06730
lcl|CDHK01000006.1_cds_CEJ58060.1_7056	PMG11_06731
lcl|CDHK01000006.1_cds_CEJ58061.1_7057	PMG11_06732
lcl|CDHK01000006.1_cds_CEJ58062.1_7058	PMG11_06733
lcl|CDHK01000006.1_cds_CEJ58063.1_7059	PMG11_06734
lcl|CDHK01000006.1_cds_CEJ58064.1_7060	PMG11_06735
lcl|CDHK01000006.1_cds_CEJ58065.1_7061	PMG11_06736
lcl|CDHK01000006.1_cds_CEJ58066.1_7062	PMG11_06737
lcl|CDHK01000006.1_cds_CEJ58067.1_7063	PMG11_06738
lcl|CDHK01000006.1_cds_CEJ58068.1_7064	PMG11_06739
lcl|CDHK01000006.1_cds_CEJ58069.1_7065	PMG11_06740
lcl|CDHK01000006.1_cds_CEJ58070.1_7066	PMG11_06741
lcl|CDHK01000006.1_cds_CEJ58071.1_7067	PMG11_06742
lcl|CDHK01000006.1_cds_CEJ58072.1_7068	PMG11_06743
lcl|CDHK01000006.1_cds_CEJ58073.1_7069	PMG11_06744
lcl|CDHK01000006.1_cds_CEJ58074.1_7070	PMG11_06745
lcl|CDHK01000006.1_cds_CEJ58075.1_7071	PMG11_06746
lcl|CDHK01000006.1_cds_CEJ58076.1_7072	PMG11_06747
lcl|CDHK01000006.1_cds_CEJ58077.1_7073	PMG11_06748
lcl|CDHK01000006.1_cds_CEJ58078.1_7074	PMG11_06749
lcl|CDHK01000006.1_cds_CEJ58079.1_7075	PMG11_06750
lcl|CDHK01000006.1_cds_CEJ58080.1_7076	PMG11_06751
lcl|CDHK01000006.1_cds_CEJ58081.1_7077	PMG11_06752
lcl|CDHK01000006.1_cds_CEJ58082.1_7078	PMG11_06753
lcl|CDHK01000006.1_cds_CEJ58083.1_7079	PMG11_06754
lcl|CDHK01000006.1_cds_CEJ58084.1_7080	PMG11_06755
lcl|CDHK01000006.1_cds_CEJ58085.1_7081	PMG11_06756
lcl|CDHK01000006.1_cds_CEJ58086.1_7082	PMG11_06757
lcl|CDHK01000006.1_cds_CEJ58087.1_7083	PMG11_06758
lcl|CDHK01000006.1_cds_CEJ58088.1_7084	PMG11_06759
lcl|CDHK01000006.1_cds_CEJ58089.1_7085	PMG11_06760
lcl|CDHK01000006.1_cds_CEJ58090.1_7086	PMG11_06760
lcl|CDHK01000006.1_cds_CEJ58091.1_7087	PMG11_06761
lcl|CDHK01000006.1_cds_CEJ58092.1_7088	PMG11_06762
lcl|CDHK01000006.1_cds_CEJ58093.1_7089	PMG11_06763
lcl|CDHK01000006.1_cds_CEJ58094.1_7090	PMG11_06764
lcl|CDHK01000006.1_cds_CEJ58095.1_7091	PMG11_06765
lcl|CDHK01000006.1_cds_CEJ58096.1_7092	PMG11_06766
lcl|CDHK01000006.1_cds_CEJ58097.1_7093	PMG11_06767
lcl|CDHK01000006.1_cds_CEJ58098.1_7094	PMG11_06768
lcl|CDHK01000006.1_cds_CEJ58099.1_7095	PMG11_06769
lcl|CDHK01000006.1_cds_CEJ58100.1_7096	PMG11_06770
lcl|CDHK01000006.1_cds_CEJ58101.1_7097	PMG11_06771
lcl|CDHK01000006.1_cds_CEJ58102.1_7098	PMG11_06772
lcl|CDHK01000006.1_cds_CEJ58103.1_7099	PMG11_06773
lcl|CDHK01000006.1_cds_CEJ58104.1_7100	PMG11_06774
lcl|CDHK01000006.1_cds_CEJ58105.1_7101	PMG11_06775
lcl|CDHK01000006.1_cds_CEJ58106.1_7102	PMG11_06776
lcl|CDHK01000006.1_cds_CEJ58107.1_7103	PMG11_06777
lcl|CDHK01000006.1_cds_CEJ58108.1_7104	PMG11_06778
lcl|CDHK01000006.1_cds_CEJ58109.1_7105	PMG11_06779
lcl|CDHK01000006.1_cds_CEJ58110.1_7106	PMG11_06780
lcl|CDHK01000006.1_cds_CEJ58111.1_7107	PMG11_06781
lcl|CDHK01000006.1_cds_CEJ58112.1_7108	PMG11_06782
lcl|CDHK01000006.1_cds_CEJ58113.1_7109	PMG11_06783
lcl|CDHK01000006.1_cds_CEJ58114.1_7110	PMG11_06784
lcl|CDHK01000006.1_cds_CEJ58115.1_7111	PMG11_06785
lcl|CDHK01000006.1_cds_CEJ58116.1_7112	PMG11_06786
lcl|CDHK01000006.1_cds_CEJ58117.1_7113	PMG11_06787
lcl|CDHK01000006.1_cds_CEJ58118.1_7114	PMG11_06788
lcl|CDHK01000006.1_cds_CEJ58119.1_7115	PMG11_06789
lcl|CDHK01000006.1_cds_CEJ58120.1_7116	PMG11_06790
lcl|CDHK01000006.1_cds_CEJ58121.1_7117	PMG11_06791
lcl|CDHK01000006.1_cds_CEJ58122.1_7118	PMG11_06792
lcl|CDHK01000006.1_cds_CEJ58123.1_7119	PMG11_06793
lcl|CDHK01000006.1_cds_CEJ58124.1_7120	PMG11_06794
lcl|CDHK01000006.1_cds_CEJ58125.1_7121	PMG11_06795
lcl|CDHK01000006.1_cds_CEJ58126.1_7122	PMG11_06796
lcl|CDHK01000006.1_cds_CEJ58127.1_7123	PMG11_06797
lcl|CDHK01000006.1_cds_CEJ58128.1_7124	PMG11_06798
lcl|CDHK01000006.1_cds_CEJ58129.1_7125	PMG11_06799
lcl|CDHK01000006.1_cds_CEJ58130.1_7126	PMG11_06800
lcl|CDHK01000006.1_cds_CEJ58131.1_7127	PMG11_06801
lcl|CDHK01000006.1_cds_CEJ58132.1_7128	PMG11_06802
lcl|CDHK01000006.1_cds_CEJ58133.1_7129	PMG11_06803
lcl|CDHK01000006.1_cds_CEJ58134.1_7130	PMG11_06804
lcl|CDHK01000006.1_cds_CEJ58135.1_7131	PMG11_06805
lcl|CDHK01000006.1_cds_CEJ58136.1_7132	PMG11_06806
lcl|CDHK01000006.1_cds_CEJ58137.1_7133	PMG11_06807
lcl|CDHK01000006.1_cds_CEJ58138.1_7134	PMG11_06808
lcl|CDHK01000006.1_cds_CEJ58139.1_7135	PMG11_06809
lcl|CDHK01000006.1_cds_CEJ58140.1_7136	PMG11_06810
lcl|CDHK01000006.1_cds_CEJ58141.1_7137	PMG11_06811
lcl|CDHK01000006.1_cds_CEJ58142.1_7138	PMG11_06812
lcl|CDHK01000006.1_cds_CEJ58143.1_7139	PMG11_06813
lcl|CDHK01000006.1_cds_CEJ58144.1_7140	PMG11_06814
lcl|CDHK01000006.1_cds_CEJ58145.1_7141	PMG11_06815
lcl|CDHK01000006.1_cds_CEJ58146.1_7142	PMG11_06816
lcl|CDHK01000006.1_cds_CEJ58147.1_7143	PMG11_06817
lcl|CDHK01000006.1_cds_CEJ58148.1_7144	PMG11_06818
lcl|CDHK01000006.1_cds_CEJ58149.1_7145	PMG11_06819
lcl|CDHK01000006.1_cds_CEJ58150.1_7146	PMG11_06820
lcl|CDHK01000006.1_cds_CEJ58151.1_7147	PMG11_06821
lcl|CDHK01000006.1_cds_CEJ58152.1_7148	PMG11_06822
lcl|CDHK01000006.1_cds_CEJ58153.1_7149	PMG11_06823
lcl|CDHK01000006.1_cds_CEJ58154.1_7150	PMG11_06824
lcl|CDHK01000006.1_cds_CEJ58155.1_7151	PMG11_06825
lcl|CDHK01000006.1_cds_CEJ58156.1_7152	PMG11_06826
lcl|CDHK01000006.1_cds_CEJ58157.1_7153	PMG11_06827
lcl|CDHK01000006.1_cds_CEJ58158.1_7154	PMG11_06827
lcl|CDHK01000006.1_cds_CEJ58160.1_7155	PMG11_06827
lcl|CDHK01000006.1_cds_CEJ58159.1_7156	PMG11_06827
lcl|CDHK01000006.1_cds_CEJ58161.1_7157	PMG11_06828
lcl|CDHK01000006.1_cds_CEJ58162.1_7158	PMG11_06829
lcl|CDHK01000006.1_cds_CEJ58163.1_7159	PMG11_06830
lcl|CDHK01000006.1_cds_CEJ58164.1_7160	PMG11_06831
lcl|CDHK01000006.1_cds_CEJ58165.1_7161	PMG11_06832
lcl|CDHK01000006.1_cds_CEJ58166.1_7162	PMG11_06833
lcl|CDHK01000006.1_cds_CEJ58167.1_7163	PMG11_06834
lcl|CDHK01000006.1_cds_CEJ58168.1_7164	PMG11_06835
lcl|CDHK01000006.1_cds_CEJ58169.1_7165	PMG11_06836
lcl|CDHK01000006.1_cds_CEJ58170.1_7166	PMG11_06837
lcl|CDHK01000006.1_cds_CEJ58171.1_7167	PMG11_06838
lcl|CDHK01000006.1_cds_CEJ58172.1_7168	PMG11_06839
lcl|CDHK01000006.1_cds_CEJ58173.1_7169	PMG11_06839
lcl|CDHK01000006.1_cds_CEJ58174.1_7170	PMG11_06840
lcl|CDHK01000006.1_cds_CEJ58175.1_7171	PMG11_06841
lcl|CDHK01000006.1_cds_CEJ58176.1_7172	PMG11_06842
lcl|CDHK01000006.1_cds_CEJ58177.1_7173	PMG11_06843
lcl|CDHK01000006.1_cds_CEJ58178.1_7174	PMG11_06844
lcl|CDHK01000006.1_cds_CEJ58179.1_7175	PMG11_06845
lcl|CDHK01000006.1_cds_CEJ58180.1_7176	PMG11_06846
lcl|CDHK01000006.1_cds_CEJ58181.1_7177	PMG11_06847
lcl|CDHK01000006.1_cds_CEJ58182.1_7178	PMG11_06848
lcl|CDHK01000006.1_cds_CEJ58183.1_7179	PMG11_06849
lcl|CDHK01000006.1_cds_CEJ58184.1_7180	PMG11_06850
lcl|CDHK01000006.1_cds_CEJ58185.1_7181	PMG11_06851
lcl|CDHK01000006.1_cds_CEJ58186.1_7182	PMG11_06852
lcl|CDHK01000006.1_cds_CEJ58187.1_7183	PMG11_06853
lcl|CDHK01000006.1_cds_CEJ58188.1_7184	PMG11_06854
lcl|CDHK01000006.1_cds_CEJ58189.1_7185	PMG11_06855
lcl|CDHK01000006.1_cds_CEJ58190.1_7186	PMG11_06857
lcl|CDHK01000006.1_cds_CEJ58191.1_7187	PMG11_06856
lcl|CDHK01000006.1_cds_CEJ58192.1_7188	PMG11_06858
lcl|CDHK01000006.1_cds_CEJ58193.1_7189	PMG11_06859
lcl|CDHK01000006.1_cds_CEJ58194.1_7190	PMG11_06860
lcl|CDHK01000006.1_cds_CEJ58195.1_7191	PMG11_06861
lcl|CDHK01000006.1_cds_CEJ58196.1_7192	PMG11_06862
lcl|CDHK01000006.1_cds_CEJ58197.1_7193	PMG11_06863
lcl|CDHK01000006.1_cds_CEJ58198.1_7194	PMG11_06864
lcl|CDHK01000006.1_cds_CEJ58199.1_7195	PMG11_06865
lcl|CDHK01000006.1_cds_CEJ58200.1_7196	PMG11_06866
lcl|CDHK01000006.1_cds_CEJ58201.1_7197	PMG11_06867
lcl|CDHK01000006.1_cds_CEJ58202.1_7198	PMG11_06868
lcl|CDHK01000006.1_cds_CEJ58203.1_7199	PMG11_06869
lcl|CDHK01000006.1_cds_CEJ58204.1_7200	PMG11_06870
lcl|CDHK01000006.1_cds_CEJ58205.1_7201	PMG11_06871
lcl|CDHK01000006.1_cds_CEJ58206.1_7202	PMG11_06872
lcl|CDHK01000006.1_cds_CEJ58207.1_7203	PMG11_06873
lcl|CDHK01000006.1_cds_CEJ58208.1_7204	PMG11_06874
lcl|CDHK01000006.1_cds_CEJ58209.1_7205	PMG11_06875
lcl|CDHK01000006.1_cds_CEJ58210.1_7206	PMG11_06876
lcl|CDHK01000006.1_cds_CEJ58211.1_7207	PMG11_06877
lcl|CDHK01000006.1_cds_CEJ58212.1_7208	PMG11_06878
lcl|CDHK01000006.1_cds_CEJ58213.1_7209	PMG11_06879
lcl|CDHK01000006.1_cds_CEJ58214.1_7210	PMG11_06880
lcl|CDHK01000006.1_cds_CEJ58215.1_7211	PMG11_06881
lcl|CDHK01000006.1_cds_CEJ58216.1_7212	PMG11_06881
lcl|CDHK01000006.1_cds_CEJ58217.1_7213	PMG11_06882
lcl|CDHK01000006.1_cds_CEJ58218.1_7214	PMG11_06883
lcl|CDHK01000006.1_cds_CEJ58219.1_7215	PMG11_06884
lcl|CDHK01000006.1_cds_CEJ58220.1_7216	PMG11_06886
lcl|CDHK01000006.1_cds_CEJ58221.1_7217	PMG11_06885
lcl|CDHK01000006.1_cds_CEJ58222.1_7218	PMG11_06887
lcl|CDHK01000006.1_cds_CEJ58223.1_7219	PMG11_06888
lcl|CDHK01000006.1_cds_CEJ58224.1_7220	PMG11_06889
lcl|CDHK01000006.1_cds_CEJ58225.1_7221	PMG11_06890
lcl|CDHK01000006.1_cds_CEJ58226.1_7222	PMG11_06891
lcl|CDHK01000006.1_cds_CEJ58227.1_7223	PMG11_06892
lcl|CDHK01000006.1_cds_CEJ58228.1_7224	PMG11_06893
lcl|CDHK01000006.1_cds_CEJ58229.1_7225	PMG11_06894
lcl|CDHK01000006.1_cds_CEJ58230.1_7226	PMG11_06895
lcl|CDHK01000006.1_cds_CEJ58231.1_7227	PMG11_06896
lcl|CDHK01000006.1_cds_CEJ58232.1_7228	PMG11_06897
lcl|CDHK01000006.1_cds_CEJ58233.1_7229	PMG11_06898
lcl|CDHK01000006.1_cds_CEJ58234.1_7230	PMG11_06899
lcl|CDHK01000006.1_cds_CEJ58235.1_7231	PMG11_06900
lcl|CDHK01000006.1_cds_CEJ58236.1_7232	PMG11_06901
lcl|CDHK01000006.1_cds_CEJ58237.1_7233	PMG11_06902
lcl|CDHK01000006.1_cds_CEJ58238.1_7234	PMG11_06903
lcl|CDHK01000006.1_cds_CEJ58239.1_7235	PMG11_06904
lcl|CDHK01000006.1_cds_CEJ58240.1_7236	PMG11_06905
lcl|CDHK01000006.1_cds_CEJ58241.1_7237	PMG11_06906
lcl|CDHK01000006.1_cds_CEJ58242.1_7238	PMG11_06907
lcl|CDHK01000006.1_cds_CEJ58243.1_7239	PMG11_06907
lcl|CDHK01000006.1_cds_CEJ58244.1_7240	PMG11_06908
lcl|CDHK01000006.1_cds_CEJ58245.1_7241	PMG11_06909
lcl|CDHK01000006.1_cds_CEJ58246.1_7242	PMG11_06910
lcl|CDHK01000006.1_cds_CEJ58247.1_7243	PMG11_06911
lcl|CDHK01000006.1_cds_CEJ58248.1_7244	PMG11_06912
lcl|CDHK01000006.1_cds_CEJ58249.1_7245	PMG11_06913
lcl|CDHK01000006.1_cds_CEJ58250.1_7246	PMG11_06914
lcl|CDHK01000006.1_cds_CEJ58251.1_7247	PMG11_06915
lcl|CDHK01000006.1_cds_CEJ58252.1_7248	PMG11_06916
lcl|CDHK01000006.1_cds_CEJ58253.1_7249	PMG11_06917
lcl|CDHK01000006.1_cds_CEJ58254.1_7250	PMG11_06918
lcl|CDHK01000006.1_cds_CEJ58255.1_7251	PMG11_06919
lcl|CDHK01000006.1_cds_CEJ58256.1_7252	PMG11_06920
lcl|CDHK01000006.1_cds_CEJ58257.1_7253	PMG11_06921
lcl|CDHK01000006.1_cds_CEJ58258.1_7254	PMG11_06922
lcl|CDHK01000006.1_cds_CEJ58259.1_7255	PMG11_06923
lcl|CDHK01000006.1_cds_CEJ58260.1_7256	PMG11_06924
lcl|CDHK01000006.1_cds_CEJ58261.1_7257	PMG11_06925
lcl|CDHK01000006.1_cds_CEJ58262.1_7258	PMG11_06926
lcl|CDHK01000006.1_cds_CEJ58263.1_7259	PMG11_06927
lcl|CDHK01000006.1_cds_CEJ58264.1_7260	PMG11_06928
lcl|CDHK01000006.1_cds_CEJ58265.1_7261	PMG11_06929
lcl|CDHK01000006.1_cds_CEJ58266.1_7262	PMG11_06930
lcl|CDHK01000006.1_cds_CEJ58267.1_7263	PMG11_06931
lcl|CDHK01000006.1_cds_CEJ58268.1_7264	PMG11_06932
lcl|CDHK01000006.1_cds_CEJ58269.1_7265	PMG11_06933
lcl|CDHK01000006.1_cds_CEJ58270.1_7266	PMG11_06934
lcl|CDHK01000006.1_cds_CEJ58271.1_7267	PMG11_06935
lcl|CDHK01000006.1_cds_CEJ58272.1_7268	PMG11_06936
lcl|CDHK01000006.1_cds_CEJ58273.1_7269	PMG11_06937
lcl|CDHK01000006.1_cds_CEJ58274.1_7270	PMG11_06938
lcl|CDHK01000006.1_cds_CEJ58275.1_7271	PMG11_06939
lcl|CDHK01000006.1_cds_CEJ58276.1_7272	PMG11_06940
lcl|CDHK01000006.1_cds_CEJ58277.1_7273	PMG11_06941
lcl|CDHK01000006.1_cds_CEJ58278.1_7274	PMG11_06942
lcl|CDHK01000006.1_cds_CEJ58279.1_7275	PMG11_06943
lcl|CDHK01000006.1_cds_CEJ58280.1_7276	PMG11_06944
lcl|CDHK01000006.1_cds_CEJ58281.1_7277	PMG11_06945
lcl|CDHK01000006.1_cds_CEJ58282.1_7278	PMG11_06946
lcl|CDHK01000006.1_cds_CEJ58283.1_7279	PMG11_06947
lcl|CDHK01000006.1_cds_CEJ58284.1_7280	PMG11_06948
lcl|CDHK01000006.1_cds_CEJ58285.1_7281	PMG11_06949
lcl|CDHK01000006.1_cds_CEJ58286.1_7282	PMG11_06950
lcl|CDHK01000006.1_cds_CEJ58287.1_7283	PMG11_06951
lcl|CDHK01000006.1_cds_CEJ58288.1_7284	PMG11_06952
lcl|CDHK01000006.1_cds_CEJ58289.1_7285	PMG11_06953
lcl|CDHK01000006.1_cds_CEJ58290.1_7286	PMG11_06954
lcl|CDHK01000006.1_cds_CEJ58291.1_7287	PMG11_06955
lcl|CDHK01000006.1_cds_CEJ58292.1_7288	PMG11_06956
lcl|CDHK01000006.1_cds_CEJ58293.1_7289	PMG11_06957
lcl|CDHK01000006.1_cds_CEJ58294.1_7290	PMG11_06958
lcl|CDHK01000006.1_cds_CEJ58295.1_7291	PMG11_06958
lcl|CDHK01000006.1_cds_CEJ58296.1_7292	PMG11_06959
lcl|CDHK01000006.1_cds_CEJ58297.1_7293	PMG11_06959
lcl|CDHK01000006.1_cds_CEJ58298.1_7294	PMG11_06960
lcl|CDHK01000006.1_cds_CEJ58299.1_7295	PMG11_06961
lcl|CDHK01000006.1_cds_CEJ58300.1_7296	PMG11_06962
lcl|CDHK01000006.1_cds_CEJ58301.1_7297	PMG11_06963
lcl|CDHK01000006.1_cds_CEJ58302.1_7298	PMG11_06964
lcl|CDHK01000006.1_cds_CEJ58303.1_7299	PMG11_06965
lcl|CDHK01000006.1_cds_CEJ58304.1_7300	PMG11_06966
lcl|CDHK01000006.1_cds_CEJ58305.1_7301	PMG11_06967
lcl|CDHK01000006.1_cds_CEJ58306.1_7302	PMG11_06968
lcl|CDHK01000006.1_cds_CEJ58307.1_7303	PMG11_06969
lcl|CDHK01000006.1_cds_CEJ58308.1_7304	PMG11_06970
lcl|CDHK01000006.1_cds_CEJ58309.1_7305	PMG11_06971
lcl|CDHK01000006.1_cds_CEJ58310.1_7306	PMG11_06972
lcl|CDHK01000006.1_cds_CEJ58311.1_7307	PMG11_06973
lcl|CDHK01000006.1_cds_CEJ58312.1_7308	PMG11_06974
lcl|CDHK01000006.1_cds_CEJ58313.1_7309	PMG11_06974
lcl|CDHK01000006.1_cds_CEJ58314.1_7310	PMG11_06975
lcl|CDHK01000006.1_cds_CEJ58315.1_7311	PMG11_06976
lcl|CDHK01000006.1_cds_CEJ58316.1_7312	PMG11_06977
lcl|CDHK01000006.1_cds_CEJ58317.1_7313	PMG11_06978
lcl|CDHK01000006.1_cds_CEJ58318.1_7314	PMG11_06979
lcl|CDHK01000006.1_cds_CEJ58319.1_7315	PMG11_06980
lcl|CDHK01000006.1_cds_CEJ58320.1_7316	PMG11_06981
lcl|CDHK01000006.1_cds_CEJ58321.1_7317	PMG11_06982
lcl|CDHK01000006.1_cds_CEJ58322.1_7318	PMG11_06983
lcl|CDHK01000006.1_cds_CEJ58323.1_7319	PMG11_06984
lcl|CDHK01000006.1_cds_CEJ58324.1_7320	PMG11_06985
lcl|CDHK01000006.1_cds_CEJ58325.1_7321	PMG11_06986
lcl|CDHK01000006.1_cds_CEJ58326.1_7322	PMG11_06987
lcl|CDHK01000006.1_cds_CEJ58327.1_7323	PMG11_06987
lcl|CDHK01000006.1_cds_CEJ58328.1_7324	PMG11_06988
lcl|CDHK01000006.1_cds_CEJ58329.1_7325	PMG11_06988
lcl|CDHK01000006.1_cds_CEJ58330.1_7326	PMG11_06989
lcl|CDHK01000006.1_cds_CEJ58331.1_7327	PMG11_06990
lcl|CDHK01000006.1_cds_CEJ58332.1_7328	PMG11_06991
lcl|CDHK01000006.1_cds_CEJ58333.1_7329	PMG11_06992
lcl|CDHK01000006.1_cds_CEJ58334.1_7330	PMG11_06993
lcl|CDHK01000006.1_cds_CEJ58335.1_7331	PMG11_06994
lcl|CDHK01000006.1_cds_CEJ58336.1_7332	PMG11_06995
lcl|CDHK01000006.1_cds_CEJ58337.1_7333	PMG11_06996
lcl|CDHK01000006.1_cds_CEJ58338.1_7334	PMG11_06997
lcl|CDHK01000006.1_cds_CEJ58339.1_7335	PMG11_06998
lcl|CDHK01000006.1_cds_CEJ58340.1_7336	PMG11_06999
lcl|CDHK01000006.1_cds_CEJ58341.1_7337	PMG11_07000
lcl|CDHK01000006.1_cds_CEJ58342.1_7338	PMG11_07001
lcl|CDHK01000006.1_cds_CEJ58343.1_7339	PMG11_07002
lcl|CDHK01000006.1_cds_CEJ58344.1_7340	PMG11_07003
lcl|CDHK01000006.1_cds_CEJ58345.1_7341	PMG11_07004
lcl|CDHK01000006.1_cds_CEJ58346.1_7342	PMG11_07005
lcl|CDHK01000006.1_cds_CEJ58347.1_7343	PMG11_07006
lcl|CDHK01000006.1_cds_CEJ58348.1_7344	PMG11_07007
lcl|CDHK01000006.1_cds_CEJ58349.1_7345	PMG11_07008
lcl|CDHK01000006.1_cds_CEJ58350.1_7346	PMG11_07009
lcl|CDHK01000006.1_cds_CEJ58351.1_7347	PMG11_07010
lcl|CDHK01000006.1_cds_CEJ58352.1_7348	PMG11_07011
lcl|CDHK01000006.1_cds_CEJ58353.1_7349	PMG11_07012
lcl|CDHK01000006.1_cds_CEJ58354.1_7350	PMG11_07013
lcl|CDHK01000006.1_cds_CEJ58355.1_7351	PMG11_07014
lcl|CDHK01000006.1_cds_CEJ58356.1_7352	PMG11_07015
lcl|CDHK01000006.1_cds_CEJ58357.1_7353	PMG11_07016
lcl|CDHK01000006.1_cds_CEJ58358.1_7354	PMG11_07017
lcl|CDHK01000006.1_cds_CEJ58359.1_7355	PMG11_07018
lcl|CDHK01000006.1_cds_CEJ58360.1_7356	PMG11_07019
lcl|CDHK01000006.1_cds_CEJ58361.1_7357	PMG11_07020
lcl|CDHK01000006.1_cds_CEJ58362.1_7358	PMG11_07021
lcl|CDHK01000006.1_cds_CEJ58363.1_7359	PMG11_07022
lcl|CDHK01000006.1_cds_CEJ58364.1_7360	PMG11_07023
lcl|CDHK01000006.1_cds_CEJ58365.1_7361	PMG11_07023
lcl|CDHK01000006.1_cds_CEJ58367.1_7362	PMG11_07024
lcl|CDHK01000006.1_cds_CEJ58366.1_7363	PMG11_07024
lcl|CDHK01000006.1_cds_CEJ58368.1_7364	PMG11_07025
lcl|CDHK01000006.1_cds_CEJ58369.1_7365	PMG11_07026
lcl|CDHK01000006.1_cds_CEJ58370.1_7366	PMG11_07027
lcl|CDHK01000006.1_cds_CEJ58371.1_7367	PMG11_07028
lcl|CDHK01000006.1_cds_CEJ58372.1_7368	PMG11_07029
lcl|CDHK01000006.1_cds_CEJ58373.1_7369	PMG11_07030
lcl|CDHK01000006.1_cds_CEJ58374.1_7370	PMG11_07031
lcl|CDHK01000006.1_cds_CEJ58375.1_7371	PMG11_07032
lcl|CDHK01000006.1_cds_CEJ58376.1_7372	PMG11_07033
lcl|CDHK01000006.1_cds_CEJ58377.1_7373	PMG11_07034
lcl|CDHK01000006.1_cds_CEJ58378.1_7374	PMG11_07035
lcl|CDHK01000006.1_cds_CEJ58379.1_7375	PMG11_07036
lcl|CDHK01000006.1_cds_CEJ58380.1_7376	PMG11_07037
lcl|CDHK01000006.1_cds_CEJ58381.1_7377	PMG11_07038
lcl|CDHK01000006.1_cds_CEJ58382.1_7378	PMG11_07039
lcl|CDHK01000006.1_cds_CEJ58383.1_7379	PMG11_07040
lcl|CDHK01000006.1_cds_CEJ58384.1_7380	PMG11_07041
lcl|CDHK01000006.1_cds_CEJ58385.1_7381	PMG11_07042
lcl|CDHK01000006.1_cds_CEJ58386.1_7382	PMG11_07043
lcl|CDHK01000006.1_cds_CEJ58387.1_7383	PMG11_07044
lcl|CDHK01000006.1_cds_CEJ58388.1_7384	PMG11_07045
lcl|CDHK01000006.1_cds_CEJ58389.1_7385	PMG11_07046
lcl|CDHK01000006.1_cds_CEJ58390.1_7386	PMG11_07047
lcl|CDHK01000006.1_cds_CEJ58391.1_7387	PMG11_07048
lcl|CDHK01000006.1_cds_CEJ58392.1_7388	PMG11_07049
lcl|CDHK01000006.1_cds_CEJ58393.1_7389	PMG11_07050
lcl|CDHK01000006.1_cds_CEJ58394.1_7390	PMG11_07051
lcl|CDHK01000006.1_cds_CEJ58395.1_7391	PMG11_07052
lcl|CDHK01000006.1_cds_CEJ58396.1_7392	PMG11_07053
lcl|CDHK01000006.1_cds_CEJ58397.1_7393	PMG11_07054
lcl|CDHK01000006.1_cds_CEJ58398.1_7394	PMG11_07055
lcl|CDHK01000006.1_cds_CEJ58399.1_7395	PMG11_07056
lcl|CDHK01000006.1_cds_CEJ58400.1_7396	PMG11_07057
lcl|CDHK01000006.1_cds_CEJ58401.1_7397	PMG11_07058
lcl|CDHK01000006.1_cds_CEJ58402.1_7398	PMG11_07059
lcl|CDHK01000006.1_cds_CEJ58403.1_7399	PMG11_07060
lcl|CDHK01000006.1_cds_CEJ58404.1_7400	PMG11_07061
lcl|CDHK01000006.1_cds_CEJ58405.1_7401	PMG11_07062
lcl|CDHK01000006.1_cds_CEJ58406.1_7402	PMG11_07063
lcl|CDHK01000006.1_cds_CEJ58407.1_7403	PMG11_07063
lcl|CDHK01000006.1_cds_CEJ58408.1_7404	PMG11_07064
lcl|CDHK01000006.1_cds_CEJ58409.1_7405	PMG11_07065
lcl|CDHK01000006.1_cds_CEJ58410.1_7406	PMG11_07066
lcl|CDHK01000006.1_cds_CEJ58411.1_7407	PMG11_07067
lcl|CDHK01000006.1_cds_CEJ58412.1_7408	PMG11_07068
lcl|CDHK01000006.1_cds_CEJ58413.1_7409	PMG11_07069
lcl|CDHK01000006.1_cds_CEJ58414.1_7410	PMG11_07070
lcl|CDHK01000006.1_cds_CEJ58415.1_7411	PMG11_07071
lcl|CDHK01000006.1_cds_CEJ58416.1_7412	PMG11_07072
lcl|CDHK01000006.1_cds_CEJ58417.1_7413	PMG11_07073
lcl|CDHK01000006.1_cds_CEJ58418.1_7414	PMG11_07074
lcl|CDHK01000006.1_cds_CEJ58419.1_7415	PMG11_07075
lcl|CDHK01000006.1_cds_CEJ58420.1_7416	PMG11_07076
lcl|CDHK01000006.1_cds_CEJ58421.1_7417	PMG11_07077
lcl|CDHK01000006.1_cds_CEJ58422.1_7418	PMG11_07078
lcl|CDHK01000006.1_cds_CEJ58423.1_7419	PMG11_07079
lcl|CDHK01000006.1_cds_CEJ58424.1_7420	PMG11_07080
lcl|CDHK01000006.1_cds_CEJ58425.1_7421	PMG11_07081
lcl|CDHK01000006.1_cds_CEJ58426.1_7422	PMG11_07082
lcl|CDHK01000006.1_cds_CEJ58427.1_7423	PMG11_07083
lcl|CDHK01000006.1_cds_CEJ58428.1_7424	PMG11_07084
lcl|CDHK01000006.1_cds_CEJ58429.1_7425	PMG11_07085
lcl|CDHK01000006.1_cds_CEJ58431.1_7426	PMG11_07086
lcl|CDHK01000006.1_cds_CEJ58430.1_7427	PMG11_07086
lcl|CDHK01000006.1_cds_CEJ58432.1_7428	PMG11_07087
lcl|CDHK01000006.1_cds_CEJ58433.1_7429	PMG11_07088
lcl|CDHK01000006.1_cds_CEJ58434.1_7430	PMG11_07089
lcl|CDHK01000006.1_cds_CEJ58435.1_7431	PMG11_07090
lcl|CDHK01000006.1_cds_CEJ58436.1_7432	PMG11_07091
lcl|CDHK01000006.1_cds_CEJ58437.1_7433	PMG11_07092
lcl|CDHK01000006.1_cds_CEJ58438.1_7434	PMG11_07093
lcl|CDHK01000006.1_cds_CEJ58439.1_7435	PMG11_07094
lcl|CDHK01000006.1_cds_CEJ58440.1_7436	PMG11_07095
lcl|CDHK01000006.1_cds_CEJ58441.1_7437	PMG11_07096
lcl|CDHK01000006.1_cds_CEJ58442.1_7438	PMG11_07097
lcl|CDHK01000006.1_cds_CEJ58443.1_7439	PMG11_07098
lcl|CDHK01000006.1_cds_CEJ58444.1_7440	PMG11_07099
lcl|CDHK01000006.1_cds_CEJ58445.1_7441	PMG11_07100
lcl|CDHK01000006.1_cds_CEJ58446.1_7442	PMG11_07101
lcl|CDHK01000006.1_cds_CEJ58447.1_7443	PMG11_07101
lcl|CDHK01000006.1_cds_CEJ58448.1_7444	PMG11_07102
lcl|CDHK01000006.1_cds_CEJ58449.1_7445	PMG11_07103
lcl|CDHK01000006.1_cds_CEJ58450.1_7446	PMG11_07104
lcl|CDHK01000006.1_cds_CEJ58451.1_7447	PMG11_07105
lcl|CDHK01000006.1_cds_CEJ58452.1_7448	PMG11_07106
lcl|CDHK01000006.1_cds_CEJ58453.1_7449	PMG11_07107
lcl|CDHK01000006.1_cds_CEJ58454.1_7450	PMG11_07108
lcl|CDHK01000006.1_cds_CEJ58455.1_7451	PMG11_07109
lcl|CDHK01000006.1_cds_CEJ58456.1_7452	PMG11_07110
lcl|CDHK01000006.1_cds_CEJ58457.1_7453	PMG11_07111
lcl|CDHK01000006.1_cds_CEJ58458.1_7454	PMG11_07112
lcl|CDHK01000006.1_cds_CEJ58459.1_7455	PMG11_07113
lcl|CDHK01000006.1_cds_CEJ58460.1_7456	PMG11_07114
lcl|CDHK01000006.1_cds_CEJ58461.1_7457	PMG11_07115
lcl|CDHK01000006.1_cds_CEJ58462.1_7458	PMG11_07116
lcl|CDHK01000006.1_cds_CEJ58463.1_7459	PMG11_07117
lcl|CDHK01000006.1_cds_CEJ58464.1_7460	PMG11_07118
lcl|CDHK01000006.1_cds_CEJ58465.1_7461	PMG11_07119
lcl|CDHK01000006.1_cds_CEJ58466.1_7462	PMG11_07120
lcl|CDHK01000006.1_cds_CEJ58467.1_7463	PMG11_07121
lcl|CDHK01000006.1_cds_CEJ58468.1_7464	PMG11_07122
lcl|CDHK01000006.1_cds_CEJ58469.1_7465	PMG11_07123
lcl|CDHK01000006.1_cds_CEJ58470.1_7466	PMG11_07124
lcl|CDHK01000006.1_cds_CEJ58471.1_7467	PMG11_07125
lcl|CDHK01000006.1_cds_CEJ58472.1_7468	PMG11_07126
lcl|CDHK01000006.1_cds_CEJ58473.1_7469	PMG11_07127
lcl|CDHK01000006.1_cds_CEJ58474.1_7470	PMG11_07128
lcl|CDHK01000006.1_cds_CEJ58475.1_7471	PMG11_07129
lcl|CDHK01000006.1_cds_CEJ58476.1_7472	PMG11_07130
lcl|CDHK01000006.1_cds_CEJ58477.1_7473	PMG11_07131
lcl|CDHK01000006.1_cds_CEJ58478.1_7474	PMG11_07132
lcl|CDHK01000006.1_cds_CEJ58479.1_7475	PMG11_07133
lcl|CDHK01000006.1_cds_CEJ58480.1_7476	PMG11_07134
lcl|CDHK01000006.1_cds_CEJ58481.1_7477	PMG11_07135
lcl|CDHK01000006.1_cds_CEJ58482.1_7478	PMG11_07136
lcl|CDHK01000006.1_cds_CEJ58483.1_7479	PMG11_07137
lcl|CDHK01000006.1_cds_CEJ58484.1_7480	PMG11_07138
lcl|CDHK01000006.1_cds_CEJ58485.1_7481	PMG11_07139
lcl|CDHK01000006.1_cds_CEJ58486.1_7482	PMG11_07140
lcl|CDHK01000006.1_cds_CEJ58487.1_7483	PMG11_07141
lcl|CDHK01000006.1_cds_CEJ58488.1_7484	PMG11_07142
lcl|CDHK01000006.1_cds_CEJ58489.1_7485	PMG11_07143
lcl|CDHK01000006.1_cds_CEJ58490.1_7486	PMG11_07144
lcl|CDHK01000006.1_cds_CEJ58491.1_7487	PMG11_07145
lcl|CDHK01000006.1_cds_CEJ58492.1_7488	PMG11_07146
lcl|CDHK01000006.1_cds_CEJ58493.1_7489	PMG11_07147
lcl|CDHK01000006.1_cds_CEJ58494.1_7490	PMG11_07148
lcl|CDHK01000006.1_cds_CEJ58495.1_7491	PMG11_07149
lcl|CDHK01000006.1_cds_CEJ58496.1_7492	PMG11_07150
lcl|CDHK01000006.1_cds_CEJ58497.1_7493	PMG11_07151
lcl|CDHK01000006.1_cds_CEJ58498.1_7494	PMG11_07152
lcl|CDHK01000006.1_cds_CEJ58499.1_7495	PMG11_07153
lcl|CDHK01000006.1_cds_CEJ58500.1_7496	PMG11_07154
lcl|CDHK01000006.1_cds_CEJ58501.1_7497	PMG11_07155
lcl|CDHK01000006.1_cds_CEJ58502.1_7498	PMG11_07156
lcl|CDHK01000006.1_cds_CEJ58503.1_7499	PMG11_07157
lcl|CDHK01000006.1_cds_CEJ58504.1_7500	PMG11_07158
lcl|CDHK01000006.1_cds_CEJ58505.1_7501	PMG11_07159
lcl|CDHK01000006.1_cds_CEJ58506.1_7502	PMG11_07160
lcl|CDHK01000006.1_cds_CEJ58507.1_7503	PMG11_07161
lcl|CDHK01000006.1_cds_CEJ58508.1_7504	PMG11_07162
lcl|CDHK01000006.1_cds_CEJ58509.1_7505	PMG11_07163
lcl|CDHK01000006.1_cds_CEJ58510.1_7506	PMG11_07164
lcl|CDHK01000006.1_cds_CEJ58511.1_7507	PMG11_07165
lcl|CDHK01000006.1_cds_CEJ58512.1_7508	PMG11_07166
lcl|CDHK01000006.1_cds_CEJ58513.1_7509	PMG11_07167
lcl|CDHK01000006.1_cds_CEJ58514.1_7510	PMG11_07168
lcl|CDHK01000006.1_cds_CEJ58515.1_7511	PMG11_07169
lcl|CDHK01000006.1_cds_CEJ58516.1_7512	PMG11_07170
lcl|CDHK01000006.1_cds_CEJ58517.1_7513	PMG11_07171
lcl|CDHK01000006.1_cds_CEJ58518.1_7514	PMG11_07172
lcl|CDHK01000006.1_cds_CEJ58519.1_7515	PMG11_07173
lcl|CDHK01000006.1_cds_CEJ58520.1_7516	PMG11_07174
lcl|CDHK01000006.1_cds_CEJ58521.1_7517	PMG11_07175
lcl|CDHK01000006.1_cds_CEJ58522.1_7518	PMG11_07176
lcl|CDHK01000006.1_cds_CEJ58523.1_7519	PMG11_07177
lcl|CDHK01000006.1_cds_CEJ58524.1_7520	PMG11_07178
lcl|CDHK01000006.1_cds_CEJ58525.1_7521	PMG11_07179
lcl|CDHK01000006.1_cds_CEJ58526.1_7522	PMG11_07180
lcl|CDHK01000006.1_cds_CEJ58527.1_7523	PMG11_07181
lcl|CDHK01000006.1_cds_CEJ58528.1_7524	PMG11_07182
lcl|CDHK01000006.1_cds_CEJ58529.1_7525	PMG11_07183
lcl|CDHK01000006.1_cds_CEJ58530.1_7526	PMG11_07184
lcl|CDHK01000006.1_cds_CEJ58531.1_7527	PMG11_07185
lcl|CDHK01000006.1_cds_CEJ58532.1_7528	PMG11_07186
lcl|CDHK01000006.1_cds_CEJ58533.1_7529	PMG11_07187
lcl|CDHK01000006.1_cds_CEJ58534.1_7530	PMG11_07188
lcl|CDHK01000006.1_cds_CEJ58535.1_7531	PMG11_07189
lcl|CDHK01000006.1_cds_CEJ58536.1_7532	PMG11_07190
lcl|CDHK01000006.1_cds_CEJ58537.1_7533	PMG11_07191
lcl|CDHK01000006.1_cds_CEJ58538.1_7534	PMG11_07192
lcl|CDHK01000006.1_cds_CEJ58539.1_7535	PMG11_07193
lcl|CDHK01000006.1_cds_CEJ58540.1_7536	PMG11_07194
lcl|CDHK01000006.1_cds_CEJ58541.1_7537	PMG11_07195
lcl|CDHK01000006.1_cds_CEJ58542.1_7538	PMG11_07196
lcl|CDHK01000006.1_cds_CEJ58543.1_7539	PMG11_07197
lcl|CDHK01000006.1_cds_CEJ58544.1_7540	PMG11_07198
lcl|CDHK01000006.1_cds_CEJ58545.1_7541	PMG11_07199
lcl|CDHK01000006.1_cds_CEJ58546.1_7542	PMG11_07200
lcl|CDHK01000006.1_cds_CEJ58547.1_7543	PMG11_07201
lcl|CDHK01000006.1_cds_CEJ58548.1_7544	PMG11_07202
lcl|CDHK01000006.1_cds_CEJ58549.1_7545	PMG11_07203
lcl|CDHK01000006.1_cds_CEJ58550.1_7546	PMG11_07204
lcl|CDHK01000006.1_cds_CEJ58551.1_7547	PMG11_07205
lcl|CDHK01000006.1_cds_CEJ58552.1_7548	PMG11_07206
lcl|CDHK01000006.1_cds_CEJ58553.1_7549	PMG11_07207
lcl|CDHK01000006.1_cds_CEJ58554.1_7550	PMG11_07208
lcl|CDHK01000006.1_cds_CEJ58555.1_7551	PMG11_07209
lcl|CDHK01000006.1_cds_CEJ58556.1_7552	PMG11_07211
lcl|CDHK01000006.1_cds_CEJ58557.1_7553	PMG11_07210
lcl|CDHK01000006.1_cds_CEJ58558.1_7554	PMG11_07212
lcl|CDHK01000006.1_cds_CEJ58559.1_7555	PMG11_07213
lcl|CDHK01000006.1_cds_CEJ58560.1_7556	PMG11_07214
lcl|CDHK01000006.1_cds_CEJ58561.1_7557	PMG11_07215
lcl|CDHK01000006.1_cds_CEJ58562.1_7558	PMG11_07216
lcl|CDHK01000006.1_cds_CEJ58563.1_7559	PMG11_07217
lcl|CDHK01000006.1_cds_CEJ58564.1_7560	PMG11_07218
lcl|CDHK01000006.1_cds_CEJ58565.1_7561	PMG11_07219
lcl|CDHK01000006.1_cds_CEJ58566.1_7562	PMG11_07220
lcl|CDHK01000006.1_cds_CEJ58567.1_7563	PMG11_07221
lcl|CDHK01000006.1_cds_CEJ58568.1_7564	PMG11_07222
lcl|CDHK01000006.1_cds_CEJ58569.1_7565	PMG11_07223
lcl|CDHK01000006.1_cds_CEJ58570.1_7566	PMG11_07224
lcl|CDHK01000006.1_cds_CEJ58571.1_7567	PMG11_07225
lcl|CDHK01000006.1_cds_CEJ58572.1_7568	PMG11_07226
lcl|CDHK01000006.1_cds_CEJ58573.1_7569	PMG11_07227
lcl|CDHK01000006.1_cds_CEJ58574.1_7570	PMG11_07228
lcl|CDHK01000006.1_cds_CEJ58575.1_7571	PMG11_07229
lcl|CDHK01000006.1_cds_CEJ58576.1_7572	PMG11_07229
lcl|CDHK01000006.1_cds_CEJ58577.1_7573	PMG11_07230
lcl|CDHK01000006.1_cds_CEJ58578.1_7574	PMG11_07231
lcl|CDHK01000006.1_cds_CEJ58579.1_7575	PMG11_07232
lcl|CDHK01000006.1_cds_CEJ58580.1_7576	PMG11_07233
lcl|CDHK01000006.1_cds_CEJ58582.1_7577	PMG11_07234
lcl|CDHK01000006.1_cds_CEJ58581.1_7578	PMG11_07234
lcl|CDHK01000006.1_cds_CEJ58583.1_7579	PMG11_07235
lcl|CDHK01000006.1_cds_CEJ58584.1_7580	PMG11_07237
lcl|CDHK01000006.1_cds_CEJ58585.1_7581	PMG11_07236
lcl|CDHK01000006.1_cds_CEJ58586.1_7582	PMG11_07238
lcl|CDHK01000006.1_cds_CEJ58587.1_7583	PMG11_07239
lcl|CDHK01000006.1_cds_CEJ58588.1_7584	PMG11_07240
lcl|CDHK01000006.1_cds_CEJ58589.1_7585	PMG11_07241
lcl|CDHK01000006.1_cds_CEJ58590.1_7586	PMG11_07242
lcl|CDHK01000006.1_cds_CEJ58591.1_7587	PMG11_07243
lcl|CDHK01000006.1_cds_CEJ58592.1_7588	PMG11_07244
lcl|CDHK01000006.1_cds_CEJ58593.1_7589	PMG11_07245
lcl|CDHK01000006.1_cds_CEJ58594.1_7590	PMG11_07246
lcl|CDHK01000006.1_cds_CEJ58595.1_7591	PMG11_07247
lcl|CDHK01000006.1_cds_CEJ58596.1_7592	PMG11_07248
lcl|CDHK01000006.1_cds_CEJ58597.1_7593	PMG11_07249
lcl|CDHK01000006.1_cds_CEJ58598.1_7594	PMG11_07250
lcl|CDHK01000006.1_cds_CEJ58599.1_7595	PMG11_07251
lcl|CDHK01000006.1_cds_CEJ58600.1_7596	PMG11_07252
lcl|CDHK01000006.1_cds_CEJ58601.1_7597	PMG11_07253
lcl|CDHK01000006.1_cds_CEJ58602.1_7598	PMG11_07254
lcl|CDHK01000006.1_cds_CEJ58603.1_7599	PMG11_07255
lcl|CDHK01000006.1_cds_CEJ58604.1_7600	PMG11_07256
lcl|CDHK01000006.1_cds_CEJ58605.1_7601	PMG11_07257
lcl|CDHK01000006.1_cds_CEJ58606.1_7602	PMG11_07258
lcl|CDHK01000006.1_cds_CEJ58607.1_7603	PMG11_07259
lcl|CDHK01000006.1_cds_CEJ58608.1_7604	PMG11_07260
lcl|CDHK01000006.1_cds_CEJ58609.1_7605	PMG11_07261
lcl|CDHK01000006.1_cds_CEJ58610.1_7606	PMG11_07262
lcl|CDHK01000006.1_cds_CEJ58611.1_7607	PMG11_07263
lcl|CDHK01000006.1_cds_CEJ58612.1_7608	PMG11_07264
lcl|CDHK01000006.1_cds_CEJ58613.1_7609	PMG11_07265
lcl|CDHK01000006.1_cds_CEJ58614.1_7610	PMG11_07266
lcl|CDHK01000006.1_cds_CEJ58615.1_7611	PMG11_07267
lcl|CDHK01000006.1_cds_CEJ58616.1_7612	PMG11_07268
lcl|CDHK01000006.1_cds_CEJ58617.1_7613	PMG11_07269
lcl|CDHK01000006.1_cds_CEJ58618.1_7614	PMG11_07270
lcl|CDHK01000006.1_cds_CEJ58619.1_7615	PMG11_07271
lcl|CDHK01000006.1_cds_CEJ58620.1_7616	PMG11_07272
lcl|CDHK01000006.1_cds_CEJ58621.1_7617	PMG11_07273
lcl|CDHK01000006.1_cds_CEJ58623.1_7618	PMG11_07273
lcl|CDHK01000006.1_cds_CEJ58622.1_7619	PMG11_07273
lcl|CDHK01000006.1_cds_CEJ58624.1_7620	PMG11_07274
lcl|CDHK01000006.1_cds_CEJ58625.1_7621	PMG11_07275
lcl|CDHK01000006.1_cds_CEJ58626.1_7622	PMG11_07276
lcl|CDHK01000006.1_cds_CEJ58627.1_7623	PMG11_07277
lcl|CDHK01000006.1_cds_CEJ58628.1_7624	PMG11_07278
lcl|CDHK01000006.1_cds_CEJ58629.1_7625	PMG11_07279
lcl|CDHK01000006.1_cds_CEJ58630.1_7626	PMG11_07280
lcl|CDHK01000006.1_cds_CEJ58631.1_7627	PMG11_07281
lcl|CDHK01000006.1_cds_CEJ58632.1_7628	PMG11_07282
lcl|CDHK01000006.1_cds_CEJ58633.1_7629	PMG11_07283
lcl|CDHK01000006.1_cds_CEJ58634.1_7630	PMG11_07284
lcl|CDHK01000006.1_cds_CEJ58635.1_7631	PMG11_07285
lcl|CDHK01000006.1_cds_CEJ58636.1_7632	PMG11_07286
lcl|CDHK01000006.1_cds_CEJ58637.1_7633	PMG11_07287
lcl|CDHK01000006.1_cds_CEJ58638.1_7634	PMG11_07288
lcl|CDHK01000006.1_cds_CEJ58639.1_7635	PMG11_07289
lcl|CDHK01000006.1_cds_CEJ58640.1_7636	PMG11_07290
lcl|CDHK01000006.1_cds_CEJ58641.1_7637	PMG11_07291
lcl|CDHK01000006.1_cds_CEJ58642.1_7638	PMG11_07292
lcl|CDHK01000006.1_cds_CEJ58643.1_7639	PMG11_07293
lcl|CDHK01000006.1_cds_CEJ58644.1_7640	PMG11_07294
lcl|CDHK01000006.1_cds_CEJ58645.1_7641	PMG11_07295
lcl|CDHK01000006.1_cds_CEJ58646.1_7642	PMG11_07296
lcl|CDHK01000006.1_cds_CEJ58647.1_7643	PMG11_07297
lcl|CDHK01000006.1_cds_CEJ58648.1_7644	PMG11_07298
lcl|CDHK01000006.1_cds_CEJ58649.1_7645	PMG11_07299
lcl|CDHK01000006.1_cds_CEJ58650.1_7646	PMG11_07300
lcl|CDHK01000006.1_cds_CEJ58651.1_7647	PMG11_07301
lcl|CDHK01000006.1_cds_CEJ58652.1_7648	PMG11_07302
lcl|CDHK01000006.1_cds_CEJ58653.1_7649	PMG11_07303
lcl|CDHK01000006.1_cds_CEJ58654.1_7650	PMG11_07304
lcl|CDHK01000006.1_cds_CEJ58655.1_7651	PMG11_07305
lcl|CDHK01000006.1_cds_CEJ58656.1_7652	PMG11_07306
lcl|CDHK01000006.1_cds_CEJ58657.1_7653	PMG11_07307
lcl|CDHK01000006.1_cds_CEJ58658.1_7654	PMG11_07308
lcl|CDHK01000006.1_cds_CEJ58659.1_7655	PMG11_07309
lcl|CDHK01000006.1_cds_CEJ58660.1_7656	PMG11_07310
lcl|CDHK01000006.1_cds_CEJ58661.1_7657	PMG11_07311
lcl|CDHK01000006.1_cds_CEJ58662.1_7658	PMG11_07312
lcl|CDHK01000006.1_cds_CEJ58663.1_7659	PMG11_07313
lcl|CDHK01000006.1_cds_CEJ58664.1_7660	PMG11_07314
lcl|CDHK01000006.1_cds_CEJ58665.1_7661	PMG11_07315
lcl|CDHK01000006.1_cds_CEJ58666.1_7662	PMG11_07316
lcl|CDHK01000006.1_cds_CEJ58667.1_7663	PMG11_07317
lcl|CDHK01000006.1_cds_CEJ58668.1_7664	PMG11_07318
lcl|CDHK01000006.1_cds_CEJ58669.1_7665	PMG11_07319
lcl|CDHK01000006.1_cds_CEJ58670.1_7666	PMG11_07320
lcl|CDHK01000006.1_cds_CEJ58671.1_7667	PMG11_07321
lcl|CDHK01000006.1_cds_CEJ58672.1_7668	PMG11_07322
lcl|CDHK01000006.1_cds_CEJ58673.1_7669	PMG11_07323
lcl|CDHK01000006.1_cds_CEJ58674.1_7670	PMG11_07324
lcl|CDHK01000006.1_cds_CEJ58675.1_7671	PMG11_07325
lcl|CDHK01000006.1_cds_CEJ58676.1_7672	PMG11_07325
lcl|CDHK01000006.1_cds_CEJ58677.1_7673	PMG11_07326
lcl|CDHK01000006.1_cds_CEJ58678.1_7674	PMG11_07327
lcl|CDHK01000006.1_cds_CEJ58679.1_7675	PMG11_07328
lcl|CDHK01000006.1_cds_CEJ58680.1_7676	PMG11_07329
lcl|CDHK01000006.1_cds_CEJ58681.1_7677	PMG11_07330
lcl|CDHK01000006.1_cds_CEJ58682.1_7678	PMG11_07331
lcl|CDHK01000006.1_cds_CEJ58683.1_7679	PMG11_07332
lcl|CDHK01000006.1_cds_CEJ58684.1_7680	PMG11_07333
lcl|CDHK01000006.1_cds_CEJ58685.1_7681	PMG11_07334
lcl|CDHK01000006.1_cds_CEJ58686.1_7682	PMG11_07335
lcl|CDHK01000006.1_cds_CEJ58687.1_7683	PMG11_07336
lcl|CDHK01000006.1_cds_CEJ58688.1_7684	PMG11_07337
lcl|CDHK01000006.1_cds_CEJ58689.1_7685	PMG11_07338
lcl|CDHK01000006.1_cds_CEJ58690.1_7686	PMG11_07339
lcl|CDHK01000006.1_cds_CEJ58691.1_7687	PMG11_07340
lcl|CDHK01000006.1_cds_CEJ58692.1_7688	PMG11_07341
lcl|CDHK01000006.1_cds_CEJ58693.1_7689	PMG11_07342
lcl|CDHK01000006.1_cds_CEJ58694.1_7690	PMG11_07343
lcl|CDHK01000006.1_cds_CEJ58695.1_7691	PMG11_07344
lcl|CDHK01000006.1_cds_CEJ58696.1_7692	PMG11_07344
lcl|CDHK01000006.1_cds_CEJ58697.1_7693	PMG11_07345
lcl|CDHK01000006.1_cds_CEJ58698.1_7694	PMG11_07346
lcl|CDHK01000006.1_cds_CEJ58699.1_7695	PMG11_07347
lcl|CDHK01000006.1_cds_CEJ58700.1_7696	PMG11_07348
lcl|CDHK01000006.1_cds_CEJ58701.1_7697	PMG11_07349
lcl|CDHK01000006.1_cds_CEJ58702.1_7698	PMG11_07350
lcl|CDHK01000006.1_cds_CEJ58703.1_7699	PMG11_07351
lcl|CDHK01000006.1_cds_CEJ58704.1_7700	PMG11_07352
lcl|CDHK01000006.1_cds_CEJ58705.1_7701	PMG11_07353
lcl|CDHK01000006.1_cds_CEJ58706.1_7702	PMG11_07354
lcl|CDHK01000006.1_cds_CEJ58707.1_7703	PMG11_07355
lcl|CDHK01000006.1_cds_CEJ58708.1_7704	PMG11_07356
lcl|CDHK01000006.1_cds_CEJ58709.1_7705	PMG11_07357
lcl|CDHK01000006.1_cds_CEJ58710.1_7706	PMG11_07358
lcl|CDHK01000006.1_cds_CEJ58711.1_7707	PMG11_07359
lcl|CDHK01000006.1_cds_CEJ58712.1_7708	PMG11_07360
lcl|CDHK01000006.1_cds_CEJ58713.1_7709	PMG11_07361
lcl|CDHK01000006.1_cds_CEJ58714.1_7710	PMG11_07362
lcl|CDHK01000006.1_cds_CEJ58715.1_7711	PMG11_07363
lcl|CDHK01000006.1_cds_CEJ58716.1_7712	PMG11_07364
lcl|CDHK01000006.1_cds_CEJ58717.1_7713	PMG11_07365
lcl|CDHK01000006.1_cds_CEJ58718.1_7714	PMG11_07366
lcl|CDHK01000006.1_cds_CEJ58719.1_7715	PMG11_07367
lcl|CDHK01000006.1_cds_CEJ58720.1_7716	PMG11_07368
lcl|CDHK01000006.1_cds_CEJ58721.1_7717	PMG11_07369
lcl|CDHK01000006.1_cds_CEJ58722.1_7718	PMG11_07370
lcl|CDHK01000006.1_cds_CEJ58723.1_7719	PMG11_07371
lcl|CDHK01000006.1_cds_CEJ58724.1_7720	PMG11_07372
lcl|CDHK01000006.1_cds_CEJ58725.1_7721	PMG11_07373
lcl|CDHK01000006.1_cds_CEJ58726.1_7722	PMG11_07374
lcl|CDHK01000006.1_cds_CEJ58727.1_7723	PMG11_07375
lcl|CDHK01000006.1_cds_CEJ58728.1_7724	PMG11_07377
lcl|CDHK01000006.1_cds_CEJ58729.1_7725	PMG11_07376
lcl|CDHK01000006.1_cds_CEJ58730.1_7726	PMG11_07378
lcl|CDHK01000006.1_cds_CEJ58731.1_7727	PMG11_07379
lcl|CDHK01000006.1_cds_CEJ58732.1_7728	PMG11_07380
lcl|CDHK01000006.1_cds_CEJ58733.1_7729	PMG11_07381
lcl|CDHK01000006.1_cds_CEJ58734.1_7730	PMG11_07382
lcl|CDHK01000006.1_cds_CEJ58735.1_7731	PMG11_07382
lcl|CDHK01000006.1_cds_CEJ58736.1_7732	PMG11_07383
lcl|CDHK01000006.1_cds_CEJ58737.1_7733	PMG11_07384
lcl|CDHK01000006.1_cds_CEJ58738.1_7734	PMG11_07385
lcl|CDHK01000006.1_cds_CEJ58739.1_7735	PMG11_07386
lcl|CDHK01000006.1_cds_CEJ58740.1_7736	PMG11_07387
lcl|CDHK01000006.1_cds_CEJ58741.1_7737	PMG11_07388
lcl|CDHK01000006.1_cds_CEJ58742.1_7738	PMG11_07389
lcl|CDHK01000006.1_cds_CEJ58743.1_7739	PMG11_07390
lcl|CDHK01000006.1_cds_CEJ58744.1_7740	PMG11_07391
lcl|CDHK01000006.1_cds_CEJ58745.1_7741	PMG11_07392
lcl|CDHK01000006.1_cds_CEJ58746.1_7742	PMG11_07393
lcl|CDHK01000006.1_cds_CEJ58747.1_7743	PMG11_07394
lcl|CDHK01000006.1_cds_CEJ58749.1_7744	PMG11_07395
lcl|CDHK01000006.1_cds_CEJ58748.1_7745	PMG11_07395
lcl|CDHK01000006.1_cds_CEJ58750.1_7746	PMG11_07396
lcl|CDHK01000006.1_cds_CEJ58751.1_7747	PMG11_07397
lcl|CDHK01000006.1_cds_CEJ58752.1_7748	PMG11_07398
lcl|CDHK01000006.1_cds_CEJ58753.1_7749	PMG11_07399
lcl|CDHK01000006.1_cds_CEJ58754.1_7750	PMG11_07400
lcl|CDHK01000006.1_cds_CEJ58755.1_7751	PMG11_07401
lcl|CDHK01000006.1_cds_CEJ58756.1_7752	PMG11_07402
lcl|CDHK01000006.1_cds_CEJ58757.1_7753	PMG11_07403
lcl|CDHK01000006.1_cds_CEJ58758.1_7754	PMG11_07404
lcl|CDHK01000006.1_cds_CEJ58759.1_7755	PMG11_07405
lcl|CDHK01000006.1_cds_CEJ58760.1_7756	PMG11_07406
lcl|CDHK01000006.1_cds_CEJ58761.1_7757	PMG11_07407
lcl|CDHK01000006.1_cds_CEJ58762.1_7758	PMG11_07408
lcl|CDHK01000006.1_cds_CEJ58763.1_7759	PMG11_07409
lcl|CDHK01000006.1_cds_CEJ58764.1_7760	PMG11_07410
lcl|CDHK01000006.1_cds_CEJ58765.1_7761	PMG11_07411
lcl|CDHK01000006.1_cds_CEJ58766.1_7762	PMG11_07412
lcl|CDHK01000006.1_cds_CEJ58767.1_7763	PMG11_07413
lcl|CDHK01000006.1_cds_CEJ58768.1_7764	PMG11_07414
lcl|CDHK01000006.1_cds_CEJ58769.1_7765	PMG11_07415
lcl|CDHK01000006.1_cds_CEJ58770.1_7766	PMG11_07416
lcl|CDHK01000006.1_cds_CEJ58771.1_7767	PMG11_07417
lcl|CDHK01000006.1_cds_CEJ58772.1_7768	PMG11_07418
lcl|CDHK01000006.1_cds_CEJ58773.1_7769	PMG11_07419
lcl|CDHK01000006.1_cds_CEJ58774.1_7770	PMG11_07420
lcl|CDHK01000006.1_cds_CEJ58775.1_7771	PMG11_07421
lcl|CDHK01000006.1_cds_CEJ58776.1_7772	PMG11_07422
lcl|CDHK01000006.1_cds_CEJ58777.1_7773	PMG11_07423
lcl|CDHK01000006.1_cds_CEJ58778.1_7774	PMG11_07424
lcl|CDHK01000006.1_cds_CEJ58779.1_7775	PMG11_07425
lcl|CDHK01000006.1_cds_CEJ58780.1_7776	PMG11_07426
lcl|CDHK01000006.1_cds_CEJ58781.1_7777	PMG11_07427
lcl|CDHK01000006.1_cds_CEJ58782.1_7778	PMG11_07428
lcl|CDHK01000006.1_cds_CEJ58783.1_7779	PMG11_07429
lcl|CDHK01000006.1_cds_CEJ58784.1_7780	PMG11_07430
lcl|CDHK01000006.1_cds_CEJ58785.1_7781	PMG11_07431
lcl|CDHK01000006.1_cds_CEJ58786.1_7782	PMG11_07432
lcl|CDHK01000006.1_cds_CEJ58787.1_7783	PMG11_07433
lcl|CDHK01000006.1_cds_CEJ58788.1_7784	PMG11_07434
lcl|CDHK01000006.1_cds_CEJ58789.1_7785	PMG11_07435
lcl|CDHK01000006.1_cds_CEJ58790.1_7786	PMG11_07436
lcl|CDHK01000006.1_cds_CEJ58791.1_7787	PMG11_07437
lcl|CDHK01000006.1_cds_CEJ58792.1_7788	PMG11_07438
lcl|CDHK01000006.1_cds_CEJ58793.1_7789	PMG11_07439
lcl|CDHK01000006.1_cds_CEJ58794.1_7790	PMG11_07440
lcl|CDHK01000006.1_cds_CEJ58795.1_7791	PMG11_07441
lcl|CDHK01000006.1_cds_CEJ58796.1_7792	PMG11_07442
lcl|CDHK01000006.1_cds_CEJ58797.1_7793	PMG11_07443
lcl|CDHK01000006.1_cds_CEJ58798.1_7794	PMG11_07444
lcl|CDHK01000006.1_cds_CEJ58799.1_7795	PMG11_07445
lcl|CDHK01000006.1_cds_CEJ58800.1_7796	PMG11_07446
lcl|CDHK01000006.1_cds_CEJ58801.1_7797	PMG11_07447
lcl|CDHK01000006.1_cds_CEJ58802.1_7798	PMG11_07448
lcl|CDHK01000006.1_cds_CEJ58803.1_7799	PMG11_07449
lcl|CDHK01000006.1_cds_CEJ58804.1_7800	PMG11_07450
lcl|CDHK01000006.1_cds_CEJ58805.1_7801	PMG11_07451
lcl|CDHK01000006.1_cds_CEJ58806.1_7802	PMG11_07452
lcl|CDHK01000006.1_cds_CEJ58807.1_7803	PMG11_07453
lcl|CDHK01000006.1_cds_CEJ58808.1_7804	PMG11_07454
lcl|CDHK01000006.1_cds_CEJ58809.1_7805	PMG11_07455
lcl|CDHK01000006.1_cds_CEJ58810.1_7806	PMG11_07456
lcl|CDHK01000006.1_cds_CEJ58811.1_7807	PMG11_07457
lcl|CDHK01000006.1_cds_CEJ58812.1_7808	PMG11_07458
lcl|CDHK01000006.1_cds_CEJ58813.1_7809	PMG11_07459
lcl|CDHK01000006.1_cds_CEJ58814.1_7810	PMG11_07460
lcl|CDHK01000006.1_cds_CEJ58815.1_7811	PMG11_07461
lcl|CDHK01000006.1_cds_CEJ58816.1_7812	PMG11_07462
lcl|CDHK01000006.1_cds_CEJ58817.1_7813	PMG11_07463
lcl|CDHK01000006.1_cds_CEJ58818.1_7814	PMG11_07464
lcl|CDHK01000006.1_cds_CEJ58819.1_7815	PMG11_07465
lcl|CDHK01000006.1_cds_CEJ58820.1_7816	PMG11_07466
lcl|CDHK01000006.1_cds_CEJ58821.1_7817	PMG11_07467
lcl|CDHK01000006.1_cds_CEJ58822.1_7818	PMG11_07468
lcl|CDHK01000006.1_cds_CEJ58823.1_7819	PMG11_07469
lcl|CDHK01000006.1_cds_CEJ58824.1_7820	PMG11_07470
lcl|CDHK01000006.1_cds_CEJ58825.1_7821	PMG11_07471
lcl|CDHK01000006.1_cds_CEJ58826.1_7822	PMG11_07472
lcl|CDHK01000006.1_cds_CEJ58827.1_7823	PMG11_07473
lcl|CDHK01000006.1_cds_CEJ58828.1_7824	PMG11_07474
lcl|CDHK01000006.1_cds_CEJ58829.1_7825	PMG11_07475
lcl|CDHK01000006.1_cds_CEJ58830.1_7826	PMG11_07476
lcl|CDHK01000006.1_cds_CEJ58831.1_7827	PMG11_07477
lcl|CDHK01000006.1_cds_CEJ58832.1_7828	PMG11_07478
lcl|CDHK01000006.1_cds_CEJ58833.1_7829	PMG11_07479
lcl|CDHK01000006.1_cds_CEJ58834.1_7830	PMG11_07480
lcl|CDHK01000006.1_cds_CEJ58835.1_7831	PMG11_07481
lcl|CDHK01000006.1_cds_CEJ58836.1_7832	PMG11_07482
lcl|CDHK01000006.1_cds_CEJ58837.1_7833	PMG11_07483
lcl|CDHK01000006.1_cds_CEJ58838.1_7834	PMG11_07484
lcl|CDHK01000006.1_cds_CEJ58839.1_7835	PMG11_07485
lcl|CDHK01000006.1_cds_CEJ58840.1_7836	PMG11_07486
lcl|CDHK01000006.1_cds_CEJ58841.1_7837	PMG11_07487
lcl|CDHK01000006.1_cds_CEJ58842.1_7838	PMG11_07488
lcl|CDHK01000006.1_cds_CEJ58843.1_7839	PMG11_07489
lcl|CDHK01000006.1_cds_CEJ58844.1_7840	PMG11_07490
lcl|CDHK01000006.1_cds_CEJ58845.1_7841	PMG11_07491
lcl|CDHK01000006.1_cds_CEJ58846.1_7842	PMG11_07492
lcl|CDHK01000006.1_cds_CEJ58847.1_7843	PMG11_07493
lcl|CDHK01000006.1_cds_CEJ58848.1_7844	PMG11_07494
lcl|CDHK01000006.1_cds_CEJ58849.1_7845	PMG11_07495
lcl|CDHK01000006.1_cds_CEJ58850.1_7846	PMG11_07496
lcl|CDHK01000006.1_cds_CEJ58851.1_7847	PMG11_07497
lcl|CDHK01000006.1_cds_CEJ58852.1_7848	PMG11_07498
lcl|CDHK01000006.1_cds_CEJ58853.1_7849	PMG11_07499
lcl|CDHK01000006.1_cds_CEJ58854.1_7850	PMG11_07500
lcl|CDHK01000006.1_cds_CEJ58855.1_7851	PMG11_07501
lcl|CDHK01000006.1_cds_CEJ58856.1_7852	PMG11_07502
lcl|CDHK01000006.1_cds_CEJ58857.1_7853	PMG11_07503
lcl|CDHK01000006.1_cds_CEJ58858.1_7854	PMG11_07504
lcl|CDHK01000006.1_cds_CEJ58859.1_7855	PMG11_07505
lcl|CDHK01000006.1_cds_CEJ58860.1_7856	PMG11_07506
lcl|CDHK01000006.1_cds_CEJ58861.1_7857	PMG11_07507
lcl|CDHK01000006.1_cds_CEJ58862.1_7858	PMG11_07508
lcl|CDHK01000006.1_cds_CEJ58863.1_7859	PMG11_07509
lcl|CDHK01000006.1_cds_CEJ58864.1_7860	PMG11_07510
lcl|CDHK01000006.1_cds_CEJ58865.1_7861	PMG11_07511
lcl|CDHK01000006.1_cds_CEJ58866.1_7862	PMG11_07512
lcl|CDHK01000006.1_cds_CEJ58867.1_7863	PMG11_07513
lcl|CDHK01000006.1_cds_CEJ58868.1_7864	PMG11_07514
lcl|CDHK01000006.1_cds_CEJ58869.1_7865	PMG11_07515
lcl|CDHK01000006.1_cds_CEJ58870.1_7866	PMG11_07516
lcl|CDHK01000006.1_cds_CEJ58871.1_7867	PMG11_07517
lcl|CDHK01000006.1_cds_CEJ58872.1_7868	PMG11_07518
lcl|CDHK01000006.1_cds_CEJ58873.1_7869	PMG11_07519
lcl|CDHK01000006.1_cds_CEJ58874.1_7870	PMG11_07520
lcl|CDHK01000006.1_cds_CEJ58875.1_7871	PMG11_07521
lcl|CDHK01000006.1_cds_CEJ58876.1_7872	PMG11_07522
lcl|CDHK01000006.1_cds_CEJ58877.1_7873	PMG11_07523
lcl|CDHK01000006.1_cds_CEJ58878.1_7874	PMG11_07523
lcl|CDHK01000006.1_cds_CEJ58879.1_7875	PMG11_07524
lcl|CDHK01000006.1_cds_CEJ58880.1_7876	PMG11_07525
lcl|CDHK01000006.1_cds_CEJ58881.1_7877	PMG11_07526
lcl|CDHK01000006.1_cds_CEJ58882.1_7878	PMG11_07527
lcl|CDHK01000006.1_cds_CEJ58883.1_7879	PMG11_07528
lcl|CDHK01000006.1_cds_CEJ58884.1_7880	PMG11_07529
lcl|CDHK01000006.1_cds_CEJ58885.1_7881	PMG11_07530
lcl|CDHK01000006.1_cds_CEJ58886.1_7882	PMG11_07531
lcl|CDHK01000006.1_cds_CEJ58887.1_7883	PMG11_07532
lcl|CDHK01000006.1_cds_CEJ58888.1_7884	PMG11_07533
lcl|CDHK01000006.1_cds_CEJ58889.1_7885	PMG11_07534
lcl|CDHK01000006.1_cds_CEJ58890.1_7886	PMG11_07535
lcl|CDHK01000006.1_cds_CEJ58891.1_7887	PMG11_07536
lcl|CDHK01000006.1_cds_CEJ58892.1_7888	PMG11_07537
lcl|CDHK01000006.1_cds_CEJ58893.1_7889	PMG11_07538
lcl|CDHK01000006.1_cds_CEJ58894.1_7890	PMG11_07539
lcl|CDHK01000006.1_cds_CEJ58895.1_7891	PMG11_07540
lcl|CDHK01000006.1_cds_CEJ58896.1_7892	PMG11_07541
lcl|CDHK01000006.1_cds_CEJ58897.1_7893	PMG11_07542
lcl|CDHK01000006.1_cds_CEJ58899.1_7894	PMG11_07543
lcl|CDHK01000006.1_cds_CEJ58898.1_7895	PMG11_07543
lcl|CDHK01000006.1_cds_CEJ58900.1_7896	PMG11_07543
lcl|CDHK01000006.1_cds_CEJ58901.1_7897	PMG11_07544
lcl|CDHK01000006.1_cds_CEJ58902.1_7898	PMG11_07545
lcl|CDHK01000006.1_cds_CEJ58903.1_7899	PMG11_07546
lcl|CDHK01000006.1_cds_CEJ58904.1_7900	PMG11_07547
lcl|CDHK01000006.1_cds_CEJ58905.1_7901	PMG11_07548
lcl|CDHK01000006.1_cds_CEJ58906.1_7902	PMG11_07549
lcl|CDHK01000006.1_cds_CEJ58907.1_7903	PMG11_07550
lcl|CDHK01000006.1_cds_CEJ58908.1_7904	PMG11_07551
lcl|CDHK01000006.1_cds_CEJ58909.1_7905	PMG11_07552
lcl|CDHK01000006.1_cds_CEJ58910.1_7906	PMG11_07553
lcl|CDHK01000006.1_cds_CEJ58911.1_7907	PMG11_07554
lcl|CDHK01000006.1_cds_CEJ58912.1_7908	PMG11_07554
lcl|CDHK01000006.1_cds_CEJ58913.1_7909	PMG11_07555
lcl|CDHK01000006.1_cds_CEJ58914.1_7910	PMG11_07556
lcl|CDHK01000006.1_cds_CEJ58915.1_7911	PMG11_07557
lcl|CDHK01000006.1_cds_CEJ58916.1_7912	PMG11_07558
lcl|CDHK01000006.1_cds_CEJ58917.1_7913	PMG11_07559
lcl|CDHK01000006.1_cds_CEJ58918.1_7914	PMG11_07560
lcl|CDHK01000006.1_cds_CEJ58919.1_7915	PMG11_07561
lcl|CDHK01000006.1_cds_CEJ58920.1_7916	PMG11_07562
lcl|CDHK01000006.1_cds_CEJ58921.1_7917	PMG11_07562
lcl|CDHK01000006.1_cds_CEJ58922.1_7918	PMG11_07563
lcl|CDHK01000006.1_cds_CEJ58923.1_7919	PMG11_07564
lcl|CDHK01000006.1_cds_CEJ58924.1_7920	PMG11_07565
lcl|CDHK01000006.1_cds_CEJ58925.1_7921	PMG11_07565
lcl|CDHK01000006.1_cds_CEJ58926.1_7922	PMG11_07566
lcl|CDHK01000006.1_cds_CEJ58927.1_7923	PMG11_07567
lcl|CDHK01000006.1_cds_CEJ58928.1_7924	PMG11_07568
lcl|CDHK01000006.1_cds_CEJ58929.1_7925	PMG11_07569
lcl|CDHK01000006.1_cds_CEJ58930.1_7926	PMG11_07570
lcl|CDHK01000006.1_cds_CEJ58931.1_7927	PMG11_07571
lcl|CDHK01000006.1_cds_CEJ58932.1_7928	PMG11_07572
lcl|CDHK01000006.1_cds_CEJ58933.1_7929	PMG11_07573
lcl|CDHK01000006.1_cds_CEJ58934.1_7930	PMG11_07574
lcl|CDHK01000006.1_cds_CEJ58935.1_7931	PMG11_07575
lcl|CDHK01000006.1_cds_CEJ58936.1_7932	PMG11_07576
lcl|CDHK01000006.1_cds_CEJ58937.1_7933	PMG11_07577
lcl|CDHK01000006.1_cds_CEJ58938.1_7934	PMG11_07578
lcl|CDHK01000006.1_cds_CEJ58939.1_7935	PMG11_07579
lcl|CDHK01000006.1_cds_CEJ58940.1_7936	PMG11_07580
lcl|CDHK01000006.1_cds_CEJ58941.1_7937	PMG11_07581
lcl|CDHK01000006.1_cds_CEJ58942.1_7938	PMG11_07582
lcl|CDHK01000006.1_cds_CEJ58943.1_7939	PMG11_07583
lcl|CDHK01000006.1_cds_CEJ58944.1_7940	PMG11_07584
lcl|CDHK01000006.1_cds_CEJ58945.1_7941	PMG11_07585
lcl|CDHK01000006.1_cds_CEJ58946.1_7942	PMG11_07586
lcl|CDHK01000006.1_cds_CEJ58947.1_7943	PMG11_07587
lcl|CDHK01000006.1_cds_CEJ58949.1_7944	PMG11_07588
lcl|CDHK01000006.1_cds_CEJ58948.1_7945	PMG11_07588
lcl|CDHK01000006.1_cds_CEJ58950.1_7946	PMG11_07589
lcl|CDHK01000006.1_cds_CEJ58951.1_7947	PMG11_07590
lcl|CDHK01000006.1_cds_CEJ58952.1_7948	PMG11_07591
lcl|CDHK01000006.1_cds_CEJ58953.1_7949	PMG11_07592
lcl|CDHK01000006.1_cds_CEJ58954.1_7950	PMG11_07593
lcl|CDHK01000006.1_cds_CEJ58955.1_7951	PMG11_07594
lcl|CDHK01000006.1_cds_CEJ58956.1_7952	PMG11_07595
lcl|CDHK01000006.1_cds_CEJ58957.1_7953	PMG11_07596
lcl|CDHK01000006.1_cds_CEJ58958.1_7954	PMG11_07597
lcl|CDHK01000006.1_cds_CEJ58959.1_7955	PMG11_07598
lcl|CDHK01000006.1_cds_CEJ58960.1_7956	PMG11_07599
lcl|CDHK01000006.1_cds_CEJ58961.1_7957	PMG11_07600
lcl|CDHK01000006.1_cds_CEJ58962.1_7958	PMG11_07601
lcl|CDHK01000006.1_cds_CEJ58963.1_7959	PMG11_07602
lcl|CDHK01000006.1_cds_CEJ58964.1_7960	PMG11_07603
lcl|CDHK01000006.1_cds_CEJ58966.1_7961	PMG11_07604
lcl|CDHK01000006.1_cds_CEJ58965.1_7962	PMG11_07604
lcl|CDHK01000006.1_cds_CEJ58967.1_7963	PMG11_07605
lcl|CDHK01000006.1_cds_CEJ58968.1_7964	PMG11_07606
lcl|CDHK01000006.1_cds_CEJ58969.1_7965	PMG11_07607
lcl|CDHK01000006.1_cds_CEJ58970.1_7966	PMG11_07609
lcl|CDHK01000006.1_cds_CEJ58971.1_7967	PMG11_07608
lcl|CDHK01000006.1_cds_CEJ58972.1_7968	PMG11_07610
lcl|CDHK01000006.1_cds_CEJ58973.1_7969	PMG11_07611
lcl|CDHK01000006.1_cds_CEJ58974.1_7970	PMG11_07612
lcl|CDHK01000006.1_cds_CEJ58975.1_7971	PMG11_07613
lcl|CDHK01000006.1_cds_CEJ58976.1_7972	PMG11_07614
lcl|CDHK01000006.1_cds_CEJ58977.1_7973	PMG11_07615
lcl|CDHK01000006.1_cds_CEJ58978.1_7974	PMG11_07616
lcl|CDHK01000006.1_cds_CEJ58979.1_7975	PMG11_07617
lcl|CDHK01000006.1_cds_CEJ58980.1_7976	PMG11_07618
lcl|CDHK01000006.1_cds_CEJ58981.1_7977	PMG11_07619
lcl|CDHK01000006.1_cds_CEJ58982.1_7978	PMG11_07620
lcl|CDHK01000006.1_cds_CEJ58983.1_7979	PMG11_07621
lcl|CDHK01000006.1_cds_CEJ58984.1_7980	PMG11_07622
lcl|CDHK01000006.1_cds_CEJ58985.1_7981	PMG11_07623
lcl|CDHK01000006.1_cds_CEJ58986.1_7982	PMG11_07624
lcl|CDHK01000006.1_cds_CEJ58987.1_7983	PMG11_07625
lcl|CDHK01000006.1_cds_CEJ58988.1_7984	PMG11_07626
lcl|CDHK01000006.1_cds_CEJ58989.1_7985	PMG11_07627
lcl|CDHK01000006.1_cds_CEJ58990.1_7986	PMG11_07628
lcl|CDHK01000006.1_cds_CEJ58991.1_7987	PMG11_07629
lcl|CDHK01000006.1_cds_CEJ58992.1_7988	PMG11_07630
lcl|CDHK01000006.1_cds_CEJ58993.1_7989	PMG11_07631
lcl|CDHK01000006.1_cds_CEJ58994.1_7990	PMG11_07632
lcl|CDHK01000006.1_cds_CEJ58995.1_7991	PMG11_07633
lcl|CDHK01000006.1_cds_CEJ58996.1_7992	PMG11_07634
lcl|CDHK01000006.1_cds_CEJ58997.1_7993	PMG11_07635
lcl|CDHK01000006.1_cds_CEJ58998.1_7994	PMG11_07636
lcl|CDHK01000006.1_cds_CEJ58999.1_7995	PMG11_07637
lcl|CDHK01000006.1_cds_CEJ59000.1_7996	PMG11_07638
lcl|CDHK01000006.1_cds_CEJ59001.1_7997	PMG11_07639
lcl|CDHK01000006.1_cds_CEJ59002.1_7998	PMG11_07640
lcl|CDHK01000006.1_cds_CEJ59003.1_7999	PMG11_07641
lcl|CDHK01000006.1_cds_CEJ59004.1_8000	PMG11_07642
lcl|CDHK01000006.1_cds_CEJ59005.1_8001	PMG11_07643
lcl|CDHK01000006.1_cds_CEJ59006.1_8002	PMG11_07644
lcl|CDHK01000006.1_cds_CEJ59007.1_8003	PMG11_07645
lcl|CDHK01000006.1_cds_CEJ59008.1_8004	PMG11_07646
lcl|CDHK01000006.1_cds_CEJ59009.1_8005	PMG11_07647
lcl|CDHK01000006.1_cds_CEJ59010.1_8006	PMG11_07648
lcl|CDHK01000006.1_cds_CEJ59011.1_8007	PMG11_07649
lcl|CDHK01000006.1_cds_CEJ59012.1_8008	PMG11_07650
lcl|CDHK01000006.1_cds_CEJ59013.1_8009	PMG11_07651
lcl|CDHK01000006.1_cds_CEJ59014.1_8010	PMG11_07652
lcl|CDHK01000006.1_cds_CEJ59015.1_8011	PMG11_07653
lcl|CDHK01000006.1_cds_CEJ59017.1_8012	PMG11_07654
lcl|CDHK01000006.1_cds_CEJ59016.1_8013	PMG11_07654
lcl|CDHK01000006.1_cds_CEJ59018.1_8014	PMG11_07655
lcl|CDHK01000006.1_cds_CEJ59019.1_8015	PMG11_07656
lcl|CDHK01000006.1_cds_CEJ59020.1_8016	PMG11_07657
lcl|CDHK01000006.1_cds_CEJ59021.1_8017	PMG11_07658
lcl|CDHK01000006.1_cds_CEJ59022.1_8018	PMG11_07659
lcl|CDHK01000006.1_cds_CEJ59023.1_8019	PMG11_07660
lcl|CDHK01000006.1_cds_CEJ59024.1_8020	PMG11_07661
lcl|CDHK01000006.1_cds_CEJ59025.1_8021	PMG11_07662
lcl|CDHK01000006.1_cds_CEJ59026.1_8022	PMG11_07663
lcl|CDHK01000006.1_cds_CEJ59027.1_8023	PMG11_07664
lcl|CDHK01000006.1_cds_CEJ59028.1_8024	PMG11_07665
lcl|CDHK01000006.1_cds_CEJ59029.1_8025	PMG11_07666
lcl|CDHK01000006.1_cds_CEJ59030.1_8026	PMG11_07667
lcl|CDHK01000006.1_cds_CEJ59031.1_8027	PMG11_07668
lcl|CDHK01000006.1_cds_CEJ59032.1_8028	PMG11_07669
lcl|CDHK01000006.1_cds_CEJ59033.1_8029	PMG11_07670
lcl|CDHK01000006.1_cds_CEJ59034.1_8030	PMG11_07671
lcl|CDHK01000006.1_cds_CEJ59035.1_8031	PMG11_07672
lcl|CDHK01000006.1_cds_CEJ59036.1_8032	PMG11_07673
lcl|CDHK01000006.1_cds_CEJ59037.1_8033	PMG11_07674
lcl|CDHK01000006.1_cds_CEJ59038.1_8034	PMG11_07675
lcl|CDHK01000006.1_cds_CEJ59039.1_8035	PMG11_07677
lcl|CDHK01000006.1_cds_CEJ59040.1_8036	PMG11_07676
lcl|CDHK01000006.1_cds_CEJ59041.1_8037	PMG11_07678
lcl|CDHK01000006.1_cds_CEJ59042.1_8038	PMG11_07679
lcl|CDHK01000006.1_cds_CEJ59043.1_8039	PMG11_07680
lcl|CDHK01000006.1_cds_CEJ59044.1_8040	PMG11_07681
lcl|CDHK01000006.1_cds_CEJ59045.1_8041	PMG11_07682
lcl|CDHK01000006.1_cds_CEJ59046.1_8042	PMG11_07682
lcl|CDHK01000006.1_cds_CEJ59047.1_8043	PMG11_07683
lcl|CDHK01000006.1_cds_CEJ59048.1_8044	PMG11_07684
lcl|CDHK01000006.1_cds_CEJ59049.1_8045	PMG11_07685
lcl|CDHK01000006.1_cds_CEJ59050.1_8046	PMG11_07686
lcl|CDHK01000006.1_cds_CEJ59051.1_8047	PMG11_07687
lcl|CDHK01000006.1_cds_CEJ59052.1_8048	PMG11_07688
lcl|CDHK01000006.1_cds_CEJ59053.1_8049	PMG11_07689
lcl|CDHK01000006.1_cds_CEJ59054.1_8050	PMG11_07690
lcl|CDHK01000006.1_cds_CEJ59055.1_8051	PMG11_07691
lcl|CDHK01000006.1_cds_CEJ59056.1_8052	PMG11_07692
lcl|CDHK01000006.1_cds_CEJ59057.1_8053	PMG11_07693
lcl|CDHK01000007.1_cds_CEJ59058.1_8054	PMG11_07694
lcl|CDHK01000007.1_cds_CEJ59059.1_8055	PMG11_07695
lcl|CDHK01000007.1_cds_CEJ59060.1_8056	PMG11_07696
lcl|CDHK01000007.1_cds_CEJ59061.1_8057	PMG11_07697
lcl|CDHK01000007.1_cds_CEJ59062.1_8058	PMG11_07698
lcl|CDHK01000007.1_cds_CEJ59063.1_8059	PMG11_07699
lcl|CDHK01000007.1_cds_CEJ59064.1_8060	PMG11_07700
lcl|CDHK01000007.1_cds_CEJ59065.1_8061	PMG11_07701
lcl|CDHK01000007.1_cds_CEJ59066.1_8062	PMG11_07702
lcl|CDHK01000007.1_cds_CEJ59067.1_8063	PMG11_07703
lcl|CDHK01000007.1_cds_CEJ59068.1_8064	PMG11_07704
lcl|CDHK01000007.1_cds_CEJ59069.1_8065	PMG11_07705
lcl|CDHK01000007.1_cds_CEJ59070.1_8066	PMG11_07706
lcl|CDHK01000007.1_cds_CEJ59071.1_8067	PMG11_07707
lcl|CDHK01000007.1_cds_CEJ59072.1_8068	PMG11_07708
lcl|CDHK01000007.1_cds_CEJ59073.1_8069	PMG11_07709
lcl|CDHK01000007.1_cds_CEJ59074.1_8070	PMG11_07710
lcl|CDHK01000007.1_cds_CEJ59075.1_8071	PMG11_07711
lcl|CDHK01000007.1_cds_CEJ59076.1_8072	PMG11_07712
lcl|CDHK01000007.1_cds_CEJ59077.1_8073	PMG11_07714
lcl|CDHK01000007.1_cds_CEJ59078.1_8074	PMG11_07713
lcl|CDHK01000007.1_cds_CEJ59079.1_8075	PMG11_07715
lcl|CDHK01000007.1_cds_CEJ59080.1_8076	PMG11_07716
lcl|CDHK01000007.1_cds_CEJ59081.1_8077	PMG11_07717
lcl|CDHK01000007.1_cds_CEJ59082.1_8078	PMG11_07718
lcl|CDHK01000007.1_cds_CEJ59083.1_8079	PMG11_07719
lcl|CDHK01000007.1_cds_CEJ59084.1_8080	PMG11_07720
lcl|CDHK01000007.1_cds_CEJ59085.1_8081	PMG11_07721
lcl|CDHK01000007.1_cds_CEJ59086.1_8082	PMG11_07722
lcl|CDHK01000007.1_cds_CEJ59087.1_8083	PMG11_07723
lcl|CDHK01000007.1_cds_CEJ59088.1_8084	PMG11_07724
lcl|CDHK01000007.1_cds_CEJ59089.1_8085	PMG11_07725
lcl|CDHK01000007.1_cds_CEJ59090.1_8086	PMG11_07726
lcl|CDHK01000007.1_cds_CEJ59091.1_8087	PMG11_07727
lcl|CDHK01000007.1_cds_CEJ59092.1_8088	PMG11_07728
lcl|CDHK01000007.1_cds_CEJ59093.1_8089	PMG11_07729
lcl|CDHK01000007.1_cds_CEJ59094.1_8090	PMG11_07730
lcl|CDHK01000007.1_cds_CEJ59095.1_8091	PMG11_07731
lcl|CDHK01000007.1_cds_CEJ59096.1_8092	PMG11_07732
lcl|CDHK01000007.1_cds_CEJ59097.1_8093	PMG11_07733
lcl|CDHK01000007.1_cds_CEJ59098.1_8094	PMG11_07734
lcl|CDHK01000007.1_cds_CEJ59099.1_8095	PMG11_07735
lcl|CDHK01000007.1_cds_CEJ59100.1_8096	PMG11_07736
lcl|CDHK01000007.1_cds_CEJ59101.1_8097	PMG11_07737
lcl|CDHK01000007.1_cds_CEJ59102.1_8098	PMG11_07738
lcl|CDHK01000007.1_cds_CEJ59103.1_8099	PMG11_07739
lcl|CDHK01000007.1_cds_CEJ59104.1_8100	PMG11_07740
lcl|CDHK01000007.1_cds_CEJ59105.1_8101	PMG11_07741
lcl|CDHK01000007.1_cds_CEJ59106.1_8102	PMG11_07742
lcl|CDHK01000007.1_cds_CEJ59107.1_8103	PMG11_07743
lcl|CDHK01000007.1_cds_CEJ59108.1_8104	PMG11_07744
lcl|CDHK01000007.1_cds_CEJ59109.1_8105	PMG11_07745
lcl|CDHK01000007.1_cds_CEJ59110.1_8106	PMG11_07746
lcl|CDHK01000007.1_cds_CEJ59111.1_8107	PMG11_07747
lcl|CDHK01000007.1_cds_CEJ59112.1_8108	PMG11_07748
lcl|CDHK01000007.1_cds_CEJ59113.1_8109	PMG11_07749
lcl|CDHK01000007.1_cds_CEJ59114.1_8110	PMG11_07750
lcl|CDHK01000007.1_cds_CEJ59115.1_8111	PMG11_07751
lcl|CDHK01000007.1_cds_CEJ59116.1_8112	PMG11_07752
lcl|CDHK01000007.1_cds_CEJ59117.1_8113	PMG11_07752
lcl|CDHK01000007.1_cds_CEJ59118.1_8114	PMG11_07753
lcl|CDHK01000007.1_cds_CEJ59119.1_8115	PMG11_07754
lcl|CDHK01000007.1_cds_CEJ59120.1_8116	PMG11_07755
lcl|CDHK01000007.1_cds_CEJ59121.1_8117	PMG11_07756
lcl|CDHK01000007.1_cds_CEJ59122.1_8118	PMG11_07757
lcl|CDHK01000007.1_cds_CEJ59123.1_8119	PMG11_07758
lcl|CDHK01000007.1_cds_CEJ59124.1_8120	PMG11_07759
lcl|CDHK01000007.1_cds_CEJ59125.1_8121	PMG11_07760
lcl|CDHK01000007.1_cds_CEJ59126.1_8122	PMG11_07761
lcl|CDHK01000007.1_cds_CEJ59127.1_8123	PMG11_07762
lcl|CDHK01000007.1_cds_CEJ59128.1_8124	PMG11_07763
lcl|CDHK01000007.1_cds_CEJ59129.1_8125	PMG11_07764
lcl|CDHK01000007.1_cds_CEJ59130.1_8126	PMG11_07765
lcl|CDHK01000007.1_cds_CEJ59131.1_8127	PMG11_07766
lcl|CDHK01000007.1_cds_CEJ59132.1_8128	PMG11_07767
lcl|CDHK01000007.1_cds_CEJ59133.1_8129	PMG11_07769
lcl|CDHK01000007.1_cds_CEJ59134.1_8130	PMG11_07768
lcl|CDHK01000007.1_cds_CEJ59135.1_8131	PMG11_07770
lcl|CDHK01000007.1_cds_CEJ59136.1_8132	PMG11_07771
lcl|CDHK01000007.1_cds_CEJ59137.1_8133	PMG11_07772
lcl|CDHK01000007.1_cds_CEJ59138.1_8134	PMG11_07773
lcl|CDHK01000007.1_cds_CEJ59139.1_8135	PMG11_07774
lcl|CDHK01000007.1_cds_CEJ59140.1_8136	PMG11_07775
lcl|CDHK01000007.1_cds_CEJ59141.1_8137	PMG11_07776
lcl|CDHK01000007.1_cds_CEJ59142.1_8138	PMG11_07777
lcl|CDHK01000007.1_cds_CEJ59143.1_8139	PMG11_07778
lcl|CDHK01000007.1_cds_CEJ59144.1_8140	PMG11_07779
lcl|CDHK01000007.1_cds_CEJ59145.1_8141	PMG11_07780
lcl|CDHK01000007.1_cds_CEJ59146.1_8142	PMG11_07781
lcl|CDHK01000007.1_cds_CEJ59147.1_8143	PMG11_07782
lcl|CDHK01000007.1_cds_CEJ59148.1_8144	PMG11_07783
lcl|CDHK01000007.1_cds_CEJ59149.1_8145	PMG11_07784
lcl|CDHK01000007.1_cds_CEJ59150.1_8146	PMG11_07785
lcl|CDHK01000007.1_cds_CEJ59151.1_8147	PMG11_07786
lcl|CDHK01000007.1_cds_CEJ59152.1_8148	PMG11_07787
lcl|CDHK01000007.1_cds_CEJ59153.1_8149	PMG11_07788
lcl|CDHK01000007.1_cds_CEJ59154.1_8150	PMG11_07789
lcl|CDHK01000007.1_cds_CEJ59155.1_8151	PMG11_07790
lcl|CDHK01000007.1_cds_CEJ59156.1_8152	PMG11_07791
lcl|CDHK01000007.1_cds_CEJ59157.1_8153	PMG11_07793
lcl|CDHK01000007.1_cds_CEJ59158.1_8154	PMG11_07792
lcl|CDHK01000007.1_cds_CEJ59159.1_8155	PMG11_07794
lcl|CDHK01000007.1_cds_CEJ59160.1_8156	PMG11_07795
lcl|CDHK01000007.1_cds_CEJ59161.1_8157	PMG11_07796
lcl|CDHK01000007.1_cds_CEJ59162.1_8158	PMG11_07797
lcl|CDHK01000007.1_cds_CEJ59163.1_8159	PMG11_07798
lcl|CDHK01000007.1_cds_CEJ59164.1_8160	PMG11_07799
lcl|CDHK01000007.1_cds_CEJ59165.1_8161	PMG11_07800
lcl|CDHK01000007.1_cds_CEJ59166.1_8162	PMG11_07801
lcl|CDHK01000007.1_cds_CEJ59167.1_8163	PMG11_07802
lcl|CDHK01000007.1_cds_CEJ59168.1_8164	PMG11_07803
lcl|CDHK01000007.1_cds_CEJ59169.1_8165	PMG11_07804
lcl|CDHK01000007.1_cds_CEJ59170.1_8166	PMG11_07804
lcl|CDHK01000007.1_cds_CEJ59171.1_8167	PMG11_07805
lcl|CDHK01000007.1_cds_CEJ59172.1_8168	PMG11_07806
lcl|CDHK01000007.1_cds_CEJ59173.1_8169	PMG11_07807
lcl|CDHK01000007.1_cds_CEJ59174.1_8170	PMG11_07808
lcl|CDHK01000007.1_cds_CEJ59175.1_8171	PMG11_07809
lcl|CDHK01000007.1_cds_CEJ59176.1_8172	PMG11_07810
lcl|CDHK01000007.1_cds_CEJ59177.1_8173	PMG11_07811
lcl|CDHK01000007.1_cds_CEJ59178.1_8174	PMG11_07812
lcl|CDHK01000007.1_cds_CEJ59179.1_8175	PMG11_07813
lcl|CDHK01000007.1_cds_CEJ59180.1_8176	PMG11_07814
lcl|CDHK01000007.1_cds_CEJ59181.1_8177	PMG11_07815
lcl|CDHK01000007.1_cds_CEJ59182.1_8178	PMG11_07815
lcl|CDHK01000007.1_cds_CEJ59183.1_8179	PMG11_07816
lcl|CDHK01000007.1_cds_CEJ59184.1_8180	PMG11_07817
lcl|CDHK01000007.1_cds_CEJ59185.1_8181	PMG11_07818
lcl|CDHK01000007.1_cds_CEJ59186.1_8182	PMG11_07819
lcl|CDHK01000007.1_cds_CEJ59187.1_8183	PMG11_07820
lcl|CDHK01000007.1_cds_CEJ59188.1_8184	PMG11_07821
lcl|CDHK01000007.1_cds_CEJ59189.1_8185	PMG11_07822
lcl|CDHK01000007.1_cds_CEJ59190.1_8186	PMG11_07823
lcl|CDHK01000007.1_cds_CEJ59191.1_8187	PMG11_07824
lcl|CDHK01000007.1_cds_CEJ59192.1_8188	PMG11_07825
lcl|CDHK01000007.1_cds_CEJ59193.1_8189	PMG11_07827
lcl|CDHK01000007.1_cds_CEJ59194.1_8190	PMG11_07826
lcl|CDHK01000007.1_cds_CEJ59195.1_8191	PMG11_07828
lcl|CDHK01000007.1_cds_CEJ59196.1_8192	PMG11_07829
lcl|CDHK01000007.1_cds_CEJ59197.1_8193	PMG11_07830
lcl|CDHK01000007.1_cds_CEJ59198.1_8194	PMG11_07830
lcl|CDHK01000007.1_cds_CEJ59199.1_8195	PMG11_07831
lcl|CDHK01000007.1_cds_CEJ59200.1_8196	PMG11_07832
lcl|CDHK01000007.1_cds_CEJ59201.1_8197	PMG11_07833
lcl|CDHK01000007.1_cds_CEJ59202.1_8198	PMG11_07834
lcl|CDHK01000007.1_cds_CEJ59203.1_8199	PMG11_07835
lcl|CDHK01000007.1_cds_CEJ59204.1_8200	PMG11_07836
lcl|CDHK01000007.1_cds_CEJ59206.1_8201	PMG11_07837
lcl|CDHK01000007.1_cds_CEJ59205.1_8202	PMG11_07837
lcl|CDHK01000007.1_cds_CEJ59207.1_8203	PMG11_07838
lcl|CDHK01000007.1_cds_CEJ59208.1_8204	PMG11_07839
lcl|CDHK01000007.1_cds_CEJ59209.1_8205	PMG11_07840
lcl|CDHK01000007.1_cds_CEJ59210.1_8206	PMG11_07841
lcl|CDHK01000007.1_cds_CEJ59211.1_8207	PMG11_07842
lcl|CDHK01000007.1_cds_CEJ59212.1_8208	PMG11_07843
lcl|CDHK01000007.1_cds_CEJ59213.1_8209	PMG11_07844
lcl|CDHK01000007.1_cds_CEJ59214.1_8210	PMG11_07845
lcl|CDHK01000007.1_cds_CEJ59215.1_8211	PMG11_07846
lcl|CDHK01000007.1_cds_CEJ59216.1_8212	PMG11_07847
lcl|CDHK01000007.1_cds_CEJ59217.1_8213	PMG11_07848
lcl|CDHK01000007.1_cds_CEJ59218.1_8214	PMG11_07849
lcl|CDHK01000007.1_cds_CEJ59219.1_8215	PMG11_07850
lcl|CDHK01000007.1_cds_CEJ59220.1_8216	PMG11_07851
lcl|CDHK01000007.1_cds_CEJ59221.1_8217	PMG11_07852
lcl|CDHK01000007.1_cds_CEJ59222.1_8218	PMG11_07853
lcl|CDHK01000007.1_cds_CEJ59223.1_8219	PMG11_07854
lcl|CDHK01000007.1_cds_CEJ59224.1_8220	PMG11_07855
lcl|CDHK01000007.1_cds_CEJ59225.1_8221	PMG11_07856
lcl|CDHK01000007.1_cds_CEJ59226.1_8222	PMG11_07857
lcl|CDHK01000007.1_cds_CEJ59227.1_8223	PMG11_07858
lcl|CDHK01000007.1_cds_CEJ59228.1_8224	PMG11_07859
lcl|CDHK01000007.1_cds_CEJ59229.1_8225	PMG11_07860
lcl|CDHK01000007.1_cds_CEJ59230.1_8226	PMG11_07861
lcl|CDHK01000007.1_cds_CEJ59231.1_8227	PMG11_07862
lcl|CDHK01000007.1_cds_CEJ59232.1_8228	PMG11_07863
lcl|CDHK01000007.1_cds_CEJ59233.1_8229	PMG11_07864
lcl|CDHK01000007.1_cds_CEJ59234.1_8230	PMG11_07865
lcl|CDHK01000007.1_cds_CEJ59235.1_8231	PMG11_07866
lcl|CDHK01000007.1_cds_CEJ59236.1_8232	PMG11_07868
lcl|CDHK01000007.1_cds_CEJ59237.1_8233	PMG11_07867
lcl|CDHK01000007.1_cds_CEJ59238.1_8234	PMG11_07869
lcl|CDHK01000007.1_cds_CEJ59239.1_8235	PMG11_07870
lcl|CDHK01000007.1_cds_CEJ59240.1_8236	PMG11_07871
lcl|CDHK01000007.1_cds_CEJ59241.1_8237	PMG11_07872
lcl|CDHK01000007.1_cds_CEJ59242.1_8238	PMG11_07873
lcl|CDHK01000007.1_cds_CEJ59243.1_8239	PMG11_07874
lcl|CDHK01000007.1_cds_CEJ59244.1_8240	PMG11_07875
lcl|CDHK01000007.1_cds_CEJ59245.1_8241	PMG11_07876
lcl|CDHK01000007.1_cds_CEJ59246.1_8242	PMG11_07877
lcl|CDHK01000007.1_cds_CEJ59247.1_8243	PMG11_07878
lcl|CDHK01000007.1_cds_CEJ59248.1_8244	PMG11_07879
lcl|CDHK01000007.1_cds_CEJ59249.1_8245	PMG11_07880
lcl|CDHK01000007.1_cds_CEJ59250.1_8246	PMG11_07881
lcl|CDHK01000007.1_cds_CEJ59251.1_8247	PMG11_07882
lcl|CDHK01000007.1_cds_CEJ59252.1_8248	PMG11_07883
lcl|CDHK01000007.1_cds_CEJ59253.1_8249	PMG11_07884
lcl|CDHK01000007.1_cds_CEJ59254.1_8250	PMG11_07885
lcl|CDHK01000007.1_cds_CEJ59255.1_8251	PMG11_07886
lcl|CDHK01000007.1_cds_CEJ59256.1_8252	PMG11_07887
lcl|CDHK01000007.1_cds_CEJ59257.1_8253	PMG11_07888
lcl|CDHK01000007.1_cds_CEJ59258.1_8254	PMG11_07889
lcl|CDHK01000007.1_cds_CEJ59259.1_8255	PMG11_07890
lcl|CDHK01000007.1_cds_CEJ59260.1_8256	PMG11_07891
lcl|CDHK01000007.1_cds_CEJ59261.1_8257	PMG11_07892
lcl|CDHK01000007.1_cds_CEJ59262.1_8258	PMG11_07893
lcl|CDHK01000007.1_cds_CEJ59263.1_8259	PMG11_07894
lcl|CDHK01000007.1_cds_CEJ59264.1_8260	PMG11_07895
lcl|CDHK01000007.1_cds_CEJ59265.1_8261	PMG11_07896
lcl|CDHK01000007.1_cds_CEJ59266.1_8262	PMG11_07897
lcl|CDHK01000007.1_cds_CEJ59267.1_8263	PMG11_07898
lcl|CDHK01000007.1_cds_CEJ59268.1_8264	PMG11_07899
lcl|CDHK01000007.1_cds_CEJ59269.1_8265	PMG11_07900
lcl|CDHK01000007.1_cds_CEJ59270.1_8266	PMG11_07901
lcl|CDHK01000007.1_cds_CEJ59271.1_8267	PMG11_07902
lcl|CDHK01000007.1_cds_CEJ59272.1_8268	PMG11_07903
lcl|CDHK01000007.1_cds_CEJ59273.1_8269	PMG11_07904
lcl|CDHK01000007.1_cds_CEJ59274.1_8270	PMG11_07905
lcl|CDHK01000007.1_cds_CEJ59275.1_8271	PMG11_07906
lcl|CDHK01000007.1_cds_CEJ59276.1_8272	PMG11_07907
lcl|CDHK01000007.1_cds_CEJ59277.1_8273	PMG11_07908
lcl|CDHK01000007.1_cds_CEJ59278.1_8274	PMG11_07909
lcl|CDHK01000007.1_cds_CEJ59279.1_8275	PMG11_07910
lcl|CDHK01000007.1_cds_CEJ59280.1_8276	PMG11_07911
lcl|CDHK01000007.1_cds_CEJ59281.1_8277	PMG11_07912
lcl|CDHK01000007.1_cds_CEJ59282.1_8278	PMG11_07913
lcl|CDHK01000007.1_cds_CEJ59283.1_8279	PMG11_07914
lcl|CDHK01000007.1_cds_CEJ59284.1_8280	PMG11_07915
lcl|CDHK01000007.1_cds_CEJ59285.1_8281	PMG11_07916
lcl|CDHK01000007.1_cds_CEJ59286.1_8282	PMG11_07917
lcl|CDHK01000007.1_cds_CEJ59287.1_8283	PMG11_07918
lcl|CDHK01000007.1_cds_CEJ59288.1_8284	PMG11_07919
lcl|CDHK01000007.1_cds_CEJ59289.1_8285	PMG11_07920
lcl|CDHK01000007.1_cds_CEJ59290.1_8286	PMG11_07921
lcl|CDHK01000007.1_cds_CEJ59291.1_8287	PMG11_07922
lcl|CDHK01000007.1_cds_CEJ59292.1_8288	PMG11_07922
lcl|CDHK01000007.1_cds_CEJ59293.1_8289	PMG11_07923
lcl|CDHK01000007.1_cds_CEJ59294.1_8290	PMG11_07924
lcl|CDHK01000007.1_cds_CEJ59295.1_8291	PMG11_07925
lcl|CDHK01000007.1_cds_CEJ59296.1_8292	PMG11_07926
lcl|CDHK01000007.1_cds_CEJ59297.1_8293	PMG11_07927
lcl|CDHK01000007.1_cds_CEJ59298.1_8294	PMG11_07928
lcl|CDHK01000007.1_cds_CEJ59299.1_8295	PMG11_07929
lcl|CDHK01000007.1_cds_CEJ59300.1_8296	PMG11_07930
lcl|CDHK01000007.1_cds_CEJ59301.1_8297	PMG11_07931
lcl|CDHK01000007.1_cds_CEJ59302.1_8298	PMG11_07932
lcl|CDHK01000007.1_cds_CEJ59303.1_8299	PMG11_07932
lcl|CDHK01000007.1_cds_CEJ59304.1_8300	PMG11_07933
lcl|CDHK01000007.1_cds_CEJ59305.1_8301	PMG11_07934
lcl|CDHK01000007.1_cds_CEJ59306.1_8302	PMG11_07934
lcl|CDHK01000007.1_cds_CEJ59307.1_8303	PMG11_07935
lcl|CDHK01000007.1_cds_CEJ59308.1_8304	PMG11_07936
lcl|CDHK01000007.1_cds_CEJ59309.1_8305	PMG11_07937
lcl|CDHK01000007.1_cds_CEJ59310.1_8306	PMG11_07938
lcl|CDHK01000007.1_cds_CEJ59311.1_8307	PMG11_07939
lcl|CDHK01000007.1_cds_CEJ59312.1_8308	PMG11_07940
lcl|CDHK01000007.1_cds_CEJ59313.1_8309	PMG11_07941
lcl|CDHK01000007.1_cds_CEJ59314.1_8310	PMG11_07942
lcl|CDHK01000007.1_cds_CEJ59315.1_8311	PMG11_07943
lcl|CDHK01000007.1_cds_CEJ59316.1_8312	PMG11_07944
lcl|CDHK01000007.1_cds_CEJ59317.1_8313	PMG11_07945
lcl|CDHK01000007.1_cds_CEJ59318.1_8314	PMG11_07946
lcl|CDHK01000007.1_cds_CEJ59319.1_8315	PMG11_07947
lcl|CDHK01000007.1_cds_CEJ59320.1_8316	PMG11_07949
lcl|CDHK01000007.1_cds_CEJ59321.1_8317	PMG11_07948
lcl|CDHK01000007.1_cds_CEJ59322.1_8318	PMG11_07950
lcl|CDHK01000007.1_cds_CEJ59323.1_8319	PMG11_07951
lcl|CDHK01000007.1_cds_CEJ59324.1_8320	PMG11_07952
lcl|CDHK01000007.1_cds_CEJ59325.1_8321	PMG11_07953
lcl|CDHK01000007.1_cds_CEJ59326.1_8322	PMG11_07954
lcl|CDHK01000007.1_cds_CEJ59327.1_8323	PMG11_07955
lcl|CDHK01000007.1_cds_CEJ59328.1_8324	PMG11_07956
lcl|CDHK01000007.1_cds_CEJ59329.1_8325	PMG11_07958
lcl|CDHK01000007.1_cds_CEJ59330.1_8326	PMG11_07957
lcl|CDHK01000007.1_cds_CEJ59331.1_8327	PMG11_07959
lcl|CDHK01000007.1_cds_CEJ59332.1_8328	PMG11_07960
lcl|CDHK01000007.1_cds_CEJ59333.1_8329	PMG11_07961
lcl|CDHK01000007.1_cds_CEJ59334.1_8330	PMG11_07962
lcl|CDHK01000007.1_cds_CEJ59335.1_8331	PMG11_07963
lcl|CDHK01000007.1_cds_CEJ59336.1_8332	PMG11_07964
lcl|CDHK01000007.1_cds_CEJ59337.1_8333	PMG11_07965
lcl|CDHK01000007.1_cds_CEJ59338.1_8334	PMG11_07966
lcl|CDHK01000007.1_cds_CEJ59339.1_8335	PMG11_07967
lcl|CDHK01000007.1_cds_CEJ59340.1_8336	PMG11_07968
lcl|CDHK01000007.1_cds_CEJ59341.1_8337	PMG11_07969
lcl|CDHK01000007.1_cds_CEJ59342.1_8338	PMG11_07970
lcl|CDHK01000007.1_cds_CEJ59343.1_8339	PMG11_07971
lcl|CDHK01000007.1_cds_CEJ59344.1_8340	PMG11_07972
lcl|CDHK01000007.1_cds_CEJ59345.1_8341	PMG11_07973
lcl|CDHK01000007.1_cds_CEJ59346.1_8342	PMG11_07974
lcl|CDHK01000007.1_cds_CEJ59347.1_8343	PMG11_07975
lcl|CDHK01000007.1_cds_CEJ59348.1_8344	PMG11_07976
lcl|CDHK01000007.1_cds_CEJ59349.1_8345	PMG11_07977
lcl|CDHK01000007.1_cds_CEJ59350.1_8346	PMG11_07978
lcl|CDHK01000007.1_cds_CEJ59351.1_8347	PMG11_07979
lcl|CDHK01000007.1_cds_CEJ59352.1_8348	PMG11_07979
lcl|CDHK01000007.1_cds_CEJ59353.1_8349	PMG11_07980
lcl|CDHK01000007.1_cds_CEJ59354.1_8350	PMG11_07981
lcl|CDHK01000007.1_cds_CEJ59355.1_8351	PMG11_07982
lcl|CDHK01000007.1_cds_CEJ59356.1_8352	PMG11_07983
lcl|CDHK01000007.1_cds_CEJ59357.1_8353	PMG11_07984
lcl|CDHK01000007.1_cds_CEJ59358.1_8354	PMG11_07984
lcl|CDHK01000007.1_cds_CEJ59359.1_8355	PMG11_07985
lcl|CDHK01000007.1_cds_CEJ59360.1_8356	PMG11_07987
lcl|CDHK01000007.1_cds_CEJ59361.1_8357	PMG11_07986
lcl|CDHK01000007.1_cds_CEJ59362.1_8358	PMG11_07986
lcl|CDHK01000007.1_cds_CEJ59363.1_8359	PMG11_07988
lcl|CDHK01000007.1_cds_CEJ59364.1_8360	PMG11_07990
lcl|CDHK01000007.1_cds_CEJ59365.1_8361	PMG11_07989
lcl|CDHK01000007.1_cds_CEJ59366.1_8362	PMG11_07991
lcl|CDHK01000007.1_cds_CEJ59367.1_8363	PMG11_07992
lcl|CDHK01000007.1_cds_CEJ59368.1_8364	PMG11_07993
lcl|CDHK01000007.1_cds_CEJ59369.1_8365	PMG11_07995
lcl|CDHK01000007.1_cds_CEJ59370.1_8366	PMG11_07994
lcl|CDHK01000007.1_cds_CEJ59371.1_8367	PMG11_07996
lcl|CDHK01000007.1_cds_CEJ59372.1_8368	PMG11_07997
lcl|CDHK01000007.1_cds_CEJ59373.1_8369	PMG11_07998
lcl|CDHK01000007.1_cds_CEJ59374.1_8370	PMG11_07999
lcl|CDHK01000007.1_cds_CEJ59375.1_8371	PMG11_08000
lcl|CDHK01000007.1_cds_CEJ59376.1_8372	PMG11_08001
lcl|CDHK01000007.1_cds_CEJ59377.1_8373	PMG11_08002
lcl|CDHK01000007.1_cds_CEJ59378.1_8374	PMG11_08003
lcl|CDHK01000007.1_cds_CEJ59379.1_8375	PMG11_08004
lcl|CDHK01000007.1_cds_CEJ59380.1_8376	PMG11_08005
lcl|CDHK01000007.1_cds_CEJ59381.1_8377	PMG11_08006
lcl|CDHK01000007.1_cds_CEJ59382.1_8378	PMG11_08007
lcl|CDHK01000007.1_cds_CEJ59383.1_8379	PMG11_08008
lcl|CDHK01000007.1_cds_CEJ59384.1_8380	PMG11_08009
lcl|CDHK01000007.1_cds_CEJ59385.1_8381	PMG11_08010
lcl|CDHK01000007.1_cds_CEJ59386.1_8382	PMG11_08011
lcl|CDHK01000007.1_cds_CEJ59387.1_8383	PMG11_08012
lcl|CDHK01000007.1_cds_CEJ59388.1_8384	PMG11_08013
lcl|CDHK01000007.1_cds_CEJ59389.1_8385	PMG11_08014
lcl|CDHK01000007.1_cds_CEJ59390.1_8386	PMG11_08015
lcl|CDHK01000007.1_cds_CEJ59391.1_8387	PMG11_08016
lcl|CDHK01000007.1_cds_CEJ59392.1_8388	PMG11_08017
lcl|CDHK01000007.1_cds_CEJ59393.1_8389	PMG11_08018
lcl|CDHK01000007.1_cds_CEJ59394.1_8390	PMG11_08019
lcl|CDHK01000007.1_cds_CEJ59395.1_8391	PMG11_08020
lcl|CDHK01000007.1_cds_CEJ59396.1_8392	PMG11_08021
lcl|CDHK01000007.1_cds_CEJ59397.1_8393	PMG11_08022
lcl|CDHK01000007.1_cds_CEJ59398.1_8394	PMG11_08023
lcl|CDHK01000007.1_cds_CEJ59399.1_8395	PMG11_08024
lcl|CDHK01000007.1_cds_CEJ59400.1_8396	PMG11_08025
lcl|CDHK01000007.1_cds_CEJ59401.1_8397	PMG11_08026
lcl|CDHK01000007.1_cds_CEJ59402.1_8398	PMG11_08027
lcl|CDHK01000007.1_cds_CEJ59403.1_8399	PMG11_08028
lcl|CDHK01000007.1_cds_CEJ59404.1_8400	PMG11_08029
lcl|CDHK01000007.1_cds_CEJ59405.1_8401	PMG11_08030
lcl|CDHK01000007.1_cds_CEJ59406.1_8402	PMG11_08031
lcl|CDHK01000007.1_cds_CEJ59407.1_8403	PMG11_08032
lcl|CDHK01000007.1_cds_CEJ59408.1_8404	PMG11_08033
lcl|CDHK01000007.1_cds_CEJ59409.1_8405	PMG11_08034
lcl|CDHK01000007.1_cds_CEJ59410.1_8406	PMG11_08035
lcl|CDHK01000007.1_cds_CEJ59411.1_8407	PMG11_08036
lcl|CDHK01000007.1_cds_CEJ59412.1_8408	PMG11_08037
lcl|CDHK01000007.1_cds_CEJ59413.1_8409	PMG11_08038
lcl|CDHK01000007.1_cds_CEJ59414.1_8410	PMG11_08039
lcl|CDHK01000007.1_cds_CEJ59415.1_8411	PMG11_08040
lcl|CDHK01000007.1_cds_CEJ59416.1_8412	PMG11_08041
lcl|CDHK01000007.1_cds_CEJ59417.1_8413	PMG11_08042
lcl|CDHK01000007.1_cds_CEJ59418.1_8414	PMG11_08043
lcl|CDHK01000007.1_cds_CEJ59419.1_8415	PMG11_08044
lcl|CDHK01000007.1_cds_CEJ59420.1_8416	PMG11_08045
lcl|CDHK01000007.1_cds_CEJ59421.1_8417	PMG11_08046
lcl|CDHK01000007.1_cds_CEJ59422.1_8418	PMG11_08047
lcl|CDHK01000007.1_cds_CEJ59423.1_8419	PMG11_08048
lcl|CDHK01000007.1_cds_CEJ59424.1_8420	PMG11_08049
lcl|CDHK01000007.1_cds_CEJ59425.1_8421	PMG11_08050
lcl|CDHK01000007.1_cds_CEJ59426.1_8422	PMG11_08051
lcl|CDHK01000007.1_cds_CEJ59427.1_8423	PMG11_08052
lcl|CDHK01000007.1_cds_CEJ59428.1_8424	PMG11_08053
lcl|CDHK01000007.1_cds_CEJ59429.1_8425	PMG11_08054
lcl|CDHK01000007.1_cds_CEJ59430.1_8426	PMG11_08055
lcl|CDHK01000007.1_cds_CEJ59431.1_8427	PMG11_08056
lcl|CDHK01000007.1_cds_CEJ59432.1_8428	PMG11_08057
lcl|CDHK01000007.1_cds_CEJ59433.1_8429	PMG11_08058
lcl|CDHK01000007.1_cds_CEJ59434.1_8430	PMG11_08059
lcl|CDHK01000007.1_cds_CEJ59435.1_8431	PMG11_08060
lcl|CDHK01000007.1_cds_CEJ59436.1_8432	PMG11_08061
lcl|CDHK01000007.1_cds_CEJ59437.1_8433	PMG11_08062
lcl|CDHK01000007.1_cds_CEJ59438.1_8434	PMG11_08063
lcl|CDHK01000007.1_cds_CEJ59439.1_8435	PMG11_08064
lcl|CDHK01000007.1_cds_CEJ59440.1_8436	PMG11_08065
lcl|CDHK01000007.1_cds_CEJ59441.1_8437	PMG11_08066
lcl|CDHK01000007.1_cds_CEJ59442.1_8438	PMG11_08067
lcl|CDHK01000007.1_cds_CEJ59443.1_8439	PMG11_08068
lcl|CDHK01000007.1_cds_CEJ59444.1_8440	PMG11_08069
lcl|CDHK01000007.1_cds_CEJ59445.1_8441	PMG11_08070
lcl|CDHK01000007.1_cds_CEJ59446.1_8442	PMG11_08071
lcl|CDHK01000007.1_cds_CEJ59447.1_8443	PMG11_08072
lcl|CDHK01000007.1_cds_CEJ59448.1_8444	PMG11_08073
lcl|CDHK01000007.1_cds_CEJ59449.1_8445	PMG11_08074
lcl|CDHK01000007.1_cds_CEJ59450.1_8446	PMG11_08075
lcl|CDHK01000007.1_cds_CEJ59451.1_8447	PMG11_08076
lcl|CDHK01000007.1_cds_CEJ59452.1_8448	PMG11_08077
lcl|CDHK01000007.1_cds_CEJ59453.1_8449	PMG11_08078
lcl|CDHK01000007.1_cds_CEJ59454.1_8450	PMG11_08079
lcl|CDHK01000007.1_cds_CEJ59455.1_8451	PMG11_08080
lcl|CDHK01000007.1_cds_CEJ59456.1_8452	PMG11_08081
lcl|CDHK01000007.1_cds_CEJ59457.1_8453	PMG11_08082
lcl|CDHK01000007.1_cds_CEJ59458.1_8454	PMG11_08083
lcl|CDHK01000007.1_cds_CEJ59459.1_8455	PMG11_08085
lcl|CDHK01000007.1_cds_CEJ59460.1_8456	PMG11_08084
lcl|CDHK01000007.1_cds_CEJ59461.1_8457	PMG11_08086
lcl|CDHK01000007.1_cds_CEJ59462.1_8458	PMG11_08087
lcl|CDHK01000007.1_cds_CEJ59463.1_8459	PMG11_08088
lcl|CDHK01000007.1_cds_CEJ59464.1_8460	PMG11_08089
lcl|CDHK01000007.1_cds_CEJ59465.1_8461	PMG11_08090
lcl|CDHK01000007.1_cds_CEJ59466.1_8462	PMG11_08091
lcl|CDHK01000007.1_cds_CEJ59467.1_8463	PMG11_08092
lcl|CDHK01000007.1_cds_CEJ59468.1_8464	PMG11_08093
lcl|CDHK01000007.1_cds_CEJ59469.1_8465	PMG11_08094
lcl|CDHK01000007.1_cds_CEJ59470.1_8466	PMG11_08096
lcl|CDHK01000007.1_cds_CEJ59471.1_8467	PMG11_08095
lcl|CDHK01000007.1_cds_CEJ59472.1_8468	PMG11_08097
lcl|CDHK01000007.1_cds_CEJ59473.1_8469	PMG11_08098
lcl|CDHK01000007.1_cds_CEJ59474.1_8470	PMG11_08099
lcl|CDHK01000007.1_cds_CEJ59475.1_8471	PMG11_08100
lcl|CDHK01000007.1_cds_CEJ59476.1_8472	PMG11_08101
lcl|CDHK01000007.1_cds_CEJ59477.1_8473	PMG11_08102
lcl|CDHK01000007.1_cds_CEJ59478.1_8474	PMG11_08102
lcl|CDHK01000007.1_cds_CEJ59479.1_8475	PMG11_08103
lcl|CDHK01000007.1_cds_CEJ59480.1_8476	PMG11_08104
lcl|CDHK01000007.1_cds_CEJ59481.1_8477	PMG11_08105
lcl|CDHK01000007.1_cds_CEJ59482.1_8478	PMG11_08106
lcl|CDHK01000007.1_cds_CEJ59483.1_8479	PMG11_08107
lcl|CDHK01000007.1_cds_CEJ59484.1_8480	PMG11_08108
lcl|CDHK01000007.1_cds_CEJ59485.1_8481	PMG11_08109
lcl|CDHK01000007.1_cds_CEJ59486.1_8482	PMG11_08110
lcl|CDHK01000007.1_cds_CEJ59487.1_8483	PMG11_08111
lcl|CDHK01000007.1_cds_CEJ59488.1_8484	PMG11_08112
lcl|CDHK01000007.1_cds_CEJ59489.1_8485	PMG11_08113
lcl|CDHK01000007.1_cds_CEJ59490.1_8486	PMG11_08114
lcl|CDHK01000007.1_cds_CEJ59491.1_8487	PMG11_08115
lcl|CDHK01000007.1_cds_CEJ59492.1_8488	PMG11_08116
lcl|CDHK01000007.1_cds_CEJ59493.1_8489	PMG11_08118
lcl|CDHK01000007.1_cds_CEJ59494.1_8490	PMG11_08117
lcl|CDHK01000007.1_cds_CEJ59495.1_8491	PMG11_08119
lcl|CDHK01000007.1_cds_CEJ59496.1_8492	PMG11_08120
lcl|CDHK01000007.1_cds_CEJ59497.1_8493	PMG11_08121
lcl|CDHK01000007.1_cds_CEJ59498.1_8494	PMG11_08122
lcl|CDHK01000007.1_cds_CEJ59499.1_8495	PMG11_08123
lcl|CDHK01000007.1_cds_CEJ59500.1_8496	PMG11_08124
lcl|CDHK01000007.1_cds_CEJ59501.1_8497	PMG11_08125
lcl|CDHK01000007.1_cds_CEJ59502.1_8498	PMG11_08126
lcl|CDHK01000007.1_cds_CEJ59503.1_8499	PMG11_08127
lcl|CDHK01000007.1_cds_CEJ59504.1_8500	PMG11_08128
lcl|CDHK01000007.1_cds_CEJ59505.1_8501	PMG11_08129
lcl|CDHK01000007.1_cds_CEJ59506.1_8502	PMG11_08130
lcl|CDHK01000007.1_cds_CEJ59507.1_8503	PMG11_08131
lcl|CDHK01000007.1_cds_CEJ59508.1_8504	PMG11_08132
lcl|CDHK01000007.1_cds_CEJ59509.1_8505	PMG11_08134
lcl|CDHK01000007.1_cds_CEJ59510.1_8506	PMG11_08133
lcl|CDHK01000007.1_cds_CEJ59511.1_8507	PMG11_08135
lcl|CDHK01000007.1_cds_CEJ59512.1_8508	PMG11_08136
lcl|CDHK01000007.1_cds_CEJ59513.1_8509	PMG11_08136
lcl|CDHK01000007.1_cds_CEJ59514.1_8510	PMG11_08137
lcl|CDHK01000007.1_cds_CEJ59515.1_8511	PMG11_08138
lcl|CDHK01000007.1_cds_CEJ59517.1_8512	PMG11_08139
lcl|CDHK01000007.1_cds_CEJ59516.1_8513	PMG11_08139
lcl|CDHK01000007.1_cds_CEJ59518.1_8514	PMG11_08140
lcl|CDHK01000007.1_cds_CEJ59519.1_8515	PMG11_08141
lcl|CDHK01000007.1_cds_CEJ59520.1_8516	PMG11_08142
lcl|CDHK01000007.1_cds_CEJ59521.1_8517	PMG11_08143
lcl|CDHK01000007.1_cds_CEJ59522.1_8518	PMG11_08144
lcl|CDHK01000007.1_cds_CEJ59523.1_8519	PMG11_08145
lcl|CDHK01000007.1_cds_CEJ59524.1_8520	PMG11_08146
lcl|CDHK01000007.1_cds_CEJ59525.1_8521	PMG11_08146
lcl|CDHK01000007.1_cds_CEJ59526.1_8522	PMG11_08147
lcl|CDHK01000007.1_cds_CEJ59527.1_8523	PMG11_08148
lcl|CDHK01000007.1_cds_CEJ59528.1_8524	PMG11_08149
lcl|CDHK01000007.1_cds_CEJ59529.1_8525	PMG11_08150
lcl|CDHK01000007.1_cds_CEJ59530.1_8526	PMG11_08151
lcl|CDHK01000007.1_cds_CEJ59531.1_8527	PMG11_08152
lcl|CDHK01000007.1_cds_CEJ59532.1_8528	PMG11_08153
lcl|CDHK01000007.1_cds_CEJ59533.1_8529	PMG11_08154
lcl|CDHK01000007.1_cds_CEJ59534.1_8530	PMG11_08155
lcl|CDHK01000007.1_cds_CEJ59535.1_8531	PMG11_08156
lcl|CDHK01000007.1_cds_CEJ59536.1_8532	PMG11_08157
lcl|CDHK01000007.1_cds_CEJ59537.1_8533	PMG11_08158
lcl|CDHK01000007.1_cds_CEJ59538.1_8534	PMG11_08159
lcl|CDHK01000007.1_cds_CEJ59539.1_8535	PMG11_08160
lcl|CDHK01000007.1_cds_CEJ59540.1_8536	PMG11_08161
lcl|CDHK01000007.1_cds_CEJ59541.1_8537	PMG11_08162
lcl|CDHK01000007.1_cds_CEJ59542.1_8538	PMG11_08163
lcl|CDHK01000007.1_cds_CEJ59543.1_8539	PMG11_08164
lcl|CDHK01000007.1_cds_CEJ59544.1_8540	PMG11_08165
lcl|CDHK01000007.1_cds_CEJ59545.1_8541	PMG11_08166
lcl|CDHK01000007.1_cds_CEJ59546.1_8542	PMG11_08167
lcl|CDHK01000007.1_cds_CEJ59547.1_8543	PMG11_08168
lcl|CDHK01000007.1_cds_CEJ59548.1_8544	PMG11_08168
lcl|CDHK01000007.1_cds_CEJ59549.1_8545	PMG11_08169
lcl|CDHK01000007.1_cds_CEJ59550.1_8546	PMG11_08170
lcl|CDHK01000007.1_cds_CEJ59551.1_8547	PMG11_08170
lcl|CDHK01000007.1_cds_CEJ59552.1_8548	PMG11_08171
lcl|CDHK01000007.1_cds_CEJ59553.1_8549	PMG11_08172
lcl|CDHK01000007.1_cds_CEJ59554.1_8550	PMG11_08173
lcl|CDHK01000007.1_cds_CEJ59555.1_8551	PMG11_08174
lcl|CDHK01000007.1_cds_CEJ59556.1_8552	PMG11_08175
lcl|CDHK01000007.1_cds_CEJ59557.1_8553	PMG11_08176
lcl|CDHK01000007.1_cds_CEJ59558.1_8554	PMG11_08177
lcl|CDHK01000007.1_cds_CEJ59559.1_8555	PMG11_08178
lcl|CDHK01000007.1_cds_CEJ59560.1_8556	PMG11_08179
lcl|CDHK01000007.1_cds_CEJ59561.1_8557	PMG11_08180
lcl|CDHK01000007.1_cds_CEJ59562.1_8558	PMG11_08182
lcl|CDHK01000007.1_cds_CEJ59563.1_8559	PMG11_08181
lcl|CDHK01000007.1_cds_CEJ59564.1_8560	PMG11_08183
lcl|CDHK01000007.1_cds_CEJ59565.1_8561	PMG11_08184
lcl|CDHK01000007.1_cds_CEJ59566.1_8562	PMG11_08185
lcl|CDHK01000007.1_cds_CEJ59567.1_8563	PMG11_08186
lcl|CDHK01000007.1_cds_CEJ59568.1_8564	PMG11_08187
lcl|CDHK01000007.1_cds_CEJ59569.1_8565	PMG11_08188
lcl|CDHK01000007.1_cds_CEJ59570.1_8566	PMG11_08189
lcl|CDHK01000007.1_cds_CEJ59571.1_8567	PMG11_08190
lcl|CDHK01000007.1_cds_CEJ59572.1_8568	PMG11_08191
lcl|CDHK01000007.1_cds_CEJ59573.1_8569	PMG11_08192
lcl|CDHK01000007.1_cds_CEJ59574.1_8570	PMG11_08193
lcl|CDHK01000007.1_cds_CEJ59575.1_8571	PMG11_08194
lcl|CDHK01000007.1_cds_CEJ59576.1_8572	PMG11_08195
lcl|CDHK01000007.1_cds_CEJ59577.1_8573	PMG11_08196
lcl|CDHK01000007.1_cds_CEJ59578.1_8574	PMG11_08197
lcl|CDHK01000007.1_cds_CEJ59579.1_8575	PMG11_08198
lcl|CDHK01000007.1_cds_CEJ59580.1_8576	PMG11_08199
lcl|CDHK01000007.1_cds_CEJ59581.1_8577	PMG11_08200
lcl|CDHK01000007.1_cds_CEJ59582.1_8578	PMG11_08201
lcl|CDHK01000007.1_cds_CEJ59583.1_8579	PMG11_08202
lcl|CDHK01000007.1_cds_CEJ59584.1_8580	PMG11_08203
lcl|CDHK01000007.1_cds_CEJ59585.1_8581	PMG11_08204
lcl|CDHK01000007.1_cds_CEJ59586.1_8582	PMG11_08205
lcl|CDHK01000007.1_cds_CEJ59587.1_8583	PMG11_08206
lcl|CDHK01000007.1_cds_CEJ59588.1_8584	PMG11_08207
lcl|CDHK01000007.1_cds_CEJ59589.1_8585	PMG11_08208
lcl|CDHK01000007.1_cds_CEJ59590.1_8586	PMG11_08209
lcl|CDHK01000007.1_cds_CEJ59591.1_8587	PMG11_08210
lcl|CDHK01000007.1_cds_CEJ59592.1_8588	PMG11_08211
lcl|CDHK01000007.1_cds_CEJ59593.1_8589	PMG11_08212
lcl|CDHK01000007.1_cds_CEJ59594.1_8590	PMG11_08213
lcl|CDHK01000007.1_cds_CEJ59595.1_8591	PMG11_08214
lcl|CDHK01000007.1_cds_CEJ59596.1_8592	PMG11_08215
lcl|CDHK01000007.1_cds_CEJ59597.1_8593	PMG11_08216
lcl|CDHK01000007.1_cds_CEJ59598.1_8594	PMG11_08217
lcl|CDHK01000007.1_cds_CEJ59599.1_8595	PMG11_08217
lcl|CDHK01000007.1_cds_CEJ59600.1_8596	PMG11_08218
lcl|CDHK01000007.1_cds_CEJ59601.1_8597	PMG11_08219
lcl|CDHK01000007.1_cds_CEJ59602.1_8598	PMG11_08220
lcl|CDHK01000007.1_cds_CEJ59603.1_8599	PMG11_08221
lcl|CDHK01000007.1_cds_CEJ59604.1_8600	PMG11_08222
lcl|CDHK01000007.1_cds_CEJ59605.1_8601	PMG11_08223
lcl|CDHK01000007.1_cds_CEJ59607.1_8602	PMG11_08224
lcl|CDHK01000007.1_cds_CEJ59606.1_8603	PMG11_08224
lcl|CDHK01000007.1_cds_CEJ59608.1_8604	PMG11_08225
lcl|CDHK01000007.1_cds_CEJ59609.1_8605	PMG11_08226
lcl|CDHK01000007.1_cds_CEJ59610.1_8606	PMG11_08227
lcl|CDHK01000007.1_cds_CEJ59611.1_8607	PMG11_08228
lcl|CDHK01000007.1_cds_CEJ59612.1_8608	PMG11_08229
lcl|CDHK01000007.1_cds_CEJ59613.1_8609	PMG11_08230
lcl|CDHK01000007.1_cds_CEJ59614.1_8610	PMG11_08231
lcl|CDHK01000007.1_cds_CEJ59615.1_8611	PMG11_08232
lcl|CDHK01000007.1_cds_CEJ59616.1_8612	PMG11_08233
lcl|CDHK01000007.1_cds_CEJ59617.1_8613	PMG11_08234
lcl|CDHK01000007.1_cds_CEJ59618.1_8614	PMG11_08235
lcl|CDHK01000007.1_cds_CEJ59619.1_8615	PMG11_08236
lcl|CDHK01000007.1_cds_CEJ59620.1_8616	PMG11_08237
lcl|CDHK01000007.1_cds_CEJ59621.1_8617	PMG11_08238
lcl|CDHK01000007.1_cds_CEJ59622.1_8618	PMG11_08239
lcl|CDHK01000007.1_cds_CEJ59623.1_8619	PMG11_08240
lcl|CDHK01000007.1_cds_CEJ59624.1_8620	PMG11_08241
lcl|CDHK01000007.1_cds_CEJ59625.1_8621	PMG11_08242
lcl|CDHK01000007.1_cds_CEJ59626.1_8622	PMG11_08243
lcl|CDHK01000007.1_cds_CEJ59627.1_8623	PMG11_08244
lcl|CDHK01000007.1_cds_CEJ59628.1_8624	PMG11_08245
lcl|CDHK01000007.1_cds_CEJ59629.1_8625	PMG11_08246
lcl|CDHK01000007.1_cds_CEJ59630.1_8626	PMG11_08247
lcl|CDHK01000007.1_cds_CEJ59631.1_8627	PMG11_08248
lcl|CDHK01000007.1_cds_CEJ59632.1_8628	PMG11_08249
lcl|CDHK01000007.1_cds_CEJ59633.1_8629	PMG11_08250
lcl|CDHK01000007.1_cds_CEJ59634.1_8630	PMG11_08251
lcl|CDHK01000007.1_cds_CEJ59635.1_8631	PMG11_08252
lcl|CDHK01000007.1_cds_CEJ59636.1_8632	PMG11_08253
lcl|CDHK01000007.1_cds_CEJ59637.1_8633	PMG11_08254
lcl|CDHK01000007.1_cds_CEJ59638.1_8634	PMG11_08255
lcl|CDHK01000007.1_cds_CEJ59639.1_8635	PMG11_08256
lcl|CDHK01000007.1_cds_CEJ59640.1_8636	PMG11_08257
lcl|CDHK01000007.1_cds_CEJ59641.1_8637	PMG11_08258
lcl|CDHK01000007.1_cds_CEJ59642.1_8638	PMG11_08259
lcl|CDHK01000007.1_cds_CEJ59643.1_8639	PMG11_08260
lcl|CDHK01000007.1_cds_CEJ59644.1_8640	PMG11_08261
lcl|CDHK01000007.1_cds_CEJ59645.1_8641	PMG11_08262
lcl|CDHK01000007.1_cds_CEJ59646.1_8642	PMG11_08263
lcl|CDHK01000007.1_cds_CEJ59647.1_8643	PMG11_08264
lcl|CDHK01000007.1_cds_CEJ59648.1_8644	PMG11_08265
lcl|CDHK01000007.1_cds_CEJ59649.1_8645	PMG11_08266
lcl|CDHK01000007.1_cds_CEJ59650.1_8646	PMG11_08267
lcl|CDHK01000007.1_cds_CEJ59651.1_8647	PMG11_08268
lcl|CDHK01000007.1_cds_CEJ59652.1_8648	PMG11_08268
lcl|CDHK01000007.1_cds_CEJ59653.1_8649	PMG11_08269
lcl|CDHK01000007.1_cds_CEJ59654.1_8650	PMG11_08270
lcl|CDHK01000007.1_cds_CEJ59655.1_8651	PMG11_08271
lcl|CDHK01000007.1_cds_CEJ59656.1_8652	PMG11_08272
lcl|CDHK01000007.1_cds_CEJ59657.1_8653	PMG11_08273
lcl|CDHK01000007.1_cds_CEJ59658.1_8654	PMG11_08273
lcl|CDHK01000007.1_cds_CEJ59659.1_8655	PMG11_08274
lcl|CDHK01000007.1_cds_CEJ59660.1_8656	PMG11_08275
lcl|CDHK01000007.1_cds_CEJ59661.1_8657	PMG11_08276
lcl|CDHK01000007.1_cds_CEJ59662.1_8658	PMG11_08277
lcl|CDHK01000007.1_cds_CEJ59663.1_8659	PMG11_08278
lcl|CDHK01000007.1_cds_CEJ59664.1_8660	PMG11_08279
lcl|CDHK01000007.1_cds_CEJ59665.1_8661	PMG11_08280
lcl|CDHK01000007.1_cds_CEJ59666.1_8662	PMG11_08281
lcl|CDHK01000007.1_cds_CEJ59667.1_8663	PMG11_08282
lcl|CDHK01000007.1_cds_CEJ59668.1_8664	PMG11_08283
lcl|CDHK01000007.1_cds_CEJ59669.1_8665	PMG11_08284
lcl|CDHK01000007.1_cds_CEJ59670.1_8666	PMG11_08284
lcl|CDHK01000007.1_cds_CEJ59671.1_8667	PMG11_08285
lcl|CDHK01000007.1_cds_CEJ59672.1_8668	PMG11_08285
lcl|CDHK01000007.1_cds_CEJ59673.1_8669	PMG11_08286
lcl|CDHK01000007.1_cds_CEJ59674.1_8670	PMG11_08287
lcl|CDHK01000007.1_cds_CEJ59675.1_8671	PMG11_08288
lcl|CDHK01000007.1_cds_CEJ59676.1_8672	PMG11_08289
lcl|CDHK01000007.1_cds_CEJ59677.1_8673	PMG11_08289
lcl|CDHK01000007.1_cds_CEJ59678.1_8674	PMG11_08290
lcl|CDHK01000007.1_cds_CEJ59679.1_8675	PMG11_08291
lcl|CDHK01000007.1_cds_CEJ59680.1_8676	PMG11_08292
lcl|CDHK01000007.1_cds_CEJ59681.1_8677	PMG11_08293
lcl|CDHK01000007.1_cds_CEJ59682.1_8678	PMG11_08294
lcl|CDHK01000007.1_cds_CEJ59683.1_8679	PMG11_08295
lcl|CDHK01000007.1_cds_CEJ59684.1_8680	PMG11_08296
lcl|CDHK01000007.1_cds_CEJ59685.1_8681	PMG11_08297
lcl|CDHK01000007.1_cds_CEJ59686.1_8682	PMG11_08298
lcl|CDHK01000007.1_cds_CEJ59687.1_8683	PMG11_08299
lcl|CDHK01000007.1_cds_CEJ59688.1_8684	PMG11_08300
lcl|CDHK01000007.1_cds_CEJ59689.1_8685	PMG11_08301
lcl|CDHK01000007.1_cds_CEJ59690.1_8686	PMG11_08302
lcl|CDHK01000007.1_cds_CEJ59691.1_8687	PMG11_08303
lcl|CDHK01000007.1_cds_CEJ59692.1_8688	PMG11_08304
lcl|CDHK01000007.1_cds_CEJ59693.1_8689	PMG11_08305
lcl|CDHK01000007.1_cds_CEJ59694.1_8690	PMG11_08306
lcl|CDHK01000007.1_cds_CEJ59695.1_8691	PMG11_08307
lcl|CDHK01000007.1_cds_CEJ59696.1_8692	PMG11_08308
lcl|CDHK01000007.1_cds_CEJ59697.1_8693	PMG11_08309
lcl|CDHK01000007.1_cds_CEJ59698.1_8694	PMG11_08310
lcl|CDHK01000007.1_cds_CEJ59699.1_8695	PMG11_08311
lcl|CDHK01000007.1_cds_CEJ59700.1_8696	PMG11_08312
lcl|CDHK01000007.1_cds_CEJ59701.1_8697	PMG11_08313
lcl|CDHK01000007.1_cds_CEJ59702.1_8698	PMG11_08314
lcl|CDHK01000007.1_cds_CEJ59703.1_8699	PMG11_08315
lcl|CDHK01000007.1_cds_CEJ59704.1_8700	PMG11_08316
lcl|CDHK01000007.1_cds_CEJ59705.1_8701	PMG11_08317
lcl|CDHK01000007.1_cds_CEJ59706.1_8702	PMG11_08318
lcl|CDHK01000007.1_cds_CEJ59707.1_8703	PMG11_08319
lcl|CDHK01000007.1_cds_CEJ59708.1_8704	PMG11_08320
lcl|CDHK01000007.1_cds_CEJ59709.1_8705	PMG11_08321
lcl|CDHK01000007.1_cds_CEJ59710.1_8706	PMG11_08322
lcl|CDHK01000007.1_cds_CEJ59711.1_8707	PMG11_08323
lcl|CDHK01000007.1_cds_CEJ59712.1_8708	PMG11_08324
lcl|CDHK01000007.1_cds_CEJ59713.1_8709	PMG11_08325
lcl|CDHK01000007.1_cds_CEJ59714.1_8710	PMG11_08326
lcl|CDHK01000007.1_cds_CEJ59715.1_8711	PMG11_08327
lcl|CDHK01000007.1_cds_CEJ59716.1_8712	PMG11_08328
lcl|CDHK01000007.1_cds_CEJ59717.1_8713	PMG11_08329
lcl|CDHK01000007.1_cds_CEJ59718.1_8714	PMG11_08330
lcl|CDHK01000007.1_cds_CEJ59719.1_8715	PMG11_08331
lcl|CDHK01000007.1_cds_CEJ59720.1_8716	PMG11_08332
lcl|CDHK01000007.1_cds_CEJ59721.1_8717	PMG11_08333
lcl|CDHK01000007.1_cds_CEJ59722.1_8718	PMG11_08334
lcl|CDHK01000007.1_cds_CEJ59723.1_8719	PMG11_08335
lcl|CDHK01000007.1_cds_CEJ59724.1_8720	PMG11_08336
lcl|CDHK01000007.1_cds_CEJ59725.1_8721	PMG11_08337
lcl|CDHK01000007.1_cds_CEJ59726.1_8722	PMG11_08338
lcl|CDHK01000007.1_cds_CEJ59727.1_8723	PMG11_08339
lcl|CDHK01000007.1_cds_CEJ59728.1_8724	PMG11_08340
lcl|CDHK01000007.1_cds_CEJ59729.1_8725	PMG11_08341
lcl|CDHK01000007.1_cds_CEJ59730.1_8726	PMG11_08342
lcl|CDHK01000007.1_cds_CEJ59731.1_8727	PMG11_08343
lcl|CDHK01000007.1_cds_CEJ59732.1_8728	PMG11_08344
lcl|CDHK01000007.1_cds_CEJ59733.1_8729	PMG11_08345
lcl|CDHK01000007.1_cds_CEJ59734.1_8730	PMG11_08346
lcl|CDHK01000007.1_cds_CEJ59735.1_8731	PMG11_08347
lcl|CDHK01000007.1_cds_CEJ59736.1_8732	PMG11_08348
lcl|CDHK01000007.1_cds_CEJ59737.1_8733	PMG11_08349
lcl|CDHK01000007.1_cds_CEJ59738.1_8734	PMG11_08350
lcl|CDHK01000007.1_cds_CEJ59739.1_8735	PMG11_08352
lcl|CDHK01000007.1_cds_CEJ59740.1_8736	PMG11_08351
lcl|CDHK01000007.1_cds_CEJ59741.1_8737	PMG11_08353
lcl|CDHK01000007.1_cds_CEJ59742.1_8738	PMG11_08354
lcl|CDHK01000007.1_cds_CEJ59744.1_8739	PMG11_08355
lcl|CDHK01000007.1_cds_CEJ59743.1_8740	PMG11_08355
lcl|CDHK01000007.1_cds_CEJ59745.1_8741	PMG11_08356
lcl|CDHK01000007.1_cds_CEJ59746.1_8742	PMG11_08357
lcl|CDHK01000007.1_cds_CEJ59747.1_8743	PMG11_08358
lcl|CDHK01000007.1_cds_CEJ59748.1_8744	PMG11_08359
lcl|CDHK01000007.1_cds_CEJ59749.1_8745	PMG11_08359
lcl|CDHK01000007.1_cds_CEJ59750.1_8746	PMG11_08359
lcl|CDHK01000007.1_cds_CEJ59751.1_8747	PMG11_08360
lcl|CDHK01000007.1_cds_CEJ59752.1_8748	PMG11_08361
lcl|CDHK01000007.1_cds_CEJ59753.1_8749	PMG11_08362
lcl|CDHK01000007.1_cds_CEJ59754.1_8750	PMG11_08363
lcl|CDHK01000007.1_cds_CEJ59755.1_8751	PMG11_08364
lcl|CDHK01000007.1_cds_CEJ59756.1_8752	PMG11_08365
lcl|CDHK01000007.1_cds_CEJ59757.1_8753	PMG11_08366
lcl|CDHK01000007.1_cds_CEJ59758.1_8754	PMG11_08367
lcl|CDHK01000007.1_cds_CEJ59759.1_8755	PMG11_08368
lcl|CDHK01000007.1_cds_CEJ59760.1_8756	PMG11_08369
lcl|CDHK01000007.1_cds_CEJ59761.1_8757	PMG11_08370
lcl|CDHK01000007.1_cds_CEJ59762.1_8758	PMG11_08371
lcl|CDHK01000007.1_cds_CEJ59763.1_8759	PMG11_08372
lcl|CDHK01000007.1_cds_CEJ59764.1_8760	PMG11_08373
lcl|CDHK01000007.1_cds_CEJ59765.1_8761	PMG11_08374
lcl|CDHK01000007.1_cds_CEJ59766.1_8762	PMG11_08375
lcl|CDHK01000007.1_cds_CEJ59767.1_8763	PMG11_08376
lcl|CDHK01000007.1_cds_CEJ59768.1_8764	PMG11_08378
lcl|CDHK01000007.1_cds_CEJ59769.1_8765	PMG11_08377
lcl|CDHK01000007.1_cds_CEJ59770.1_8766	PMG11_08379
lcl|CDHK01000007.1_cds_CEJ59771.1_8767	PMG11_08380
lcl|CDHK01000007.1_cds_CEJ59772.1_8768	PMG11_08381
lcl|CDHK01000007.1_cds_CEJ59773.1_8769	PMG11_08382
lcl|CDHK01000007.1_cds_CEJ59774.1_8770	PMG11_08383
lcl|CDHK01000007.1_cds_CEJ59775.1_8771	PMG11_08384
lcl|CDHK01000007.1_cds_CEJ59776.1_8772	PMG11_08385
lcl|CDHK01000007.1_cds_CEJ59777.1_8773	PMG11_08386
lcl|CDHK01000007.1_cds_CEJ59778.1_8774	PMG11_08387
lcl|CDHK01000007.1_cds_CEJ59779.1_8775	PMG11_08388
lcl|CDHK01000007.1_cds_CEJ59781.1_8776	PMG11_08388
lcl|CDHK01000007.1_cds_CEJ59780.1_8777	PMG11_08388
lcl|CDHK01000007.1_cds_CEJ59782.1_8778	PMG11_08389
lcl|CDHK01000007.1_cds_CEJ59783.1_8779	PMG11_08390
lcl|CDHK01000007.1_cds_CEJ59784.1_8780	PMG11_08391
lcl|CDHK01000007.1_cds_CEJ59785.1_8781	PMG11_08392
lcl|CDHK01000007.1_cds_CEJ59786.1_8782	PMG11_08393
lcl|CDHK01000007.1_cds_CEJ59787.1_8783	PMG11_08394
lcl|CDHK01000007.1_cds_CEJ59788.1_8784	PMG11_08395
lcl|CDHK01000007.1_cds_CEJ59789.1_8785	PMG11_08396
lcl|CDHK01000007.1_cds_CEJ59790.1_8786	PMG11_08397
lcl|CDHK01000007.1_cds_CEJ59791.1_8787	PMG11_08398
lcl|CDHK01000007.1_cds_CEJ59792.1_8788	PMG11_08399
lcl|CDHK01000007.1_cds_CEJ59794.1_8789	PMG11_08400
lcl|CDHK01000007.1_cds_CEJ59793.1_8790	PMG11_08400
lcl|CDHK01000007.1_cds_CEJ59795.1_8791	PMG11_08401
lcl|CDHK01000007.1_cds_CEJ59796.1_8792	PMG11_08401
lcl|CDHK01000007.1_cds_CEJ59797.1_8793	PMG11_08401
lcl|CDHK01000007.1_cds_CEJ59798.1_8794	PMG11_08402
lcl|CDHK01000007.1_cds_CEJ59799.1_8795	PMG11_08403
lcl|CDHK01000007.1_cds_CEJ59800.1_8796	PMG11_08404
lcl|CDHK01000007.1_cds_CEJ59801.1_8797	PMG11_08405
lcl|CDHK01000007.1_cds_CEJ59802.1_8798	PMG11_08406
lcl|CDHK01000007.1_cds_CEJ59803.1_8799	PMG11_08407
lcl|CDHK01000007.1_cds_CEJ59804.1_8800	PMG11_08408
lcl|CDHK01000007.1_cds_CEJ59805.1_8801	PMG11_08409
lcl|CDHK01000007.1_cds_CEJ59806.1_8802	PMG11_08410
lcl|CDHK01000007.1_cds_CEJ59807.1_8803	PMG11_08411
lcl|CDHK01000007.1_cds_CEJ59808.1_8804	PMG11_08412
lcl|CDHK01000007.1_cds_CEJ59809.1_8805	PMG11_08413
lcl|CDHK01000007.1_cds_CEJ59810.1_8806	PMG11_08414
lcl|CDHK01000007.1_cds_CEJ59811.1_8807	PMG11_08415
lcl|CDHK01000007.1_cds_CEJ59812.1_8808	PMG11_08416
lcl|CDHK01000007.1_cds_CEJ59813.1_8809	PMG11_08417
lcl|CDHK01000007.1_cds_CEJ59814.1_8810	PMG11_08418
lcl|CDHK01000007.1_cds_CEJ59815.1_8811	PMG11_08419
lcl|CDHK01000007.1_cds_CEJ59816.1_8812	PMG11_08420
lcl|CDHK01000007.1_cds_CEJ59817.1_8813	PMG11_08421
lcl|CDHK01000007.1_cds_CEJ59818.1_8814	PMG11_08422
lcl|CDHK01000007.1_cds_CEJ59819.1_8815	PMG11_08423
lcl|CDHK01000007.1_cds_CEJ59820.1_8816	PMG11_08424
lcl|CDHK01000007.1_cds_CEJ59821.1_8817	PMG11_08424
lcl|CDHK01000007.1_cds_CEJ59822.1_8818	PMG11_08425
lcl|CDHK01000007.1_cds_CEJ59823.1_8819	PMG11_08426
lcl|CDHK01000007.1_cds_CEJ59824.1_8820	PMG11_08427
lcl|CDHK01000007.1_cds_CEJ59825.1_8821	PMG11_08428
lcl|CDHK01000007.1_cds_CEJ59826.1_8822	PMG11_08429
lcl|CDHK01000007.1_cds_CEJ59827.1_8823	PMG11_08430
lcl|CDHK01000007.1_cds_CEJ59828.1_8824	PMG11_08431
lcl|CDHK01000007.1_cds_CEJ59829.1_8825	PMG11_08432
lcl|CDHK01000007.1_cds_CEJ59830.1_8826	PMG11_08433
lcl|CDHK01000007.1_cds_CEJ59831.1_8827	PMG11_08434
lcl|CDHK01000007.1_cds_CEJ59832.1_8828	PMG11_08435
lcl|CDHK01000008.1_cds_CEJ59833.1_8829	PMG11_08436
lcl|CDHK01000008.1_cds_CEJ59834.1_8830	PMG11_08437
lcl|CDHK01000008.1_cds_CEJ59835.1_8831	PMG11_08438
lcl|CDHK01000008.1_cds_CEJ59836.1_8832	PMG11_08439
lcl|CDHK01000008.1_cds_CEJ59838.1_8833	PMG11_08440
lcl|CDHK01000008.1_cds_CEJ59837.1_8834	PMG11_08440
lcl|CDHK01000008.1_cds_CEJ59839.1_8835	PMG11_08441
lcl|CDHK01000008.1_cds_CEJ59840.1_8836	PMG11_08442
lcl|CDHK01000008.1_cds_CEJ59841.1_8837	PMG11_08443
lcl|CDHK01000008.1_cds_CEJ59842.1_8838	PMG11_08444
lcl|CDHK01000008.1_cds_CEJ59843.1_8839	PMG11_08445
lcl|CDHK01000008.1_cds_CEJ59844.1_8840	PMG11_08446
lcl|CDHK01000008.1_cds_CEJ59845.1_8841	PMG11_08447
lcl|CDHK01000008.1_cds_CEJ59846.1_8842	PMG11_08448
lcl|CDHK01000008.1_cds_CEJ59847.1_8843	PMG11_08449
lcl|CDHK01000008.1_cds_CEJ59848.1_8844	PMG11_08450
lcl|CDHK01000008.1_cds_CEJ59849.1_8845	PMG11_08451
lcl|CDHK01000008.1_cds_CEJ59850.1_8846	PMG11_08452
lcl|CDHK01000008.1_cds_CEJ59851.1_8847	PMG11_08453
lcl|CDHK01000008.1_cds_CEJ59852.1_8848	PMG11_08454
lcl|CDHK01000008.1_cds_CEJ59854.1_8849	PMG11_08455
lcl|CDHK01000008.1_cds_CEJ59853.1_8850	PMG11_08455
lcl|CDHK01000008.1_cds_CEJ59855.1_8851	PMG11_08456
lcl|CDHK01000008.1_cds_CEJ59856.1_8852	PMG11_08457
lcl|CDHK01000008.1_cds_CEJ59857.1_8853	PMG11_08458
lcl|CDHK01000008.1_cds_CEJ59858.1_8854	PMG11_08459
lcl|CDHK01000008.1_cds_CEJ59859.1_8855	PMG11_08460
lcl|CDHK01000008.1_cds_CEJ59860.1_8856	PMG11_08461
lcl|CDHK01000008.1_cds_CEJ59861.1_8857	PMG11_08462
lcl|CDHK01000008.1_cds_CEJ59862.1_8858	PMG11_08463
lcl|CDHK01000008.1_cds_CEJ59863.1_8859	PMG11_08464
lcl|CDHK01000008.1_cds_CEJ59864.1_8860	PMG11_08465
lcl|CDHK01000008.1_cds_CEJ59865.1_8861	PMG11_08466
lcl|CDHK01000008.1_cds_CEJ59866.1_8862	PMG11_08467
lcl|CDHK01000008.1_cds_CEJ59867.1_8863	PMG11_08468
lcl|CDHK01000008.1_cds_CEJ59868.1_8864	PMG11_08469
lcl|CDHK01000008.1_cds_CEJ59869.1_8865	PMG11_08470
lcl|CDHK01000008.1_cds_CEJ59870.1_8866	PMG11_08471
lcl|CDHK01000008.1_cds_CEJ59871.1_8867	PMG11_08472
lcl|CDHK01000008.1_cds_CEJ59872.1_8868	PMG11_08473
lcl|CDHK01000008.1_cds_CEJ59873.1_8869	PMG11_08474
lcl|CDHK01000008.1_cds_CEJ59874.1_8870	PMG11_08475
lcl|CDHK01000008.1_cds_CEJ59875.1_8871	PMG11_08476
lcl|CDHK01000008.1_cds_CEJ59876.1_8872	PMG11_08477
lcl|CDHK01000008.1_cds_CEJ59877.1_8873	PMG11_08478
lcl|CDHK01000008.1_cds_CEJ59878.1_8874	PMG11_08479
lcl|CDHK01000008.1_cds_CEJ59879.1_8875	PMG11_08480
lcl|CDHK01000008.1_cds_CEJ59880.1_8876	PMG11_08481
lcl|CDHK01000008.1_cds_CEJ59881.1_8877	PMG11_08482
lcl|CDHK01000008.1_cds_CEJ59882.1_8878	PMG11_08483
lcl|CDHK01000008.1_cds_CEJ59883.1_8879	PMG11_08484
lcl|CDHK01000008.1_cds_CEJ59884.1_8880	PMG11_08485
lcl|CDHK01000008.1_cds_CEJ59885.1_8881	PMG11_08486
lcl|CDHK01000008.1_cds_CEJ59886.1_8882	PMG11_08487
lcl|CDHK01000008.1_cds_CEJ59887.1_8883	PMG11_08488
lcl|CDHK01000008.1_cds_CEJ59888.1_8884	PMG11_08489
lcl|CDHK01000008.1_cds_CEJ59889.1_8885	PMG11_08490
lcl|CDHK01000008.1_cds_CEJ59890.1_8886	PMG11_08491
lcl|CDHK01000008.1_cds_CEJ59891.1_8887	PMG11_08492
lcl|CDHK01000008.1_cds_CEJ59892.1_8888	PMG11_08493
lcl|CDHK01000008.1_cds_CEJ59893.1_8889	PMG11_08494
lcl|CDHK01000008.1_cds_CEJ59894.1_8890	PMG11_08495
lcl|CDHK01000008.1_cds_CEJ59895.1_8891	PMG11_08496
lcl|CDHK01000008.1_cds_CEJ59896.1_8892	PMG11_08497
lcl|CDHK01000008.1_cds_CEJ59897.1_8893	PMG11_08498
lcl|CDHK01000008.1_cds_CEJ59898.1_8894	PMG11_08498
lcl|CDHK01000008.1_cds_CEJ59899.1_8895	PMG11_08499
lcl|CDHK01000008.1_cds_CEJ59900.1_8896	PMG11_08500
lcl|CDHK01000008.1_cds_CEJ59901.1_8897	PMG11_08501
lcl|CDHK01000008.1_cds_CEJ59902.1_8898	PMG11_08502
lcl|CDHK01000008.1_cds_CEJ59903.1_8899	PMG11_08503
lcl|CDHK01000008.1_cds_CEJ59904.1_8900	PMG11_08504
lcl|CDHK01000008.1_cds_CEJ59905.1_8901	PMG11_08505
lcl|CDHK01000008.1_cds_CEJ59906.1_8902	PMG11_08506
lcl|CDHK01000008.1_cds_CEJ59907.1_8903	PMG11_08507
lcl|CDHK01000008.1_cds_CEJ59908.1_8904	PMG11_08508
lcl|CDHK01000008.1_cds_CEJ59909.1_8905	PMG11_08509
lcl|CDHK01000008.1_cds_CEJ59910.1_8906	PMG11_08510
lcl|CDHK01000008.1_cds_CEJ59911.1_8907	PMG11_08511
lcl|CDHK01000008.1_cds_CEJ59912.1_8908	PMG11_08512
lcl|CDHK01000008.1_cds_CEJ59913.1_8909	PMG11_08513
lcl|CDHK01000008.1_cds_CEJ59914.1_8910	PMG11_08514
lcl|CDHK01000008.1_cds_CEJ59915.1_8911	PMG11_08515
lcl|CDHK01000008.1_cds_CEJ59916.1_8912	PMG11_08516
lcl|CDHK01000008.1_cds_CEJ59917.1_8913	PMG11_08517
lcl|CDHK01000008.1_cds_CEJ59918.1_8914	PMG11_08518
lcl|CDHK01000008.1_cds_CEJ59920.1_8915	PMG11_08519
lcl|CDHK01000008.1_cds_CEJ59919.1_8916	PMG11_08519
lcl|CDHK01000008.1_cds_CEJ59921.1_8917	PMG11_08519
lcl|CDHK01000008.1_cds_CEJ59922.1_8918	PMG11_08520
lcl|CDHK01000008.1_cds_CEJ59923.1_8919	PMG11_08521
lcl|CDHK01000008.1_cds_CEJ59924.1_8920	PMG11_08522
lcl|CDHK01000008.1_cds_CEJ59925.1_8921	PMG11_08523
lcl|CDHK01000008.1_cds_CEJ59926.1_8922	PMG11_08524
lcl|CDHK01000008.1_cds_CEJ59927.1_8923	PMG11_08525
lcl|CDHK01000008.1_cds_CEJ59928.1_8924	PMG11_08526
lcl|CDHK01000008.1_cds_CEJ59929.1_8925	PMG11_08527
lcl|CDHK01000008.1_cds_CEJ59930.1_8926	PMG11_08528
lcl|CDHK01000008.1_cds_CEJ59931.1_8927	PMG11_08529
lcl|CDHK01000008.1_cds_CEJ59932.1_8928	PMG11_08530
lcl|CDHK01000008.1_cds_CEJ59933.1_8929	PMG11_08531
lcl|CDHK01000008.1_cds_CEJ59934.1_8930	PMG11_08532
lcl|CDHK01000008.1_cds_CEJ59935.1_8931	PMG11_08533
lcl|CDHK01000008.1_cds_CEJ59936.1_8932	PMG11_08534
lcl|CDHK01000008.1_cds_CEJ59937.1_8933	PMG11_08535
lcl|CDHK01000008.1_cds_CEJ59938.1_8934	PMG11_08536
lcl|CDHK01000008.1_cds_CEJ59939.1_8935	PMG11_08537
lcl|CDHK01000008.1_cds_CEJ59940.1_8936	PMG11_08538
lcl|CDHK01000008.1_cds_CEJ59941.1_8937	PMG11_08539
lcl|CDHK01000008.1_cds_CEJ59942.1_8938	PMG11_08540
lcl|CDHK01000008.1_cds_CEJ59943.1_8939	PMG11_08541
lcl|CDHK01000008.1_cds_CEJ59944.1_8940	PMG11_08542
lcl|CDHK01000008.1_cds_CEJ59945.1_8941	PMG11_08543
lcl|CDHK01000008.1_cds_CEJ59946.1_8942	PMG11_08544
lcl|CDHK01000008.1_cds_CEJ59947.1_8943	PMG11_08545
lcl|CDHK01000008.1_cds_CEJ59948.1_8944	PMG11_08546
lcl|CDHK01000008.1_cds_CEJ59949.1_8945	PMG11_08547
lcl|CDHK01000008.1_cds_CEJ59950.1_8946	PMG11_08548
lcl|CDHK01000008.1_cds_CEJ59951.1_8947	PMG11_08549
lcl|CDHK01000008.1_cds_CEJ59952.1_8948	PMG11_08550
lcl|CDHK01000008.1_cds_CEJ59953.1_8949	PMG11_08551
lcl|CDHK01000008.1_cds_CEJ59954.1_8950	PMG11_08552
lcl|CDHK01000008.1_cds_CEJ59955.1_8951	PMG11_08553
lcl|CDHK01000008.1_cds_CEJ59956.1_8952	PMG11_08554
lcl|CDHK01000008.1_cds_CEJ59957.1_8953	PMG11_08555
lcl|CDHK01000008.1_cds_CEJ59958.1_8954	PMG11_08556
lcl|CDHK01000008.1_cds_CEJ59959.1_8955	PMG11_08557
lcl|CDHK01000008.1_cds_CEJ59960.1_8956	PMG11_08558
lcl|CDHK01000008.1_cds_CEJ59961.1_8957	PMG11_08559
lcl|CDHK01000008.1_cds_CEJ59962.1_8958	PMG11_08560
lcl|CDHK01000008.1_cds_CEJ59963.1_8959	PMG11_08561
lcl|CDHK01000008.1_cds_CEJ59964.1_8960	PMG11_08562
lcl|CDHK01000008.1_cds_CEJ59965.1_8961	PMG11_08563
lcl|CDHK01000008.1_cds_CEJ59966.1_8962	PMG11_08563
lcl|CDHK01000008.1_cds_CEJ59967.1_8963	PMG11_08564
lcl|CDHK01000008.1_cds_CEJ59968.1_8964	PMG11_08565
lcl|CDHK01000008.1_cds_CEJ59969.1_8965	PMG11_08566
lcl|CDHK01000008.1_cds_CEJ59970.1_8966	PMG11_08567
lcl|CDHK01000008.1_cds_CEJ59971.1_8967	PMG11_08568
lcl|CDHK01000008.1_cds_CEJ59972.1_8968	PMG11_08569
lcl|CDHK01000008.1_cds_CEJ59973.1_8969	PMG11_08570
lcl|CDHK01000008.1_cds_CEJ59974.1_8970	PMG11_08571
lcl|CDHK01000008.1_cds_CEJ59975.1_8971	PMG11_08572
lcl|CDHK01000008.1_cds_CEJ59976.1_8972	PMG11_08573
lcl|CDHK01000008.1_cds_CEJ59977.1_8973	PMG11_08574
lcl|CDHK01000008.1_cds_CEJ59978.1_8974	PMG11_08575
lcl|CDHK01000008.1_cds_CEJ59979.1_8975	PMG11_08576
lcl|CDHK01000008.1_cds_CEJ59980.1_8976	PMG11_08577
lcl|CDHK01000008.1_cds_CEJ59981.1_8977	PMG11_08578
lcl|CDHK01000008.1_cds_CEJ59982.1_8978	PMG11_08579
lcl|CDHK01000008.1_cds_CEJ59983.1_8979	PMG11_08580
lcl|CDHK01000008.1_cds_CEJ59984.1_8980	PMG11_08581
lcl|CDHK01000008.1_cds_CEJ59985.1_8981	PMG11_08582
lcl|CDHK01000008.1_cds_CEJ59986.1_8982	PMG11_08583
lcl|CDHK01000008.1_cds_CEJ59987.1_8983	PMG11_08584
lcl|CDHK01000008.1_cds_CEJ59988.1_8984	PMG11_08585
lcl|CDHK01000008.1_cds_CEJ59989.1_8985	PMG11_08586
lcl|CDHK01000008.1_cds_CEJ59990.1_8986	PMG11_08587
lcl|CDHK01000008.1_cds_CEJ59991.1_8987	PMG11_08588
lcl|CDHK01000008.1_cds_CEJ59992.1_8988	PMG11_08589
lcl|CDHK01000008.1_cds_CEJ59993.1_8989	PMG11_08590
lcl|CDHK01000008.1_cds_CEJ59994.1_8990	PMG11_08591
lcl|CDHK01000008.1_cds_CEJ59995.1_8991	PMG11_08592
lcl|CDHK01000008.1_cds_CEJ59996.1_8992	PMG11_08593
lcl|CDHK01000008.1_cds_CEJ59997.1_8993	PMG11_08594
lcl|CDHK01000008.1_cds_CEJ59998.1_8994	PMG11_08595
lcl|CDHK01000008.1_cds_CEJ59999.1_8995	PMG11_08596
lcl|CDHK01000008.1_cds_CEJ60000.1_8996	PMG11_08597
lcl|CDHK01000008.1_cds_CEJ60001.1_8997	PMG11_08598
lcl|CDHK01000008.1_cds_CEJ60002.1_8998	PMG11_08599
lcl|CDHK01000008.1_cds_CEJ60003.1_8999	PMG11_08600
lcl|CDHK01000008.1_cds_CEJ60004.1_9000	PMG11_08601
lcl|CDHK01000008.1_cds_CEJ60005.1_9001	PMG11_08601
lcl|CDHK01000008.1_cds_CEJ60006.1_9002	PMG11_08602
lcl|CDHK01000008.1_cds_CEJ60007.1_9003	PMG11_08603
lcl|CDHK01000008.1_cds_CEJ60008.1_9004	PMG11_08603
lcl|CDHK01000008.1_cds_CEJ60009.1_9005	PMG11_08604
lcl|CDHK01000008.1_cds_CEJ60010.1_9006	PMG11_08605
lcl|CDHK01000008.1_cds_CEJ60011.1_9007	PMG11_08606
lcl|CDHK01000008.1_cds_CEJ60012.1_9008	PMG11_08607
lcl|CDHK01000008.1_cds_CEJ60013.1_9009	PMG11_08608
lcl|CDHK01000008.1_cds_CEJ60014.1_9010	PMG11_08609
lcl|CDHK01000008.1_cds_CEJ60015.1_9011	PMG11_08610
lcl|CDHK01000008.1_cds_CEJ60016.1_9012	PMG11_08611
lcl|CDHK01000008.1_cds_CEJ60017.1_9013	PMG11_08611
lcl|CDHK01000008.1_cds_CEJ60018.1_9014	PMG11_08612
lcl|CDHK01000008.1_cds_CEJ60019.1_9015	PMG11_08613
lcl|CDHK01000008.1_cds_CEJ60020.1_9016	PMG11_08614
lcl|CDHK01000008.1_cds_CEJ60021.1_9017	PMG11_08615
lcl|CDHK01000008.1_cds_CEJ60022.1_9018	PMG11_08616
lcl|CDHK01000008.1_cds_CEJ60023.1_9019	PMG11_08617
lcl|CDHK01000008.1_cds_CEJ60024.1_9020	PMG11_08618
lcl|CDHK01000008.1_cds_CEJ60025.1_9021	PMG11_08619
lcl|CDHK01000008.1_cds_CEJ60026.1_9022	PMG11_08620
lcl|CDHK01000008.1_cds_CEJ60027.1_9023	PMG11_08621
lcl|CDHK01000008.1_cds_CEJ60028.1_9024	PMG11_08622
lcl|CDHK01000008.1_cds_CEJ60029.1_9025	PMG11_08623
lcl|CDHK01000008.1_cds_CEJ60030.1_9026	PMG11_08624
lcl|CDHK01000008.1_cds_CEJ60031.1_9027	PMG11_08625
lcl|CDHK01000008.1_cds_CEJ60032.1_9028	PMG11_08626
lcl|CDHK01000008.1_cds_CEJ60033.1_9029	PMG11_08627
lcl|CDHK01000008.1_cds_CEJ60034.1_9030	PMG11_08628
lcl|CDHK01000008.1_cds_CEJ60035.1_9031	PMG11_08629
lcl|CDHK01000008.1_cds_CEJ60036.1_9032	PMG11_08630
lcl|CDHK01000008.1_cds_CEJ60037.1_9033	PMG11_08631
lcl|CDHK01000008.1_cds_CEJ60038.1_9034	PMG11_08632
lcl|CDHK01000008.1_cds_CEJ60039.1_9035	PMG11_08633
lcl|CDHK01000008.1_cds_CEJ60040.1_9036	PMG11_08633
lcl|CDHK01000008.1_cds_CEJ60041.1_9037	PMG11_08634
lcl|CDHK01000008.1_cds_CEJ60042.1_9038	PMG11_08635
lcl|CDHK01000008.1_cds_CEJ60043.1_9039	PMG11_08637
lcl|CDHK01000008.1_cds_CEJ60044.1_9040	PMG11_08636
lcl|CDHK01000008.1_cds_CEJ60045.1_9041	PMG11_08636
lcl|CDHK01000008.1_cds_CEJ60046.1_9042	PMG11_08638
lcl|CDHK01000008.1_cds_CEJ60047.1_9043	PMG11_08639
lcl|CDHK01000008.1_cds_CEJ60048.1_9044	PMG11_08640
lcl|CDHK01000008.1_cds_CEJ60049.1_9045	PMG11_08640
lcl|CDHK01000008.1_cds_CEJ60050.1_9046	PMG11_08641
lcl|CDHK01000008.1_cds_CEJ60051.1_9047	PMG11_08642
lcl|CDHK01000008.1_cds_CEJ60052.1_9048	PMG11_08643
lcl|CDHK01000008.1_cds_CEJ60053.1_9049	PMG11_08643
lcl|CDHK01000008.1_cds_CEJ60054.1_9050	PMG11_08644
lcl|CDHK01000008.1_cds_CEJ60055.1_9051	PMG11_08645
lcl|CDHK01000008.1_cds_CEJ60056.1_9052	PMG11_08646
lcl|CDHK01000008.1_cds_CEJ60057.1_9053	PMG11_08647
lcl|CDHK01000008.1_cds_CEJ60058.1_9054	PMG11_08648
lcl|CDHK01000008.1_cds_CEJ60059.1_9055	PMG11_08649
lcl|CDHK01000008.1_cds_CEJ60060.1_9056	PMG11_08650
lcl|CDHK01000008.1_cds_CEJ60061.1_9057	PMG11_08651
lcl|CDHK01000008.1_cds_CEJ60062.1_9058	PMG11_08652
lcl|CDHK01000008.1_cds_CEJ60063.1_9059	PMG11_08653
lcl|CDHK01000008.1_cds_CEJ60064.1_9060	PMG11_08654
lcl|CDHK01000008.1_cds_CEJ60065.1_9061	PMG11_08655
lcl|CDHK01000008.1_cds_CEJ60066.1_9062	PMG11_08656
lcl|CDHK01000008.1_cds_CEJ60067.1_9063	PMG11_08657
lcl|CDHK01000008.1_cds_CEJ60068.1_9064	PMG11_08658
lcl|CDHK01000008.1_cds_CEJ60069.1_9065	PMG11_08659
lcl|CDHK01000008.1_cds_CEJ60070.1_9066	PMG11_08660
lcl|CDHK01000008.1_cds_CEJ60071.1_9067	PMG11_08661
lcl|CDHK01000008.1_cds_CEJ60072.1_9068	PMG11_08662
lcl|CDHK01000008.1_cds_CEJ60073.1_9069	PMG11_08663
lcl|CDHK01000008.1_cds_CEJ60074.1_9070	PMG11_08664
lcl|CDHK01000008.1_cds_CEJ60075.1_9071	PMG11_08664
lcl|CDHK01000008.1_cds_CEJ60076.1_9072	PMG11_08665
lcl|CDHK01000008.1_cds_CEJ60077.1_9073	PMG11_08666
lcl|CDHK01000008.1_cds_CEJ60078.1_9074	PMG11_08667
lcl|CDHK01000008.1_cds_CEJ60079.1_9075	PMG11_08668
lcl|CDHK01000008.1_cds_CEJ60080.1_9076	PMG11_08669
lcl|CDHK01000008.1_cds_CEJ60081.1_9077	PMG11_08670
lcl|CDHK01000008.1_cds_CEJ60082.1_9078	PMG11_08670
lcl|CDHK01000008.1_cds_CEJ60083.1_9079	PMG11_08670
lcl|CDHK01000008.1_cds_CEJ60084.1_9080	PMG11_08671
lcl|CDHK01000008.1_cds_CEJ60085.1_9081	PMG11_08672
lcl|CDHK01000008.1_cds_CEJ60086.1_9082	PMG11_08673
lcl|CDHK01000008.1_cds_CEJ60087.1_9083	PMG11_08674
lcl|CDHK01000008.1_cds_CEJ60088.1_9084	PMG11_08675
lcl|CDHK01000008.1_cds_CEJ60090.1_9085	PMG11_08676
lcl|CDHK01000008.1_cds_CEJ60089.1_9086	PMG11_08676
lcl|CDHK01000008.1_cds_CEJ60091.1_9087	PMG11_08677
lcl|CDHK01000008.1_cds_CEJ60092.1_9088	PMG11_08678
lcl|CDHK01000008.1_cds_CEJ60093.1_9089	PMG11_08679
lcl|CDHK01000008.1_cds_CEJ60094.1_9090	PMG11_08680
lcl|CDHK01000008.1_cds_CEJ60095.1_9091	PMG11_08681
lcl|CDHK01000008.1_cds_CEJ60096.1_9092	PMG11_08682
lcl|CDHK01000008.1_cds_CEJ60097.1_9093	PMG11_08683
lcl|CDHK01000008.1_cds_CEJ60098.1_9094	PMG11_08684
lcl|CDHK01000008.1_cds_CEJ60099.1_9095	PMG11_08685
lcl|CDHK01000008.1_cds_CEJ60100.1_9096	PMG11_08686
lcl|CDHK01000008.1_cds_CEJ60101.1_9097	PMG11_08687
lcl|CDHK01000008.1_cds_CEJ60102.1_9098	PMG11_08688
lcl|CDHK01000008.1_cds_CEJ60103.1_9099	PMG11_08689
lcl|CDHK01000008.1_cds_CEJ60104.1_9100	PMG11_08690
lcl|CDHK01000008.1_cds_CEJ60105.1_9101	PMG11_08691
lcl|CDHK01000008.1_cds_CEJ60106.1_9102	PMG11_08692
lcl|CDHK01000008.1_cds_CEJ60107.1_9103	PMG11_08693
lcl|CDHK01000008.1_cds_CEJ60108.1_9104	PMG11_08694
lcl|CDHK01000008.1_cds_CEJ60109.1_9105	PMG11_08695
lcl|CDHK01000008.1_cds_CEJ60110.1_9106	PMG11_08696
lcl|CDHK01000008.1_cds_CEJ60111.1_9107	PMG11_08697
lcl|CDHK01000008.1_cds_CEJ60112.1_9108	PMG11_08698
lcl|CDHK01000008.1_cds_CEJ60113.1_9109	PMG11_08699
lcl|CDHK01000008.1_cds_CEJ60114.1_9110	PMG11_08700
lcl|CDHK01000008.1_cds_CEJ60115.1_9111	PMG11_08701
lcl|CDHK01000008.1_cds_CEJ60116.1_9112	PMG11_08702
lcl|CDHK01000008.1_cds_CEJ60117.1_9113	PMG11_08703
lcl|CDHK01000008.1_cds_CEJ60118.1_9114	PMG11_08704
lcl|CDHK01000008.1_cds_CEJ60119.1_9115	PMG11_08705
lcl|CDHK01000008.1_cds_CEJ60120.1_9116	PMG11_08706
lcl|CDHK01000008.1_cds_CEJ60121.1_9117	PMG11_08707
lcl|CDHK01000008.1_cds_CEJ60123.1_9118	PMG11_08708
lcl|CDHK01000008.1_cds_CEJ60122.1_9119	PMG11_08708
lcl|CDHK01000008.1_cds_CEJ60124.1_9120	PMG11_08709
lcl|CDHK01000008.1_cds_CEJ60125.1_9121	PMG11_08710
lcl|CDHK01000008.1_cds_CEJ60126.1_9122	PMG11_08711
lcl|CDHK01000008.1_cds_CEJ60127.1_9123	PMG11_08712
lcl|CDHK01000008.1_cds_CEJ60128.1_9124	PMG11_08713
lcl|CDHK01000008.1_cds_CEJ60129.1_9125	PMG11_08714
lcl|CDHK01000008.1_cds_CEJ60130.1_9126	PMG11_08715
lcl|CDHK01000008.1_cds_CEJ60131.1_9127	PMG11_08716
lcl|CDHK01000008.1_cds_CEJ60132.1_9128	PMG11_08717
lcl|CDHK01000008.1_cds_CEJ60133.1_9129	PMG11_08718
lcl|CDHK01000008.1_cds_CEJ60134.1_9130	PMG11_08719
lcl|CDHK01000008.1_cds_CEJ60135.1_9131	PMG11_08721
lcl|CDHK01000008.1_cds_CEJ60136.1_9132	PMG11_08720
lcl|CDHK01000008.1_cds_CEJ60137.1_9133	PMG11_08722
lcl|CDHK01000008.1_cds_CEJ60138.1_9134	PMG11_08723
lcl|CDHK01000008.1_cds_CEJ60139.1_9135	PMG11_08724
lcl|CDHK01000008.1_cds_CEJ60140.1_9136	PMG11_08725
lcl|CDHK01000008.1_cds_CEJ60141.1_9137	PMG11_08726
lcl|CDHK01000008.1_cds_CEJ60142.1_9138	PMG11_08727
lcl|CDHK01000008.1_cds_CEJ60143.1_9139	PMG11_08728
lcl|CDHK01000008.1_cds_CEJ60144.1_9140	PMG11_08729
lcl|CDHK01000008.1_cds_CEJ60145.1_9141	PMG11_08730
lcl|CDHK01000008.1_cds_CEJ60146.1_9142	PMG11_08731
lcl|CDHK01000008.1_cds_CEJ60147.1_9143	PMG11_08732
lcl|CDHK01000008.1_cds_CEJ60148.1_9144	PMG11_08733
lcl|CDHK01000008.1_cds_CEJ60149.1_9145	PMG11_08734
lcl|CDHK01000008.1_cds_CEJ60150.1_9146	PMG11_08735
lcl|CDHK01000008.1_cds_CEJ60151.1_9147	PMG11_08736
lcl|CDHK01000008.1_cds_CEJ60152.1_9148	PMG11_08737
lcl|CDHK01000008.1_cds_CEJ60153.1_9149	PMG11_08738
lcl|CDHK01000008.1_cds_CEJ60154.1_9150	PMG11_08739
lcl|CDHK01000008.1_cds_CEJ60155.1_9151	PMG11_08740
lcl|CDHK01000008.1_cds_CEJ60156.1_9152	PMG11_08741
lcl|CDHK01000008.1_cds_CEJ60157.1_9153	PMG11_08742
lcl|CDHK01000008.1_cds_CEJ60158.1_9154	PMG11_08743
lcl|CDHK01000008.1_cds_CEJ60159.1_9155	PMG11_08744
lcl|CDHK01000008.1_cds_CEJ60160.1_9156	PMG11_08745
lcl|CDHK01000008.1_cds_CEJ60161.1_9157	PMG11_08746
lcl|CDHK01000008.1_cds_CEJ60162.1_9158	PMG11_08747
lcl|CDHK01000008.1_cds_CEJ60163.1_9159	PMG11_08748
lcl|CDHK01000008.1_cds_CEJ60164.1_9160	PMG11_08749
lcl|CDHK01000008.1_cds_CEJ60165.1_9161	PMG11_08750
lcl|CDHK01000008.1_cds_CEJ60166.1_9162	PMG11_08751
lcl|CDHK01000008.1_cds_CEJ60167.1_9163	PMG11_08752
lcl|CDHK01000008.1_cds_CEJ60168.1_9164	PMG11_08753
lcl|CDHK01000008.1_cds_CEJ60169.1_9165	PMG11_08754
lcl|CDHK01000008.1_cds_CEJ60170.1_9166	PMG11_08755
lcl|CDHK01000008.1_cds_CEJ60171.1_9167	PMG11_08756
lcl|CDHK01000008.1_cds_CEJ60172.1_9168	PMG11_08757
lcl|CDHK01000008.1_cds_CEJ60173.1_9169	PMG11_08758
lcl|CDHK01000008.1_cds_CEJ60174.1_9170	PMG11_08759
lcl|CDHK01000008.1_cds_CEJ60175.1_9171	PMG11_08760
lcl|CDHK01000008.1_cds_CEJ60176.1_9172	PMG11_08761
lcl|CDHK01000008.1_cds_CEJ60177.1_9173	PMG11_08762
lcl|CDHK01000008.1_cds_CEJ60178.1_9174	PMG11_08763
lcl|CDHK01000008.1_cds_CEJ60179.1_9175	PMG11_08764
lcl|CDHK01000008.1_cds_CEJ60180.1_9176	PMG11_08765
lcl|CDHK01000008.1_cds_CEJ60181.1_9177	PMG11_08766
lcl|CDHK01000008.1_cds_CEJ60182.1_9178	PMG11_08767
lcl|CDHK01000008.1_cds_CEJ60183.1_9179	PMG11_08768
lcl|CDHK01000008.1_cds_CEJ60184.1_9180	PMG11_08769
lcl|CDHK01000008.1_cds_CEJ60185.1_9181	PMG11_08770
lcl|CDHK01000008.1_cds_CEJ60186.1_9182	PMG11_08771
lcl|CDHK01000008.1_cds_CEJ60187.1_9183	PMG11_08772
lcl|CDHK01000008.1_cds_CEJ60188.1_9184	PMG11_08773
lcl|CDHK01000008.1_cds_CEJ60189.1_9185	PMG11_08774
lcl|CDHK01000008.1_cds_CEJ60190.1_9186	PMG11_08775
lcl|CDHK01000008.1_cds_CEJ60191.1_9187	PMG11_08776
lcl|CDHK01000008.1_cds_CEJ60192.1_9188	PMG11_08776
lcl|CDHK01000008.1_cds_CEJ60193.1_9189	PMG11_08777
lcl|CDHK01000008.1_cds_CEJ60194.1_9190	PMG11_08778
lcl|CDHK01000008.1_cds_CEJ60195.1_9191	PMG11_08779
lcl|CDHK01000008.1_cds_CEJ60196.1_9192	PMG11_08780
lcl|CDHK01000008.1_cds_CEJ60197.1_9193	PMG11_08781
lcl|CDHK01000008.1_cds_CEJ60198.1_9194	PMG11_08782
lcl|CDHK01000008.1_cds_CEJ60199.1_9195	PMG11_08783
lcl|CDHK01000008.1_cds_CEJ60200.1_9196	PMG11_08784
lcl|CDHK01000008.1_cds_CEJ60201.1_9197	PMG11_08785
lcl|CDHK01000008.1_cds_CEJ60202.1_9198	PMG11_08786
lcl|CDHK01000008.1_cds_CEJ60203.1_9199	PMG11_08787
lcl|CDHK01000008.1_cds_CEJ60205.1_9200	PMG11_08788
lcl|CDHK01000008.1_cds_CEJ60204.1_9201	PMG11_08788
lcl|CDHK01000008.1_cds_CEJ60206.1_9202	PMG11_08789
lcl|CDHK01000008.1_cds_CEJ60207.1_9203	PMG11_08790
lcl|CDHK01000008.1_cds_CEJ60208.1_9204	PMG11_08791
lcl|CDHK01000008.1_cds_CEJ60209.1_9205	PMG11_08792
lcl|CDHK01000008.1_cds_CEJ60210.1_9206	PMG11_08793
lcl|CDHK01000008.1_cds_CEJ60211.1_9207	PMG11_08794
lcl|CDHK01000008.1_cds_CEJ60212.1_9208	PMG11_08795
lcl|CDHK01000008.1_cds_CEJ60213.1_9209	PMG11_08796
lcl|CDHK01000008.1_cds_CEJ60214.1_9210	PMG11_08797
lcl|CDHK01000008.1_cds_CEJ60215.1_9211	PMG11_08798
lcl|CDHK01000008.1_cds_CEJ60216.1_9212	PMG11_08799
lcl|CDHK01000008.1_cds_CEJ60217.1_9213	PMG11_08800
lcl|CDHK01000008.1_cds_CEJ60218.1_9214	PMG11_08801
lcl|CDHK01000008.1_cds_CEJ60219.1_9215	PMG11_08802
lcl|CDHK01000008.1_cds_CEJ60220.1_9216	PMG11_08803
lcl|CDHK01000008.1_cds_CEJ60221.1_9217	PMG11_08804
lcl|CDHK01000008.1_cds_CEJ60222.1_9218	PMG11_08805
lcl|CDHK01000008.1_cds_CEJ60223.1_9219	PMG11_08806
lcl|CDHK01000008.1_cds_CEJ60224.1_9220	PMG11_08807
lcl|CDHK01000008.1_cds_CEJ60225.1_9221	PMG11_08808
lcl|CDHK01000008.1_cds_CEJ60226.1_9222	PMG11_08809
lcl|CDHK01000008.1_cds_CEJ60228.1_9223	PMG11_08810
lcl|CDHK01000008.1_cds_CEJ60227.1_9224	PMG11_08810
lcl|CDHK01000008.1_cds_CEJ60229.1_9225	PMG11_08811
lcl|CDHK01000008.1_cds_CEJ60230.1_9226	PMG11_08812
lcl|CDHK01000008.1_cds_CEJ60231.1_9227	PMG11_08813
lcl|CDHK01000008.1_cds_CEJ60232.1_9228	PMG11_08814
lcl|CDHK01000008.1_cds_CEJ60233.1_9229	PMG11_08815
lcl|CDHK01000008.1_cds_CEJ60234.1_9230	PMG11_08816
lcl|CDHK01000008.1_cds_CEJ60235.1_9231	PMG11_08817
lcl|CDHK01000008.1_cds_CEJ60236.1_9232	PMG11_08818
lcl|CDHK01000008.1_cds_CEJ60237.1_9233	PMG11_08819
lcl|CDHK01000008.1_cds_CEJ60238.1_9234	PMG11_08819
lcl|CDHK01000008.1_cds_CEJ60239.1_9235	PMG11_08820
lcl|CDHK01000008.1_cds_CEJ60240.1_9236	PMG11_08821
lcl|CDHK01000008.1_cds_CEJ60241.1_9237	PMG11_08822
lcl|CDHK01000008.1_cds_CEJ60242.1_9238	PMG11_08823
lcl|CDHK01000008.1_cds_CEJ60243.1_9239	PMG11_08824
lcl|CDHK01000008.1_cds_CEJ60244.1_9240	PMG11_08825
lcl|CDHK01000008.1_cds_CEJ60245.1_9241	PMG11_08826
lcl|CDHK01000008.1_cds_CEJ60246.1_9242	PMG11_08827
lcl|CDHK01000008.1_cds_CEJ60247.1_9243	PMG11_08828
lcl|CDHK01000008.1_cds_CEJ60248.1_9244	PMG11_08829
lcl|CDHK01000008.1_cds_CEJ60249.1_9245	PMG11_08830
lcl|CDHK01000008.1_cds_CEJ60250.1_9246	PMG11_08831
lcl|CDHK01000008.1_cds_CEJ60251.1_9247	PMG11_08832
lcl|CDHK01000008.1_cds_CEJ60252.1_9248	PMG11_08833
lcl|CDHK01000008.1_cds_CEJ60253.1_9249	PMG11_08834
lcl|CDHK01000008.1_cds_CEJ60254.1_9250	PMG11_08835
lcl|CDHK01000008.1_cds_CEJ60255.1_9251	PMG11_08836
lcl|CDHK01000008.1_cds_CEJ60256.1_9252	PMG11_08837
lcl|CDHK01000008.1_cds_CEJ60257.1_9253	PMG11_08838
lcl|CDHK01000008.1_cds_CEJ60258.1_9254	PMG11_08839
lcl|CDHK01000008.1_cds_CEJ60259.1_9255	PMG11_08840
lcl|CDHK01000008.1_cds_CEJ60260.1_9256	PMG11_08841
lcl|CDHK01000008.1_cds_CEJ60261.1_9257	PMG11_08842
lcl|CDHK01000008.1_cds_CEJ60262.1_9258	PMG11_08843
lcl|CDHK01000008.1_cds_CEJ60263.1_9259	PMG11_08844
lcl|CDHK01000008.1_cds_CEJ60264.1_9260	PMG11_08845
lcl|CDHK01000008.1_cds_CEJ60265.1_9261	PMG11_08846
lcl|CDHK01000008.1_cds_CEJ60266.1_9262	PMG11_08847
lcl|CDHK01000008.1_cds_CEJ60267.1_9263	PMG11_08848
lcl|CDHK01000008.1_cds_CEJ60268.1_9264	PMG11_08849
lcl|CDHK01000008.1_cds_CEJ60270.1_9265	PMG11_08850
lcl|CDHK01000008.1_cds_CEJ60269.1_9266	PMG11_08850
lcl|CDHK01000008.1_cds_CEJ60271.1_9267	PMG11_08851
lcl|CDHK01000008.1_cds_CEJ60272.1_9268	PMG11_08852
lcl|CDHK01000008.1_cds_CEJ60273.1_9269	PMG11_08853
lcl|CDHK01000008.1_cds_CEJ60274.1_9270	PMG11_08854
lcl|CDHK01000008.1_cds_CEJ60275.1_9271	PMG11_08855
lcl|CDHK01000008.1_cds_CEJ60276.1_9272	PMG11_08856
lcl|CDHK01000008.1_cds_CEJ60277.1_9273	PMG11_08857
lcl|CDHK01000008.1_cds_CEJ60278.1_9274	PMG11_08858
lcl|CDHK01000008.1_cds_CEJ60279.1_9275	PMG11_08859
lcl|CDHK01000008.1_cds_CEJ60280.1_9276	PMG11_08860
lcl|CDHK01000008.1_cds_CEJ60281.1_9277	PMG11_08861
lcl|CDHK01000008.1_cds_CEJ60282.1_9278	PMG11_08862
lcl|CDHK01000008.1_cds_CEJ60283.1_9279	PMG11_08863
lcl|CDHK01000008.1_cds_CEJ60284.1_9280	PMG11_08864
lcl|CDHK01000008.1_cds_CEJ60285.1_9281	PMG11_08865
lcl|CDHK01000008.1_cds_CEJ60286.1_9282	PMG11_08866
lcl|CDHK01000008.1_cds_CEJ60287.1_9283	PMG11_08867
lcl|CDHK01000008.1_cds_CEJ60288.1_9284	PMG11_08868
lcl|CDHK01000008.1_cds_CEJ60289.1_9285	PMG11_08869
lcl|CDHK01000008.1_cds_CEJ60290.1_9286	PMG11_08870
lcl|CDHK01000008.1_cds_CEJ60291.1_9287	PMG11_08871
lcl|CDHK01000008.1_cds_CEJ60292.1_9288	PMG11_08872
lcl|CDHK01000008.1_cds_CEJ60293.1_9289	PMG11_08873
lcl|CDHK01000008.1_cds_CEJ60294.1_9290	PMG11_08874
lcl|CDHK01000008.1_cds_CEJ60295.1_9291	PMG11_08875
lcl|CDHK01000008.1_cds_CEJ60296.1_9292	PMG11_08876
lcl|CDHK01000008.1_cds_CEJ60297.1_9293	PMG11_08877
lcl|CDHK01000008.1_cds_CEJ60298.1_9294	PMG11_08877
lcl|CDHK01000008.1_cds_CEJ60299.1_9295	PMG11_08878
lcl|CDHK01000008.1_cds_CEJ60300.1_9296	PMG11_08878
lcl|CDHK01000008.1_cds_CEJ60301.1_9297	PMG11_08879
lcl|CDHK01000008.1_cds_CEJ60302.1_9298	PMG11_08880
lcl|CDHK01000008.1_cds_CEJ60303.1_9299	PMG11_08881
lcl|CDHK01000008.1_cds_CEJ60304.1_9300	PMG11_08882
lcl|CDHK01000008.1_cds_CEJ60305.1_9301	PMG11_08883
lcl|CDHK01000008.1_cds_CEJ60306.1_9302	PMG11_08884
lcl|CDHK01000008.1_cds_CEJ60307.1_9303	PMG11_08885
lcl|CDHK01000008.1_cds_CEJ60308.1_9304	PMG11_08886
lcl|CDHK01000008.1_cds_CEJ60309.1_9305	PMG11_08887
lcl|CDHK01000008.1_cds_CEJ60310.1_9306	PMG11_08888
lcl|CDHK01000008.1_cds_CEJ60311.1_9307	PMG11_08888
lcl|CDHK01000008.1_cds_CEJ60312.1_9308	PMG11_08889
lcl|CDHK01000008.1_cds_CEJ60313.1_9309	PMG11_08890
lcl|CDHK01000008.1_cds_CEJ60314.1_9310	PMG11_08891
lcl|CDHK01000008.1_cds_CEJ60315.1_9311	PMG11_08892
lcl|CDHK01000008.1_cds_CEJ60316.1_9312	PMG11_08893
lcl|CDHK01000008.1_cds_CEJ60317.1_9313	PMG11_08894
lcl|CDHK01000008.1_cds_CEJ60318.1_9314	PMG11_08895
lcl|CDHK01000008.1_cds_CEJ60319.1_9315	PMG11_08896
lcl|CDHK01000008.1_cds_CEJ60320.1_9316	PMG11_08897
lcl|CDHK01000008.1_cds_CEJ60321.1_9317	PMG11_08898
lcl|CDHK01000008.1_cds_CEJ60322.1_9318	PMG11_08899
lcl|CDHK01000008.1_cds_CEJ60323.1_9319	PMG11_08900
lcl|CDHK01000008.1_cds_CEJ60324.1_9320	PMG11_08901
lcl|CDHK01000008.1_cds_CEJ60325.1_9321	PMG11_08902
lcl|CDHK01000008.1_cds_CEJ60326.1_9322	PMG11_08903
lcl|CDHK01000008.1_cds_CEJ60327.1_9323	PMG11_08904
lcl|CDHK01000008.1_cds_CEJ60328.1_9324	PMG11_08905
lcl|CDHK01000008.1_cds_CEJ60329.1_9325	PMG11_08906
lcl|CDHK01000008.1_cds_CEJ60330.1_9326	PMG11_08907
lcl|CDHK01000008.1_cds_CEJ60331.1_9327	PMG11_08908
lcl|CDHK01000008.1_cds_CEJ60332.1_9328	PMG11_08909
lcl|CDHK01000008.1_cds_CEJ60333.1_9329	PMG11_08910
lcl|CDHK01000008.1_cds_CEJ60334.1_9330	PMG11_08911
lcl|CDHK01000008.1_cds_CEJ60335.1_9331	PMG11_08912
lcl|CDHK01000008.1_cds_CEJ60336.1_9332	PMG11_08913
lcl|CDHK01000008.1_cds_CEJ60337.1_9333	PMG11_08914
lcl|CDHK01000008.1_cds_CEJ60338.1_9334	PMG11_08915
lcl|CDHK01000008.1_cds_CEJ60339.1_9335	PMG11_08916
lcl|CDHK01000008.1_cds_CEJ60340.1_9336	PMG11_08917
lcl|CDHK01000008.1_cds_CEJ60341.1_9337	PMG11_08918
lcl|CDHK01000008.1_cds_CEJ60342.1_9338	PMG11_08919
lcl|CDHK01000008.1_cds_CEJ60343.1_9339	PMG11_08920
lcl|CDHK01000008.1_cds_CEJ60344.1_9340	PMG11_08921
lcl|CDHK01000008.1_cds_CEJ60345.1_9341	PMG11_08922
lcl|CDHK01000008.1_cds_CEJ60346.1_9342	PMG11_08924
lcl|CDHK01000008.1_cds_CEJ60347.1_9343	PMG11_08923
lcl|CDHK01000008.1_cds_CEJ60348.1_9344	PMG11_08925
lcl|CDHK01000008.1_cds_CEJ60349.1_9345	PMG11_08926
lcl|CDHK01000008.1_cds_CEJ60350.1_9346	PMG11_08927
lcl|CDHK01000008.1_cds_CEJ60351.1_9347	PMG11_08928
lcl|CDHK01000008.1_cds_CEJ60352.1_9348	PMG11_08929
lcl|CDHK01000008.1_cds_CEJ60353.1_9349	PMG11_08930
lcl|CDHK01000008.1_cds_CEJ60354.1_9350	PMG11_08931
lcl|CDHK01000008.1_cds_CEJ60355.1_9351	PMG11_08932
lcl|CDHK01000008.1_cds_CEJ60356.1_9352	PMG11_08933
lcl|CDHK01000008.1_cds_CEJ60357.1_9353	PMG11_08934
lcl|CDHK01000008.1_cds_CEJ60358.1_9354	PMG11_08935
lcl|CDHK01000008.1_cds_CEJ60359.1_9355	PMG11_08936
lcl|CDHK01000008.1_cds_CEJ60360.1_9356	PMG11_08937
lcl|CDHK01000008.1_cds_CEJ60361.1_9357	PMG11_08938
lcl|CDHK01000008.1_cds_CEJ60362.1_9358	PMG11_08939
lcl|CDHK01000008.1_cds_CEJ60363.1_9359	PMG11_08940
lcl|CDHK01000008.1_cds_CEJ60364.1_9360	PMG11_08941
lcl|CDHK01000008.1_cds_CEJ60365.1_9361	PMG11_08942
lcl|CDHK01000008.1_cds_CEJ60366.1_9362	PMG11_08943
lcl|CDHK01000008.1_cds_CEJ60367.1_9363	PMG11_08944
lcl|CDHK01000008.1_cds_CEJ60368.1_9364	PMG11_08945
lcl|CDHK01000008.1_cds_CEJ60369.1_9365	PMG11_08946
lcl|CDHK01000008.1_cds_CEJ60370.1_9366	PMG11_08947
lcl|CDHK01000008.1_cds_CEJ60371.1_9367	PMG11_08948
lcl|CDHK01000008.1_cds_CEJ60372.1_9368	PMG11_08949
lcl|CDHK01000008.1_cds_CEJ60373.1_9369	PMG11_08950
lcl|CDHK01000008.1_cds_CEJ60374.1_9370	PMG11_08951
lcl|CDHK01000008.1_cds_CEJ60375.1_9371	PMG11_08952
lcl|CDHK01000008.1_cds_CEJ60376.1_9372	PMG11_08953
lcl|CDHK01000008.1_cds_CEJ60377.1_9373	PMG11_08954
lcl|CDHK01000008.1_cds_CEJ60378.1_9374	PMG11_08955
lcl|CDHK01000008.1_cds_CEJ60379.1_9375	PMG11_08956
lcl|CDHK01000008.1_cds_CEJ60380.1_9376	PMG11_08957
lcl|CDHK01000008.1_cds_CEJ60381.1_9377	PMG11_08958
lcl|CDHK01000008.1_cds_CEJ60382.1_9378	PMG11_08959
lcl|CDHK01000008.1_cds_CEJ60383.1_9379	PMG11_08960
lcl|CDHK01000008.1_cds_CEJ60384.1_9380	PMG11_08961
lcl|CDHK01000008.1_cds_CEJ60385.1_9381	PMG11_08962
lcl|CDHK01000008.1_cds_CEJ60386.1_9382	PMG11_08963
lcl|CDHK01000008.1_cds_CEJ60387.1_9383	PMG11_08964
lcl|CDHK01000008.1_cds_CEJ60388.1_9384	PMG11_08964
lcl|CDHK01000008.1_cds_CEJ60389.1_9385	PMG11_08965
lcl|CDHK01000008.1_cds_CEJ60390.1_9386	PMG11_08967
lcl|CDHK01000008.1_cds_CEJ60391.1_9387	PMG11_08966
lcl|CDHK01000008.1_cds_CEJ60392.1_9388	PMG11_08968
lcl|CDHK01000008.1_cds_CEJ60393.1_9389	PMG11_08969
lcl|CDHK01000008.1_cds_CEJ60394.1_9390	PMG11_08970
lcl|CDHK01000008.1_cds_CEJ60395.1_9391	PMG11_08971
lcl|CDHK01000008.1_cds_CEJ60396.1_9392	PMG11_08972
lcl|CDHK01000008.1_cds_CEJ60397.1_9393	PMG11_08973
lcl|CDHK01000008.1_cds_CEJ60398.1_9394	PMG11_08974
lcl|CDHK01000008.1_cds_CEJ60399.1_9395	PMG11_08975
lcl|CDHK01000008.1_cds_CEJ60400.1_9396	PMG11_08976
lcl|CDHK01000008.1_cds_CEJ60401.1_9397	PMG11_08977
lcl|CDHK01000008.1_cds_CEJ60402.1_9398	PMG11_08978
lcl|CDHK01000008.1_cds_CEJ60403.1_9399	PMG11_08979
lcl|CDHK01000008.1_cds_CEJ60404.1_9400	PMG11_08980
lcl|CDHK01000008.1_cds_CEJ60405.1_9401	PMG11_08981
lcl|CDHK01000008.1_cds_CEJ60406.1_9402	PMG11_08982
lcl|CDHK01000008.1_cds_CEJ60407.1_9403	PMG11_08983
lcl|CDHK01000008.1_cds_CEJ60408.1_9404	PMG11_08984
lcl|CDHK01000008.1_cds_CEJ60409.1_9405	PMG11_08985
lcl|CDHK01000008.1_cds_CEJ60410.1_9406	PMG11_08986
lcl|CDHK01000008.1_cds_CEJ60411.1_9407	PMG11_08987
lcl|CDHK01000008.1_cds_CEJ60412.1_9408	PMG11_08988
lcl|CDHK01000008.1_cds_CEJ60413.1_9409	PMG11_08989
lcl|CDHK01000008.1_cds_CEJ60414.1_9410	PMG11_08990
lcl|CDHK01000008.1_cds_CEJ60415.1_9411	PMG11_08990
lcl|CDHK01000008.1_cds_CEJ60416.1_9412	PMG11_08991
lcl|CDHK01000008.1_cds_CEJ60417.1_9413	PMG11_08992
lcl|CDHK01000008.1_cds_CEJ60418.1_9414	PMG11_08993
lcl|CDHK01000008.1_cds_CEJ60419.1_9415	PMG11_08994
lcl|CDHK01000008.1_cds_CEJ60420.1_9416	PMG11_08995
lcl|CDHK01000008.1_cds_CEJ60421.1_9417	PMG11_08996
lcl|CDHK01000008.1_cds_CEJ60422.1_9418	PMG11_08997
lcl|CDHK01000008.1_cds_CEJ60423.1_9419	PMG11_08998
lcl|CDHK01000008.1_cds_CEJ60424.1_9420	PMG11_08999
lcl|CDHK01000008.1_cds_CEJ60425.1_9421	PMG11_09000
lcl|CDHK01000008.1_cds_CEJ60426.1_9422	PMG11_09001
lcl|CDHK01000008.1_cds_CEJ60427.1_9423	PMG11_09002
lcl|CDHK01000008.1_cds_CEJ60428.1_9424	PMG11_09003
lcl|CDHK01000008.1_cds_CEJ60429.1_9425	PMG11_09004
lcl|CDHK01000008.1_cds_CEJ60430.1_9426	PMG11_09005
lcl|CDHK01000008.1_cds_CEJ60431.1_9427	PMG11_09006
lcl|CDHK01000008.1_cds_CEJ60432.1_9428	PMG11_09008
lcl|CDHK01000008.1_cds_CEJ60433.1_9429	PMG11_09007
lcl|CDHK01000008.1_cds_CEJ60434.1_9430	PMG11_09007
lcl|CDHK01000008.1_cds_CEJ60435.1_9431	PMG11_09009
lcl|CDHK01000008.1_cds_CEJ60437.1_9432	PMG11_09010
lcl|CDHK01000008.1_cds_CEJ60436.1_9433	PMG11_09010
lcl|CDHK01000008.1_cds_CEJ60438.1_9434	PMG11_09011
lcl|CDHK01000008.1_cds_CEJ60439.1_9435	PMG11_09012
lcl|CDHK01000008.1_cds_CEJ60440.1_9436	PMG11_09013
lcl|CDHK01000008.1_cds_CEJ60441.1_9437	PMG11_09014
lcl|CDHK01000008.1_cds_CEJ60442.1_9438	PMG11_09015
lcl|CDHK01000008.1_cds_CEJ60443.1_9439	PMG11_09016
lcl|CDHK01000008.1_cds_CEJ60444.1_9440	PMG11_09017
lcl|CDHK01000008.1_cds_CEJ60445.1_9441	PMG11_09018
lcl|CDHK01000008.1_cds_CEJ60446.1_9442	PMG11_09019
lcl|CDHK01000008.1_cds_CEJ60447.1_9443	PMG11_09020
lcl|CDHK01000008.1_cds_CEJ60448.1_9444	PMG11_09021
lcl|CDHK01000008.1_cds_CEJ60449.1_9445	PMG11_09022
lcl|CDHK01000008.1_cds_CEJ60450.1_9446	PMG11_09023
lcl|CDHK01000008.1_cds_CEJ60451.1_9447	PMG11_09024
lcl|CDHK01000008.1_cds_CEJ60452.1_9448	PMG11_09025
lcl|CDHK01000008.1_cds_CEJ60453.1_9449	PMG11_09026
lcl|CDHK01000008.1_cds_CEJ60454.1_9450	PMG11_09027
lcl|CDHK01000008.1_cds_CEJ60455.1_9451	PMG11_09028
lcl|CDHK01000008.1_cds_CEJ60456.1_9452	PMG11_09029
lcl|CDHK01000008.1_cds_CEJ60457.1_9453	PMG11_09030
lcl|CDHK01000008.1_cds_CEJ60458.1_9454	PMG11_09031
lcl|CDHK01000008.1_cds_CEJ60459.1_9455	PMG11_09032
lcl|CDHK01000008.1_cds_CEJ60460.1_9456	PMG11_09033
lcl|CDHK01000008.1_cds_CEJ60461.1_9457	PMG11_09034
lcl|CDHK01000008.1_cds_CEJ60462.1_9458	PMG11_09035
lcl|CDHK01000008.1_cds_CEJ60463.1_9459	PMG11_09036
lcl|CDHK01000008.1_cds_CEJ60464.1_9460	PMG11_09037
lcl|CDHK01000008.1_cds_CEJ60465.1_9461	PMG11_09038
lcl|CDHK01000008.1_cds_CEJ60466.1_9462	PMG11_09039
lcl|CDHK01000008.1_cds_CEJ60467.1_9463	PMG11_09040
lcl|CDHK01000008.1_cds_CEJ60468.1_9464	PMG11_09041
lcl|CDHK01000008.1_cds_CEJ60469.1_9465	PMG11_09042
lcl|CDHK01000008.1_cds_CEJ60470.1_9466	PMG11_09043
lcl|CDHK01000008.1_cds_CEJ60471.1_9467	PMG11_09044
lcl|CDHK01000008.1_cds_CEJ60472.1_9468	PMG11_09045
lcl|CDHK01000008.1_cds_CEJ60473.1_9469	PMG11_09046
lcl|CDHK01000008.1_cds_CEJ60474.1_9470	PMG11_09047
lcl|CDHK01000008.1_cds_CEJ60475.1_9471	PMG11_09048
lcl|CDHK01000008.1_cds_CEJ60476.1_9472	PMG11_09049
lcl|CDHK01000008.1_cds_CEJ60477.1_9473	PMG11_09050
lcl|CDHK01000008.1_cds_CEJ60478.1_9474	PMG11_09051
lcl|CDHK01000008.1_cds_CEJ60479.1_9475	PMG11_09052
lcl|CDHK01000008.1_cds_CEJ60480.1_9476	PMG11_09053
lcl|CDHK01000008.1_cds_CEJ60481.1_9477	PMG11_09054
lcl|CDHK01000008.1_cds_CEJ60482.1_9478	PMG11_09054
lcl|CDHK01000008.1_cds_CEJ60483.1_9479	PMG11_09055
lcl|CDHK01000008.1_cds_CEJ60484.1_9480	PMG11_09056
lcl|CDHK01000008.1_cds_CEJ60485.1_9481	PMG11_09057
lcl|CDHK01000008.1_cds_CEJ60486.1_9482	PMG11_09058
lcl|CDHK01000008.1_cds_CEJ60487.1_9483	PMG11_09059
lcl|CDHK01000008.1_cds_CEJ60488.1_9484	PMG11_09060
lcl|CDHK01000008.1_cds_CEJ60489.1_9485	PMG11_09061
lcl|CDHK01000008.1_cds_CEJ60490.1_9486	PMG11_09062
lcl|CDHK01000008.1_cds_CEJ60491.1_9487	PMG11_09063
lcl|CDHK01000008.1_cds_CEJ60492.1_9488	PMG11_09064
lcl|CDHK01000008.1_cds_CEJ60493.1_9489	PMG11_09065
lcl|CDHK01000008.1_cds_CEJ60494.1_9490	PMG11_09066
lcl|CDHK01000008.1_cds_CEJ60495.1_9491	PMG11_09067
lcl|CDHK01000008.1_cds_CEJ60496.1_9492	PMG11_09068
lcl|CDHK01000008.1_cds_CEJ60497.1_9493	PMG11_09069
lcl|CDHK01000008.1_cds_CEJ60498.1_9494	PMG11_09070
lcl|CDHK01000008.1_cds_CEJ60499.1_9495	PMG11_09071
lcl|CDHK01000008.1_cds_CEJ60500.1_9496	PMG11_09072
lcl|CDHK01000008.1_cds_CEJ60501.1_9497	PMG11_09073
lcl|CDHK01000008.1_cds_CEJ60502.1_9498	PMG11_09074
lcl|CDHK01000008.1_cds_CEJ60503.1_9499	PMG11_09075
lcl|CDHK01000008.1_cds_CEJ60504.1_9500	PMG11_09076
lcl|CDHK01000008.1_cds_CEJ60505.1_9501	PMG11_09077
lcl|CDHK01000008.1_cds_CEJ60506.1_9502	PMG11_09078
lcl|CDHK01000008.1_cds_CEJ60507.1_9503	PMG11_09079
lcl|CDHK01000008.1_cds_CEJ60508.1_9504	PMG11_09080
lcl|CDHK01000008.1_cds_CEJ60509.1_9505	PMG11_09081
lcl|CDHK01000008.1_cds_CEJ60510.1_9506	PMG11_09081
lcl|CDHK01000008.1_cds_CEJ60511.1_9507	PMG11_09082
lcl|CDHK01000008.1_cds_CEJ60512.1_9508	PMG11_09083
lcl|CDHK01000008.1_cds_CEJ60513.1_9509	PMG11_09084
lcl|CDHK01000008.1_cds_CEJ60514.1_9510	PMG11_09085
lcl|CDHK01000008.1_cds_CEJ60515.1_9511	PMG11_09086
lcl|CDHK01000008.1_cds_CEJ60516.1_9512	PMG11_09087
lcl|CDHK01000008.1_cds_CEJ60517.1_9513	PMG11_09088
lcl|CDHK01000008.1_cds_CEJ60518.1_9514	PMG11_09089
lcl|CDHK01000008.1_cds_CEJ60519.1_9515	PMG11_09090
lcl|CDHK01000008.1_cds_CEJ60520.1_9516	PMG11_09091
lcl|CDHK01000008.1_cds_CEJ60521.1_9517	PMG11_09092
lcl|CDHK01000008.1_cds_CEJ60522.1_9518	PMG11_09093
lcl|CDHK01000008.1_cds_CEJ60523.1_9519	PMG11_09094
lcl|CDHK01000008.1_cds_CEJ60524.1_9520	PMG11_09095
lcl|CDHK01000008.1_cds_CEJ60525.1_9521	PMG11_09096
lcl|CDHK01000008.1_cds_CEJ60526.1_9522	PMG11_09097
lcl|CDHK01000008.1_cds_CEJ60527.1_9523	PMG11_09098
lcl|CDHK01000008.1_cds_CEJ60528.1_9524	PMG11_09099
lcl|CDHK01000008.1_cds_CEJ60529.1_9525	PMG11_09100
lcl|CDHK01000008.1_cds_CEJ60530.1_9526	PMG11_09101
lcl|CDHK01000008.1_cds_CEJ60531.1_9527	PMG11_09102
lcl|CDHK01000008.1_cds_CEJ60532.1_9528	PMG11_09103
lcl|CDHK01000008.1_cds_CEJ60533.1_9529	PMG11_09104
lcl|CDHK01000008.1_cds_CEJ60534.1_9530	PMG11_09105
lcl|CDHK01000008.1_cds_CEJ60535.1_9531	PMG11_09106
lcl|CDHK01000008.1_cds_CEJ60536.1_9532	PMG11_09107
lcl|CDHK01000008.1_cds_CEJ60537.1_9533	PMG11_09108
lcl|CDHK01000008.1_cds_CEJ60538.1_9534	PMG11_09109
lcl|CDHK01000008.1_cds_CEJ60539.1_9535	PMG11_09110
lcl|CDHK01000008.1_cds_CEJ60540.1_9536	PMG11_09111
lcl|CDHK01000008.1_cds_CEJ60541.1_9537	PMG11_09112
lcl|CDHK01000008.1_cds_CEJ60542.1_9538	PMG11_09113
lcl|CDHK01000008.1_cds_CEJ60543.1_9539	PMG11_09114
lcl|CDHK01000008.1_cds_CEJ60544.1_9540	PMG11_09115
lcl|CDHK01000008.1_cds_CEJ60545.1_9541	PMG11_09116
lcl|CDHK01000008.1_cds_CEJ60546.1_9542	PMG11_09117
lcl|CDHK01000008.1_cds_CEJ60547.1_9543	PMG11_09118
lcl|CDHK01000008.1_cds_CEJ60548.1_9544	PMG11_09119
lcl|CDHK01000008.1_cds_CEJ60549.1_9545	PMG11_09120
lcl|CDHK01000008.1_cds_CEJ60550.1_9546	PMG11_09121
lcl|CDHK01000008.1_cds_CEJ60551.1_9547	PMG11_09122
lcl|CDHK01000008.1_cds_CEJ60552.1_9548	PMG11_09123
lcl|CDHK01000008.1_cds_CEJ60553.1_9549	PMG11_09124
lcl|CDHK01000008.1_cds_CEJ60554.1_9550	PMG11_09125
lcl|CDHK01000008.1_cds_CEJ60555.1_9551	PMG11_09126
lcl|CDHK01000008.1_cds_CEJ60556.1_9552	PMG11_09127
lcl|CDHK01000008.1_cds_CEJ60557.1_9553	PMG11_09128
lcl|CDHK01000008.1_cds_CEJ60558.1_9554	PMG11_09129
lcl|CDHK01000008.1_cds_CEJ60559.1_9555	PMG11_09130
lcl|CDHK01000008.1_cds_CEJ60560.1_9556	PMG11_09131
lcl|CDHK01000008.1_cds_CEJ60561.1_9557	PMG11_09132
lcl|CDHK01000008.1_cds_CEJ60562.1_9558	PMG11_09133
lcl|CDHK01000008.1_cds_CEJ60563.1_9559	PMG11_09134
lcl|CDHK01000008.1_cds_CEJ60564.1_9560	PMG11_09135
lcl|CDHK01000008.1_cds_CEJ60565.1_9561	PMG11_09136
lcl|CDHK01000008.1_cds_CEJ60566.1_9562	PMG11_09137
lcl|CDHK01000008.1_cds_CEJ60567.1_9563	PMG11_09138
lcl|CDHK01000008.1_cds_CEJ60568.1_9564	PMG11_09139
lcl|CDHK01000008.1_cds_CEJ60569.1_9565	PMG11_09140
lcl|CDHK01000008.1_cds_CEJ60570.1_9566	PMG11_09141
lcl|CDHK01000008.1_cds_CEJ60571.1_9567	PMG11_09142
lcl|CDHK01000008.1_cds_CEJ60572.1_9568	PMG11_09143
lcl|CDHK01000008.1_cds_CEJ60573.1_9569	PMG11_09144
lcl|CDHK01000008.1_cds_CEJ60574.1_9570	PMG11_09145
lcl|CDHK01000008.1_cds_CEJ60576.1_9571	PMG11_09146
lcl|CDHK01000008.1_cds_CEJ60575.1_9572	PMG11_09146
lcl|CDHK01000008.1_cds_CEJ60577.1_9573	PMG11_09147
lcl|CDHK01000008.1_cds_CEJ60578.1_9574	PMG11_09148
lcl|CDHK01000008.1_cds_CEJ60579.1_9575	PMG11_09149
lcl|CDHK01000008.1_cds_CEJ60580.1_9576	PMG11_09150
lcl|CDHK01000008.1_cds_CEJ60581.1_9577	PMG11_09151
lcl|CDHK01000008.1_cds_CEJ60582.1_9578	PMG11_09152
lcl|CDHK01000008.1_cds_CEJ60583.1_9579	PMG11_09153
lcl|CDHK01000008.1_cds_CEJ60585.1_9580	PMG11_09154
lcl|CDHK01000008.1_cds_CEJ60584.1_9581	PMG11_09154
lcl|CDHK01000008.1_cds_CEJ60586.1_9582	PMG11_09155
lcl|CDHK01000008.1_cds_CEJ60587.1_9583	PMG11_09156
lcl|CDHK01000008.1_cds_CEJ60588.1_9584	PMG11_09157
lcl|CDHK01000008.1_cds_CEJ60589.1_9585	PMG11_09158
lcl|CDHK01000008.1_cds_CEJ60590.1_9586	PMG11_09159
lcl|CDHK01000008.1_cds_CEJ60591.1_9587	PMG11_09160
lcl|CDHK01000008.1_cds_CEJ60592.1_9588	PMG11_09161
lcl|CDHK01000008.1_cds_CEJ60593.1_9589	PMG11_09162
lcl|CDHK01000008.1_cds_CEJ60594.1_9590	PMG11_09163
lcl|CDHK01000008.1_cds_CEJ60595.1_9591	PMG11_09164
lcl|CDHK01000008.1_cds_CEJ60596.1_9592	PMG11_09165
lcl|CDHK01000008.1_cds_CEJ60597.1_9593	PMG11_09166
lcl|CDHK01000008.1_cds_CEJ60598.1_9594	PMG11_09167
lcl|CDHK01000008.1_cds_CEJ60599.1_9595	PMG11_09168
lcl|CDHK01000008.1_cds_CEJ60600.1_9596	PMG11_09169
lcl|CDHK01000008.1_cds_CEJ60601.1_9597	PMG11_09170
lcl|CDHK01000008.1_cds_CEJ60602.1_9598	PMG11_09171
lcl|CDHK01000008.1_cds_CEJ60603.1_9599	PMG11_09172
lcl|CDHK01000008.1_cds_CEJ60604.1_9600	PMG11_09173
lcl|CDHK01000008.1_cds_CEJ60605.1_9601	PMG11_09174
lcl|CDHK01000008.1_cds_CEJ60606.1_9602	PMG11_09175
lcl|CDHK01000008.1_cds_CEJ60607.1_9603	PMG11_09176
lcl|CDHK01000008.1_cds_CEJ60608.1_9604	PMG11_09177
lcl|CDHK01000008.1_cds_CEJ60609.1_9605	PMG11_09178
lcl|CDHK01000008.1_cds_CEJ60610.1_9606	PMG11_09179
lcl|CDHK01000008.1_cds_CEJ60611.1_9607	PMG11_09180
lcl|CDHK01000008.1_cds_CEJ60612.1_9608	PMG11_09181
lcl|CDHK01000008.1_cds_CEJ60613.1_9609	PMG11_09182
lcl|CDHK01000008.1_cds_CEJ60614.1_9610	PMG11_09183
lcl|CDHK01000008.1_cds_CEJ60615.1_9611	PMG11_09184
lcl|CDHK01000008.1_cds_CEJ60616.1_9612	PMG11_09185
lcl|CDHK01000008.1_cds_CEJ60617.1_9613	PMG11_09186
lcl|CDHK01000008.1_cds_CEJ60618.1_9614	PMG11_09187
lcl|CDHK01000008.1_cds_CEJ60619.1_9615	PMG11_09188
lcl|CDHK01000008.1_cds_CEJ60620.1_9616	PMG11_09189
lcl|CDHK01000008.1_cds_CEJ60621.1_9617	PMG11_09190
lcl|CDHK01000008.1_cds_CEJ60622.1_9618	PMG11_09191
lcl|CDHK01000009.1_cds_CEJ60623.1_9619	PMG11_09192
lcl|CDHK01000009.1_cds_CEJ60624.1_9620	PMG11_09193
lcl|CDHK01000009.1_cds_CEJ60625.1_9621	PMG11_09194
lcl|CDHK01000009.1_cds_CEJ60626.1_9622	PMG11_09195
lcl|CDHK01000009.1_cds_CEJ60627.1_9623	PMG11_09196
lcl|CDHK01000009.1_cds_CEJ60628.1_9624	PMG11_09197
lcl|CDHK01000009.1_cds_CEJ60629.1_9625	PMG11_09198
lcl|CDHK01000009.1_cds_CEJ60630.1_9626	PMG11_09199
lcl|CDHK01000009.1_cds_CEJ60631.1_9627	PMG11_09200
lcl|CDHK01000009.1_cds_CEJ60632.1_9628	PMG11_09200
lcl|CDHK01000009.1_cds_CEJ60633.1_9629	PMG11_09201
lcl|CDHK01000009.1_cds_CEJ60634.1_9630	PMG11_09202
lcl|CDHK01000009.1_cds_CEJ60635.1_9631	PMG11_09203
lcl|CDHK01000009.1_cds_CEJ60636.1_9632	PMG11_09204
lcl|CDHK01000009.1_cds_CEJ60637.1_9633	PMG11_09205
lcl|CDHK01000009.1_cds_CEJ60638.1_9634	PMG11_09206
lcl|CDHK01000009.1_cds_CEJ60639.1_9635	PMG11_09207
lcl|CDHK01000009.1_cds_CEJ60640.1_9636	PMG11_09208
lcl|CDHK01000009.1_cds_CEJ60641.1_9637	PMG11_09209
lcl|CDHK01000009.1_cds_CEJ60642.1_9638	PMG11_09210
lcl|CDHK01000009.1_cds_CEJ60643.1_9639	PMG11_09211
lcl|CDHK01000009.1_cds_CEJ60644.1_9640	PMG11_09212
lcl|CDHK01000009.1_cds_CEJ60645.1_9641	PMG11_09213
lcl|CDHK01000009.1_cds_CEJ60646.1_9642	PMG11_09214
lcl|CDHK01000009.1_cds_CEJ60647.1_9643	PMG11_09215
lcl|CDHK01000009.1_cds_CEJ60648.1_9644	PMG11_09216
lcl|CDHK01000009.1_cds_CEJ60649.1_9645	PMG11_09217
lcl|CDHK01000009.1_cds_CEJ60650.1_9646	PMG11_09218
lcl|CDHK01000009.1_cds_CEJ60651.1_9647	PMG11_09218
lcl|CDHK01000009.1_cds_CEJ60652.1_9648	PMG11_09219
lcl|CDHK01000009.1_cds_CEJ60653.1_9649	PMG11_09220
lcl|CDHK01000009.1_cds_CEJ60654.1_9650	PMG11_09221
lcl|CDHK01000009.1_cds_CEJ60655.1_9651	PMG11_09222
lcl|CDHK01000009.1_cds_CEJ60656.1_9652	PMG11_09223
lcl|CDHK01000009.1_cds_CEJ60657.1_9653	PMG11_09224
lcl|CDHK01000009.1_cds_CEJ60658.1_9654	PMG11_09225
lcl|CDHK01000009.1_cds_CEJ60659.1_9655	PMG11_09226
lcl|CDHK01000009.1_cds_CEJ60660.1_9656	PMG11_09227
lcl|CDHK01000009.1_cds_CEJ60661.1_9657	PMG11_09228
lcl|CDHK01000009.1_cds_CEJ60662.1_9658	PMG11_09229
lcl|CDHK01000009.1_cds_CEJ60663.1_9659	PMG11_09230
lcl|CDHK01000009.1_cds_CEJ60664.1_9660	PMG11_09230
lcl|CDHK01000009.1_cds_CEJ60665.1_9661	PMG11_09231
lcl|CDHK01000009.1_cds_CEJ60666.1_9662	PMG11_09232
lcl|CDHK01000009.1_cds_CEJ60667.1_9663	PMG11_09232
lcl|CDHK01000009.1_cds_CEJ60668.1_9664	PMG11_09233
lcl|CDHK01000009.1_cds_CEJ60669.1_9665	PMG11_09234
lcl|CDHK01000009.1_cds_CEJ60670.1_9666	PMG11_09235
lcl|CDHK01000009.1_cds_CEJ60671.1_9667	PMG11_09236
lcl|CDHK01000009.1_cds_CEJ60672.1_9668	PMG11_09237
lcl|CDHK01000009.1_cds_CEJ60673.1_9669	PMG11_09238
lcl|CDHK01000009.1_cds_CEJ60674.1_9670	PMG11_09239
lcl|CDHK01000009.1_cds_CEJ60675.1_9671	PMG11_09240
lcl|CDHK01000009.1_cds_CEJ60676.1_9672	PMG11_09241
lcl|CDHK01000009.1_cds_CEJ60677.1_9673	PMG11_09242
lcl|CDHK01000009.1_cds_CEJ60678.1_9674	PMG11_09243
lcl|CDHK01000009.1_cds_CEJ60679.1_9675	PMG11_09244
lcl|CDHK01000009.1_cds_CEJ60680.1_9676	PMG11_09245
lcl|CDHK01000009.1_cds_CEJ60681.1_9677	PMG11_09246
lcl|CDHK01000009.1_cds_CEJ60682.1_9678	PMG11_09247
lcl|CDHK01000009.1_cds_CEJ60683.1_9679	PMG11_09248
lcl|CDHK01000009.1_cds_CEJ60684.1_9680	PMG11_09249
lcl|CDHK01000009.1_cds_CEJ60685.1_9681	PMG11_09250
lcl|CDHK01000009.1_cds_CEJ60686.1_9682	PMG11_09251
lcl|CDHK01000009.1_cds_CEJ60687.1_9683	PMG11_09252
lcl|CDHK01000009.1_cds_CEJ60689.1_9684	PMG11_09253
lcl|CDHK01000009.1_cds_CEJ60688.1_9685	PMG11_09253
lcl|CDHK01000009.1_cds_CEJ60690.1_9686	PMG11_09254
lcl|CDHK01000009.1_cds_CEJ60691.1_9687	PMG11_09255
lcl|CDHK01000009.1_cds_CEJ60692.1_9688	PMG11_09256
lcl|CDHK01000009.1_cds_CEJ60693.1_9689	PMG11_09257
lcl|CDHK01000009.1_cds_CEJ60694.1_9690	PMG11_09258
lcl|CDHK01000009.1_cds_CEJ60695.1_9691	PMG11_09259
lcl|CDHK01000009.1_cds_CEJ60696.1_9692	PMG11_09260
lcl|CDHK01000009.1_cds_CEJ60697.1_9693	PMG11_09261
lcl|CDHK01000009.1_cds_CEJ60698.1_9694	PMG11_09262
lcl|CDHK01000009.1_cds_CEJ60699.1_9695	PMG11_09262
lcl|CDHK01000009.1_cds_CEJ60700.1_9696	PMG11_09263
lcl|CDHK01000009.1_cds_CEJ60701.1_9697	PMG11_09264
lcl|CDHK01000009.1_cds_CEJ60702.1_9698	PMG11_09265
lcl|CDHK01000009.1_cds_CEJ60703.1_9699	PMG11_09266
lcl|CDHK01000009.1_cds_CEJ60704.1_9700	PMG11_09267
lcl|CDHK01000009.1_cds_CEJ60705.1_9701	PMG11_09268
lcl|CDHK01000009.1_cds_CEJ60706.1_9702	PMG11_09269
lcl|CDHK01000009.1_cds_CEJ60707.1_9703	PMG11_09270
lcl|CDHK01000009.1_cds_CEJ60708.1_9704	PMG11_09271
lcl|CDHK01000009.1_cds_CEJ60709.1_9705	PMG11_09272
lcl|CDHK01000009.1_cds_CEJ60710.1_9706	PMG11_09273
lcl|CDHK01000009.1_cds_CEJ60711.1_9707	PMG11_09274
lcl|CDHK01000009.1_cds_CEJ60712.1_9708	PMG11_09275
lcl|CDHK01000009.1_cds_CEJ60713.1_9709	PMG11_09276
lcl|CDHK01000009.1_cds_CEJ60714.1_9710	PMG11_09277
lcl|CDHK01000009.1_cds_CEJ60715.1_9711	PMG11_09278
lcl|CDHK01000009.1_cds_CEJ60716.1_9712	PMG11_09279
lcl|CDHK01000009.1_cds_CEJ60717.1_9713	PMG11_09280
lcl|CDHK01000009.1_cds_CEJ60718.1_9714	PMG11_09281
lcl|CDHK01000009.1_cds_CEJ60719.1_9715	PMG11_09282
lcl|CDHK01000009.1_cds_CEJ60720.1_9716	PMG11_09283
lcl|CDHK01000009.1_cds_CEJ60721.1_9717	PMG11_09285
lcl|CDHK01000009.1_cds_CEJ60722.1_9718	PMG11_09284
lcl|CDHK01000009.1_cds_CEJ60723.1_9719	PMG11_09286
lcl|CDHK01000009.1_cds_CEJ60724.1_9720	PMG11_09287
lcl|CDHK01000009.1_cds_CEJ60725.1_9721	PMG11_09288
lcl|CDHK01000009.1_cds_CEJ60726.1_9722	PMG11_09289
lcl|CDHK01000009.1_cds_CEJ60727.1_9723	PMG11_09290
lcl|CDHK01000009.1_cds_CEJ60728.1_9724	PMG11_09291
lcl|CDHK01000009.1_cds_CEJ60729.1_9725	PMG11_09292
lcl|CDHK01000009.1_cds_CEJ60730.1_9726	PMG11_09293
lcl|CDHK01000009.1_cds_CEJ60731.1_9727	PMG11_09294
lcl|CDHK01000009.1_cds_CEJ60732.1_9728	PMG11_09295
lcl|CDHK01000009.1_cds_CEJ60733.1_9729	PMG11_09296
lcl|CDHK01000009.1_cds_CEJ60734.1_9730	PMG11_09297
lcl|CDHK01000009.1_cds_CEJ60735.1_9731	PMG11_09298
lcl|CDHK01000009.1_cds_CEJ60736.1_9732	PMG11_09299
lcl|CDHK01000009.1_cds_CEJ60737.1_9733	PMG11_09300
lcl|CDHK01000009.1_cds_CEJ60738.1_9734	PMG11_09301
lcl|CDHK01000009.1_cds_CEJ60739.1_9735	PMG11_09302
lcl|CDHK01000009.1_cds_CEJ60740.1_9736	PMG11_09303
lcl|CDHK01000009.1_cds_CEJ60741.1_9737	PMG11_09304
lcl|CDHK01000009.1_cds_CEJ60742.1_9738	PMG11_09305
lcl|CDHK01000009.1_cds_CEJ60743.1_9739	PMG11_09306
lcl|CDHK01000009.1_cds_CEJ60744.1_9740	PMG11_09307
lcl|CDHK01000009.1_cds_CEJ60745.1_9741	PMG11_09308
lcl|CDHK01000009.1_cds_CEJ60746.1_9742	PMG11_09308
lcl|CDHK01000009.1_cds_CEJ60747.1_9743	PMG11_09309
lcl|CDHK01000009.1_cds_CEJ60748.1_9744	PMG11_09310
lcl|CDHK01000009.1_cds_CEJ60749.1_9745	PMG11_09311
lcl|CDHK01000009.1_cds_CEJ60750.1_9746	PMG11_09312
lcl|CDHK01000009.1_cds_CEJ60751.1_9747	PMG11_09313
lcl|CDHK01000009.1_cds_CEJ60752.1_9748	PMG11_09314
lcl|CDHK01000009.1_cds_CEJ60753.1_9749	PMG11_09315
lcl|CDHK01000009.1_cds_CEJ60754.1_9750	PMG11_09317
lcl|CDHK01000009.1_cds_CEJ60755.1_9751	PMG11_09316
lcl|CDHK01000009.1_cds_CEJ60756.1_9752	PMG11_09319
lcl|CDHK01000009.1_cds_CEJ60757.1_9753	PMG11_09318
lcl|CDHK01000009.1_cds_CEJ60758.1_9754	PMG11_09320
lcl|CDHK01000009.1_cds_CEJ60759.1_9755	PMG11_09321
lcl|CDHK01000009.1_cds_CEJ60760.1_9756	PMG11_09322
lcl|CDHK01000009.1_cds_CEJ60761.1_9757	PMG11_09323
lcl|CDHK01000009.1_cds_CEJ60762.1_9758	PMG11_09324
lcl|CDHK01000009.1_cds_CEJ60763.1_9759	PMG11_09325
lcl|CDHK01000009.1_cds_CEJ60764.1_9760	PMG11_09326
lcl|CDHK01000009.1_cds_CEJ60765.1_9761	PMG11_09327
lcl|CDHK01000009.1_cds_CEJ60766.1_9762	PMG11_09328
lcl|CDHK01000009.1_cds_CEJ60767.1_9763	PMG11_09329
lcl|CDHK01000009.1_cds_CEJ60768.1_9764	PMG11_09330
lcl|CDHK01000009.1_cds_CEJ60769.1_9765	PMG11_09331
lcl|CDHK01000009.1_cds_CEJ60770.1_9766	PMG11_09332
lcl|CDHK01000009.1_cds_CEJ60771.1_9767	PMG11_09333
lcl|CDHK01000009.1_cds_CEJ60772.1_9768	PMG11_09334
lcl|CDHK01000009.1_cds_CEJ60773.1_9769	PMG11_09335
lcl|CDHK01000009.1_cds_CEJ60774.1_9770	PMG11_09336
lcl|CDHK01000009.1_cds_CEJ60775.1_9771	PMG11_09337
lcl|CDHK01000009.1_cds_CEJ60776.1_9772	PMG11_09338
lcl|CDHK01000009.1_cds_CEJ60777.1_9773	PMG11_09339
lcl|CDHK01000009.1_cds_CEJ60778.1_9774	PMG11_09340
lcl|CDHK01000009.1_cds_CEJ60779.1_9775	PMG11_09341
lcl|CDHK01000009.1_cds_CEJ60780.1_9776	PMG11_09342
lcl|CDHK01000009.1_cds_CEJ60782.1_9777	PMG11_09343
lcl|CDHK01000009.1_cds_CEJ60783.1_9778	PMG11_09343
lcl|CDHK01000009.1_cds_CEJ60784.1_9779	PMG11_09343
lcl|CDHK01000009.1_cds_CEJ60781.1_9780	PMG11_09343
lcl|CDHK01000009.1_cds_CEJ60785.1_9781	PMG11_09343
lcl|CDHK01000009.1_cds_CEJ60786.1_9782	PMG11_09345
lcl|CDHK01000009.1_cds_CEJ60787.1_9783	PMG11_09344
lcl|CDHK01000009.1_cds_CEJ60788.1_9784	PMG11_09346
lcl|CDHK01000009.1_cds_CEJ60789.1_9785	PMG11_09347
lcl|CDHK01000009.1_cds_CEJ60790.1_9786	PMG11_09348
lcl|CDHK01000009.1_cds_CEJ60791.1_9787	PMG11_09349
lcl|CDHK01000009.1_cds_CEJ60792.1_9788	PMG11_09350
lcl|CDHK01000009.1_cds_CEJ60793.1_9789	PMG11_09351
lcl|CDHK01000009.1_cds_CEJ60794.1_9790	PMG11_09352
lcl|CDHK01000009.1_cds_CEJ60795.1_9791	PMG11_09352
lcl|CDHK01000009.1_cds_CEJ60796.1_9792	PMG11_09353
lcl|CDHK01000009.1_cds_CEJ60797.1_9793	PMG11_09354
lcl|CDHK01000009.1_cds_CEJ60798.1_9794	PMG11_09355
lcl|CDHK01000009.1_cds_CEJ60799.1_9795	PMG11_09356
lcl|CDHK01000009.1_cds_CEJ60800.1_9796	PMG11_09357
lcl|CDHK01000009.1_cds_CEJ60801.1_9797	PMG11_09358
lcl|CDHK01000009.1_cds_CEJ60802.1_9798	PMG11_09359
lcl|CDHK01000009.1_cds_CEJ60803.1_9799	PMG11_09360
lcl|CDHK01000009.1_cds_CEJ60804.1_9800	PMG11_09361
lcl|CDHK01000009.1_cds_CEJ60805.1_9801	PMG11_09362
lcl|CDHK01000009.1_cds_CEJ60806.1_9802	PMG11_09363
lcl|CDHK01000009.1_cds_CEJ60807.1_9803	PMG11_09364
lcl|CDHK01000009.1_cds_CEJ60808.1_9804	PMG11_09365
lcl|CDHK01000009.1_cds_CEJ60809.1_9805	PMG11_09366
lcl|CDHK01000009.1_cds_CEJ60810.1_9806	PMG11_09367
lcl|CDHK01000009.1_cds_CEJ60811.1_9807	PMG11_09368
lcl|CDHK01000009.1_cds_CEJ60812.1_9808	PMG11_09369
lcl|CDHK01000009.1_cds_CEJ60813.1_9809	PMG11_09370
lcl|CDHK01000009.1_cds_CEJ60814.1_9810	PMG11_09371
lcl|CDHK01000009.1_cds_CEJ60815.1_9811	PMG11_09372
lcl|CDHK01000009.1_cds_CEJ60816.1_9812	PMG11_09373
lcl|CDHK01000009.1_cds_CEJ60817.1_9813	PMG11_09374
lcl|CDHK01000009.1_cds_CEJ60818.1_9814	PMG11_09375
lcl|CDHK01000009.1_cds_CEJ60819.1_9815	PMG11_09376
lcl|CDHK01000009.1_cds_CEJ60820.1_9816	PMG11_09377
lcl|CDHK01000009.1_cds_CEJ60821.1_9817	PMG11_09378
lcl|CDHK01000009.1_cds_CEJ60822.1_9818	PMG11_09379
lcl|CDHK01000009.1_cds_CEJ60823.1_9819	PMG11_09380
lcl|CDHK01000009.1_cds_CEJ60824.1_9820	PMG11_09381
lcl|CDHK01000009.1_cds_CEJ60825.1_9821	PMG11_09382
lcl|CDHK01000009.1_cds_CEJ60826.1_9822	PMG11_09383
lcl|CDHK01000009.1_cds_CEJ60827.1_9823	PMG11_09384
lcl|CDHK01000009.1_cds_CEJ60828.1_9824	PMG11_09385
lcl|CDHK01000009.1_cds_CEJ60829.1_9825	PMG11_09386
lcl|CDHK01000009.1_cds_CEJ60830.1_9826	PMG11_09387
lcl|CDHK01000009.1_cds_CEJ60831.1_9827	PMG11_09388
lcl|CDHK01000009.1_cds_CEJ60832.1_9828	PMG11_09389
lcl|CDHK01000009.1_cds_CEJ60833.1_9829	PMG11_09390
lcl|CDHK01000009.1_cds_CEJ60834.1_9830	PMG11_09391
lcl|CDHK01000009.1_cds_CEJ60835.1_9831	PMG11_09392
lcl|CDHK01000009.1_cds_CEJ60836.1_9832	PMG11_09393
lcl|CDHK01000009.1_cds_CEJ60837.1_9833	PMG11_09394
lcl|CDHK01000009.1_cds_CEJ60838.1_9834	PMG11_09395
lcl|CDHK01000009.1_cds_CEJ60839.1_9835	PMG11_09396
lcl|CDHK01000009.1_cds_CEJ60840.1_9836	PMG11_09397
lcl|CDHK01000009.1_cds_CEJ60841.1_9837	PMG11_09397
lcl|CDHK01000009.1_cds_CEJ60842.1_9838	PMG11_09398
lcl|CDHK01000009.1_cds_CEJ60843.1_9839	PMG11_09399
lcl|CDHK01000009.1_cds_CEJ60844.1_9840	PMG11_09400
lcl|CDHK01000009.1_cds_CEJ60845.1_9841	PMG11_09401
lcl|CDHK01000009.1_cds_CEJ60846.1_9842	PMG11_09402
lcl|CDHK01000009.1_cds_CEJ60847.1_9843	PMG11_09403
lcl|CDHK01000009.1_cds_CEJ60848.1_9844	PMG11_09404
lcl|CDHK01000009.1_cds_CEJ60849.1_9845	PMG11_09405
lcl|CDHK01000009.1_cds_CEJ60850.1_9846	PMG11_09406
lcl|CDHK01000009.1_cds_CEJ60851.1_9847	PMG11_09407
lcl|CDHK01000009.1_cds_CEJ60852.1_9848	PMG11_09408
lcl|CDHK01000009.1_cds_CEJ60853.1_9849	PMG11_09409
lcl|CDHK01000009.1_cds_CEJ60854.1_9850	PMG11_09410
lcl|CDHK01000009.1_cds_CEJ60855.1_9851	PMG11_09411
lcl|CDHK01000009.1_cds_CEJ60856.1_9852	PMG11_09412
lcl|CDHK01000009.1_cds_CEJ60857.1_9853	PMG11_09413
lcl|CDHK01000009.1_cds_CEJ60858.1_9854	PMG11_09414
lcl|CDHK01000009.1_cds_CEJ60859.1_9855	PMG11_09415
lcl|CDHK01000009.1_cds_CEJ60860.1_9856	PMG11_09416
lcl|CDHK01000009.1_cds_CEJ60861.1_9857	PMG11_09417
lcl|CDHK01000009.1_cds_CEJ60862.1_9858	PMG11_09418
lcl|CDHK01000009.1_cds_CEJ60863.1_9859	PMG11_09419
lcl|CDHK01000009.1_cds_CEJ60864.1_9860	PMG11_09420
lcl|CDHK01000009.1_cds_CEJ60865.1_9861	PMG11_09421
lcl|CDHK01000009.1_cds_CEJ60866.1_9862	PMG11_09422
lcl|CDHK01000009.1_cds_CEJ60867.1_9863	PMG11_09422
lcl|CDHK01000009.1_cds_CEJ60868.1_9864	PMG11_09423
lcl|CDHK01000009.1_cds_CEJ60869.1_9865	PMG11_09424
lcl|CDHK01000009.1_cds_CEJ60870.1_9866	PMG11_09425
lcl|CDHK01000009.1_cds_CEJ60871.1_9867	PMG11_09426
lcl|CDHK01000009.1_cds_CEJ60872.1_9868	PMG11_09427
lcl|CDHK01000009.1_cds_CEJ60873.1_9869	PMG11_09428
lcl|CDHK01000009.1_cds_CEJ60874.1_9870	PMG11_09429
lcl|CDHK01000009.1_cds_CEJ60875.1_9871	PMG11_09430
lcl|CDHK01000009.1_cds_CEJ60876.1_9872	PMG11_09431
lcl|CDHK01000009.1_cds_CEJ60877.1_9873	PMG11_09431
lcl|CDHK01000009.1_cds_CEJ60878.1_9874	PMG11_09432
lcl|CDHK01000009.1_cds_CEJ60879.1_9875	PMG11_09433
lcl|CDHK01000009.1_cds_CEJ60880.1_9876	PMG11_09434
lcl|CDHK01000009.1_cds_CEJ60881.1_9877	PMG11_09435
lcl|CDHK01000009.1_cds_CEJ60882.1_9878	PMG11_09436
lcl|CDHK01000009.1_cds_CEJ60883.1_9879	PMG11_09437
lcl|CDHK01000009.1_cds_CEJ60884.1_9880	PMG11_09438
lcl|CDHK01000009.1_cds_CEJ60885.1_9881	PMG11_09439
lcl|CDHK01000009.1_cds_CEJ60886.1_9882	PMG11_09440
lcl|CDHK01000009.1_cds_CEJ60887.1_9883	PMG11_09441
lcl|CDHK01000009.1_cds_CEJ60888.1_9884	PMG11_09442
lcl|CDHK01000009.1_cds_CEJ60889.1_9885	PMG11_09443
lcl|CDHK01000009.1_cds_CEJ60890.1_9886	PMG11_09444
lcl|CDHK01000009.1_cds_CEJ60891.1_9887	PMG11_09445
lcl|CDHK01000009.1_cds_CEJ60892.1_9888	PMG11_09446
lcl|CDHK01000009.1_cds_CEJ60893.1_9889	PMG11_09447
lcl|CDHK01000009.1_cds_CEJ60894.1_9890	PMG11_09448
lcl|CDHK01000009.1_cds_CEJ60895.1_9891	PMG11_09449
lcl|CDHK01000009.1_cds_CEJ60896.1_9892	PMG11_09450
lcl|CDHK01000009.1_cds_CEJ60897.1_9893	PMG11_09451
lcl|CDHK01000009.1_cds_CEJ60898.1_9894	PMG11_09452
lcl|CDHK01000009.1_cds_CEJ60899.1_9895	PMG11_09453
lcl|CDHK01000009.1_cds_CEJ60900.1_9896	PMG11_09454
lcl|CDHK01000009.1_cds_CEJ60901.1_9897	PMG11_09455
lcl|CDHK01000009.1_cds_CEJ60902.1_9898	PMG11_09456
lcl|CDHK01000009.1_cds_CEJ60903.1_9899	PMG11_09457
lcl|CDHK01000009.1_cds_CEJ60904.1_9900	PMG11_09458
lcl|CDHK01000009.1_cds_CEJ60905.1_9901	PMG11_09459
lcl|CDHK01000009.1_cds_CEJ60906.1_9902	PMG11_09460
lcl|CDHK01000009.1_cds_CEJ60907.1_9903	PMG11_09461
lcl|CDHK01000009.1_cds_CEJ60908.1_9904	PMG11_09462
lcl|CDHK01000009.1_cds_CEJ60909.1_9905	PMG11_09463
lcl|CDHK01000009.1_cds_CEJ60910.1_9906	PMG11_09464
lcl|CDHK01000009.1_cds_CEJ60911.1_9907	PMG11_09465
lcl|CDHK01000009.1_cds_CEJ60912.1_9908	PMG11_09466
lcl|CDHK01000009.1_cds_CEJ60913.1_9909	PMG11_09467
lcl|CDHK01000009.1_cds_CEJ60914.1_9910	PMG11_09468
lcl|CDHK01000009.1_cds_CEJ60915.1_9911	PMG11_09469
lcl|CDHK01000009.1_cds_CEJ60916.1_9912	PMG11_09470
lcl|CDHK01000009.1_cds_CEJ60917.1_9913	PMG11_09471
lcl|CDHK01000009.1_cds_CEJ60918.1_9914	PMG11_09472
lcl|CDHK01000009.1_cds_CEJ60919.1_9915	PMG11_09473
lcl|CDHK01000009.1_cds_CEJ60920.1_9916	PMG11_09474
lcl|CDHK01000009.1_cds_CEJ60921.1_9917	PMG11_09475
lcl|CDHK01000009.1_cds_CEJ60922.1_9918	PMG11_09476
lcl|CDHK01000009.1_cds_CEJ60923.1_9919	PMG11_09477
lcl|CDHK01000009.1_cds_CEJ60924.1_9920	PMG11_09478
lcl|CDHK01000009.1_cds_CEJ60925.1_9921	PMG11_09479
lcl|CDHK01000009.1_cds_CEJ60926.1_9922	PMG11_09480
lcl|CDHK01000009.1_cds_CEJ60927.1_9923	PMG11_09481
lcl|CDHK01000009.1_cds_CEJ60928.1_9924	PMG11_09482
lcl|CDHK01000009.1_cds_CEJ60929.1_9925	PMG11_09483
lcl|CDHK01000009.1_cds_CEJ60930.1_9926	PMG11_09484
lcl|CDHK01000009.1_cds_CEJ60931.1_9927	PMG11_09485
lcl|CDHK01000009.1_cds_CEJ60932.1_9928	PMG11_09486
lcl|CDHK01000009.1_cds_CEJ60933.1_9929	PMG11_09487
lcl|CDHK01000009.1_cds_CEJ60934.1_9930	PMG11_09488
lcl|CDHK01000009.1_cds_CEJ60935.1_9931	PMG11_09489
lcl|CDHK01000009.1_cds_CEJ60936.1_9932	PMG11_09490
lcl|CDHK01000009.1_cds_CEJ60937.1_9933	PMG11_09491
lcl|CDHK01000009.1_cds_CEJ60938.1_9934	PMG11_09492
lcl|CDHK01000009.1_cds_CEJ60939.1_9935	PMG11_09493
lcl|CDHK01000009.1_cds_CEJ60940.1_9936	PMG11_09494
lcl|CDHK01000009.1_cds_CEJ60941.1_9937	PMG11_09495
lcl|CDHK01000009.1_cds_CEJ60942.1_9938	PMG11_09496
lcl|CDHK01000009.1_cds_CEJ60943.1_9939	PMG11_09497
lcl|CDHK01000009.1_cds_CEJ60944.1_9940	PMG11_09498
lcl|CDHK01000009.1_cds_CEJ60945.1_9941	PMG11_09499
lcl|CDHK01000009.1_cds_CEJ60946.1_9942	PMG11_09500
lcl|CDHK01000009.1_cds_CEJ60947.1_9943	PMG11_09501
lcl|CDHK01000009.1_cds_CEJ60948.1_9944	PMG11_09502
lcl|CDHK01000009.1_cds_CEJ60949.1_9945	PMG11_09503
lcl|CDHK01000009.1_cds_CEJ60950.1_9946	PMG11_09504
lcl|CDHK01000009.1_cds_CEJ60951.1_9947	PMG11_09505
lcl|CDHK01000009.1_cds_CEJ60952.1_9948	PMG11_09506
lcl|CDHK01000009.1_cds_CEJ60953.1_9949	PMG11_09507
lcl|CDHK01000009.1_cds_CEJ60954.1_9950	PMG11_09508
lcl|CDHK01000009.1_cds_CEJ60955.1_9951	PMG11_09509
lcl|CDHK01000009.1_cds_CEJ60956.1_9952	PMG11_09510
lcl|CDHK01000009.1_cds_CEJ60957.1_9953	PMG11_09511
lcl|CDHK01000009.1_cds_CEJ60958.1_9954	PMG11_09512
lcl|CDHK01000009.1_cds_CEJ60959.1_9955	PMG11_09513
lcl|CDHK01000009.1_cds_CEJ60960.1_9956	PMG11_09514
lcl|CDHK01000009.1_cds_CEJ60961.1_9957	PMG11_09515
lcl|CDHK01000009.1_cds_CEJ60962.1_9958	PMG11_09516
lcl|CDHK01000009.1_cds_CEJ60963.1_9959	PMG11_09517
lcl|CDHK01000009.1_cds_CEJ60964.1_9960	PMG11_09518
lcl|CDHK01000009.1_cds_CEJ60965.1_9961	PMG11_09519
lcl|CDHK01000009.1_cds_CEJ60966.1_9962	PMG11_09520
lcl|CDHK01000009.1_cds_CEJ60967.1_9963	PMG11_09521
lcl|CDHK01000009.1_cds_CEJ60968.1_9964	PMG11_09521
lcl|CDHK01000009.1_cds_CEJ60969.1_9965	PMG11_09522
lcl|CDHK01000009.1_cds_CEJ60970.1_9966	PMG11_09523
lcl|CDHK01000009.1_cds_CEJ60971.1_9967	PMG11_09524
lcl|CDHK01000009.1_cds_CEJ60972.1_9968	PMG11_09525
lcl|CDHK01000009.1_cds_CEJ60973.1_9969	PMG11_09526
lcl|CDHK01000009.1_cds_CEJ60974.1_9970	PMG11_09527
lcl|CDHK01000009.1_cds_CEJ60975.1_9971	PMG11_09528
lcl|CDHK01000009.1_cds_CEJ60976.1_9972	PMG11_09529
lcl|CDHK01000009.1_cds_CEJ60977.1_9973	PMG11_09530
lcl|CDHK01000009.1_cds_CEJ60978.1_9974	PMG11_09530
lcl|CDHK01000009.1_cds_CEJ60979.1_9975	PMG11_09531
lcl|CDHK01000009.1_cds_CEJ60980.1_9976	PMG11_09532
lcl|CDHK01000009.1_cds_CEJ60981.1_9977	PMG11_09533
lcl|CDHK01000009.1_cds_CEJ60982.1_9978	PMG11_09534
lcl|CDHK01000009.1_cds_CEJ60983.1_9979	PMG11_09535
lcl|CDHK01000009.1_cds_CEJ60984.1_9980	PMG11_09536
lcl|CDHK01000009.1_cds_CEJ60985.1_9981	PMG11_09537
lcl|CDHK01000009.1_cds_CEJ60986.1_9982	PMG11_09538
lcl|CDHK01000009.1_cds_CEJ60987.1_9983	PMG11_09539
lcl|CDHK01000009.1_cds_CEJ60988.1_9984	PMG11_09540
lcl|CDHK01000009.1_cds_CEJ60989.1_9985	PMG11_09541
lcl|CDHK01000009.1_cds_CEJ60990.1_9986	PMG11_09542
lcl|CDHK01000009.1_cds_CEJ60992.1_9987	PMG11_09543
lcl|CDHK01000009.1_cds_CEJ60991.1_9988	PMG11_09543
lcl|CDHK01000009.1_cds_CEJ60993.1_9989	PMG11_09543
lcl|CDHK01000009.1_cds_CEJ60994.1_9990	PMG11_09544
lcl|CDHK01000009.1_cds_CEJ60995.1_9991	PMG11_09545
lcl|CDHK01000009.1_cds_CEJ60996.1_9992	PMG11_09546
lcl|CDHK01000009.1_cds_CEJ60997.1_9993	PMG11_09547
lcl|CDHK01000009.1_cds_CEJ60998.1_9994	PMG11_09548
lcl|CDHK01000009.1_cds_CEJ60999.1_9995	PMG11_09549
lcl|CDHK01000009.1_cds_CEJ61000.1_9996	PMG11_09549
lcl|CDHK01000009.1_cds_CEJ61001.1_9997	PMG11_09550
lcl|CDHK01000009.1_cds_CEJ61002.1_9998	PMG11_09551
lcl|CDHK01000009.1_cds_CEJ61003.1_9999	PMG11_09552
lcl|CDHK01000009.1_cds_CEJ61004.1_10000	PMG11_09552
lcl|CDHK01000009.1_cds_CEJ61005.1_10001	PMG11_09553
lcl|CDHK01000009.1_cds_CEJ61006.1_10002	PMG11_09554
lcl|CDHK01000009.1_cds_CEJ61007.1_10003	PMG11_09555
lcl|CDHK01000009.1_cds_CEJ61008.1_10004	PMG11_09556
lcl|CDHK01000009.1_cds_CEJ61009.1_10005	PMG11_09557
lcl|CDHK01000009.1_cds_CEJ61011.1_10006	PMG11_09558
lcl|CDHK01000009.1_cds_CEJ61010.1_10007	PMG11_09558
lcl|CDHK01000009.1_cds_CEJ61012.1_10008	PMG11_09559
lcl|CDHK01000009.1_cds_CEJ61013.1_10009	PMG11_09560
lcl|CDHK01000009.1_cds_CEJ61014.1_10010	PMG11_09560
lcl|CDHK01000009.1_cds_CEJ61015.1_10011	PMG11_09561
lcl|CDHK01000009.1_cds_CEJ61016.1_10012	PMG11_09562
lcl|CDHK01000009.1_cds_CEJ61017.1_10013	PMG11_09563
lcl|CDHK01000009.1_cds_CEJ61018.1_10014	PMG11_09564
lcl|CDHK01000009.1_cds_CEJ61019.1_10015	PMG11_09565
lcl|CDHK01000009.1_cds_CEJ61020.1_10016	PMG11_09566
lcl|CDHK01000009.1_cds_CEJ61021.1_10017	PMG11_09567
lcl|CDHK01000009.1_cds_CEJ61022.1_10018	PMG11_09568
lcl|CDHK01000009.1_cds_CEJ61023.1_10019	PMG11_09569
lcl|CDHK01000009.1_cds_CEJ61024.1_10020	PMG11_09570
lcl|CDHK01000010.1_cds_CEJ61025.1_10021	PMG11_09571
lcl|CDHK01000010.1_cds_CEJ61026.1_10022	PMG11_09572
lcl|CDHK01000010.1_cds_CEJ61027.1_10023	PMG11_09573
lcl|CDHK01000010.1_cds_CEJ61028.1_10024	PMG11_09574
lcl|CDHK01000010.1_cds_CEJ61029.1_10025	PMG11_09575
lcl|CDHK01000010.1_cds_CEJ61030.1_10026	PMG11_09576
lcl|CDHK01000010.1_cds_CEJ61031.1_10027	PMG11_09577
lcl|CDHK01000010.1_cds_CEJ61032.1_10028	PMG11_09578
lcl|CDHK01000010.1_cds_CEJ61033.1_10029	PMG11_09579
lcl|CDHK01000010.1_cds_CEJ61034.1_10030	PMG11_09580
lcl|CDHK01000010.1_cds_CEJ61035.1_10031	PMG11_09580
lcl|CDHK01000010.1_cds_CEJ61036.1_10032	PMG11_09581
lcl|CDHK01000010.1_cds_CEJ61037.1_10033	PMG11_09582
lcl|CDHK01000010.1_cds_CEJ61038.1_10034	PMG11_09583
lcl|CDHK01000010.1_cds_CEJ61039.1_10035	PMG11_09584
lcl|CDHK01000010.1_cds_CEJ61040.1_10036	PMG11_09585
lcl|CDHK01000010.1_cds_CEJ61041.1_10037	PMG11_09586
lcl|CDHK01000010.1_cds_CEJ61042.1_10038	PMG11_09587
lcl|CDHK01000010.1_cds_CEJ61043.1_10039	PMG11_09588
lcl|CDHK01000010.1_cds_CEJ61044.1_10040	PMG11_09589
lcl|CDHK01000010.1_cds_CEJ61045.1_10041	PMG11_09590
lcl|CDHK01000010.1_cds_CEJ61046.1_10042	PMG11_09591
lcl|CDHK01000010.1_cds_CEJ61047.1_10043	PMG11_09592
lcl|CDHK01000010.1_cds_CEJ61048.1_10044	PMG11_09593
lcl|CDHK01000010.1_cds_CEJ61049.1_10045	PMG11_09594
lcl|CDHK01000010.1_cds_CEJ61050.1_10046	PMG11_09595
lcl|CDHK01000010.1_cds_CEJ61051.1_10047	PMG11_09596
lcl|CDHK01000010.1_cds_CEJ61052.1_10048	PMG11_09597
lcl|CDHK01000010.1_cds_CEJ61053.1_10049	PMG11_09598
lcl|CDHK01000010.1_cds_CEJ61054.1_10050	PMG11_09599
lcl|CDHK01000010.1_cds_CEJ61055.1_10051	PMG11_09600
lcl|CDHK01000010.1_cds_CEJ61056.1_10052	PMG11_09601
lcl|CDHK01000010.1_cds_CEJ61057.1_10053	PMG11_09602
lcl|CDHK01000010.1_cds_CEJ61058.1_10054	PMG11_09603
lcl|CDHK01000010.1_cds_CEJ61059.1_10055	PMG11_09604
lcl|CDHK01000010.1_cds_CEJ61060.1_10056	PMG11_09605
lcl|CDHK01000010.1_cds_CEJ61061.1_10057	PMG11_09606
lcl|CDHK01000010.1_cds_CEJ61062.1_10058	PMG11_09607
lcl|CDHK01000010.1_cds_CEJ61063.1_10059	PMG11_09608
lcl|CDHK01000010.1_cds_CEJ61064.1_10060	PMG11_09609
lcl|CDHK01000010.1_cds_CEJ61065.1_10061	PMG11_09609
lcl|CDHK01000010.1_cds_CEJ61066.1_10062	PMG11_09610
lcl|CDHK01000010.1_cds_CEJ61067.1_10063	PMG11_09611
lcl|CDHK01000010.1_cds_CEJ61068.1_10064	PMG11_09612
lcl|CDHK01000010.1_cds_CEJ61069.1_10065	PMG11_09613
lcl|CDHK01000010.1_cds_CEJ61070.1_10066	PMG11_09614
lcl|CDHK01000010.1_cds_CEJ61071.1_10067	PMG11_09615
lcl|CDHK01000010.1_cds_CEJ61072.1_10068	PMG11_09616
lcl|CDHK01000010.1_cds_CEJ61073.1_10069	PMG11_09617
lcl|CDHK01000010.1_cds_CEJ61074.1_10070	PMG11_09619
lcl|CDHK01000010.1_cds_CEJ61075.1_10071	PMG11_09618
lcl|CDHK01000010.1_cds_CEJ61076.1_10072	PMG11_09620
lcl|CDHK01000010.1_cds_CEJ61077.1_10073	PMG11_09621
lcl|CDHK01000010.1_cds_CEJ61078.1_10074	PMG11_09622
lcl|CDHK01000010.1_cds_CEJ61079.1_10075	PMG11_09623
lcl|CDHK01000010.1_cds_CEJ61080.1_10076	PMG11_09623
lcl|CDHK01000010.1_cds_CEJ61081.1_10077	PMG11_09624
lcl|CDHK01000010.1_cds_CEJ61082.1_10078	PMG11_09625
lcl|CDHK01000010.1_cds_CEJ61083.1_10079	PMG11_09626
lcl|CDHK01000010.1_cds_CEJ61084.1_10080	PMG11_09627
lcl|CDHK01000010.1_cds_CEJ61085.1_10081	PMG11_09628
lcl|CDHK01000010.1_cds_CEJ61086.1_10082	PMG11_09629
lcl|CDHK01000010.1_cds_CEJ61087.1_10083	PMG11_09630
lcl|CDHK01000010.1_cds_CEJ61088.1_10084	PMG11_09631
lcl|CDHK01000010.1_cds_CEJ61089.1_10085	PMG11_09632
lcl|CDHK01000010.1_cds_CEJ61090.1_10086	PMG11_09633
lcl|CDHK01000010.1_cds_CEJ61091.1_10087	PMG11_09634
lcl|CDHK01000010.1_cds_CEJ61092.1_10088	PMG11_09635
lcl|CDHK01000010.1_cds_CEJ61093.1_10089	PMG11_09636
lcl|CDHK01000010.1_cds_CEJ61094.1_10090	PMG11_09638
lcl|CDHK01000010.1_cds_CEJ61095.1_10091	PMG11_09637
lcl|CDHK01000010.1_cds_CEJ61096.1_10092	PMG11_09639
lcl|CDHK01000010.1_cds_CEJ61097.1_10093	PMG11_09640
lcl|CDHK01000010.1_cds_CEJ61098.1_10094	PMG11_09641
lcl|CDHK01000010.1_cds_CEJ61099.1_10095	PMG11_09642
lcl|CDHK01000010.1_cds_CEJ61100.1_10096	PMG11_09643
lcl|CDHK01000010.1_cds_CEJ61101.1_10097	PMG11_09644
lcl|CDHK01000010.1_cds_CEJ61102.1_10098	PMG11_09645
lcl|CDHK01000010.1_cds_CEJ61103.1_10099	PMG11_09646
lcl|CDHK01000010.1_cds_CEJ61104.1_10100	PMG11_09646
lcl|CDHK01000010.1_cds_CEJ61105.1_10101	PMG11_09647
lcl|CDHK01000010.1_cds_CEJ61106.1_10102	PMG11_09648
lcl|CDHK01000010.1_cds_CEJ61107.1_10103	PMG11_09649
lcl|CDHK01000010.1_cds_CEJ61108.1_10104	PMG11_09650
lcl|CDHK01000010.1_cds_CEJ61109.1_10105	PMG11_09651
lcl|CDHK01000010.1_cds_CEJ61110.1_10106	PMG11_09652
lcl|CDHK01000010.1_cds_CEJ61111.1_10107	PMG11_09653
lcl|CDHK01000010.1_cds_CEJ61112.1_10108	PMG11_09654
lcl|CDHK01000010.1_cds_CEJ61113.1_10109	PMG11_09655
lcl|CDHK01000010.1_cds_CEJ61114.1_10110	PMG11_09656
lcl|CDHK01000010.1_cds_CEJ61115.1_10111	PMG11_09657
lcl|CDHK01000010.1_cds_CEJ61116.1_10112	PMG11_09658
lcl|CDHK01000010.1_cds_CEJ61117.1_10113	PMG11_09659
lcl|CDHK01000010.1_cds_CEJ61118.1_10114	PMG11_09660
lcl|CDHK01000010.1_cds_CEJ61119.1_10115	PMG11_09661
lcl|CDHK01000010.1_cds_CEJ61120.1_10116	PMG11_09662
lcl|CDHK01000010.1_cds_CEJ61121.1_10117	PMG11_09663
lcl|CDHK01000010.1_cds_CEJ61122.1_10118	PMG11_09664
lcl|CDHK01000010.1_cds_CEJ61123.1_10119	PMG11_09665
lcl|CDHK01000010.1_cds_CEJ61124.1_10120	PMG11_09666
lcl|CDHK01000010.1_cds_CEJ61125.1_10121	PMG11_09667
lcl|CDHK01000010.1_cds_CEJ61126.1_10122	PMG11_09668
lcl|CDHK01000010.1_cds_CEJ61127.1_10123	PMG11_09669
lcl|CDHK01000010.1_cds_CEJ61128.1_10124	PMG11_09670
lcl|CDHK01000010.1_cds_CEJ61129.1_10125	PMG11_09671
lcl|CDHK01000010.1_cds_CEJ61130.1_10126	PMG11_09672
lcl|CDHK01000010.1_cds_CEJ61131.1_10127	PMG11_09673
lcl|CDHK01000010.1_cds_CEJ61132.1_10128	PMG11_09674
lcl|CDHK01000010.1_cds_CEJ61133.1_10129	PMG11_09675
lcl|CDHK01000010.1_cds_CEJ61134.1_10130	PMG11_09676
lcl|CDHK01000010.1_cds_CEJ61135.1_10131	PMG11_09677
lcl|CDHK01000010.1_cds_CEJ61136.1_10132	PMG11_09678
lcl|CDHK01000010.1_cds_CEJ61137.1_10133	PMG11_09679
lcl|CDHK01000010.1_cds_CEJ61138.1_10134	PMG11_09680
lcl|CDHK01000010.1_cds_CEJ61139.1_10135	PMG11_09681
lcl|CDHK01000010.1_cds_CEJ61140.1_10136	PMG11_09682
lcl|CDHK01000010.1_cds_CEJ61141.1_10137	PMG11_09683
lcl|CDHK01000010.1_cds_CEJ61142.1_10138	PMG11_09684
lcl|CDHK01000010.1_cds_CEJ61143.1_10139	PMG11_09685
lcl|CDHK01000010.1_cds_CEJ61144.1_10140	PMG11_09686
lcl|CDHK01000010.1_cds_CEJ61145.1_10141	PMG11_09687
lcl|CDHK01000010.1_cds_CEJ61146.1_10142	PMG11_09688
lcl|CDHK01000010.1_cds_CEJ61147.1_10143	PMG11_09690
lcl|CDHK01000010.1_cds_CEJ61148.1_10144	PMG11_09689
lcl|CDHK01000010.1_cds_CEJ61149.1_10145	PMG11_09691
lcl|CDHK01000010.1_cds_CEJ61150.1_10146	PMG11_09691
lcl|CDHK01000010.1_cds_CEJ61151.1_10147	PMG11_09692
lcl|CDHK01000010.1_cds_CEJ61152.1_10148	PMG11_09693
lcl|CDHK01000010.1_cds_CEJ61153.1_10149	PMG11_09694
lcl|CDHK01000010.1_cds_CEJ61154.1_10150	PMG11_09695
lcl|CDHK01000010.1_cds_CEJ61155.1_10151	PMG11_09696
lcl|CDHK01000010.1_cds_CEJ61157.1_10152	PMG11_09697
lcl|CDHK01000010.1_cds_CEJ61156.1_10153	PMG11_09697
lcl|CDHK01000010.1_cds_CEJ61158.1_10154	PMG11_09698
lcl|CDHK01000010.1_cds_CEJ61159.1_10155	PMG11_09699
lcl|CDHK01000010.1_cds_CEJ61160.1_10156	PMG11_09700
lcl|CDHK01000010.1_cds_CEJ61161.1_10157	PMG11_09701
lcl|CDHK01000010.1_cds_CEJ61162.1_10158	PMG11_09702
lcl|CDHK01000010.1_cds_CEJ61163.1_10159	PMG11_09703
lcl|CDHK01000010.1_cds_CEJ61164.1_10160	PMG11_09704
lcl|CDHK01000010.1_cds_CEJ61165.1_10161	PMG11_09705
lcl|CDHK01000010.1_cds_CEJ61166.1_10162	PMG11_09706
lcl|CDHK01000010.1_cds_CEJ61167.1_10163	PMG11_09707
lcl|CDHK01000010.1_cds_CEJ61168.1_10164	PMG11_09708
lcl|CDHK01000010.1_cds_CEJ61169.1_10165	PMG11_09709
lcl|CDHK01000010.1_cds_CEJ61170.1_10166	PMG11_09710
lcl|CDHK01000010.1_cds_CEJ61171.1_10167	PMG11_09711
lcl|CDHK01000010.1_cds_CEJ61172.1_10168	PMG11_09712
lcl|CDHK01000010.1_cds_CEJ61173.1_10169	PMG11_09713
lcl|CDHK01000010.1_cds_CEJ61174.1_10170	PMG11_09714
lcl|CDHK01000010.1_cds_CEJ61175.1_10171	PMG11_09715
lcl|CDHK01000010.1_cds_CEJ61176.1_10172	PMG11_09716
lcl|CDHK01000010.1_cds_CEJ61177.1_10173	PMG11_09716
lcl|CDHK01000010.1_cds_CEJ61178.1_10174	PMG11_09717
lcl|CDHK01000010.1_cds_CEJ61179.1_10175	PMG11_09718
lcl|CDHK01000010.1_cds_CEJ61180.1_10176	PMG11_09719
lcl|CDHK01000010.1_cds_CEJ61181.1_10177	PMG11_09719
lcl|CDHK01000010.1_cds_CEJ61182.1_10178	PMG11_09720
lcl|CDHK01000010.1_cds_CEJ61183.1_10179	PMG11_09721
lcl|CDHK01000010.1_cds_CEJ61184.1_10180	PMG11_09722
lcl|CDHK01000010.1_cds_CEJ61185.1_10181	PMG11_09723
lcl|CDHK01000010.1_cds_CEJ61186.1_10182	PMG11_09724
lcl|CDHK01000010.1_cds_CEJ61187.1_10183	PMG11_09725
lcl|CDHK01000010.1_cds_CEJ61188.1_10184	PMG11_09726
lcl|CDHK01000010.1_cds_CEJ61189.1_10185	PMG11_09727
lcl|CDHK01000010.1_cds_CEJ61190.1_10186	PMG11_09728
lcl|CDHK01000010.1_cds_CEJ61191.1_10187	PMG11_09729
lcl|CDHK01000010.1_cds_CEJ61192.1_10188	PMG11_09730
lcl|CDHK01000010.1_cds_CEJ61193.1_10189	PMG11_09731
lcl|CDHK01000010.1_cds_CEJ61194.1_10190	PMG11_09732
lcl|CDHK01000010.1_cds_CEJ61195.1_10191	PMG11_09733
lcl|CDHK01000010.1_cds_CEJ61196.1_10192	PMG11_09734
lcl|CDHK01000010.1_cds_CEJ61197.1_10193	PMG11_09735
lcl|CDHK01000010.1_cds_CEJ61198.1_10194	PMG11_09736
lcl|CDHK01000010.1_cds_CEJ61199.1_10195	PMG11_09737
lcl|CDHK01000010.1_cds_CEJ61200.1_10196	PMG11_09738
lcl|CDHK01000010.1_cds_CEJ61201.1_10197	PMG11_09739
lcl|CDHK01000010.1_cds_CEJ61202.1_10198	PMG11_09739
lcl|CDHK01000010.1_cds_CEJ61203.1_10199	PMG11_09740
lcl|CDHK01000010.1_cds_CEJ61204.1_10200	PMG11_09741
lcl|CDHK01000010.1_cds_CEJ61205.1_10201	PMG11_09742
lcl|CDHK01000010.1_cds_CEJ61206.1_10202	PMG11_09743
lcl|CDHK01000010.1_cds_CEJ61207.1_10203	PMG11_09744
lcl|CDHK01000010.1_cds_CEJ61208.1_10204	PMG11_09745
lcl|CDHK01000010.1_cds_CEJ61209.1_10205	PMG11_09746
lcl|CDHK01000010.1_cds_CEJ61210.1_10206	PMG11_09747
lcl|CDHK01000010.1_cds_CEJ61211.1_10207	PMG11_09748
lcl|CDHK01000010.1_cds_CEJ61212.1_10208	PMG11_09749
lcl|CDHK01000010.1_cds_CEJ61213.1_10209	PMG11_09750
lcl|CDHK01000010.1_cds_CEJ61214.1_10210	PMG11_09751
lcl|CDHK01000010.1_cds_CEJ61215.1_10211	PMG11_09752
lcl|CDHK01000010.1_cds_CEJ61216.1_10212	PMG11_09753
lcl|CDHK01000010.1_cds_CEJ61217.1_10213	PMG11_09754
lcl|CDHK01000010.1_cds_CEJ61218.1_10214	PMG11_09755
lcl|CDHK01000010.1_cds_CEJ61219.1_10215	PMG11_09756
lcl|CDHK01000010.1_cds_CEJ61220.1_10216	PMG11_09757
lcl|CDHK01000010.1_cds_CEJ61221.1_10217	PMG11_09758
lcl|CDHK01000010.1_cds_CEJ61222.1_10218	PMG11_09759
lcl|CDHK01000010.1_cds_CEJ61223.1_10219	PMG11_09760
lcl|CDHK01000010.1_cds_CEJ61224.1_10220	PMG11_09761
lcl|CDHK01000010.1_cds_CEJ61225.1_10221	PMG11_09762
lcl|CDHK01000010.1_cds_CEJ61226.1_10222	PMG11_09763
lcl|CDHK01000010.1_cds_CEJ61227.1_10223	PMG11_09764
lcl|CDHK01000010.1_cds_CEJ61228.1_10224	PMG11_09765
lcl|CDHK01000010.1_cds_CEJ61229.1_10225	PMG11_09766
lcl|CDHK01000010.1_cds_CEJ61230.1_10226	PMG11_09767
lcl|CDHK01000010.1_cds_CEJ61231.1_10227	PMG11_09768
lcl|CDHK01000010.1_cds_CEJ61232.1_10228	PMG11_09769
lcl|CDHK01000010.1_cds_CEJ61233.1_10229	PMG11_09770
lcl|CDHK01000010.1_cds_CEJ61234.1_10230	PMG11_09771
lcl|CDHK01000010.1_cds_CEJ61235.1_10231	PMG11_09772
lcl|CDHK01000010.1_cds_CEJ61236.1_10232	PMG11_09773
lcl|CDHK01000010.1_cds_CEJ61237.1_10233	PMG11_09775
lcl|CDHK01000010.1_cds_CEJ61238.1_10234	PMG11_09774
lcl|CDHK01000010.1_cds_CEJ61239.1_10235	PMG11_09776
lcl|CDHK01000010.1_cds_CEJ61240.1_10236	PMG11_09777
lcl|CDHK01000010.1_cds_CEJ61241.1_10237	PMG11_09778
lcl|CDHK01000010.1_cds_CEJ61242.1_10238	PMG11_09779
lcl|CDHK01000010.1_cds_CEJ61243.1_10239	PMG11_09780
lcl|CDHK01000010.1_cds_CEJ61244.1_10240	PMG11_09781
lcl|CDHK01000010.1_cds_CEJ61245.1_10241	PMG11_09782
lcl|CDHK01000010.1_cds_CEJ61246.1_10242	PMG11_09784
lcl|CDHK01000010.1_cds_CEJ61247.1_10243	PMG11_09783
lcl|CDHK01000010.1_cds_CEJ61248.1_10244	PMG11_09785
lcl|CDHK01000010.1_cds_CEJ61249.1_10245	PMG11_09786
lcl|CDHK01000010.1_cds_CEJ61250.1_10246	PMG11_09787
lcl|CDHK01000010.1_cds_CEJ61251.1_10247	PMG11_09788
lcl|CDHK01000010.1_cds_CEJ61252.1_10248	PMG11_09789
lcl|CDHK01000010.1_cds_CEJ61253.1_10249	PMG11_09790
lcl|CDHK01000010.1_cds_CEJ61254.1_10250	PMG11_09791
lcl|CDHK01000010.1_cds_CEJ61255.1_10251	PMG11_09792
lcl|CDHK01000010.1_cds_CEJ61256.1_10252	PMG11_09793
lcl|CDHK01000010.1_cds_CEJ61257.1_10253	PMG11_09794
lcl|CDHK01000010.1_cds_CEJ61258.1_10254	PMG11_09795
lcl|CDHK01000010.1_cds_CEJ61259.1_10255	PMG11_09796
lcl|CDHK01000010.1_cds_CEJ61260.1_10256	PMG11_09797
lcl|CDHK01000010.1_cds_CEJ61261.1_10257	PMG11_09798
lcl|CDHK01000010.1_cds_CEJ61262.1_10258	PMG11_09799
lcl|CDHK01000010.1_cds_CEJ61263.1_10259	PMG11_09800
lcl|CDHK01000010.1_cds_CEJ61264.1_10260	PMG11_09801
lcl|CDHK01000010.1_cds_CEJ61265.1_10261	PMG11_09802
lcl|CDHK01000010.1_cds_CEJ61266.1_10262	PMG11_09803
lcl|CDHK01000010.1_cds_CEJ61267.1_10263	PMG11_09804
lcl|CDHK01000010.1_cds_CEJ61268.1_10264	PMG11_09805
lcl|CDHK01000010.1_cds_CEJ61269.1_10265	PMG11_09806
lcl|CDHK01000010.1_cds_CEJ61270.1_10266	PMG11_09807
lcl|CDHK01000010.1_cds_CEJ61271.1_10267	PMG11_09808
lcl|CDHK01000010.1_cds_CEJ61272.1_10268	PMG11_09809
lcl|CDHK01000010.1_cds_CEJ61273.1_10269	PMG11_09810
lcl|CDHK01000010.1_cds_CEJ61274.1_10270	PMG11_09811
lcl|CDHK01000010.1_cds_CEJ61275.1_10271	PMG11_09812
lcl|CDHK01000010.1_cds_CEJ61276.1_10272	PMG11_09813
lcl|CDHK01000010.1_cds_CEJ61277.1_10273	PMG11_09814
lcl|CDHK01000010.1_cds_CEJ61278.1_10274	PMG11_09815
lcl|CDHK01000010.1_cds_CEJ61279.1_10275	PMG11_09816
lcl|CDHK01000010.1_cds_CEJ61280.1_10276	PMG11_09817
lcl|CDHK01000010.1_cds_CEJ61281.1_10277	PMG11_09818
lcl|CDHK01000010.1_cds_CEJ61282.1_10278	PMG11_09819
lcl|CDHK01000010.1_cds_CEJ61283.1_10279	PMG11_09820
lcl|CDHK01000010.1_cds_CEJ61284.1_10280	PMG11_09821
lcl|CDHK01000010.1_cds_CEJ61285.1_10281	PMG11_09822
lcl|CDHK01000010.1_cds_CEJ61286.1_10282	PMG11_09823
lcl|CDHK01000010.1_cds_CEJ61287.1_10283	PMG11_09824
lcl|CDHK01000010.1_cds_CEJ61288.1_10284	PMG11_09825
lcl|CDHK01000010.1_cds_CEJ61289.1_10285	PMG11_09826
lcl|CDHK01000010.1_cds_CEJ61290.1_10286	PMG11_09827
lcl|CDHK01000010.1_cds_CEJ61291.1_10287	PMG11_09828
lcl|CDHK01000010.1_cds_CEJ61292.1_10288	PMG11_09829
lcl|CDHK01000010.1_cds_CEJ61293.1_10289	PMG11_09830
lcl|CDHK01000010.1_cds_CEJ61294.1_10290	PMG11_09831
lcl|CDHK01000010.1_cds_CEJ61295.1_10291	PMG11_09832
lcl|CDHK01000010.1_cds_CEJ61296.1_10292	PMG11_09833
lcl|CDHK01000010.1_cds_CEJ61297.1_10293	PMG11_09834
lcl|CDHK01000010.1_cds_CEJ61298.1_10294	PMG11_09835
lcl|CDHK01000010.1_cds_CEJ61299.1_10295	PMG11_09836
lcl|CDHK01000010.1_cds_CEJ61301.1_10296	PMG11_09837
lcl|CDHK01000010.1_cds_CEJ61300.1_10297	PMG11_09837
lcl|CDHK01000010.1_cds_CEJ61302.1_10298	PMG11_09838
lcl|CDHK01000010.1_cds_CEJ61303.1_10299	PMG11_09839
lcl|CDHK01000010.1_cds_CEJ61304.1_10300	PMG11_09840
lcl|CDHK01000010.1_cds_CEJ61305.1_10301	PMG11_09841
lcl|CDHK01000010.1_cds_CEJ61306.1_10302	PMG11_09842
lcl|CDHK01000010.1_cds_CEJ61307.1_10303	PMG11_09843
lcl|CDHK01000010.1_cds_CEJ61308.1_10304	PMG11_09844
lcl|CDHK01000010.1_cds_CEJ61309.1_10305	PMG11_09845
lcl|CDHK01000010.1_cds_CEJ61310.1_10306	PMG11_09846
lcl|CDHK01000010.1_cds_CEJ61311.1_10307	PMG11_09847
lcl|CDHK01000010.1_cds_CEJ61312.1_10308	PMG11_09848
lcl|CDHK01000010.1_cds_CEJ61313.1_10309	PMG11_09849
lcl|CDHK01000010.1_cds_CEJ61314.1_10310	PMG11_09850
lcl|CDHK01000010.1_cds_CEJ61315.1_10311	PMG11_09851
lcl|CDHK01000010.1_cds_CEJ61316.1_10312	PMG11_09852
lcl|CDHK01000010.1_cds_CEJ61317.1_10313	PMG11_09853
lcl|CDHK01000010.1_cds_CEJ61318.1_10314	PMG11_09854
lcl|CDHK01000010.1_cds_CEJ61319.1_10315	PMG11_09855
lcl|CDHK01000010.1_cds_CEJ61320.1_10316	PMG11_09856
lcl|CDHK01000010.1_cds_CEJ61321.1_10317	PMG11_09856
lcl|CDHK01000010.1_cds_CEJ61322.1_10318	PMG11_09857
lcl|CDHK01000010.1_cds_CEJ61323.1_10319	PMG11_09858
lcl|CDHK01000010.1_cds_CEJ61324.1_10320	PMG11_09859
lcl|CDHK01000010.1_cds_CEJ61325.1_10321	PMG11_09860
lcl|CDHK01000010.1_cds_CEJ61326.1_10322	PMG11_09861
lcl|CDHK01000010.1_cds_CEJ61327.1_10323	PMG11_09862
lcl|CDHK01000010.1_cds_CEJ61328.1_10324	PMG11_09863
lcl|CDHK01000010.1_cds_CEJ61329.1_10325	PMG11_09864
lcl|CDHK01000010.1_cds_CEJ61330.1_10326	PMG11_09865
lcl|CDHK01000010.1_cds_CEJ61331.1_10327	PMG11_09866
lcl|CDHK01000010.1_cds_CEJ61332.1_10328	PMG11_09867
lcl|CDHK01000010.1_cds_CEJ61333.1_10329	PMG11_09868
lcl|CDHK01000010.1_cds_CEJ61334.1_10330	PMG11_09869
lcl|CDHK01000010.1_cds_CEJ61335.1_10331	PMG11_09870
lcl|CDHK01000010.1_cds_CEJ61336.1_10332	PMG11_09871
lcl|CDHK01000010.1_cds_CEJ61337.1_10333	PMG11_09872
lcl|CDHK01000010.1_cds_CEJ61338.1_10334	PMG11_09873
lcl|CDHK01000010.1_cds_CEJ61339.1_10335	PMG11_09874
lcl|CDHK01000010.1_cds_CEJ61340.1_10336	PMG11_09875
lcl|CDHK01000010.1_cds_CEJ61341.1_10337	PMG11_09876
lcl|CDHK01000010.1_cds_CEJ61342.1_10338	PMG11_09877
lcl|CDHK01000010.1_cds_CEJ61343.1_10339	PMG11_09878
lcl|CDHK01000010.1_cds_CEJ61344.1_10340	PMG11_09879
lcl|CDHK01000010.1_cds_CEJ61345.1_10341	PMG11_09880
lcl|CDHK01000010.1_cds_CEJ61346.1_10342	PMG11_09881
lcl|CDHK01000010.1_cds_CEJ61347.1_10343	PMG11_09882
lcl|CDHK01000010.1_cds_CEJ61348.1_10344	PMG11_09883
lcl|CDHK01000010.1_cds_CEJ61349.1_10345	PMG11_09884
lcl|CDHK01000010.1_cds_CEJ61350.1_10346	PMG11_09885
lcl|CDHK01000010.1_cds_CEJ61351.1_10347	PMG11_09886
lcl|CDHK01000010.1_cds_CEJ61352.1_10348	PMG11_09887
lcl|CDHK01000010.1_cds_CEJ61353.1_10349	PMG11_09888
lcl|CDHK01000010.1_cds_CEJ61354.1_10350	PMG11_09889
lcl|CDHK01000010.1_cds_CEJ61355.1_10351	PMG11_09890
lcl|CDHK01000010.1_cds_CEJ61356.1_10352	PMG11_09891
lcl|CDHK01000010.1_cds_CEJ61357.1_10353	PMG11_09892
lcl|CDHK01000010.1_cds_CEJ61358.1_10354	PMG11_09893
lcl|CDHK01000010.1_cds_CEJ61359.1_10355	PMG11_09894
lcl|CDHK01000010.1_cds_CEJ61360.1_10356	PMG11_09895
lcl|CDHK01000010.1_cds_CEJ61361.1_10357	PMG11_09896
lcl|CDHK01000010.1_cds_CEJ61362.1_10358	PMG11_09897
lcl|CDHK01000010.1_cds_CEJ61363.1_10359	PMG11_09898
lcl|CDHK01000010.1_cds_CEJ61364.1_10360	PMG11_09899
lcl|CDHK01000010.1_cds_CEJ61365.1_10361	PMG11_09900
lcl|CDHK01000010.1_cds_CEJ61366.1_10362	PMG11_09901
lcl|CDHK01000010.1_cds_CEJ61367.1_10363	PMG11_09902
lcl|CDHK01000010.1_cds_CEJ61368.1_10364	PMG11_09903
lcl|CDHK01000010.1_cds_CEJ61369.1_10365	PMG11_09904
lcl|CDHK01000010.1_cds_CEJ61370.1_10366	PMG11_09905
lcl|CDHK01000010.1_cds_CEJ61371.1_10367	PMG11_09906
lcl|CDHK01000011.1_cds_CEJ61372.1_10368	PMG11_09907
lcl|CDHK01000011.1_cds_CEJ61373.1_10369	PMG11_09908
lcl|CDHK01000011.1_cds_CEJ61374.1_10370	PMG11_09909
lcl|CDHK01000011.1_cds_CEJ61375.1_10371	PMG11_09910
lcl|CDHK01000011.1_cds_CEJ61376.1_10372	PMG11_09911
lcl|CDHK01000011.1_cds_CEJ61377.1_10373	PMG11_09912
lcl|CDHK01000011.1_cds_CEJ61378.1_10374	PMG11_09913
lcl|CDHK01000011.1_cds_CEJ61379.1_10375	PMG11_09914
lcl|CDHK01000011.1_cds_CEJ61380.1_10376	PMG11_09915
lcl|CDHK01000011.1_cds_CEJ61381.1_10377	PMG11_09916
lcl|CDHK01000011.1_cds_CEJ61382.1_10378	PMG11_09917
lcl|CDHK01000011.1_cds_CEJ61383.1_10379	PMG11_09918
lcl|CDHK01000011.1_cds_CEJ61384.1_10380	PMG11_09919
lcl|CDHK01000011.1_cds_CEJ61385.1_10381	PMG11_09920
lcl|CDHK01000011.1_cds_CEJ61386.1_10382	PMG11_09921
lcl|CDHK01000011.1_cds_CEJ61387.1_10383	PMG11_09922
lcl|CDHK01000011.1_cds_CEJ61388.1_10384	PMG11_09923
lcl|CDHK01000011.1_cds_CEJ61389.1_10385	PMG11_09924
lcl|CDHK01000011.1_cds_CEJ61390.1_10386	PMG11_09925
lcl|CDHK01000011.1_cds_CEJ61391.1_10387	PMG11_09926
lcl|CDHK01000011.1_cds_CEJ61392.1_10388	PMG11_09927
lcl|CDHK01000011.1_cds_CEJ61393.1_10389	PMG11_09928
lcl|CDHK01000011.1_cds_CEJ61394.1_10390	PMG11_09929
lcl|CDHK01000011.1_cds_CEJ61395.1_10391	PMG11_09930
lcl|CDHK01000011.1_cds_CEJ61396.1_10392	PMG11_09931
lcl|CDHK01000011.1_cds_CEJ61397.1_10393	PMG11_09932
lcl|CDHK01000011.1_cds_CEJ61398.1_10394	PMG11_09933
lcl|CDHK01000011.1_cds_CEJ61399.1_10395	PMG11_09934
lcl|CDHK01000011.1_cds_CEJ61400.1_10396	PMG11_09935
lcl|CDHK01000011.1_cds_CEJ61401.1_10397	PMG11_09936
lcl|CDHK01000011.1_cds_CEJ61402.1_10398	PMG11_09937
lcl|CDHK01000011.1_cds_CEJ61403.1_10399	PMG11_09938
lcl|CDHK01000011.1_cds_CEJ61404.1_10400	PMG11_09939
lcl|CDHK01000011.1_cds_CEJ61405.1_10401	PMG11_09940
lcl|CDHK01000011.1_cds_CEJ61406.1_10402	PMG11_09941
lcl|CDHK01000011.1_cds_CEJ61407.1_10403	PMG11_09942
lcl|CDHK01000011.1_cds_CEJ61408.1_10404	PMG11_09943
lcl|CDHK01000011.1_cds_CEJ61409.1_10405	PMG11_09944
lcl|CDHK01000011.1_cds_CEJ61410.1_10406	PMG11_09945
lcl|CDHK01000011.1_cds_CEJ61411.1_10407	PMG11_09946
lcl|CDHK01000011.1_cds_CEJ61412.1_10408	PMG11_09947
lcl|CDHK01000011.1_cds_CEJ61413.1_10409	PMG11_09948
lcl|CDHK01000011.1_cds_CEJ61414.1_10410	PMG11_09949
lcl|CDHK01000011.1_cds_CEJ61415.1_10411	PMG11_09950
lcl|CDHK01000011.1_cds_CEJ61416.1_10412	PMG11_09951
lcl|CDHK01000011.1_cds_CEJ61417.1_10413	PMG11_09952
lcl|CDHK01000011.1_cds_CEJ61418.1_10414	PMG11_09953
lcl|CDHK01000011.1_cds_CEJ61419.1_10415	PMG11_09954
lcl|CDHK01000011.1_cds_CEJ61420.1_10416	PMG11_09955
lcl|CDHK01000011.1_cds_CEJ61421.1_10417	PMG11_09956
lcl|CDHK01000011.1_cds_CEJ61422.1_10418	PMG11_09957
lcl|CDHK01000011.1_cds_CEJ61423.1_10419	PMG11_09958
lcl|CDHK01000011.1_cds_CEJ61424.1_10420	PMG11_09959
lcl|CDHK01000011.1_cds_CEJ61425.1_10421	PMG11_09960
lcl|CDHK01000011.1_cds_CEJ61426.1_10422	PMG11_09961
lcl|CDHK01000011.1_cds_CEJ61427.1_10423	PMG11_09962
lcl|CDHK01000011.1_cds_CEJ61428.1_10424	PMG11_09963
lcl|CDHK01000011.1_cds_CEJ61429.1_10425	PMG11_09964
lcl|CDHK01000011.1_cds_CEJ61430.1_10426	PMG11_09965
lcl|CDHK01000011.1_cds_CEJ61431.1_10427	PMG11_09966
lcl|CDHK01000011.1_cds_CEJ61432.1_10428	PMG11_09967
lcl|CDHK01000011.1_cds_CEJ61433.1_10429	PMG11_09968
lcl|CDHK01000011.1_cds_CEJ61434.1_10430	PMG11_09969
lcl|CDHK01000011.1_cds_CEJ61435.1_10431	PMG11_09970
lcl|CDHK01000011.1_cds_CEJ61436.1_10432	PMG11_09971
lcl|CDHK01000011.1_cds_CEJ61437.1_10433	PMG11_09972
lcl|CDHK01000011.1_cds_CEJ61438.1_10434	PMG11_09973
lcl|CDHK01000011.1_cds_CEJ61439.1_10435	PMG11_09974
lcl|CDHK01000011.1_cds_CEJ61440.1_10436	PMG11_09975
lcl|CDHK01000011.1_cds_CEJ61441.1_10437	PMG11_09975
lcl|CDHK01000011.1_cds_CEJ61442.1_10438	PMG11_09976
lcl|CDHK01000011.1_cds_CEJ61443.1_10439	PMG11_09977
lcl|CDHK01000011.1_cds_CEJ61444.1_10440	PMG11_09978
lcl|CDHK01000011.1_cds_CEJ61445.1_10441	PMG11_09979
lcl|CDHK01000011.1_cds_CEJ61446.1_10442	PMG11_09980
lcl|CDHK01000011.1_cds_CEJ61447.1_10443	PMG11_09981
lcl|CDHK01000011.1_cds_CEJ61448.1_10444	PMG11_09982
lcl|CDHK01000011.1_cds_CEJ61449.1_10445	PMG11_09983
lcl|CDHK01000011.1_cds_CEJ61450.1_10446	PMG11_09984
lcl|CDHK01000011.1_cds_CEJ61451.1_10447	PMG11_09985
lcl|CDHK01000011.1_cds_CEJ61452.1_10448	PMG11_09986
lcl|CDHK01000011.1_cds_CEJ61453.1_10449	PMG11_09987
lcl|CDHK01000011.1_cds_CEJ61454.1_10450	PMG11_09987
lcl|CDHK01000011.1_cds_CEJ61455.1_10451	PMG11_09988
lcl|CDHK01000011.1_cds_CEJ61456.1_10452	PMG11_09989
lcl|CDHK01000011.1_cds_CEJ61457.1_10453	PMG11_09991
lcl|CDHK01000011.1_cds_CEJ61458.1_10454	PMG11_09990
lcl|CDHK01000011.1_cds_CEJ61459.1_10455	PMG11_09992
lcl|CDHK01000011.1_cds_CEJ61460.1_10456	PMG11_09993
lcl|CDHK01000011.1_cds_CEJ61461.1_10457	PMG11_09994
lcl|CDHK01000011.1_cds_CEJ61462.1_10458	PMG11_09995
lcl|CDHK01000011.1_cds_CEJ61463.1_10459	PMG11_09996
lcl|CDHK01000011.1_cds_CEJ61464.1_10460	PMG11_09997
lcl|CDHK01000011.1_cds_CEJ61465.1_10461	PMG11_09998
lcl|CDHK01000011.1_cds_CEJ61466.1_10462	PMG11_09999
lcl|CDHK01000011.1_cds_CEJ61467.1_10463	PMG11_10000
lcl|CDHK01000011.1_cds_CEJ61468.1_10464	PMG11_10001
lcl|CDHK01000011.1_cds_CEJ61469.1_10465	PMG11_10002
lcl|CDHK01000011.1_cds_CEJ61470.1_10466	PMG11_10003
lcl|CDHK01000011.1_cds_CEJ61471.1_10467	PMG11_10004
lcl|CDHK01000011.1_cds_CEJ61472.1_10468	PMG11_10005
lcl|CDHK01000011.1_cds_CEJ61473.1_10469	PMG11_10006
lcl|CDHK01000011.1_cds_CEJ61474.1_10470	PMG11_10007
lcl|CDHK01000011.1_cds_CEJ61475.1_10471	PMG11_10008
lcl|CDHK01000011.1_cds_CEJ61476.1_10472	PMG11_10009
lcl|CDHK01000011.1_cds_CEJ61477.1_10473	PMG11_10010
lcl|CDHK01000011.1_cds_CEJ61478.1_10474	PMG11_10011
lcl|CDHK01000011.1_cds_CEJ61479.1_10475	PMG11_10012
lcl|CDHK01000011.1_cds_CEJ61480.1_10476	PMG11_10013
lcl|CDHK01000011.1_cds_CEJ61481.1_10477	PMG11_10014
lcl|CDHK01000011.1_cds_CEJ61482.1_10478	PMG11_10015
lcl|CDHK01000011.1_cds_CEJ61483.1_10479	PMG11_10016
lcl|CDHK01000011.1_cds_CEJ61484.1_10480	PMG11_10017
lcl|CDHK01000011.1_cds_CEJ61485.1_10481	PMG11_10018
lcl|CDHK01000011.1_cds_CEJ61486.1_10482	PMG11_10019
lcl|CDHK01000011.1_cds_CEJ61487.1_10483	PMG11_10020
lcl|CDHK01000011.1_cds_CEJ61488.1_10484	PMG11_10021
lcl|CDHK01000011.1_cds_CEJ61489.1_10485	PMG11_10022
lcl|CDHK01000011.1_cds_CEJ61490.1_10486	PMG11_10023
lcl|CDHK01000011.1_cds_CEJ61491.1_10487	PMG11_10024
lcl|CDHK01000011.1_cds_CEJ61492.1_10488	PMG11_10025
lcl|CDHK01000011.1_cds_CEJ61493.1_10489	PMG11_10026
lcl|CDHK01000011.1_cds_CEJ61494.1_10490	PMG11_10027
lcl|CDHK01000011.1_cds_CEJ61495.1_10491	PMG11_10028
lcl|CDHK01000011.1_cds_CEJ61496.1_10492	PMG11_10029
lcl|CDHK01000011.1_cds_CEJ61497.1_10493	PMG11_10030
lcl|CDHK01000011.1_cds_CEJ61498.1_10494	PMG11_10031
lcl|CDHK01000011.1_cds_CEJ61499.1_10495	PMG11_10032
lcl|CDHK01000011.1_cds_CEJ61500.1_10496	PMG11_10033
lcl|CDHK01000011.1_cds_CEJ61501.1_10497	PMG11_10034
lcl|CDHK01000011.1_cds_CEJ61502.1_10498	PMG11_10035
lcl|CDHK01000011.1_cds_CEJ61503.1_10499	PMG11_10036
lcl|CDHK01000011.1_cds_CEJ61504.1_10500	PMG11_10037
lcl|CDHK01000011.1_cds_CEJ61505.1_10501	PMG11_10038
lcl|CDHK01000011.1_cds_CEJ61506.1_10502	PMG11_10039
lcl|CDHK01000011.1_cds_CEJ61507.1_10503	PMG11_10040
lcl|CDHK01000011.1_cds_CEJ61508.1_10504	PMG11_10041
lcl|CDHK01000011.1_cds_CEJ61509.1_10505	PMG11_10042
lcl|CDHK01000011.1_cds_CEJ61510.1_10506	PMG11_10042
lcl|CDHK01000011.1_cds_CEJ61511.1_10507	PMG11_10043
lcl|CDHK01000011.1_cds_CEJ61512.1_10508	PMG11_10043
lcl|CDHK01000011.1_cds_CEJ61513.1_10509	PMG11_10044
lcl|CDHK01000011.1_cds_CEJ61514.1_10510	PMG11_10045
lcl|CDHK01000011.1_cds_CEJ61515.1_10511	PMG11_10046
lcl|CDHK01000011.1_cds_CEJ61516.1_10512	PMG11_10047
lcl|CDHK01000011.1_cds_CEJ61517.1_10513	PMG11_10048
lcl|CDHK01000011.1_cds_CEJ61518.1_10514	PMG11_10049
lcl|CDHK01000011.1_cds_CEJ61519.1_10515	PMG11_10050
lcl|CDHK01000011.1_cds_CEJ61520.1_10516	PMG11_10051
lcl|CDHK01000011.1_cds_CEJ61521.1_10517	PMG11_10052
lcl|CDHK01000011.1_cds_CEJ61522.1_10518	PMG11_10053
lcl|CDHK01000011.1_cds_CEJ61523.1_10519	PMG11_10054
lcl|CDHK01000011.1_cds_CEJ61524.1_10520	PMG11_10055
lcl|CDHK01000011.1_cds_CEJ61525.1_10521	PMG11_10056
lcl|CDHK01000011.1_cds_CEJ61526.1_10522	PMG11_10057
lcl|CDHK01000011.1_cds_CEJ61527.1_10523	PMG11_10058
lcl|CDHK01000011.1_cds_CEJ61528.1_10524	PMG11_10059
lcl|CDHK01000011.1_cds_CEJ61529.1_10525	PMG11_10060
lcl|CDHK01000011.1_cds_CEJ61530.1_10526	PMG11_10061
lcl|CDHK01000011.1_cds_CEJ61531.1_10527	PMG11_10062
lcl|CDHK01000011.1_cds_CEJ61532.1_10528	PMG11_10063
lcl|CDHK01000011.1_cds_CEJ61533.1_10529	PMG11_10064
lcl|CDHK01000011.1_cds_CEJ61534.1_10530	PMG11_10065
lcl|CDHK01000011.1_cds_CEJ61535.1_10531	PMG11_10066
lcl|CDHK01000011.1_cds_CEJ61536.1_10532	PMG11_10067
lcl|CDHK01000011.1_cds_CEJ61537.1_10533	PMG11_10068
lcl|CDHK01000011.1_cds_CEJ61538.1_10534	PMG11_10069
lcl|CDHK01000011.1_cds_CEJ61539.1_10535	PMG11_10070
lcl|CDHK01000011.1_cds_CEJ61540.1_10536	PMG11_10071
lcl|CDHK01000011.1_cds_CEJ61541.1_10537	PMG11_10072
lcl|CDHK01000011.1_cds_CEJ61542.1_10538	PMG11_10073
lcl|CDHK01000011.1_cds_CEJ61543.1_10539	PMG11_10074
lcl|CDHK01000011.1_cds_CEJ61544.1_10540	PMG11_10075
lcl|CDHK01000011.1_cds_CEJ61545.1_10541	PMG11_10076
lcl|CDHK01000011.1_cds_CEJ61546.1_10542	PMG11_10077
lcl|CDHK01000011.1_cds_CEJ61547.1_10543	PMG11_10078
lcl|CDHK01000011.1_cds_CEJ61548.1_10544	PMG11_10079
lcl|CDHK01000011.1_cds_CEJ61549.1_10545	PMG11_10080
lcl|CDHK01000011.1_cds_CEJ61550.1_10546	PMG11_10081
lcl|CDHK01000011.1_cds_CEJ61551.1_10547	PMG11_10082
lcl|CDHK01000011.1_cds_CEJ61552.1_10548	PMG11_10083
lcl|CDHK01000011.1_cds_CEJ61553.1_10549	PMG11_10084
lcl|CDHK01000011.1_cds_CEJ61554.1_10550	PMG11_10085
lcl|CDHK01000011.1_cds_CEJ61555.1_10551	PMG11_10086
lcl|CDHK01000011.1_cds_CEJ61556.1_10552	PMG11_10087
lcl|CDHK01000011.1_cds_CEJ61557.1_10553	PMG11_10088
lcl|CDHK01000011.1_cds_CEJ61558.1_10554	PMG11_10090
lcl|CDHK01000011.1_cds_CEJ61559.1_10555	PMG11_10089
lcl|CDHK01000011.1_cds_CEJ61560.1_10556	PMG11_10089
lcl|CDHK01000011.1_cds_CEJ61561.1_10557	PMG11_10091
lcl|CDHK01000011.1_cds_CEJ61562.1_10558	PMG11_10092
lcl|CDHK01000011.1_cds_CEJ61563.1_10559	PMG11_10093
lcl|CDHK01000011.1_cds_CEJ61564.1_10560	PMG11_10094
lcl|CDHK01000011.1_cds_CEJ61565.1_10561	PMG11_10095
lcl|CDHK01000011.1_cds_CEJ61566.1_10562	PMG11_10096
lcl|CDHK01000011.1_cds_CEJ61567.1_10563	PMG11_10097
lcl|CDHK01000011.1_cds_CEJ61568.1_10564	PMG11_10098
lcl|CDHK01000011.1_cds_CEJ61569.1_10565	PMG11_10099
lcl|CDHK01000011.1_cds_CEJ61570.1_10566	PMG11_10100
lcl|CDHK01000011.1_cds_CEJ61571.1_10567	PMG11_10101
lcl|CDHK01000011.1_cds_CEJ61572.1_10568	PMG11_10102
lcl|CDHK01000011.1_cds_CEJ61573.1_10569	PMG11_10103
lcl|CDHK01000011.1_cds_CEJ61574.1_10570	PMG11_10104
lcl|CDHK01000011.1_cds_CEJ61575.1_10571	PMG11_10105
lcl|CDHK01000011.1_cds_CEJ61576.1_10572	PMG11_10106
lcl|CDHK01000011.1_cds_CEJ61577.1_10573	PMG11_10107
lcl|CDHK01000011.1_cds_CEJ61578.1_10574	PMG11_10108
lcl|CDHK01000011.1_cds_CEJ61579.1_10575	PMG11_10109
lcl|CDHK01000011.1_cds_CEJ61580.1_10576	PMG11_10110
lcl|CDHK01000011.1_cds_CEJ61581.1_10577	PMG11_10111
lcl|CDHK01000011.1_cds_CEJ61582.1_10578	PMG11_10112
lcl|CDHK01000011.1_cds_CEJ61583.1_10579	PMG11_10113
lcl|CDHK01000011.1_cds_CEJ61584.1_10580	PMG11_10114
lcl|CDHK01000011.1_cds_CEJ61585.1_10581	PMG11_10115
lcl|CDHK01000011.1_cds_CEJ61586.1_10582	PMG11_10116
lcl|CDHK01000011.1_cds_CEJ61587.1_10583	PMG11_10117
lcl|CDHK01000011.1_cds_CEJ61588.1_10584	PMG11_10118
lcl|CDHK01000011.1_cds_CEJ61589.1_10585	PMG11_10119
lcl|CDHK01000011.1_cds_CEJ61590.1_10586	PMG11_10120
lcl|CDHK01000011.1_cds_CEJ61591.1_10587	PMG11_10121
lcl|CDHK01000011.1_cds_CEJ61592.1_10588	PMG11_10122
lcl|CDHK01000011.1_cds_CEJ61593.1_10589	PMG11_10123
lcl|CDHK01000011.1_cds_CEJ61594.1_10590	PMG11_10124
lcl|CDHK01000011.1_cds_CEJ61595.1_10591	PMG11_10125
lcl|CDHK01000011.1_cds_CEJ61596.1_10592	PMG11_10126
lcl|CDHK01000011.1_cds_CEJ61597.1_10593	PMG11_10127
lcl|CDHK01000011.1_cds_CEJ61598.1_10594	PMG11_10128
lcl|CDHK01000011.1_cds_CEJ61599.1_10595	PMG11_10129
lcl|CDHK01000011.1_cds_CEJ61600.1_10596	PMG11_10130
lcl|CDHK01000011.1_cds_CEJ61601.1_10597	PMG11_10131
lcl|CDHK01000011.1_cds_CEJ61602.1_10598	PMG11_10132
lcl|CDHK01000011.1_cds_CEJ61603.1_10599	PMG11_10133
lcl|CDHK01000011.1_cds_CEJ61604.1_10600	PMG11_10134
lcl|CDHK01000011.1_cds_CEJ61605.1_10601	PMG11_10135
lcl|CDHK01000011.1_cds_CEJ61606.1_10602	PMG11_10136
lcl|CDHK01000011.1_cds_CEJ61607.1_10603	PMG11_10137
lcl|CDHK01000011.1_cds_CEJ61608.1_10604	PMG11_10138
lcl|CDHK01000011.1_cds_CEJ61609.1_10605	PMG11_10139
lcl|CDHK01000011.1_cds_CEJ61610.1_10606	PMG11_10140
lcl|CDHK01000011.1_cds_CEJ61611.1_10607	PMG11_10141
lcl|CDHK01000011.1_cds_CEJ61612.1_10608	PMG11_10142
lcl|CDHK01000011.1_cds_CEJ61613.1_10609	PMG11_10143
lcl|CDHK01000011.1_cds_CEJ61614.1_10610	PMG11_10144
lcl|CDHK01000011.1_cds_CEJ61615.1_10611	PMG11_10145
lcl|CDHK01000011.1_cds_CEJ61616.1_10612	PMG11_10146
lcl|CDHK01000011.1_cds_CEJ61617.1_10613	PMG11_10147
lcl|CDHK01000011.1_cds_CEJ61618.1_10614	PMG11_10148
lcl|CDHK01000011.1_cds_CEJ61619.1_10615	PMG11_10149
lcl|CDHK01000011.1_cds_CEJ61620.1_10616	PMG11_10150
lcl|CDHK01000011.1_cds_CEJ61621.1_10617	PMG11_10151
lcl|CDHK01000011.1_cds_CEJ61623.1_10618	PMG11_10152
lcl|CDHK01000011.1_cds_CEJ61622.1_10619	PMG11_10152
lcl|CDHK01000011.1_cds_CEJ61624.1_10620	PMG11_10152
lcl|CDHK01000011.1_cds_CEJ61625.1_10621	PMG11_10153
lcl|CDHK01000011.1_cds_CEJ61626.1_10622	PMG11_10154
lcl|CDHK01000011.1_cds_CEJ61627.1_10623	PMG11_10155
lcl|CDHK01000011.1_cds_CEJ61628.1_10624	PMG11_10156
lcl|CDHK01000011.1_cds_CEJ61629.1_10625	PMG11_10157
lcl|CDHK01000011.1_cds_CEJ61630.1_10626	PMG11_10158
lcl|CDHK01000011.1_cds_CEJ61631.1_10627	PMG11_10159
lcl|CDHK01000011.1_cds_CEJ61632.1_10628	PMG11_10160
lcl|CDHK01000011.1_cds_CEJ61633.1_10629	PMG11_10161
lcl|CDHK01000011.1_cds_CEJ61634.1_10630	PMG11_10162
lcl|CDHK01000011.1_cds_CEJ61635.1_10631	PMG11_10163
lcl|CDHK01000011.1_cds_CEJ61636.1_10632	PMG11_10164
lcl|CDHK01000011.1_cds_CEJ61637.1_10633	PMG11_10165
lcl|CDHK01000011.1_cds_CEJ61638.1_10634	PMG11_10166
lcl|CDHK01000011.1_cds_CEJ61639.1_10635	PMG11_10166
lcl|CDHK01000011.1_cds_CEJ61640.1_10636	PMG11_10167
lcl|CDHK01000011.1_cds_CEJ61641.1_10637	PMG11_10168
lcl|CDHK01000011.1_cds_CEJ61643.1_10638	PMG11_10169
lcl|CDHK01000011.1_cds_CEJ61642.1_10639	PMG11_10169
lcl|CDHK01000011.1_cds_CEJ61644.1_10640	PMG11_10170
lcl|CDHK01000011.1_cds_CEJ61645.1_10641	PMG11_10171
lcl|CDHK01000011.1_cds_CEJ61646.1_10642	PMG11_10172
lcl|CDHK01000011.1_cds_CEJ61647.1_10643	PMG11_10173
lcl|CDHK01000011.1_cds_CEJ61648.1_10644	PMG11_10175
lcl|CDHK01000011.1_cds_CEJ61649.1_10645	PMG11_10174
lcl|CDHK01000011.1_cds_CEJ61650.1_10646	PMG11_10176
lcl|CDHK01000011.1_cds_CEJ61651.1_10647	PMG11_10178
lcl|CDHK01000011.1_cds_CEJ61652.1_10648	PMG11_10177
lcl|CDHK01000011.1_cds_CEJ61653.1_10649	PMG11_10179
lcl|CDHK01000011.1_cds_CEJ61654.1_10650	PMG11_10180
lcl|CDHK01000011.1_cds_CEJ61655.1_10651	PMG11_10181
lcl|CDHK01000011.1_cds_CEJ61656.1_10652	PMG11_10181
lcl|CDHK01000011.1_cds_CEJ61657.1_10653	PMG11_10182
lcl|CDHK01000011.1_cds_CEJ61658.1_10654	PMG11_10183
lcl|CDHK01000011.1_cds_CEJ61659.1_10655	PMG11_10184
lcl|CDHK01000011.1_cds_CEJ61660.1_10656	PMG11_10185
lcl|CDHK01000011.1_cds_CEJ61661.1_10657	PMG11_10186
lcl|CDHK01000011.1_cds_CEJ61662.1_10658	PMG11_10186
lcl|CDHK01000011.1_cds_CEJ61663.1_10659	PMG11_10187
lcl|CDHK01000011.1_cds_CEJ61664.1_10660	PMG11_10188
lcl|CDHK01000011.1_cds_CEJ61665.1_10661	PMG11_10189
lcl|CDHK01000011.1_cds_CEJ61666.1_10662	PMG11_10190
lcl|CDHK01000011.1_cds_CEJ61667.1_10663	PMG11_10191
lcl|CDHK01000011.1_cds_CEJ61668.1_10664	PMG11_10192
lcl|CDHK01000011.1_cds_CEJ61669.1_10665	PMG11_10193
lcl|CDHK01000011.1_cds_CEJ61670.1_10666	PMG11_10194
lcl|CDHK01000011.1_cds_CEJ61671.1_10667	PMG11_10195
lcl|CDHK01000011.1_cds_CEJ61672.1_10668	PMG11_10196
lcl|CDHK01000011.1_cds_CEJ61673.1_10669	PMG11_10197
lcl|CDHK01000011.1_cds_CEJ61674.1_10670	PMG11_10198
lcl|CDHK01000011.1_cds_CEJ61675.1_10671	PMG11_10199
lcl|CDHK01000011.1_cds_CEJ61676.1_10672	PMG11_10200
lcl|CDHK01000011.1_cds_CEJ61677.1_10673	PMG11_10201
lcl|CDHK01000011.1_cds_CEJ61678.1_10674	PMG11_10202
lcl|CDHK01000011.1_cds_CEJ61679.1_10675	PMG11_10203
lcl|CDHK01000011.1_cds_CEJ61680.1_10676	PMG11_10204
lcl|CDHK01000011.1_cds_CEJ61681.1_10677	PMG11_10205
lcl|CDHK01000011.1_cds_CEJ61682.1_10678	PMG11_10206
lcl|CDHK01000011.1_cds_CEJ61683.1_10679	PMG11_10207
lcl|CDHK01000011.1_cds_CEJ61684.1_10680	PMG11_10208
lcl|CDHK01000011.1_cds_CEJ61685.1_10681	PMG11_10209
lcl|CDHK01000011.1_cds_CEJ61686.1_10682	PMG11_10210
lcl|CDHK01000011.1_cds_CEJ61687.1_10683	PMG11_10211
lcl|CDHK01000011.1_cds_CEJ61688.1_10684	PMG11_10212
lcl|CDHK01000011.1_cds_CEJ61689.1_10685	PMG11_10213
lcl|CDHK01000011.1_cds_CEJ61690.1_10686	PMG11_10214
lcl|CDHK01000012.1_cds_CEJ61691.1_10687	PMG11_10215
lcl|CDHK01000012.1_cds_CEJ61692.1_10688	PMG11_10216
lcl|CDHK01000012.1_cds_CEJ61693.1_10689	PMG11_10216
lcl|CDHK01000012.1_cds_CEJ61694.1_10690	PMG11_10217
lcl|CDHK01000012.1_cds_CEJ61695.1_10691	PMG11_10218
lcl|CDHK01000012.1_cds_CEJ61696.1_10692	PMG11_10219
lcl|CDHK01000012.1_cds_CEJ61697.1_10693	PMG11_10221
lcl|CDHK01000012.1_cds_CEJ61698.1_10694	PMG11_10220
lcl|CDHK01000012.1_cds_CEJ61699.1_10695	PMG11_10222
lcl|CDHK01000012.1_cds_CEJ61700.1_10696	PMG11_10223
lcl|CDHK01000012.1_cds_CEJ61701.1_10697	PMG11_10224
lcl|CDHK01000012.1_cds_CEJ61702.1_10698	PMG11_10225
lcl|CDHK01000012.1_cds_CEJ61703.1_10699	PMG11_10226
lcl|CDHK01000012.1_cds_CEJ61704.1_10700	PMG11_10227
lcl|CDHK01000012.1_cds_CEJ61705.1_10701	PMG11_10228
lcl|CDHK01000012.1_cds_CEJ61706.1_10702	PMG11_10229
lcl|CDHK01000012.1_cds_CEJ61707.1_10703	PMG11_10230
lcl|CDHK01000012.1_cds_CEJ61708.1_10704	PMG11_10231
lcl|CDHK01000012.1_cds_CEJ61709.1_10705	PMG11_10232
lcl|CDHK01000012.1_cds_CEJ61710.1_10706	PMG11_10233
lcl|CDHK01000012.1_cds_CEJ61711.1_10707	PMG11_10234
lcl|CDHK01000012.1_cds_CEJ61712.1_10708	PMG11_10235
lcl|CDHK01000012.1_cds_CEJ61713.1_10709	PMG11_10236
lcl|CDHK01000012.1_cds_CEJ61714.1_10710	PMG11_10237
lcl|CDHK01000012.1_cds_CEJ61715.1_10711	PMG11_10238
lcl|CDHK01000012.1_cds_CEJ61716.1_10712	PMG11_10239
lcl|CDHK01000012.1_cds_CEJ61717.1_10713	PMG11_10240
lcl|CDHK01000012.1_cds_CEJ61718.1_10714	PMG11_10241
lcl|CDHK01000012.1_cds_CEJ61719.1_10715	PMG11_10242
lcl|CDHK01000012.1_cds_CEJ61720.1_10716	PMG11_10243
lcl|CDHK01000012.1_cds_CEJ61721.1_10717	PMG11_10244
lcl|CDHK01000012.1_cds_CEJ61722.1_10718	PMG11_10244
lcl|CDHK01000012.1_cds_CEJ61723.1_10719	PMG11_10245
lcl|CDHK01000012.1_cds_CEJ61724.1_10720	PMG11_10246
lcl|CDHK01000012.1_cds_CEJ61725.1_10721	PMG11_10247
lcl|CDHK01000012.1_cds_CEJ61726.1_10722	PMG11_10248
lcl|CDHK01000012.1_cds_CEJ61727.1_10723	PMG11_10249
lcl|CDHK01000012.1_cds_CEJ61728.1_10724	PMG11_10250
lcl|CDHK01000012.1_cds_CEJ61729.1_10725	PMG11_10251
lcl|CDHK01000012.1_cds_CEJ61730.1_10726	PMG11_10252
lcl|CDHK01000012.1_cds_CEJ61731.1_10727	PMG11_10253
lcl|CDHK01000012.1_cds_CEJ61732.1_10728	PMG11_10254
lcl|CDHK01000012.1_cds_CEJ61733.1_10729	PMG11_10255
lcl|CDHK01000012.1_cds_CEJ61734.1_10730	PMG11_10256
lcl|CDHK01000012.1_cds_CEJ61735.1_10731	PMG11_10257
lcl|CDHK01000012.1_cds_CEJ61736.1_10732	PMG11_10258
lcl|CDHK01000012.1_cds_CEJ61737.1_10733	PMG11_10259
lcl|CDHK01000012.1_cds_CEJ61738.1_10734	PMG11_10260
lcl|CDHK01000012.1_cds_CEJ61739.1_10735	PMG11_10261
lcl|CDHK01000012.1_cds_CEJ61740.1_10736	PMG11_10262
lcl|CDHK01000012.1_cds_CEJ61741.1_10737	PMG11_10263
lcl|CDHK01000012.1_cds_CEJ61742.1_10738	PMG11_10264
lcl|CDHK01000012.1_cds_CEJ61743.1_10739	PMG11_10265
lcl|CDHK01000012.1_cds_CEJ61744.1_10740	PMG11_10265
lcl|CDHK01000012.1_cds_CEJ61745.1_10741	PMG11_10266
lcl|CDHK01000012.1_cds_CEJ61746.1_10742	PMG11_10266
lcl|CDHK01000012.1_cds_CEJ61747.1_10743	PMG11_10267
lcl|CDHK01000012.1_cds_CEJ61748.1_10744	PMG11_10268
lcl|CDHK01000012.1_cds_CEJ61749.1_10745	PMG11_10269
lcl|CDHK01000012.1_cds_CEJ61750.1_10746	PMG11_10270
lcl|CDHK01000012.1_cds_CEJ61751.1_10747	PMG11_10271
lcl|CDHK01000012.1_cds_CEJ61752.1_10748	PMG11_10272
lcl|CDHK01000012.1_cds_CEJ61753.1_10749	PMG11_10273
lcl|CDHK01000012.1_cds_CEJ61754.1_10750	PMG11_10274
lcl|CDHK01000012.1_cds_CEJ61755.1_10751	PMG11_10275
lcl|CDHK01000012.1_cds_CEJ61756.1_10752	PMG11_10276
lcl|CDHK01000012.1_cds_CEJ61757.1_10753	PMG11_10277
lcl|CDHK01000012.1_cds_CEJ61758.1_10754	PMG11_10278
lcl|CDHK01000012.1_cds_CEJ61759.1_10755	PMG11_10279
lcl|CDHK01000012.1_cds_CEJ61760.1_10756	PMG11_10280
lcl|CDHK01000012.1_cds_CEJ61761.1_10757	PMG11_10281
lcl|CDHK01000012.1_cds_CEJ61762.1_10758	PMG11_10282
lcl|CDHK01000012.1_cds_CEJ61763.1_10759	PMG11_10283
lcl|CDHK01000012.1_cds_CEJ61764.1_10760	PMG11_10284
lcl|CDHK01000012.1_cds_CEJ61765.1_10761	PMG11_10285
lcl|CDHK01000012.1_cds_CEJ61766.1_10762	PMG11_10286
lcl|CDHK01000012.1_cds_CEJ61767.1_10763	PMG11_10286
lcl|CDHK01000012.1_cds_CEJ61768.1_10764	PMG11_10287
lcl|CDHK01000012.1_cds_CEJ61769.1_10765	PMG11_10288
lcl|CDHK01000012.1_cds_CEJ61770.1_10766	PMG11_10289
lcl|CDHK01000012.1_cds_CEJ61771.1_10767	PMG11_10290
lcl|CDHK01000012.1_cds_CEJ61772.1_10768	PMG11_10291
lcl|CDHK01000012.1_cds_CEJ61773.1_10769	PMG11_10292
lcl|CDHK01000012.1_cds_CEJ61774.1_10770	PMG11_10293
lcl|CDHK01000012.1_cds_CEJ61775.1_10771	PMG11_10294
lcl|CDHK01000012.1_cds_CEJ61776.1_10772	PMG11_10295
lcl|CDHK01000012.1_cds_CEJ61777.1_10773	PMG11_10296
lcl|CDHK01000012.1_cds_CEJ61778.1_10774	PMG11_10297
lcl|CDHK01000012.1_cds_CEJ61779.1_10775	PMG11_10298
lcl|CDHK01000012.1_cds_CEJ61780.1_10776	PMG11_10299
lcl|CDHK01000012.1_cds_CEJ61781.1_10777	PMG11_10300
lcl|CDHK01000012.1_cds_CEJ61782.1_10778	PMG11_10301
lcl|CDHK01000012.1_cds_CEJ61783.1_10779	PMG11_10302
lcl|CDHK01000012.1_cds_CEJ61784.1_10780	PMG11_10303
lcl|CDHK01000012.1_cds_CEJ61785.1_10781	PMG11_10304
lcl|CDHK01000012.1_cds_CEJ61786.1_10782	PMG11_10305
lcl|CDHK01000012.1_cds_CEJ61787.1_10783	PMG11_10306
lcl|CDHK01000012.1_cds_CEJ61788.1_10784	PMG11_10306
lcl|CDHK01000012.1_cds_CEJ61789.1_10785	PMG11_10307
lcl|CDHK01000012.1_cds_CEJ61790.1_10786	PMG11_10308
lcl|CDHK01000012.1_cds_CEJ61791.1_10787	PMG11_10309
lcl|CDHK01000012.1_cds_CEJ61792.1_10788	PMG11_10310
lcl|CDHK01000012.1_cds_CEJ61793.1_10789	PMG11_10311
lcl|CDHK01000012.1_cds_CEJ61794.1_10790	PMG11_10312
lcl|CDHK01000012.1_cds_CEJ61795.1_10791	PMG11_10313
lcl|CDHK01000012.1_cds_CEJ61796.1_10792	PMG11_10314
lcl|CDHK01000012.1_cds_CEJ61797.1_10793	PMG11_10315
lcl|CDHK01000012.1_cds_CEJ61798.1_10794	PMG11_10316
lcl|CDHK01000012.1_cds_CEJ61799.1_10795	PMG11_10317
lcl|CDHK01000012.1_cds_CEJ61800.1_10796	PMG11_10318
lcl|CDHK01000012.1_cds_CEJ61801.1_10797	PMG11_10319
lcl|CDHK01000012.1_cds_CEJ61802.1_10798	PMG11_10320
lcl|CDHK01000012.1_cds_CEJ61803.1_10799	PMG11_10321
lcl|CDHK01000012.1_cds_CEJ61805.1_10800	PMG11_10322
lcl|CDHK01000012.1_cds_CEJ61804.1_10801	PMG11_10322
lcl|CDHK01000012.1_cds_CEJ61806.1_10802	PMG11_10323
lcl|CDHK01000012.1_cds_CEJ61807.1_10803	PMG11_10324
lcl|CDHK01000012.1_cds_CEJ61808.1_10804	PMG11_10325
lcl|CDHK01000012.1_cds_CEJ61809.1_10805	PMG11_10326
lcl|CDHK01000012.1_cds_CEJ61810.1_10806	PMG11_10327
lcl|CDHK01000012.1_cds_CEJ61811.1_10807	PMG11_10328
lcl|CDHK01000012.1_cds_CEJ61812.1_10808	PMG11_10329
lcl|CDHK01000012.1_cds_CEJ61813.1_10809	PMG11_10330
lcl|CDHK01000012.1_cds_CEJ61814.1_10810	PMG11_10331
lcl|CDHK01000012.1_cds_CEJ61815.1_10811	PMG11_10332
lcl|CDHK01000012.1_cds_CEJ61816.1_10812	PMG11_10333
lcl|CDHK01000012.1_cds_CEJ61817.1_10813	PMG11_10334
lcl|CDHK01000012.1_cds_CEJ61818.1_10814	PMG11_10335
lcl|CDHK01000012.1_cds_CEJ61819.1_10815	PMG11_10336
lcl|CDHK01000012.1_cds_CEJ61820.1_10816	PMG11_10337
lcl|CDHK01000012.1_cds_CEJ61821.1_10817	PMG11_10338
lcl|CDHK01000012.1_cds_CEJ61822.1_10818	PMG11_10339
lcl|CDHK01000012.1_cds_CEJ61823.1_10819	PMG11_10340
lcl|CDHK01000012.1_cds_CEJ61824.1_10820	PMG11_10341
lcl|CDHK01000012.1_cds_CEJ61825.1_10821	PMG11_10342
lcl|CDHK01000012.1_cds_CEJ61826.1_10822	PMG11_10343
lcl|CDHK01000012.1_cds_CEJ61827.1_10823	PMG11_10344
lcl|CDHK01000012.1_cds_CEJ61828.1_10824	PMG11_10345
lcl|CDHK01000012.1_cds_CEJ61829.1_10825	PMG11_10346
lcl|CDHK01000012.1_cds_CEJ61830.1_10826	PMG11_10347
lcl|CDHK01000012.1_cds_CEJ61831.1_10827	PMG11_10348
lcl|CDHK01000012.1_cds_CEJ61832.1_10828	PMG11_10349
lcl|CDHK01000012.1_cds_CEJ61833.1_10829	PMG11_10350
lcl|CDHK01000012.1_cds_CEJ61834.1_10830	PMG11_10351
lcl|CDHK01000012.1_cds_CEJ61835.1_10831	PMG11_10352
lcl|CDHK01000012.1_cds_CEJ61836.1_10832	PMG11_10353
lcl|CDHK01000012.1_cds_CEJ61837.1_10833	PMG11_10354
lcl|CDHK01000012.1_cds_CEJ61838.1_10834	PMG11_10355
lcl|CDHK01000012.1_cds_CEJ61839.1_10835	PMG11_10356
lcl|CDHK01000012.1_cds_CEJ61840.1_10836	PMG11_10357
lcl|CDHK01000012.1_cds_CEJ61841.1_10837	PMG11_10358
lcl|CDHK01000012.1_cds_CEJ61842.1_10838	PMG11_10359
lcl|CDHK01000012.1_cds_CEJ61843.1_10839	PMG11_10360
lcl|CDHK01000012.1_cds_CEJ61844.1_10840	PMG11_10361
lcl|CDHK01000012.1_cds_CEJ61845.1_10841	PMG11_10362
lcl|CDHK01000012.1_cds_CEJ61846.1_10842	PMG11_10363
lcl|CDHK01000012.1_cds_CEJ61847.1_10843	PMG11_10364
lcl|CDHK01000012.1_cds_CEJ61848.1_10844	PMG11_10365
lcl|CDHK01000012.1_cds_CEJ61849.1_10845	PMG11_10366
lcl|CDHK01000012.1_cds_CEJ61850.1_10846	PMG11_10367
lcl|CDHK01000012.1_cds_CEJ61851.1_10847	PMG11_10368
lcl|CDHK01000012.1_cds_CEJ61852.1_10848	PMG11_10369
lcl|CDHK01000012.1_cds_CEJ61853.1_10849	PMG11_10370
lcl|CDHK01000012.1_cds_CEJ61854.1_10850	PMG11_10371
lcl|CDHK01000012.1_cds_CEJ61855.1_10851	PMG11_10372
lcl|CDHK01000012.1_cds_CEJ61856.1_10852	PMG11_10373
lcl|CDHK01000012.1_cds_CEJ61857.1_10853	PMG11_10374
lcl|CDHK01000012.1_cds_CEJ61858.1_10854	PMG11_10375
lcl|CDHK01000012.1_cds_CEJ61859.1_10855	PMG11_10376
lcl|CDHK01000012.1_cds_CEJ61860.1_10856	PMG11_10377
lcl|CDHK01000012.1_cds_CEJ61861.1_10857	PMG11_10378
lcl|CDHK01000012.1_cds_CEJ61862.1_10858	PMG11_10379
lcl|CDHK01000012.1_cds_CEJ61863.1_10859	PMG11_10380
lcl|CDHK01000012.1_cds_CEJ61864.1_10860	PMG11_10381
lcl|CDHK01000012.1_cds_CEJ61865.1_10861	PMG11_10381
lcl|CDHK01000012.1_cds_CEJ61866.1_10862	PMG11_10382
lcl|CDHK01000012.1_cds_CEJ61867.1_10863	PMG11_10383
lcl|CDHK01000012.1_cds_CEJ61868.1_10864	PMG11_10384
lcl|CDHK01000012.1_cds_CEJ61869.1_10865	PMG11_10385
lcl|CDHK01000012.1_cds_CEJ61870.1_10866	PMG11_10386
lcl|CDHK01000012.1_cds_CEJ61871.1_10867	PMG11_10387
lcl|CDHK01000012.1_cds_CEJ61872.1_10868	PMG11_10388
lcl|CDHK01000012.1_cds_CEJ61873.1_10869	PMG11_10389
lcl|CDHK01000012.1_cds_CEJ61874.1_10870	PMG11_10390
lcl|CDHK01000012.1_cds_CEJ61875.1_10871	PMG11_10391
lcl|CDHK01000012.1_cds_CEJ61876.1_10872	PMG11_10392
lcl|CDHK01000012.1_cds_CEJ61877.1_10873	PMG11_10393
lcl|CDHK01000012.1_cds_CEJ61878.1_10874	PMG11_10394
lcl|CDHK01000012.1_cds_CEJ61879.1_10875	PMG11_10395
lcl|CDHK01000012.1_cds_CEJ61880.1_10876	PMG11_10396
lcl|CDHK01000012.1_cds_CEJ61881.1_10877	PMG11_10397
lcl|CDHK01000012.1_cds_CEJ61882.1_10878	PMG11_10398
lcl|CDHK01000012.1_cds_CEJ61883.1_10879	PMG11_10399
lcl|CDHK01000012.1_cds_CEJ61884.1_10880	PMG11_10400
lcl|CDHK01000012.1_cds_CEJ61885.1_10881	PMG11_10401
lcl|CDHK01000012.1_cds_CEJ61886.1_10882	PMG11_10402
lcl|CDHK01000012.1_cds_CEJ61887.1_10883	PMG11_10403
lcl|CDHK01000012.1_cds_CEJ61888.1_10884	PMG11_10404
lcl|CDHK01000012.1_cds_CEJ61889.1_10885	PMG11_10405
lcl|CDHK01000012.1_cds_CEJ61890.1_10886	PMG11_10406
lcl|CDHK01000012.1_cds_CEJ61891.1_10887	PMG11_10407
lcl|CDHK01000012.1_cds_CEJ61892.1_10888	PMG11_10408
lcl|CDHK01000012.1_cds_CEJ61893.1_10889	PMG11_10409
lcl|CDHK01000012.1_cds_CEJ61894.1_10890	PMG11_10410
lcl|CDHK01000012.1_cds_CEJ61895.1_10891	PMG11_10411
lcl|CDHK01000012.1_cds_CEJ61896.1_10892	PMG11_10412
lcl|CDHK01000012.1_cds_CEJ61897.1_10893	PMG11_10413
lcl|CDHK01000012.1_cds_CEJ61898.1_10894	PMG11_10414
lcl|CDHK01000012.1_cds_CEJ61899.1_10895	PMG11_10415
lcl|CDHK01000012.1_cds_CEJ61900.1_10896	PMG11_10416
lcl|CDHK01000012.1_cds_CEJ61901.1_10897	PMG11_10417
lcl|CDHK01000012.1_cds_CEJ61902.1_10898	PMG11_10419
lcl|CDHK01000012.1_cds_CEJ61903.1_10899	PMG11_10418
lcl|CDHK01000012.1_cds_CEJ61904.1_10900	PMG11_10421
lcl|CDHK01000012.1_cds_CEJ61905.1_10901	PMG11_10420
lcl|CDHK01000012.1_cds_CEJ61906.1_10902	PMG11_10422
lcl|CDHK01000012.1_cds_CEJ61907.1_10903	PMG11_10423
lcl|CDHK01000013.1_cds_CEJ61908.1_10904	PMG11_10424
lcl|CDHK01000013.1_cds_CEJ61909.1_10905	PMG11_10425
lcl|CDHK01000013.1_cds_CEJ61910.1_10906	PMG11_10426
lcl|CDHK01000013.1_cds_CEJ61911.1_10907	PMG11_10427
lcl|CDHK01000013.1_cds_CEJ61912.1_10908	PMG11_10428
lcl|CDHK01000013.1_cds_CEJ61913.1_10909	PMG11_10429
lcl|CDHK01000013.1_cds_CEJ61914.1_10910	PMG11_10430
lcl|CDHK01000013.1_cds_CEJ61915.1_10911	PMG11_10431
lcl|CDHK01000013.1_cds_CEJ61916.1_10912	PMG11_10432
lcl|CDHK01000013.1_cds_CEJ61917.1_10913	PMG11_10433
lcl|CDHK01000013.1_cds_CEJ61918.1_10914	PMG11_10434
lcl|CDHK01000013.1_cds_CEJ61919.1_10915	PMG11_10435
lcl|CDHK01000013.1_cds_CEJ61920.1_10916	PMG11_10436
lcl|CDHK01000013.1_cds_CEJ61921.1_10917	PMG11_10437
lcl|CDHK01000013.1_cds_CEJ61922.1_10918	PMG11_10438
lcl|CDHK01000013.1_cds_CEJ61923.1_10919	PMG11_10439
lcl|CDHK01000013.1_cds_CEJ61924.1_10920	PMG11_10440
lcl|CDHK01000013.1_cds_CEJ61925.1_10921	PMG11_10441
lcl|CDHK01000013.1_cds_CEJ61926.1_10922	PMG11_10442
lcl|CDHK01000013.1_cds_CEJ61927.1_10923	PMG11_10444
lcl|CDHK01000013.1_cds_CEJ61928.1_10924	PMG11_10443
lcl|CDHK01000013.1_cds_CEJ61929.1_10925	PMG11_10445
lcl|CDHK01000013.1_cds_CEJ61930.1_10926	PMG11_10446
lcl|CDHK01000013.1_cds_CEJ61931.1_10927	PMG11_10447
lcl|CDHK01000013.1_cds_CEJ61932.1_10928	PMG11_10448
lcl|CDHK01000013.1_cds_CEJ61933.1_10929	PMG11_10449
lcl|CDHK01000013.1_cds_CEJ61934.1_10930	PMG11_10450
lcl|CDHK01000013.1_cds_CEJ61935.1_10931	PMG11_10451
lcl|CDHK01000013.1_cds_CEJ61936.1_10932	PMG11_10452
lcl|CDHK01000013.1_cds_CEJ61937.1_10933	PMG11_10453
lcl|CDHK01000013.1_cds_CEJ61938.1_10934	PMG11_10454
lcl|CDHK01000013.1_cds_CEJ61939.1_10935	PMG11_10455
lcl|CDHK01000013.1_cds_CEJ61940.1_10936	PMG11_10456
lcl|CDHK01000013.1_cds_CEJ61941.1_10937	PMG11_10457
lcl|CDHK01000013.1_cds_CEJ61942.1_10938	PMG11_10458
lcl|CDHK01000013.1_cds_CEJ61943.1_10939	PMG11_10459
lcl|CDHK01000013.1_cds_CEJ61944.1_10940	PMG11_10460
lcl|CDHK01000013.1_cds_CEJ61945.1_10941	PMG11_10461
lcl|CDHK01000013.1_cds_CEJ61946.1_10942	PMG11_10462
lcl|CDHK01000013.1_cds_CEJ61947.1_10943	PMG11_10463
lcl|CDHK01000013.1_cds_CEJ61948.1_10944	PMG11_10464
lcl|CDHK01000013.1_cds_CEJ61949.1_10945	PMG11_10465
lcl|CDHK01000013.1_cds_CEJ61950.1_10946	PMG11_10466
lcl|CDHK01000013.1_cds_CEJ61951.1_10947	PMG11_10467
lcl|CDHK01000013.1_cds_CEJ61952.1_10948	PMG11_10468
lcl|CDHK01000013.1_cds_CEJ61953.1_10949	PMG11_10469
lcl|CDHK01000013.1_cds_CEJ61954.1_10950	PMG11_10470
lcl|CDHK01000013.1_cds_CEJ61955.1_10951	PMG11_10471
lcl|CDHK01000013.1_cds_CEJ61956.1_10952	PMG11_10472
lcl|CDHK01000013.1_cds_CEJ61957.1_10953	PMG11_10473
lcl|CDHK01000013.1_cds_CEJ61958.1_10954	PMG11_10474
lcl|CDHK01000013.1_cds_CEJ61959.1_10955	PMG11_10475
lcl|CDHK01000013.1_cds_CEJ61960.1_10956	PMG11_10476
lcl|CDHK01000013.1_cds_CEJ61961.1_10957	PMG11_10477
lcl|CDHK01000013.1_cds_CEJ61962.1_10958	PMG11_10478
lcl|CDHK01000013.1_cds_CEJ61963.1_10959	PMG11_10479
lcl|CDHK01000013.1_cds_CEJ61964.1_10960	PMG11_10480
lcl|CDHK01000013.1_cds_CEJ61965.1_10961	PMG11_10481
lcl|CDHK01000013.1_cds_CEJ61966.1_10962	PMG11_10482
lcl|CDHK01000013.1_cds_CEJ61967.1_10963	PMG11_10483
lcl|CDHK01000013.1_cds_CEJ61968.1_10964	PMG11_10484
lcl|CDHK01000013.1_cds_CEJ61969.1_10965	PMG11_10485
lcl|CDHK01000013.1_cds_CEJ61970.1_10966	PMG11_10486
lcl|CDHK01000013.1_cds_CEJ61971.1_10967	PMG11_10487
lcl|CDHK01000013.1_cds_CEJ61972.1_10968	PMG11_10488
lcl|CDHK01000013.1_cds_CEJ61973.1_10969	PMG11_10489
lcl|CDHK01000013.1_cds_CEJ61974.1_10970	PMG11_10490
lcl|CDHK01000013.1_cds_CEJ61975.1_10971	PMG11_10491
lcl|CDHK01000013.1_cds_CEJ61976.1_10972	PMG11_10492
lcl|CDHK01000013.1_cds_CEJ61977.1_10973	PMG11_10493
lcl|CDHK01000013.1_cds_CEJ61978.1_10974	PMG11_10494
lcl|CDHK01000013.1_cds_CEJ61979.1_10975	PMG11_10495
lcl|CDHK01000013.1_cds_CEJ61980.1_10976	PMG11_10496
lcl|CDHK01000013.1_cds_CEJ61981.1_10977	PMG11_10497
lcl|CDHK01000013.1_cds_CEJ61982.1_10978	PMG11_10498
lcl|CDHK01000013.1_cds_CEJ61983.1_10979	PMG11_10499
lcl|CDHK01000013.1_cds_CEJ61984.1_10980	PMG11_10500
lcl|CDHK01000013.1_cds_CEJ61985.1_10981	PMG11_10501
lcl|CDHK01000013.1_cds_CEJ61986.1_10982	PMG11_10502
lcl|CDHK01000013.1_cds_CEJ61987.1_10983	PMG11_10503
lcl|CDHK01000013.1_cds_CEJ61988.1_10984	PMG11_10504
lcl|CDHK01000013.1_cds_CEJ61989.1_10985	PMG11_10505
lcl|CDHK01000013.1_cds_CEJ61990.1_10986	PMG11_10506
lcl|CDHK01000013.1_cds_CEJ61991.1_10987	PMG11_10507
lcl|CDHK01000013.1_cds_CEJ61992.1_10988	PMG11_10508
lcl|CDHK01000013.1_cds_CEJ61993.1_10989	PMG11_10509
lcl|CDHK01000013.1_cds_CEJ61994.1_10990	PMG11_10510
lcl|CDHK01000013.1_cds_CEJ61995.1_10991	PMG11_10511
lcl|CDHK01000013.1_cds_CEJ61996.1_10992	PMG11_10512
lcl|CDHK01000013.1_cds_CEJ61997.1_10993	PMG11_10513
lcl|CDHK01000013.1_cds_CEJ61998.1_10994	PMG11_10514
lcl|CDHK01000013.1_cds_CEJ61999.1_10995	PMG11_10514
lcl|CDHK01000013.1_cds_CEJ62000.1_10996	PMG11_10515
lcl|CDHK01000013.1_cds_CEJ62001.1_10997	PMG11_10516
lcl|CDHK01000013.1_cds_CEJ62002.1_10998	PMG11_10517
lcl|CDHK01000013.1_cds_CEJ62003.1_10999	PMG11_10518
lcl|CDHK01000013.1_cds_CEJ62004.1_11000	PMG11_10519
lcl|CDHK01000013.1_cds_CEJ62005.1_11001	PMG11_10520
lcl|CDHK01000013.1_cds_CEJ62006.1_11002	PMG11_10521
lcl|CDHK01000013.1_cds_CEJ62007.1_11003	PMG11_10522
lcl|CDHK01000013.1_cds_CEJ62008.1_11004	PMG11_10523
lcl|CDHK01000013.1_cds_CEJ62009.1_11005	PMG11_10524
lcl|CDHK01000013.1_cds_CEJ62010.1_11006	PMG11_10525
lcl|CDHK01000013.1_cds_CEJ62011.1_11007	PMG11_10526
lcl|CDHK01000013.1_cds_CEJ62012.1_11008	PMG11_10527
lcl|CDHK01000013.1_cds_CEJ62013.1_11009	PMG11_10528
lcl|CDHK01000013.1_cds_CEJ62014.1_11010	PMG11_10529
lcl|CDHK01000013.1_cds_CEJ62015.1_11011	PMG11_10530
lcl|CDHK01000013.1_cds_CEJ62016.1_11012	PMG11_10531
lcl|CDHK01000013.1_cds_CEJ62017.1_11013	PMG11_10532
lcl|CDHK01000013.1_cds_CEJ62018.1_11014	PMG11_10533
lcl|CDHK01000013.1_cds_CEJ62019.1_11015	PMG11_10534
lcl|CDHK01000013.1_cds_CEJ62020.1_11016	PMG11_10535
lcl|CDHK01000013.1_cds_CEJ62021.1_11017	PMG11_10536
lcl|CDHK01000013.1_cds_CEJ62022.1_11018	PMG11_10537
lcl|CDHK01000013.1_cds_CEJ62023.1_11019	PMG11_10538
lcl|CDHK01000013.1_cds_CEJ62024.1_11020	PMG11_10539
lcl|CDHK01000013.1_cds_CEJ62025.1_11021	PMG11_10540
lcl|CDHK01000013.1_cds_CEJ62026.1_11022	PMG11_10541
lcl|CDHK01000013.1_cds_CEJ62027.1_11023	PMG11_10542
lcl|CDHK01000013.1_cds_CEJ62028.1_11024	PMG11_10543
lcl|CDHK01000013.1_cds_CEJ62029.1_11025	PMG11_10544
lcl|CDHK01000013.1_cds_CEJ62030.1_11026	PMG11_10545
lcl|CDHK01000013.1_cds_CEJ62031.1_11027	PMG11_10546
lcl|CDHK01000013.1_cds_CEJ62032.1_11028	PMG11_10547
lcl|CDHK01000013.1_cds_CEJ62033.1_11029	PMG11_10548
lcl|CDHK01000013.1_cds_CEJ62034.1_11030	PMG11_10549
lcl|CDHK01000013.1_cds_CEJ62035.1_11031	PMG11_10550
lcl|CDHK01000013.1_cds_CEJ62036.1_11032	PMG11_10550
lcl|CDHK01000013.1_cds_CEJ62037.1_11033	PMG11_10551
lcl|CDHK01000013.1_cds_CEJ62038.1_11034	PMG11_10552
lcl|CDHK01000013.1_cds_CEJ62039.1_11035	PMG11_10553
lcl|CDHK01000013.1_cds_CEJ62040.1_11036	PMG11_10554
lcl|CDHK01000013.1_cds_CEJ62041.1_11037	PMG11_10555
lcl|CDHK01000013.1_cds_CEJ62042.1_11038	PMG11_10556
lcl|CDHK01000013.1_cds_CEJ62043.1_11039	PMG11_10557
lcl|CDHK01000013.1_cds_CEJ62044.1_11040	PMG11_10558
lcl|CDHK01000013.1_cds_CEJ62045.1_11041	PMG11_10559
lcl|CDHK01000013.1_cds_CEJ62046.1_11042	PMG11_10560
lcl|CDHK01000013.1_cds_CEJ62047.1_11043	PMG11_10561
lcl|CDHK01000013.1_cds_CEJ62048.1_11044	PMG11_10562
lcl|CDHK01000013.1_cds_CEJ62049.1_11045	PMG11_10563
lcl|CDHK01000013.1_cds_CEJ62050.1_11046	PMG11_10564
lcl|CDHK01000013.1_cds_CEJ62051.1_11047	PMG11_10565
lcl|CDHK01000013.1_cds_CEJ62052.1_11048	PMG11_10565
lcl|CDHK01000013.1_cds_CEJ62053.1_11049	PMG11_10566
lcl|CDHK01000013.1_cds_CEJ62054.1_11050	PMG11_10567
lcl|CDHK01000013.1_cds_CEJ62055.1_11051	PMG11_10568
lcl|CDHK01000013.1_cds_CEJ62056.1_11052	PMG11_10569
lcl|CDHK01000013.1_cds_CEJ62057.1_11053	PMG11_10570
lcl|CDHK01000013.1_cds_CEJ62058.1_11054	PMG11_10571
lcl|CDHK01000013.1_cds_CEJ62059.1_11055	PMG11_10572
lcl|CDHK01000013.1_cds_CEJ62060.1_11056	PMG11_10573
lcl|CDHK01000013.1_cds_CEJ62061.1_11057	PMG11_10574
lcl|CDHK01000013.1_cds_CEJ62062.1_11058	PMG11_10575
lcl|CDHK01000013.1_cds_CEJ62063.1_11059	PMG11_10576
lcl|CDHK01000013.1_cds_CEJ62064.1_11060	PMG11_10577
lcl|CDHK01000013.1_cds_CEJ62065.1_11061	PMG11_10578
lcl|CDHK01000013.1_cds_CEJ62066.1_11062	PMG11_10578
lcl|CDHK01000013.1_cds_CEJ62067.1_11063	PMG11_10579
lcl|CDHK01000013.1_cds_CEJ62068.1_11064	PMG11_10580
lcl|CDHK01000013.1_cds_CEJ62069.1_11065	PMG11_10581
lcl|CDHK01000014.1_cds_CEJ62070.1_11066	PMG11_10582
lcl|CDHK01000014.1_cds_CEJ62071.1_11067	PMG11_10583
lcl|CDHK01000014.1_cds_CEJ62072.1_11068	PMG11_10584
lcl|CDHK01000014.1_cds_CEJ62073.1_11069	PMG11_10585
lcl|CDHK01000014.1_cds_CEJ62074.1_11070	PMG11_10586
lcl|CDHK01000014.1_cds_CEJ62075.1_11071	PMG11_10587
lcl|CDHK01000014.1_cds_CEJ62076.1_11072	PMG11_10588
lcl|CDHK01000014.1_cds_CEJ62077.1_11073	PMG11_10589
lcl|CDHK01000014.1_cds_CEJ62078.1_11074	PMG11_10590
lcl|CDHK01000014.1_cds_CEJ62079.1_11075	PMG11_10591
lcl|CDHK01000014.1_cds_CEJ62080.1_11076	PMG11_10591
lcl|CDHK01000014.1_cds_CEJ62081.1_11077	PMG11_10592
lcl|CDHK01000014.1_cds_CEJ62082.1_11078	PMG11_10593
lcl|CDHK01000014.1_cds_CEJ62083.1_11079	PMG11_10594
lcl|CDHK01000014.1_cds_CEJ62084.1_11080	PMG11_10595
lcl|CDHK01000014.1_cds_CEJ62085.1_11081	PMG11_10596
lcl|CDHK01000014.1_cds_CEJ62086.1_11082	PMG11_10597
lcl|CDHK01000014.1_cds_CEJ62087.1_11083	PMG11_10598
lcl|CDHK01000014.1_cds_CEJ62088.1_11084	PMG11_10599
lcl|CDHK01000014.1_cds_CEJ62089.1_11085	PMG11_10600
lcl|CDHK01000014.1_cds_CEJ62090.1_11086	PMG11_10601
lcl|CDHK01000014.1_cds_CEJ62091.1_11087	PMG11_10602
lcl|CDHK01000014.1_cds_CEJ62092.1_11088	PMG11_10602
lcl|CDHK01000014.1_cds_CEJ62093.1_11089	PMG11_10603
lcl|CDHK01000014.1_cds_CEJ62094.1_11090	PMG11_10604
lcl|CDHK01000014.1_cds_CEJ62095.1_11091	PMG11_10605
lcl|CDHK01000014.1_cds_CEJ62096.1_11092	PMG11_10606
lcl|CDHK01000014.1_cds_CEJ62097.1_11093	PMG11_10607
lcl|CDHK01000014.1_cds_CEJ62098.1_11094	PMG11_10608
lcl|CDHK01000014.1_cds_CEJ62099.1_11095	PMG11_10609
lcl|CDHK01000014.1_cds_CEJ62100.1_11096	PMG11_10610
lcl|CDHK01000014.1_cds_CEJ62101.1_11097	PMG11_10611
lcl|CDHK01000014.1_cds_CEJ62102.1_11098	PMG11_10612
lcl|CDHK01000014.1_cds_CEJ62103.1_11099	PMG11_10613
lcl|CDHK01000014.1_cds_CEJ62104.1_11100	PMG11_10614
lcl|CDHK01000014.1_cds_CEJ62105.1_11101	PMG11_10615
lcl|CDHK01000014.1_cds_CEJ62106.1_11102	PMG11_10616
lcl|CDHK01000014.1_cds_CEJ62107.1_11103	PMG11_10617
lcl|CDHK01000014.1_cds_CEJ62108.1_11104	PMG11_10618
lcl|CDHK01000014.1_cds_CEJ62109.1_11105	PMG11_10619
lcl|CDHK01000014.1_cds_CEJ62110.1_11106	PMG11_10620
lcl|CDHK01000014.1_cds_CEJ62111.1_11107	PMG11_10621
lcl|CDHK01000014.1_cds_CEJ62112.1_11108	PMG11_10622
lcl|CDHK01000014.1_cds_CEJ62113.1_11109	PMG11_10623
lcl|CDHK01000014.1_cds_CEJ62114.1_11110	PMG11_10624
lcl|CDHK01000014.1_cds_CEJ62115.1_11111	PMG11_10625
lcl|CDHK01000014.1_cds_CEJ62116.1_11112	PMG11_10626
lcl|CDHK01000014.1_cds_CEJ62117.1_11113	PMG11_10627
lcl|CDHK01000014.1_cds_CEJ62118.1_11114	PMG11_10628
lcl|CDHK01000014.1_cds_CEJ62119.1_11115	PMG11_10629
lcl|CDHK01000014.1_cds_CEJ62120.1_11116	PMG11_10630
lcl|CDHK01000014.1_cds_CEJ62121.1_11117	PMG11_10631
lcl|CDHK01000014.1_cds_CEJ62122.1_11118	PMG11_10632
lcl|CDHK01000014.1_cds_CEJ62123.1_11119	PMG11_10633
lcl|CDHK01000014.1_cds_CEJ62124.1_11120	PMG11_10634
lcl|CDHK01000014.1_cds_CEJ62125.1_11121	PMG11_10635
lcl|CDHK01000014.1_cds_CEJ62126.1_11122	PMG11_10636
lcl|CDHK01000014.1_cds_CEJ62127.1_11123	PMG11_10637
lcl|CDHK01000014.1_cds_CEJ62128.1_11124	PMG11_10638
lcl|CDHK01000014.1_cds_CEJ62129.1_11125	PMG11_10639
lcl|CDHK01000014.1_cds_CEJ62130.1_11126	PMG11_10640
lcl|CDHK01000014.1_cds_CEJ62131.1_11127	PMG11_10641
lcl|CDHK01000014.1_cds_CEJ62132.1_11128	PMG11_10642
lcl|CDHK01000014.1_cds_CEJ62133.1_11129	PMG11_10643
lcl|CDHK01000014.1_cds_CEJ62134.1_11130	PMG11_10644
lcl|CDHK01000014.1_cds_CEJ62135.1_11131	PMG11_10645
lcl|CDHK01000014.1_cds_CEJ62136.1_11132	PMG11_10646
lcl|CDHK01000014.1_cds_CEJ62137.1_11133	PMG11_10647
lcl|CDHK01000014.1_cds_CEJ62138.1_11134	PMG11_10648
lcl|CDHK01000014.1_cds_CEJ62139.1_11135	PMG11_10648
lcl|CDHK01000014.1_cds_CEJ62140.1_11136	PMG11_10649
lcl|CDHK01000014.1_cds_CEJ62141.1_11137	PMG11_10649
lcl|CDHK01000014.1_cds_CEJ62142.1_11138	PMG11_10650
lcl|CDHK01000014.1_cds_CEJ62143.1_11139	PMG11_10651
lcl|CDHK01000014.1_cds_CEJ62144.1_11140	PMG11_10652
lcl|CDHK01000014.1_cds_CEJ62145.1_11141	PMG11_10653
lcl|CDHK01000014.1_cds_CEJ62146.1_11142	PMG11_10654
lcl|CDHK01000014.1_cds_CEJ62147.1_11143	PMG11_10655
lcl|CDHK01000014.1_cds_CEJ62148.1_11144	PMG11_10656
lcl|CDHK01000014.1_cds_CEJ62149.1_11145	PMG11_10657
lcl|CDHK01000014.1_cds_CEJ62150.1_11146	PMG11_10658
lcl|CDHK01000014.1_cds_CEJ62151.1_11147	PMG11_10659
lcl|CDHK01000014.1_cds_CEJ62152.1_11148	PMG11_10660
lcl|CDHK01000014.1_cds_CEJ62153.1_11149	PMG11_10661
lcl|CDHK01000014.1_cds_CEJ62154.1_11150	PMG11_10662
lcl|CDHK01000014.1_cds_CEJ62155.1_11151	PMG11_10663
lcl|CDHK01000014.1_cds_CEJ62156.1_11152	PMG11_10664
lcl|CDHK01000014.1_cds_CEJ62157.1_11153	PMG11_10665
lcl|CDHK01000014.1_cds_CEJ62158.1_11154	PMG11_10666
lcl|CDHK01000014.1_cds_CEJ62159.1_11155	PMG11_10667
lcl|CDHK01000014.1_cds_CEJ62160.1_11156	PMG11_10668
lcl|CDHK01000014.1_cds_CEJ62161.1_11157	PMG11_10669
lcl|CDHK01000014.1_cds_CEJ62162.1_11158	PMG11_10670
lcl|CDHK01000014.1_cds_CEJ62163.1_11159	PMG11_10671
lcl|CDHK01000014.1_cds_CEJ62164.1_11160	PMG11_10672
lcl|CDHK01000014.1_cds_CEJ62165.1_11161	PMG11_10673
lcl|CDHK01000014.1_cds_CEJ62166.1_11162	PMG11_10674
lcl|CDHK01000014.1_cds_CEJ62167.1_11163	PMG11_10675
lcl|CDHK01000014.1_cds_CEJ62168.1_11164	PMG11_10676
lcl|CDHK01000014.1_cds_CEJ62169.1_11165	PMG11_10677
lcl|CDHK01000014.1_cds_CEJ62170.1_11166	PMG11_10678
lcl|CDHK01000014.1_cds_CEJ62171.1_11167	PMG11_10679
lcl|CDHK01000014.1_cds_CEJ62172.1_11168	PMG11_10680
lcl|CDHK01000014.1_cds_CEJ62173.1_11169	PMG11_10681
lcl|CDHK01000014.1_cds_CEJ62174.1_11170	PMG11_10682
lcl|CDHK01000014.1_cds_CEJ62175.1_11171	PMG11_10683
lcl|CDHK01000014.1_cds_CEJ62176.1_11172	PMG11_10684
lcl|CDHK01000014.1_cds_CEJ62177.1_11173	PMG11_10685
lcl|CDHK01000014.1_cds_CEJ62178.1_11174	PMG11_10686
lcl|CDHK01000014.1_cds_CEJ62179.1_11175	PMG11_10687
lcl|CDHK01000014.1_cds_CEJ62180.1_11176	PMG11_10688
lcl|CDHK01000014.1_cds_CEJ62181.1_11177	PMG11_10689
lcl|CDHK01000014.1_cds_CEJ62182.1_11178	PMG11_10690
lcl|CDHK01000014.1_cds_CEJ62183.1_11179	PMG11_10691
lcl|CDHK01000014.1_cds_CEJ62184.1_11180	PMG11_10692
lcl|CDHK01000014.1_cds_CEJ62185.1_11181	PMG11_10693
lcl|CDHK01000014.1_cds_CEJ62186.1_11182	PMG11_10694
lcl|CDHK01000014.1_cds_CEJ62187.1_11183	PMG11_10695
lcl|CDHK01000014.1_cds_CEJ62188.1_11184	PMG11_10696
lcl|CDHK01000014.1_cds_CEJ62189.1_11185	PMG11_10697
lcl|CDHK01000014.1_cds_CEJ62190.1_11186	PMG11_10698
lcl|CDHK01000014.1_cds_CEJ62191.1_11187	PMG11_10699
lcl|CDHK01000014.1_cds_CEJ62192.1_11188	PMG11_10700
lcl|CDHK01000014.1_cds_CEJ62193.1_11189	PMG11_10701
lcl|CDHK01000014.1_cds_CEJ62194.1_11190	PMG11_10702
lcl|CDHK01000014.1_cds_CEJ62195.1_11191	PMG11_10703
lcl|CDHK01000014.1_cds_CEJ62196.1_11192	PMG11_10704
lcl|CDHK01000014.1_cds_CEJ62197.1_11193	PMG11_10705
lcl|CDHK01000014.1_cds_CEJ62198.1_11194	PMG11_10706
lcl|CDHK01000014.1_cds_CEJ62199.1_11195	PMG11_10707
lcl|CDHK01000014.1_cds_CEJ62200.1_11196	PMG11_10708
lcl|CDHK01000014.1_cds_CEJ62201.1_11197	PMG11_10709
lcl|CDHK01000014.1_cds_CEJ62202.1_11198	PMG11_10710
lcl|CDHK01000014.1_cds_CEJ62203.1_11199	PMG11_10711
lcl|CDHK01000014.1_cds_CEJ62204.1_11200	PMG11_10712
lcl|CDHK01000014.1_cds_CEJ62205.1_11201	PMG11_10713
lcl|CDHK01000014.1_cds_CEJ62206.1_11202	PMG11_10713
lcl|CDHK01000014.1_cds_CEJ62207.1_11203	PMG11_10714
lcl|CDHK01000014.1_cds_CEJ62208.1_11204	PMG11_10715
lcl|CDHK01000014.1_cds_CEJ62209.1_11205	PMG11_10716
lcl|CDHK01000014.1_cds_CEJ62210.1_11206	PMG11_10717
lcl|CDHK01000014.1_cds_CEJ62211.1_11207	PMG11_10718
lcl|CDHK01000014.1_cds_CEJ62212.1_11208	PMG11_10719
lcl|CDHK01000014.1_cds_CEJ62213.1_11209	PMG11_10720
lcl|CDHK01000014.1_cds_CEJ62214.1_11210	PMG11_10721
lcl|CDHK01000014.1_cds_CEJ62215.1_11211	PMG11_10722
lcl|CDHK01000014.1_cds_CEJ62216.1_11212	PMG11_10723
lcl|CDHK01000014.1_cds_CEJ62217.1_11213	PMG11_10724
lcl|CDHK01000014.1_cds_CEJ62218.1_11214	PMG11_10725
lcl|CDHK01000014.1_cds_CEJ62219.1_11215	PMG11_10726
lcl|CDHK01000014.1_cds_CEJ62220.1_11216	PMG11_10727
lcl|CDHK01000014.1_cds_CEJ62221.1_11217	PMG11_10728
lcl|CDHK01000014.1_cds_CEJ62222.1_11218	PMG11_10729
lcl|CDHK01000014.1_cds_CEJ62223.1_11219	PMG11_10730
lcl|CDHK01000014.1_cds_CEJ62224.1_11220	PMG11_10731
lcl|CDHK01000014.1_cds_CEJ62225.1_11221	PMG11_10732
lcl|CDHK01000014.1_cds_CEJ62226.1_11222	PMG11_10733
lcl|CDHK01000014.1_cds_CEJ62227.1_11223	PMG11_10733
lcl|CDHK01000014.1_cds_CEJ62228.1_11224	PMG11_10734
lcl|CDHK01000014.1_cds_CEJ62229.1_11225	PMG11_10735
lcl|CDHK01000014.1_cds_CEJ62230.1_11226	PMG11_10736
lcl|CDHK01000014.1_cds_CEJ62231.1_11227	PMG11_10737
lcl|CDHK01000014.1_cds_CEJ62232.1_11228	PMG11_10738
lcl|CDHK01000014.1_cds_CEJ62233.1_11229	PMG11_10739
lcl|CDHK01000014.1_cds_CEJ62234.1_11230	PMG11_10740
lcl|CDHK01000015.1_cds_CEJ62235.1_11231	PMG11_10741
lcl|CDHK01000015.1_cds_CEJ62236.1_11232	PMG11_10742
lcl|CDHK01000015.1_cds_CEJ62237.1_11233	PMG11_10742
lcl|CDHK01000015.1_cds_CEJ62238.1_11234	PMG11_10743
lcl|CDHK01000015.1_cds_CEJ62239.1_11235	PMG11_10744
lcl|CDHK01000015.1_cds_CEJ62240.1_11236	PMG11_10745
lcl|CDHK01000015.1_cds_CEJ62241.1_11237	PMG11_10746
lcl|CDHK01000015.1_cds_CEJ62242.1_11238	PMG11_10747
lcl|CDHK01000015.1_cds_CEJ62243.1_11239	PMG11_10749
lcl|CDHK01000015.1_cds_CEJ62245.1_11240	PMG11_10748
lcl|CDHK01000015.1_cds_CEJ62244.1_11241	PMG11_10748
lcl|CDHK01000015.1_cds_CEJ62246.1_11242	PMG11_10750
lcl|CDHK01000015.1_cds_CEJ62247.1_11243	PMG11_10751
lcl|CDHK01000015.1_cds_CEJ62248.1_11244	PMG11_10752
lcl|CDHK01000015.1_cds_CEJ62249.1_11245	PMG11_10753
lcl|CDHK01000015.1_cds_CEJ62250.1_11246	PMG11_10754
lcl|CDHK01000015.1_cds_CEJ62251.1_11247	PMG11_10755
lcl|CDHK01000015.1_cds_CEJ62252.1_11248	PMG11_10755
lcl|CDHK01000015.1_cds_CEJ62253.1_11249	PMG11_10756
lcl|CDHK01000015.1_cds_CEJ62254.1_11250	PMG11_10757
lcl|CDHK01000015.1_cds_CEJ62255.1_11251	PMG11_10758
lcl|CDHK01000015.1_cds_CEJ62256.1_11252	PMG11_10759
lcl|CDHK01000015.1_cds_CEJ62257.1_11253	PMG11_10760
lcl|CDHK01000015.1_cds_CEJ62258.1_11254	PMG11_10761
lcl|CDHK01000015.1_cds_CEJ62259.1_11255	PMG11_10762
lcl|CDHK01000015.1_cds_CEJ62260.1_11256	PMG11_10763
lcl|CDHK01000015.1_cds_CEJ62261.1_11257	PMG11_10764
lcl|CDHK01000015.1_cds_CEJ62262.1_11258	PMG11_10765
lcl|CDHK01000015.1_cds_CEJ62263.1_11259	PMG11_10766
lcl|CDHK01000015.1_cds_CEJ62264.1_11260	PMG11_10767
lcl|CDHK01000015.1_cds_CEJ62265.1_11261	PMG11_10768
lcl|CDHK01000015.1_cds_CEJ62266.1_11262	PMG11_10769
lcl|CDHK01000015.1_cds_CEJ62267.1_11263	PMG11_10770
lcl|CDHK01000015.1_cds_CEJ62268.1_11264	PMG11_10771
lcl|CDHK01000015.1_cds_CEJ62269.1_11265	PMG11_10772
lcl|CDHK01000015.1_cds_CEJ62270.1_11266	PMG11_10773
lcl|CDHK01000015.1_cds_CEJ62271.1_11267	PMG11_10774
lcl|CDHK01000015.1_cds_CEJ62272.1_11268	PMG11_10775
lcl|CDHK01000015.1_cds_CEJ62273.1_11269	PMG11_10776
lcl|CDHK01000015.1_cds_CEJ62274.1_11270	PMG11_10777
lcl|CDHK01000015.1_cds_CEJ62275.1_11271	PMG11_10778
lcl|CDHK01000015.1_cds_CEJ62276.1_11272	PMG11_10778
lcl|CDHK01000015.1_cds_CEJ62277.1_11273	PMG11_10779
lcl|CDHK01000015.1_cds_CEJ62278.1_11274	PMG11_10780
lcl|CDHK01000015.1_cds_CEJ62279.1_11275	PMG11_10781
lcl|CDHK01000015.1_cds_CEJ62280.1_11276	PMG11_10782
lcl|CDHK01000015.1_cds_CEJ62281.1_11277	PMG11_10783
lcl|CDHK01000015.1_cds_CEJ62282.1_11278	PMG11_10784
lcl|CDHK01000015.1_cds_CEJ62283.1_11279	PMG11_10785
lcl|CDHK01000015.1_cds_CEJ62284.1_11280	PMG11_10786
lcl|CDHK01000015.1_cds_CEJ62285.1_11281	PMG11_10787
lcl|CDHK01000015.1_cds_CEJ62286.1_11282	PMG11_10788
lcl|CDHK01000015.1_cds_CEJ62287.1_11283	PMG11_10789
lcl|CDHK01000015.1_cds_CEJ62288.1_11284	PMG11_10790
lcl|CDHK01000015.1_cds_CEJ62289.1_11285	PMG11_10791
lcl|CDHK01000015.1_cds_CEJ62290.1_11286	PMG11_10792
lcl|CDHK01000015.1_cds_CEJ62291.1_11287	PMG11_10793
lcl|CDHK01000015.1_cds_CEJ62292.1_11288	PMG11_10794
lcl|CDHK01000015.1_cds_CEJ62293.1_11289	PMG11_10795
lcl|CDHK01000015.1_cds_CEJ62294.1_11290	PMG11_10796
lcl|CDHK01000015.1_cds_CEJ62295.1_11291	PMG11_10797
lcl|CDHK01000015.1_cds_CEJ62296.1_11292	PMG11_10798
lcl|CDHK01000015.1_cds_CEJ62297.1_11293	PMG11_10799
lcl|CDHK01000015.1_cds_CEJ62298.1_11294	PMG11_10800
lcl|CDHK01000015.1_cds_CEJ62299.1_11295	PMG11_10801
lcl|CDHK01000015.1_cds_CEJ62300.1_11296	PMG11_10802
lcl|CDHK01000015.1_cds_CEJ62301.1_11297	PMG11_10803
lcl|CDHK01000015.1_cds_CEJ62302.1_11298	PMG11_10804
lcl|CDHK01000015.1_cds_CEJ62303.1_11299	PMG11_10805
lcl|CDHK01000015.1_cds_CEJ62304.1_11300	PMG11_10806
lcl|CDHK01000015.1_cds_CEJ62305.1_11301	PMG11_10807
lcl|CDHK01000015.1_cds_CEJ62306.1_11302	PMG11_10808
lcl|CDHK01000015.1_cds_CEJ62307.1_11303	PMG11_10809
lcl|CDHK01000015.1_cds_CEJ62308.1_11304	PMG11_10810
lcl|CDHK01000015.1_cds_CEJ62309.1_11305	PMG11_10811
lcl|CDHK01000015.1_cds_CEJ62310.1_11306	PMG11_10812
lcl|CDHK01000015.1_cds_CEJ62311.1_11307	PMG11_10813
lcl|CDHK01000015.1_cds_CEJ62312.1_11308	PMG11_10814
lcl|CDHK01000015.1_cds_CEJ62313.1_11309	PMG11_10815
lcl|CDHK01000015.1_cds_CEJ62314.1_11310	PMG11_10816
lcl|CDHK01000015.1_cds_CEJ62315.1_11311	PMG11_10817
lcl|CDHK01000015.1_cds_CEJ62316.1_11312	PMG11_10818
lcl|CDHK01000015.1_cds_CEJ62317.1_11313	PMG11_10819
lcl|CDHK01000015.1_cds_CEJ62318.1_11314	PMG11_10820
lcl|CDHK01000015.1_cds_CEJ62319.1_11315	PMG11_10821
lcl|CDHK01000015.1_cds_CEJ62320.1_11316	PMG11_10822
lcl|CDHK01000015.1_cds_CEJ62321.1_11317	PMG11_10823
lcl|CDHK01000015.1_cds_CEJ62322.1_11318	PMG11_10824
lcl|CDHK01000015.1_cds_CEJ62323.1_11319	PMG11_10825
lcl|CDHK01000015.1_cds_CEJ62324.1_11320	PMG11_10826
lcl|CDHK01000015.1_cds_CEJ62325.1_11321	PMG11_10827
lcl|CDHK01000015.1_cds_CEJ62326.1_11322	PMG11_10828
lcl|CDHK01000015.1_cds_CEJ62327.1_11323	PMG11_10829
lcl|CDHK01000015.1_cds_CEJ62328.1_11324	PMG11_10830
lcl|CDHK01000015.1_cds_CEJ62329.1_11325	PMG11_10831
lcl|CDHK01000015.1_cds_CEJ62330.1_11326	PMG11_10832
lcl|CDHK01000015.1_cds_CEJ62331.1_11327	PMG11_10833
lcl|CDHK01000015.1_cds_CEJ62332.1_11328	PMG11_10834
lcl|CDHK01000015.1_cds_CEJ62333.1_11329	PMG11_10835
lcl|CDHK01000015.1_cds_CEJ62334.1_11330	PMG11_10836
lcl|CDHK01000015.1_cds_CEJ62335.1_11331	PMG11_10837
lcl|CDHK01000015.1_cds_CEJ62336.1_11332	PMG11_10838
lcl|CDHK01000015.1_cds_CEJ62337.1_11333	PMG11_10839
lcl|CDHK01000015.1_cds_CEJ62338.1_11334	PMG11_10840
lcl|CDHK01000015.1_cds_CEJ62339.1_11335	PMG11_10841
lcl|CDHK01000015.1_cds_CEJ62340.1_11336	PMG11_10842
lcl|CDHK01000015.1_cds_CEJ62341.1_11337	PMG11_10843
lcl|CDHK01000015.1_cds_CEJ62342.1_11338	PMG11_10843
lcl|CDHK01000015.1_cds_CEJ62343.1_11339	PMG11_10844
lcl|CDHK01000015.1_cds_CEJ62344.1_11340	PMG11_10845
lcl|CDHK01000015.1_cds_CEJ62345.1_11341	PMG11_10846
lcl|CDHK01000015.1_cds_CEJ62346.1_11342	PMG11_10847
lcl|CDHK01000015.1_cds_CEJ62347.1_11343	PMG11_10848
lcl|CDHK01000015.1_cds_CEJ62348.1_11344	PMG11_10849
lcl|CDHK01000015.1_cds_CEJ62349.1_11345	PMG11_10850
lcl|CDHK01000015.1_cds_CEJ62350.1_11346	PMG11_10851
lcl|CDHK01000015.1_cds_CEJ62351.1_11347	PMG11_10852
lcl|CDHK01000015.1_cds_CEJ62352.1_11348	PMG11_10853
lcl|CDHK01000015.1_cds_CEJ62353.1_11349	PMG11_10854
lcl|CDHK01000015.1_cds_CEJ62354.1_11350	PMG11_10855
lcl|CDHK01000015.1_cds_CEJ62355.1_11351	PMG11_10856
lcl|CDHK01000015.1_cds_CEJ62356.1_11352	PMG11_10857
lcl|CDHK01000015.1_cds_CEJ62357.1_11353	PMG11_10858
lcl|CDHK01000015.1_cds_CEJ62358.1_11354	PMG11_10859
lcl|CDHK01000015.1_cds_CEJ62359.1_11355	PMG11_10860
lcl|CDHK01000015.1_cds_CEJ62360.1_11356	PMG11_10861
lcl|CDHK01000015.1_cds_CEJ62361.1_11357	PMG11_10862
lcl|CDHK01000015.1_cds_CEJ62362.1_11358	PMG11_10863
lcl|CDHK01000015.1_cds_CEJ62363.1_11359	PMG11_10864
lcl|CDHK01000015.1_cds_CEJ62364.1_11360	PMG11_10865
lcl|CDHK01000015.1_cds_CEJ62365.1_11361	PMG11_10866
lcl|CDHK01000015.1_cds_CEJ62366.1_11362	PMG11_10867
lcl|CDHK01000015.1_cds_CEJ62367.1_11363	PMG11_10868
lcl|CDHK01000015.1_cds_CEJ62368.1_11364	PMG11_10869
lcl|CDHK01000015.1_cds_CEJ62369.1_11365	PMG11_10870
lcl|CDHK01000015.1_cds_CEJ62370.1_11366	PMG11_10871
lcl|CDHK01000015.1_cds_CEJ62371.1_11367	PMG11_10872
lcl|CDHK01000015.1_cds_CEJ62372.1_11368	PMG11_10873
lcl|CDHK01000015.1_cds_CEJ62373.1_11369	PMG11_10874
lcl|CDHK01000015.1_cds_CEJ62374.1_11370	PMG11_10875
lcl|CDHK01000015.1_cds_CEJ62375.1_11371	PMG11_10876
lcl|CDHK01000015.1_cds_CEJ62376.1_11372	PMG11_10877
lcl|CDHK01000015.1_cds_CEJ62377.1_11373	PMG11_10878
lcl|CDHK01000015.1_cds_CEJ62378.1_11374	PMG11_10879
lcl|CDHK01000015.1_cds_CEJ62379.1_11375	PMG11_10880
lcl|CDHK01000015.1_cds_CEJ62380.1_11376	PMG11_10881
lcl|CDHK01000015.1_cds_CEJ62381.1_11377	PMG11_10882
lcl|CDHK01000015.1_cds_CEJ62382.1_11378	PMG11_10883
lcl|CDHK01000015.1_cds_CEJ62383.1_11379	PMG11_10884
lcl|CDHK01000015.1_cds_CEJ62384.1_11380	PMG11_10885
lcl|CDHK01000015.1_cds_CEJ62385.1_11381	PMG11_10886
lcl|CDHK01000015.1_cds_CEJ62386.1_11382	PMG11_10887
lcl|CDHK01000015.1_cds_CEJ62387.1_11383	PMG11_10888
lcl|CDHK01000015.1_cds_CEJ62388.1_11384	PMG11_10889
lcl|CDHK01000015.1_cds_CEJ62389.1_11385	PMG11_10890
lcl|CDHK01000015.1_cds_CEJ62390.1_11386	PMG11_10891
lcl|CDHK01000015.1_cds_CEJ62391.1_11387	PMG11_10892
lcl|CDHK01000015.1_cds_CEJ62392.1_11388	PMG11_10893
lcl|CDHK01000015.1_cds_CEJ62393.1_11389	PMG11_10894
lcl|CDHK01000015.1_cds_CEJ62395.1_11390	PMG11_10895
lcl|CDHK01000015.1_cds_CEJ62394.1_11391	PMG11_10895
lcl|CDHK01000015.1_cds_CEJ62396.1_11392	PMG11_10896
lcl|CDHK01000015.1_cds_CEJ62397.1_11393	PMG11_10897
lcl|CDHK01000015.1_cds_CEJ62398.1_11394	PMG11_10898
lcl|CDHK01000015.1_cds_CEJ62399.1_11395	PMG11_10899
lcl|CDHK01000015.1_cds_CEJ62400.1_11396	PMG11_10900
lcl|CDHK01000015.1_cds_CEJ62401.1_11397	PMG11_10901
lcl|CDHK01000015.1_cds_CEJ62402.1_11398	PMG11_10902
lcl|CDHK01000015.1_cds_CEJ62403.1_11399	PMG11_10903
lcl|CDHK01000015.1_cds_CEJ62404.1_11400	PMG11_10904
lcl|CDHK01000015.1_cds_CEJ62405.1_11401	PMG11_10905
lcl|CDHK01000015.1_cds_CEJ62406.1_11402	PMG11_10906
lcl|CDHK01000015.1_cds_CEJ62407.1_11403	PMG11_10907
lcl|CDHK01000015.1_cds_CEJ62408.1_11404	PMG11_10908
lcl|CDHK01000015.1_cds_CEJ62409.1_11405	PMG11_10909
lcl|CDHK01000015.1_cds_CEJ62410.1_11406	PMG11_10910
lcl|CDHK01000015.1_cds_CEJ62411.1_11407	PMG11_10911
lcl|CDHK01000016.1_cds_CEJ62412.1_11408	PMG11_10912
lcl|CDHK01000016.1_cds_CEJ62413.1_11409	PMG11_10913
lcl|CDHK01000016.1_cds_CEJ62414.1_11410	PMG11_10914
lcl|CDHK01000016.1_cds_CEJ62415.1_11411	PMG11_10915
lcl|CDHK01000016.1_cds_CEJ62416.1_11412	PMG11_10915
lcl|CDHK01000016.1_cds_CEJ62417.1_11413	PMG11_10916
lcl|CDHK01000016.1_cds_CEJ62418.1_11414	PMG11_10917
lcl|CDHK01000016.1_cds_CEJ62419.1_11415	PMG11_10918
lcl|CDHK01000016.1_cds_CEJ62420.1_11416	PMG11_10919
lcl|CDHK01000016.1_cds_CEJ62421.1_11417	PMG11_10920
lcl|CDHK01000016.1_cds_CEJ62422.1_11418	PMG11_10921
lcl|CDHK01000016.1_cds_CEJ62423.1_11419	PMG11_10922
lcl|CDHK01000016.1_cds_CEJ62424.1_11420	PMG11_10923
lcl|CDHK01000016.1_cds_CEJ62425.1_11421	PMG11_10924
lcl|CDHK01000016.1_cds_CEJ62426.1_11422	PMG11_10925
lcl|CDHK01000016.1_cds_CEJ62427.1_11423	PMG11_10926
lcl|CDHK01000016.1_cds_CEJ62428.1_11424	PMG11_10927
lcl|CDHK01000016.1_cds_CEJ62429.1_11425	PMG11_10928
lcl|CDHK01000016.1_cds_CEJ62430.1_11426	PMG11_10929
lcl|CDHK01000016.1_cds_CEJ62431.1_11427	PMG11_10931
lcl|CDHK01000016.1_cds_CEJ62432.1_11428	PMG11_10930
lcl|CDHK01000016.1_cds_CEJ62433.1_11429	PMG11_10933
lcl|CDHK01000016.1_cds_CEJ62434.1_11430	PMG11_10932
lcl|CDHK01000016.1_cds_CEJ62435.1_11431	PMG11_10934
lcl|CDHK01000016.1_cds_CEJ62436.1_11432	PMG11_10935
lcl|CDHK01000016.1_cds_CEJ62437.1_11433	PMG11_10936
lcl|CDHK01000016.1_cds_CEJ62438.1_11434	PMG11_10937
lcl|CDHK01000016.1_cds_CEJ62439.1_11435	PMG11_10938
lcl|CDHK01000016.1_cds_CEJ62440.1_11436	PMG11_10939
lcl|CDHK01000016.1_cds_CEJ62441.1_11437	PMG11_10940
lcl|CDHK01000016.1_cds_CEJ62442.1_11438	PMG11_10941
lcl|CDHK01000016.1_cds_CEJ62444.1_11439	PMG11_10942
lcl|CDHK01000016.1_cds_CEJ62443.1_11440	PMG11_10942
lcl|CDHK01000016.1_cds_CEJ62445.1_11441	PMG11_10943
lcl|CDHK01000016.1_cds_CEJ62446.1_11442	PMG11_10944
lcl|CDHK01000016.1_cds_CEJ62447.1_11443	PMG11_10945
lcl|CDHK01000016.1_cds_CEJ62448.1_11444	PMG11_10945
lcl|CDHK01000016.1_cds_CEJ62449.1_11445	PMG11_10946
lcl|CDHK01000016.1_cds_CEJ62450.1_11446	PMG11_10947
lcl|CDHK01000016.1_cds_CEJ62451.1_11447	PMG11_10948
lcl|CDHK01000016.1_cds_CEJ62452.1_11448	PMG11_10949
lcl|CDHK01000016.1_cds_CEJ62453.1_11449	PMG11_10950
lcl|CDHK01000016.1_cds_CEJ62454.1_11450	PMG11_10951
lcl|CDHK01000016.1_cds_CEJ62455.1_11451	PMG11_10952
lcl|CDHK01000016.1_cds_CEJ62456.1_11452	PMG11_10953
lcl|CDHK01000016.1_cds_CEJ62457.1_11453	PMG11_10954
lcl|CDHK01000016.1_cds_CEJ62458.1_11454	PMG11_10955
lcl|CDHK01000016.1_cds_CEJ62459.1_11455	PMG11_10956
lcl|CDHK01000016.1_cds_CEJ62460.1_11456	PMG11_10957
lcl|CDHK01000016.1_cds_CEJ62461.1_11457	PMG11_10958
lcl|CDHK01000016.1_cds_CEJ62462.1_11458	PMG11_10959
lcl|CDHK01000016.1_cds_CEJ62463.1_11459	PMG11_10960
lcl|CDHK01000016.1_cds_CEJ62464.1_11460	PMG11_10961
lcl|CDHK01000016.1_cds_CEJ62465.1_11461	PMG11_10962
lcl|CDHK01000016.1_cds_CEJ62466.1_11462	PMG11_10963
lcl|CDHK01000016.1_cds_CEJ62467.1_11463	PMG11_10964
lcl|CDHK01000016.1_cds_CEJ62468.1_11464	PMG11_10965
lcl|CDHK01000016.1_cds_CEJ62469.1_11465	PMG11_10966
lcl|CDHK01000016.1_cds_CEJ62470.1_11466	PMG11_10967
lcl|CDHK01000016.1_cds_CEJ62471.1_11467	PMG11_10968
lcl|CDHK01000016.1_cds_CEJ62472.1_11468	PMG11_10969
lcl|CDHK01000016.1_cds_CEJ62473.1_11469	PMG11_10970
lcl|CDHK01000016.1_cds_CEJ62474.1_11470	PMG11_10971
lcl|CDHK01000016.1_cds_CEJ62475.1_11471	PMG11_10972
lcl|CDHK01000016.1_cds_CEJ62476.1_11472	PMG11_10973
lcl|CDHK01000016.1_cds_CEJ62477.1_11473	PMG11_10974
lcl|CDHK01000016.1_cds_CEJ62478.1_11474	PMG11_10975
lcl|CDHK01000016.1_cds_CEJ62479.1_11475	PMG11_10976
lcl|CDHK01000016.1_cds_CEJ62480.1_11476	PMG11_10977
lcl|CDHK01000016.1_cds_CEJ62481.1_11477	PMG11_10978
lcl|CDHK01000016.1_cds_CEJ62482.1_11478	PMG11_10979
lcl|CDHK01000016.1_cds_CEJ62483.1_11479	PMG11_10980
lcl|CDHK01000016.1_cds_CEJ62484.1_11480	PMG11_10981
lcl|CDHK01000016.1_cds_CEJ62485.1_11481	PMG11_10982
lcl|CDHK01000016.1_cds_CEJ62486.1_11482	PMG11_10983
lcl|CDHK01000017.1_cds_CEJ62487.1_11483	PMG11_10984
lcl|CDHK01000017.1_cds_CEJ62488.1_11484	PMG11_10985
lcl|CDHK01000017.1_cds_CEJ62489.1_11485	PMG11_10986
lcl|CDHK01000017.1_cds_CEJ62490.1_11486	PMG11_10987
lcl|CDHK01000017.1_cds_CEJ62491.1_11487	PMG11_10988
lcl|CDHK01000017.1_cds_CEJ62492.1_11488	PMG11_10989
lcl|CDHK01000017.1_cds_CEJ62493.1_11489	PMG11_10990
lcl|CDHK01000017.1_cds_CEJ62494.1_11490	PMG11_10991
lcl|CDHK01000017.1_cds_CEJ62495.1_11491	PMG11_10992
lcl|CDHK01000017.1_cds_CEJ62496.1_11492	PMG11_10993
lcl|CDHK01000017.1_cds_CEJ62497.1_11493	PMG11_10994
lcl|CDHK01000017.1_cds_CEJ62498.1_11494	PMG11_10995
lcl|CDHK01000017.1_cds_CEJ62499.1_11495	PMG11_10996
lcl|CDHK01000017.1_cds_CEJ62500.1_11496	PMG11_10997
lcl|CDHK01000017.1_cds_CEJ62501.1_11497	PMG11_10998
lcl|CDHK01000017.1_cds_CEJ62502.1_11498	PMG11_10999
lcl|CDHK01000017.1_cds_CEJ62503.1_11499	PMG11_11000
lcl|CDHK01000017.1_cds_CEJ62504.1_11500	PMG11_11001
lcl|CDHK01000017.1_cds_CEJ62505.1_11501	PMG11_11002
lcl|CDHK01000017.1_cds_CEJ62506.1_11502	PMG11_11003
lcl|CDHK01000017.1_cds_CEJ62507.1_11503	PMG11_11004
lcl|CDHK01000017.1_cds_CEJ62508.1_11504	PMG11_11005
lcl|CDHK01000017.1_cds_CEJ62509.1_11505	PMG11_11006
lcl|CDHK01000017.1_cds_CEJ62510.1_11506	PMG11_11007
lcl|CDHK01000017.1_cds_CEJ62511.1_11507	PMG11_11008
lcl|CDHK01000017.1_cds_CEJ62512.1_11508	PMG11_11009
lcl|CDHK01000017.1_cds_CEJ62513.1_11509	PMG11_11010
lcl|CDHK01000017.1_cds_CEJ62514.1_11510	PMG11_11011
lcl|CDHK01000017.1_cds_CEJ62515.1_11511	PMG11_11012
lcl|CDHK01000017.1_cds_CEJ62516.1_11512	PMG11_11013
lcl|CDHK01000017.1_cds_CEJ62517.1_11513	PMG11_11014
lcl|CDHK01000017.1_cds_CEJ62518.1_11514	PMG11_11015
lcl|CDHK01000017.1_cds_CEJ62519.1_11515	PMG11_11016
lcl|CDHK01000017.1_cds_CEJ62520.1_11516	PMG11_11017
lcl|CDHK01000017.1_cds_CEJ62521.1_11517	PMG11_11018
lcl|CDHK01000017.1_cds_CEJ62522.1_11518	PMG11_11019
lcl|CDHK01000017.1_cds_CEJ62523.1_11519	PMG11_11020
lcl|CDHK01000017.1_cds_CEJ62524.1_11520	PMG11_11021
lcl|CDHK01000017.1_cds_CEJ62525.1_11521	PMG11_11022
lcl|CDHK01000017.1_cds_CEJ62526.1_11522	PMG11_11023
lcl|CDHK01000017.1_cds_CEJ62527.1_11523	PMG11_11024
lcl|CDHK01000017.1_cds_CEJ62528.1_11524	PMG11_11025
lcl|CDHK01000017.1_cds_CEJ62529.1_11525	PMG11_11026
lcl|CDHK01000017.1_cds_CEJ62530.1_11526	PMG11_11027
lcl|CDHK01000017.1_cds_CEJ62531.1_11527	PMG11_11028
lcl|CDHK01000017.1_cds_CEJ62532.1_11528	PMG11_11029
lcl|CDHK01000017.1_cds_CEJ62533.1_11529	PMG11_11030
lcl|CDHK01000017.1_cds_CEJ62534.1_11530	PMG11_11031
lcl|CDHK01000017.1_cds_CEJ62535.1_11531	PMG11_11032
lcl|CDHK01000017.1_cds_CEJ62536.1_11532	PMG11_11033
lcl|CDHK01000017.1_cds_CEJ62537.1_11533	PMG11_11034
lcl|CDHK01000017.1_cds_CEJ62538.1_11534	PMG11_11035
lcl|CDHK01000017.1_cds_CEJ62539.1_11535	PMG11_11036
lcl|CDHK01000017.1_cds_CEJ62540.1_11536	PMG11_11037
lcl|CDHK01000017.1_cds_CEJ62541.1_11537	PMG11_11038
lcl|CDHK01000017.1_cds_CEJ62542.1_11538	PMG11_11039
lcl|CDHK01000017.1_cds_CEJ62543.1_11539	PMG11_11040
lcl|CDHK01000017.1_cds_CEJ62544.1_11540	PMG11_11041
lcl|CDHK01000018.1_cds_CEJ62545.1_11541	PMG11_11042
lcl|CDHK01000018.1_cds_CEJ62546.1_11542	PMG11_11043
lcl|CDHK01000018.1_cds_CEJ62547.1_11543	PMG11_11044
lcl|CDHK01000018.1_cds_CEJ62548.1_11544	PMG11_11045
lcl|CDHK01000018.1_cds_CEJ62549.1_11545	PMG11_11046
lcl|CDHK01000018.1_cds_CEJ62550.1_11546	PMG11_11047
lcl|CDHK01000018.1_cds_CEJ62551.1_11547	PMG11_11048
lcl|CDHK01000018.1_cds_CEJ62552.1_11548	PMG11_11049
lcl|CDHK01000018.1_cds_CEJ62553.1_11549	PMG11_11050
lcl|CDHK01000018.1_cds_CEJ62554.1_11550	PMG11_11051
lcl|CDHK01000018.1_cds_CEJ62555.1_11551	PMG11_11052
lcl|CDHK01000018.1_cds_CEJ62556.1_11552	PMG11_11053
lcl|CDHK01000018.1_cds_CEJ62557.1_11553	PMG11_11054
lcl|CDHK01000018.1_cds_CEJ62558.1_11554	PMG11_11055
lcl|CDHK01000018.1_cds_CEJ62559.1_11555	PMG11_11056
lcl|CDHK01000018.1_cds_CEJ62560.1_11556	PMG11_11057
lcl|CDHK01000018.1_cds_CEJ62561.1_11557	PMG11_11058
lcl|CDHK01000018.1_cds_CEJ62562.1_11558	PMG11_11059
lcl|CDHK01000018.1_cds_CEJ62563.1_11559	PMG11_11060
lcl|CDHK01000018.1_cds_CEJ62564.1_11560	PMG11_11061
lcl|CDHK01000018.1_cds_CEJ62565.1_11561	PMG11_11062
lcl|CDHK01000018.1_cds_CEJ62566.1_11562	PMG11_11063
lcl|CDHK01000018.1_cds_CEJ62567.1_11563	PMG11_11064
lcl|CDHK01000018.1_cds_CEJ62568.1_11564	PMG11_11065
lcl|CDHK01000018.1_cds_CEJ62569.1_11565	PMG11_11066
lcl|CDHK01000018.1_cds_CEJ62570.1_11566	PMG11_11067
lcl|CDHK01000018.1_cds_CEJ62571.1_11567	PMG11_11068
lcl|CDHK01000018.1_cds_CEJ62572.1_11568	PMG11_11069
lcl|CDHK01000018.1_cds_CEJ62573.1_11569	PMG11_11070
lcl|CDHK01000018.1_cds_CEJ62574.1_11570	PMG11_11071
lcl|CDHK01000018.1_cds_CEJ62575.1_11571	PMG11_11072
lcl|CDHK01000018.1_cds_CEJ62576.1_11572	PMG11_11073
lcl|CDHK01000018.1_cds_CEJ62577.1_11573	PMG11_11074
lcl|CDHK01000018.1_cds_CEJ62578.1_11574	PMG11_11075
lcl|CDHK01000018.1_cds_CEJ62579.1_11575	PMG11_11076
lcl|CDHK01000018.1_cds_CEJ62580.1_11576	PMG11_11077
lcl|CDHK01000018.1_cds_CEJ62581.1_11577	PMG11_11078
lcl|CDHK01000018.1_cds_CEJ62582.1_11578	PMG11_11079
lcl|CDHK01000018.1_cds_CEJ62583.1_11579	PMG11_11080
lcl|CDHK01000018.1_cds_CEJ62584.1_11580	PMG11_11081
lcl|CDHK01000018.1_cds_CEJ62585.1_11581	PMG11_11082
lcl|CDHK01000018.1_cds_CEJ62586.1_11582	PMG11_11083
lcl|CDHK01000018.1_cds_CEJ62587.1_11583	PMG11_11084
lcl|CDHK01000018.1_cds_CEJ62588.1_11584	PMG11_11085
lcl|CDHK01000018.1_cds_CEJ62589.1_11585	PMG11_11086
lcl|CDHK01000018.1_cds_CEJ62590.1_11586	PMG11_11087
lcl|CDHK01000018.1_cds_CEJ62591.1_11587	PMG11_11088
lcl|CDHK01000018.1_cds_CEJ62592.1_11588	PMG11_11089
lcl|CDHK01000018.1_cds_CEJ62593.1_11589	PMG11_11090
lcl|CDHK01000018.1_cds_CEJ62594.1_11590	PMG11_11091
lcl|CDHK01000018.1_cds_CEJ62595.1_11591	PMG11_11092
lcl|CDHK01000018.1_cds_CEJ62596.1_11592	PMG11_11093
lcl|CDHK01000018.1_cds_CEJ62597.1_11593	PMG11_11094
lcl|CDHK01000018.1_cds_CEJ62598.1_11594	PMG11_11095
lcl|CDHK01000018.1_cds_CEJ62599.1_11595	PMG11_11096
lcl|CDHK01000018.1_cds_CEJ62600.1_11596	PMG11_11097
lcl|CDHK01000018.1_cds_CEJ62601.1_11597	PMG11_11098
lcl|CDHK01000019.1_cds_CEJ62602.1_11598	PMG11_11099
lcl|CDHK01000019.1_cds_CEJ62603.1_11599	PMG11_11100
lcl|CDHK01000019.1_cds_CEJ62604.1_11600	PMG11_11101
lcl|CDHK01000019.1_cds_CEJ62605.1_11601	PMG11_11102
lcl|CDHK01000019.1_cds_CEJ62606.1_11602	PMG11_11103
lcl|CDHK01000019.1_cds_CEJ62607.1_11603	PMG11_11104
lcl|CDHK01000019.1_cds_CEJ62608.1_11604	PMG11_11105
lcl|CDHK01000019.1_cds_CEJ62609.1_11605	PMG11_11106
lcl|CDHK01000019.1_cds_CEJ62610.1_11606	PMG11_11107
lcl|CDHK01000019.1_cds_CEJ62611.1_11607	PMG11_11108
lcl|CDHK01000019.1_cds_CEJ62612.1_11608	PMG11_11109
lcl|CDHK01000019.1_cds_CEJ62613.1_11609	PMG11_11110
lcl|CDHK01000019.1_cds_CEJ62614.1_11610	PMG11_11111
lcl|CDHK01000019.1_cds_CEJ62615.1_11611	PMG11_11112
lcl|CDHK01000019.1_cds_CEJ62616.1_11612	PMG11_11113
lcl|CDHK01000019.1_cds_CEJ62617.1_11613	PMG11_11114
lcl|CDHK01000019.1_cds_CEJ62618.1_11614	PMG11_11115
lcl|CDHK01000019.1_cds_CEJ62619.1_11615	PMG11_11116
lcl|CDHK01000019.1_cds_CEJ62620.1_11616	PMG11_11116
lcl|CDHK01000019.1_cds_CEJ62621.1_11617	PMG11_11117
lcl|CDHK01000019.1_cds_CEJ62622.1_11618	PMG11_11118
lcl|CDHK01000019.1_cds_CEJ62623.1_11619	PMG11_11118
lcl|CDHK01000019.1_cds_CEJ62624.1_11620	PMG11_11119
lcl|CDHK01000019.1_cds_CEJ62625.1_11621	PMG11_11120
lcl|CDHK01000019.1_cds_CEJ62626.1_11622	PMG11_11121
lcl|CDHK01000019.1_cds_CEJ62627.1_11623	PMG11_11122
lcl|CDHK01000019.1_cds_CEJ62628.1_11624	PMG11_11123
lcl|CDHK01000019.1_cds_CEJ62629.1_11625	PMG11_11124
lcl|CDHK01000019.1_cds_CEJ62630.1_11626	PMG11_11125
lcl|CDHK01000019.1_cds_CEJ62631.1_11627	PMG11_11126
lcl|CDHK01000019.1_cds_CEJ62632.1_11628	PMG11_11127
lcl|CDHK01000019.1_cds_CEJ62633.1_11629	PMG11_11128
lcl|CDHK01000019.1_cds_CEJ62634.1_11630	PMG11_11129
lcl|CDHK01000019.1_cds_CEJ62635.1_11631	PMG11_11130
lcl|CDHK01000019.1_cds_CEJ62636.1_11632	PMG11_11131
lcl|CDHK01000019.1_cds_CEJ62637.1_11633	PMG11_11132
lcl|CDHK01000019.1_cds_CEJ62638.1_11634	PMG11_11133
lcl|CDHK01000019.1_cds_CEJ62639.1_11635	PMG11_11134
lcl|CDHK01000019.1_cds_CEJ62640.1_11636	PMG11_11135
lcl|CDHK01000019.1_cds_CEJ62641.1_11637	PMG11_11136
lcl|CDHK01000019.1_cds_CEJ62642.1_11638	PMG11_11137
lcl|CDHK01000019.1_cds_CEJ62643.1_11639	PMG11_11138
lcl|CDHK01000019.1_cds_CEJ62644.1_11640	PMG11_11139
lcl|CDHK01000019.1_cds_CEJ62645.1_11641	PMG11_11140
lcl|CDHK01000019.1_cds_CEJ62646.1_11642	PMG11_11141
lcl|CDHK01000019.1_cds_CEJ62647.1_11643	PMG11_11142
lcl|CDHK01000019.1_cds_CEJ62648.1_11644	PMG11_11142
lcl|CDHK01000019.1_cds_CEJ62649.1_11645	PMG11_11143
lcl|CDHK01000019.1_cds_CEJ62650.1_11646	PMG11_11144
lcl|CDHK01000019.1_cds_CEJ62651.1_11647	PMG11_11145
lcl|CDHK01000019.1_cds_CEJ62652.1_11648	PMG11_11146
lcl|CDHK01000019.1_cds_CEJ62653.1_11649	PMG11_11147
lcl|CDHK01000019.1_cds_CEJ62654.1_11650	PMG11_11148
lcl|CDHK01000019.1_cds_CEJ62655.1_11651	PMG11_11149
lcl|CDHK01000019.1_cds_CEJ62656.1_11652	PMG11_11150
lcl|CDHK01000020.1_cds_CEJ62657.1_11653	PMG11_11151
lcl|CDHK01000020.1_cds_CEJ62658.1_11654	PMG11_11152
lcl|CDHK01000020.1_cds_CEJ62659.1_11655	PMG11_11153
lcl|CDHK01000020.1_cds_CEJ62660.1_11656	PMG11_11154
lcl|CDHK01000020.1_cds_CEJ62661.1_11657	PMG11_11155
lcl|CDHK01000020.1_cds_CEJ62662.1_11658	PMG11_11156
lcl|CDHK01000020.1_cds_CEJ62663.1_11659	PMG11_11157
lcl|CDHK01000020.1_cds_CEJ62664.1_11660	PMG11_11158
lcl|CDHK01000020.1_cds_CEJ62665.1_11661	PMG11_11159
lcl|CDHK01000020.1_cds_CEJ62666.1_11662	PMG11_11160
lcl|CDHK01000020.1_cds_CEJ62667.1_11663	PMG11_11161
lcl|CDHK01000020.1_cds_CEJ62668.1_11664	PMG11_11162
lcl|CDHK01000020.1_cds_CEJ62669.1_11665	PMG11_11163
lcl|CDHK01000020.1_cds_CEJ62670.1_11666	PMG11_11164
lcl|CDHK01000020.1_cds_CEJ62671.1_11667	PMG11_11165
lcl|CDHK01000020.1_cds_CEJ62672.1_11668	PMG11_11166
lcl|CDHK01000020.1_cds_CEJ62673.1_11669	PMG11_11167
lcl|CDHK01000020.1_cds_CEJ62674.1_11670	PMG11_11168
lcl|CDHK01000020.1_cds_CEJ62675.1_11671	PMG11_11168
lcl|CDHK01000020.1_cds_CEJ62676.1_11672	PMG11_11169
lcl|CDHK01000020.1_cds_CEJ62677.1_11673	PMG11_11170
lcl|CDHK01000020.1_cds_CEJ62678.1_11674	PMG11_11171
lcl|CDHK01000020.1_cds_CEJ62679.1_11675	PMG11_11172
lcl|CDHK01000020.1_cds_CEJ62680.1_11676	PMG11_11173
lcl|CDHK01000020.1_cds_CEJ62681.1_11677	PMG11_11174
lcl|CDHK01000020.1_cds_CEJ62682.1_11678	PMG11_11175
lcl|CDHK01000020.1_cds_CEJ62683.1_11679	PMG11_11176
lcl|CDHK01000020.1_cds_CEJ62684.1_11680	PMG11_11177
lcl|CDHK01000020.1_cds_CEJ62685.1_11681	PMG11_11178
lcl|CDHK01000020.1_cds_CEJ62686.1_11682	PMG11_11179
lcl|CDHK01000020.1_cds_CEJ62687.1_11683	PMG11_11180
lcl|CDHK01000020.1_cds_CEJ62688.1_11684	PMG11_11181
lcl|CDHK01000020.1_cds_CEJ62689.1_11685	PMG11_11182
lcl|CDHK01000020.1_cds_CEJ62690.1_11686	PMG11_11183
lcl|CDHK01000020.1_cds_CEJ62691.1_11687	PMG11_11184
lcl|CDHK01000021.1_cds_CEJ62692.1_11688	PMG11_11185
lcl|CDHK01000021.1_cds_CEJ62693.1_11689	PMG11_11186
lcl|CDHK01000021.1_cds_CEJ62694.1_11690	PMG11_11187
lcl|CDHK01000021.1_cds_CEJ62695.1_11691	PMG11_11188
lcl|CDHK01000021.1_cds_CEJ62696.1_11692	PMG11_11189
lcl|CDHK01000021.1_cds_CEJ62697.1_11693	PMG11_11190
lcl|CDHK01000021.1_cds_CEJ62698.1_11694	PMG11_11191
lcl|CDHK01000021.1_cds_CEJ62699.1_11695	PMG11_11192
lcl|CDHK01000021.1_cds_CEJ62700.1_11696	PMG11_11193
lcl|CDHK01000021.1_cds_CEJ62701.1_11697	PMG11_11194
lcl|CDHK01000021.1_cds_CEJ62702.1_11698	PMG11_11195
lcl|CDHK01000021.1_cds_CEJ62703.1_11699	PMG11_11196
lcl|CDHK01000021.1_cds_CEJ62704.1_11700	PMG11_11197
lcl|CDHK01000021.1_cds_CEJ62705.1_11701	PMG11_11198
lcl|CDHK01000021.1_cds_CEJ62706.1_11702	PMG11_11199
lcl|CDHK01000021.1_cds_CEJ62707.1_11703	PMG11_11200
lcl|CDHK01000021.1_cds_CEJ62708.1_11704	PMG11_11201
lcl|CDHK01000021.1_cds_CEJ62709.1_11705	PMG11_11202
lcl|CDHK01000021.1_cds_CEJ62710.1_11706	PMG11_11203
lcl|CDHK01000021.1_cds_CEJ62711.1_11707	PMG11_11203
lcl|CDHK01000021.1_cds_CEJ62712.1_11708	PMG11_11204
lcl|CDHK01000021.1_cds_CEJ62713.1_11709	PMG11_11205
lcl|CDHK01000021.1_cds_CEJ62714.1_11710	PMG11_11206
lcl|CDHK01000021.1_cds_CEJ62715.1_11711	PMG11_11207
lcl|CDHK01000021.1_cds_CEJ62716.1_11712	PMG11_11208
lcl|CDHK01000021.1_cds_CEJ62717.1_11713	PMG11_11209
lcl|CDHK01000021.1_cds_CEJ62718.1_11714	PMG11_11210
lcl|CDHK01000021.1_cds_CEJ62719.1_11715	PMG11_11211
lcl|CDHK01000021.1_cds_CEJ62720.1_11716	PMG11_11212
lcl|CDHK01000021.1_cds_CEJ62721.1_11717	PMG11_11212
lcl|CDHK01000021.1_cds_CEJ62722.1_11718	PMG11_11213
lcl|CDHK01000021.1_cds_CEJ62723.1_11719	PMG11_11214
lcl|CDHK01000021.1_cds_CEJ62724.1_11720	PMG11_11215
lcl|CDHK01000021.1_cds_CEJ62725.1_11721	PMG11_11216
lcl|CDHK01000021.1_cds_CEJ62726.1_11722	PMG11_11217
lcl|CDHK01000021.1_cds_CEJ62727.1_11723	PMG11_11218
lcl|CDHK01000021.1_cds_CEJ62728.1_11724	PMG11_11219
lcl|CDHK01000021.1_cds_CEJ62729.1_11725	PMG11_11220
lcl|CDHK01000021.1_cds_CEJ62730.1_11726	PMG11_11221
lcl|CDHK01000021.1_cds_CEJ62731.1_11727	PMG11_11222
lcl|CDHK01000021.1_cds_CEJ62732.1_11728	PMG11_11223
lcl|CDHK01000021.1_cds_CEJ62733.1_11729	PMG11_11224
lcl|CDHK01000021.1_cds_CEJ62734.1_11730	PMG11_11225
lcl|CDHK01000021.1_cds_CEJ62735.1_11731	PMG11_11226
lcl|CDHK01000021.1_cds_CEJ62736.1_11732	PMG11_11227
lcl|CDHK01000021.1_cds_CEJ62737.1_11733	PMG11_11228
lcl|CDHK01000022.1_cds_CEJ62738.1_11734	PMG11_11229
lcl|CDHK01000022.1_cds_CEJ62739.1_11735	PMG11_11230
lcl|CDHK01000022.1_cds_CEJ62740.1_11736	PMG11_11231
lcl|CDHK01000022.1_cds_CEJ62741.1_11737	PMG11_11232
lcl|CDHK01000022.1_cds_CEJ62742.1_11738	PMG11_11233
lcl|CDHK01000022.1_cds_CEJ62743.1_11739	PMG11_11234
lcl|CDHK01000022.1_cds_CEJ62744.1_11740	PMG11_11235
lcl|CDHK01000022.1_cds_CEJ62745.1_11741	PMG11_11236
lcl|CDHK01000022.1_cds_CEJ62746.1_11742	PMG11_11237
lcl|CDHK01000022.1_cds_CEJ62747.1_11743	PMG11_11238
lcl|CDHK01000022.1_cds_CEJ62748.1_11744	PMG11_11239
lcl|CDHK01000022.1_cds_CEJ62749.1_11745	PMG11_11240
lcl|CDHK01000022.1_cds_CEJ62750.1_11746	PMG11_11241
lcl|CDHK01000022.1_cds_CEJ62751.1_11747	PMG11_11242
lcl|CDHK01000023.1_cds_CEJ62752.1_11748	PMG11_11243
lcl|CDHK01000023.1_cds_CEJ62753.1_11749	PMG11_11244
lcl|CDHK01000023.1_cds_CEJ62754.1_11750	PMG11_11245
lcl|CDHK01000023.1_cds_CEJ62755.1_11751	PMG11_11246
lcl|CDHK01000023.1_cds_CEJ62756.1_11752	PMG11_11247
lcl|CDHK01000023.1_cds_CEJ62757.1_11753	PMG11_11248
lcl|CDHK01000023.1_cds_CEJ62758.1_11754	PMG11_11249
lcl|CDHK01000023.1_cds_CEJ62759.1_11755	PMG11_11250
lcl|CDHK01000023.1_cds_CEJ62760.1_11756	PMG11_11251
lcl|CDHK01000023.1_cds_CEJ62761.1_11757	PMG11_11252
lcl|CDHK01000023.1_cds_CEJ62762.1_11758	PMG11_11253
lcl|CDHK01000023.1_cds_CEJ62763.1_11759	PMG11_11254
lcl|CDHK01000023.1_cds_CEJ62764.1_11760	PMG11_11255
lcl|CDHK01000023.1_cds_CEJ62765.1_11761	PMG11_11256
lcl|CDHK01000023.1_cds_CEJ62766.1_11762	PMG11_11257
lcl|CDHK01000023.1_cds_CEJ62767.1_11763	PMG11_11258
lcl|CDHK01000023.1_cds_CEJ62768.1_11764	PMG11_11259
lcl|CDHK01000023.1_cds_CEJ62769.1_11765	PMG11_11260
lcl|CDHK01000023.1_cds_CEJ62770.1_11766	PMG11_11260
lcl|CDHK01000023.1_cds_CEJ62771.1_11767	PMG11_11261
lcl|CDHK01000023.1_cds_CEJ62772.1_11768	PMG11_11262
lcl|CDHK01000023.1_cds_CEJ62773.1_11769	PMG11_11263
lcl|CDHK01000023.1_cds_CEJ62774.1_11770	PMG11_11264
lcl|CDHK01000023.1_cds_CEJ62775.1_11771	PMG11_11265
lcl|CDHK01000023.1_cds_CEJ62776.1_11772	PMG11_11266
lcl|CDHK01000023.1_cds_CEJ62777.1_11773	PMG11_11267
lcl|CDHK01000023.1_cds_CEJ62778.1_11774	PMG11_11268
lcl|CDHK01000023.1_cds_CEJ62779.1_11775	PMG11_11269
lcl|CDHK01000023.1_cds_CEJ62780.1_11776	PMG11_11270
lcl|CDHK01000023.1_cds_CEJ62781.1_11777	PMG11_11271
lcl|CDHK01000023.1_cds_CEJ62782.1_11778	PMG11_11272
lcl|CDHK01000023.1_cds_CEJ62783.1_11779	PMG11_11273
lcl|CDHK01000023.1_cds_CEJ62784.1_11780	PMG11_11273
lcl|CDHK01000023.1_cds_CEJ62785.1_11781	PMG11_11274
lcl|CDHK01000023.1_cds_CEJ62786.1_11782	PMG11_11275
lcl|CDHK01000023.1_cds_CEJ62787.1_11783	PMG11_11276
lcl|CDHK01000023.1_cds_CEJ62788.1_11784	PMG11_11276
lcl|CDHK01000023.1_cds_CEJ62789.1_11785	PMG11_11276
lcl|CDHK01000023.1_cds_CEJ62790.1_11786	PMG11_11277
lcl|CDHK01000023.1_cds_CEJ62791.1_11787	PMG11_11278
lcl|CDHK01000023.1_cds_CEJ62792.1_11788	PMG11_11279
lcl|CDHK01000023.1_cds_CEJ62793.1_11789	PMG11_11280
lcl|CDHK01000023.1_cds_CEJ62794.1_11790	PMG11_11281
lcl|CDHK01000024.1_cds_CEJ62795.1_11791	PMG11_11282
lcl|CDHK01000024.1_cds_CEJ62796.1_11792	PMG11_11283
lcl|CDHK01000024.1_cds_CEJ62797.1_11793	PMG11_11284
lcl|CDHK01000024.1_cds_CEJ62798.1_11794	PMG11_11285
lcl|CDHK01000024.1_cds_CEJ62799.1_11795	PMG11_11286
lcl|CDHK01000024.1_cds_CEJ62800.1_11796	PMG11_11287
lcl|CDHK01000024.1_cds_CEJ62801.1_11797	PMG11_11288
lcl|CDHK01000024.1_cds_CEJ62802.1_11798	PMG11_11289
lcl|CDHK01000024.1_cds_CEJ62803.1_11799	PMG11_11290
lcl|CDHK01000024.1_cds_CEJ62804.1_11800	PMG11_11291
lcl|CDHK01000024.1_cds_CEJ62805.1_11801	PMG11_11292
lcl|CDHK01000024.1_cds_CEJ62806.1_11802	PMG11_11293
lcl|CDHK01000024.1_cds_CEJ62807.1_11803	PMG11_11294
lcl|CDHK01000024.1_cds_CEJ62808.1_11804	PMG11_11295
lcl|CDHK01000024.1_cds_CEJ62809.1_11805	PMG11_11296
lcl|CDHK01000024.1_cds_CEJ62810.1_11806	PMG11_11297
lcl|CDHK01000024.1_cds_CEJ62811.1_11807	PMG11_11298
lcl|CDHK01000024.1_cds_CEJ62812.1_11808	PMG11_11299
lcl|CDHK01000024.1_cds_CEJ62813.1_11809	PMG11_11300
lcl|CDHK01000024.1_cds_CEJ62814.1_11810	PMG11_11301
lcl|CDHK01000024.1_cds_CEJ62815.1_11811	PMG11_11302
lcl|CDHK01000024.1_cds_CEJ62816.1_11812	PMG11_11303
lcl|CDHK01000024.1_cds_CEJ62817.1_11813	PMG11_11303
lcl|CDHK01000024.1_cds_CEJ62818.1_11814	PMG11_11304
lcl|CDHK01000024.1_cds_CEJ62819.1_11815	PMG11_11305
lcl|CDHK01000024.1_cds_CEJ62820.1_11816	PMG11_11306
lcl|CDHK01000024.1_cds_CEJ62821.1_11817	PMG11_11307
lcl|CDHK01000024.1_cds_CEJ62822.1_11818	PMG11_11308
lcl|CDHK01000025.1_cds_CEJ62823.1_11819	PMG11_11309
lcl|CDHK01000025.1_cds_CEJ62824.1_11820	PMG11_11310
lcl|CDHK01000025.1_cds_CEJ62825.1_11821	PMG11_11311
lcl|CDHK01000025.1_cds_CEJ62826.1_11822	PMG11_11312
lcl|CDHK01000025.1_cds_CEJ62827.1_11823	PMG11_11313
lcl|CDHK01000025.1_cds_CEJ62828.1_11824	PMG11_11314
lcl|CDHK01000025.1_cds_CEJ62829.1_11825	PMG11_11315
lcl|CDHK01000025.1_cds_CEJ62830.1_11826	PMG11_11316
lcl|CDHK01000025.1_cds_CEJ62831.1_11827	PMG11_11317
lcl|CDHK01000025.1_cds_CEJ62832.1_11828	PMG11_11318
lcl|CDHK01000025.1_cds_CEJ62833.1_11829	PMG11_11319
lcl|CDHK01000025.1_cds_CEJ62834.1_11830	PMG11_11320
lcl|CDHK01000025.1_cds_CEJ62835.1_11831	PMG11_11321
lcl|CDHK01000025.1_cds_CEJ62836.1_11832	PMG11_11322
lcl|CDHK01000025.1_cds_CEJ62837.1_11833	PMG11_11323
lcl|CDHK01000025.1_cds_CEJ62838.1_11834	PMG11_11323
lcl|CDHK01000025.1_cds_CEJ62839.1_11835	PMG11_11324
lcl|CDHK01000025.1_cds_CEJ62840.1_11836	PMG11_11325
lcl|CDHK01000025.1_cds_CEJ62841.1_11837	PMG11_11326
lcl|CDHK01000025.1_cds_CEJ62842.1_11838	PMG11_11327
lcl|CDHK01000025.1_cds_CEJ62843.1_11839	PMG11_11328
lcl|CDHK01000025.1_cds_CEJ62844.1_11840	PMG11_11329
lcl|CDHK01000025.1_cds_CEJ62845.1_11841	PMG11_11330
lcl|CDHK01000025.1_cds_CEJ62846.1_11842	PMG11_11331
lcl|CDHK01000026.1_cds_CEJ62847.1_11843	PMG11_11332
lcl|CDHK01000026.1_cds_CEJ62848.1_11844	PMG11_11333
lcl|CDHK01000026.1_cds_CEJ62849.1_11845	PMG11_11334
lcl|CDHK01000026.1_cds_CEJ62850.1_11846	PMG11_11335
lcl|CDHK01000026.1_cds_CEJ62851.1_11847	PMG11_11336
lcl|CDHK01000026.1_cds_CEJ62852.1_11848	PMG11_11337
lcl|CDHK01000026.1_cds_CEJ62853.1_11849	PMG11_11338
lcl|CDHK01000026.1_cds_CEJ62854.1_11850	PMG11_11339
lcl|CDHK01000026.1_cds_CEJ62855.1_11851	PMG11_11340
lcl|CDHK01000026.1_cds_CEJ62856.1_11852	PMG11_11341
lcl|CDHK01000026.1_cds_CEJ62857.1_11853	PMG11_11342
lcl|CDHK01000026.1_cds_CEJ62858.1_11854	PMG11_11343
lcl|CDHK01000027.1_cds_CEJ62859.1_11855	PMG11_11344
lcl|CDHK01000027.1_cds_CEJ62860.1_11856	PMG11_11345
lcl|CDHK01000027.1_cds_CEJ62861.1_11857	PMG11_11346
lcl|CDHK01000027.1_cds_CEJ62862.1_11858	PMG11_11347
lcl|CDHK01000027.1_cds_CEJ62863.1_11859	PMG11_11348
lcl|CDHK01000027.1_cds_CEJ62864.1_11860	PMG11_11349
lcl|CDHK01000027.1_cds_CEJ62865.1_11861	PMG11_11350
lcl|CDHK01000027.1_cds_CEJ62866.1_11862	PMG11_11351
lcl|CDHK01000027.1_cds_CEJ62867.1_11863	PMG11_11352
lcl|CDHK01000027.1_cds_CEJ62868.1_11864	PMG11_11353
lcl|CDHK01000027.1_cds_CEJ62869.1_11865	PMG11_11354
lcl|CDHK01000027.1_cds_CEJ62870.1_11866	PMG11_11355
lcl|CDHK01000027.1_cds_CEJ62871.1_11867	PMG11_11356
lcl|CDHK01000027.1_cds_CEJ62872.1_11868	PMG11_11357
lcl|CDHK01000027.1_cds_CEJ62873.1_11869	PMG11_11358
lcl|CDHK01000027.1_cds_CEJ62874.1_11870	PMG11_11359
lcl|CDHK01000027.1_cds_CEJ62875.1_11871	PMG11_11360
lcl|CDHK01000027.1_cds_CEJ62876.1_11872	PMG11_11361
lcl|CDHK01000027.1_cds_CEJ62877.1_11873	PMG11_11362
lcl|CDHK01000028.1_cds_CEJ62878.1_11874	PMG11_11363
lcl|CDHK01000028.1_cds_CEJ62879.1_11875	PMG11_11364
lcl|CDHK01000028.1_cds_CEJ62880.1_11876	PMG11_11365
lcl|CDHK01000028.1_cds_CEJ62881.1_11877	PMG11_11366
lcl|CDHK01000028.1_cds_CEJ62882.1_11878	PMG11_11367
lcl|CDHK01000028.1_cds_CEJ62883.1_11879	PMG11_11368
lcl|CDHK01000028.1_cds_CEJ62884.1_11880	PMG11_11369
lcl|CDHK01000028.1_cds_CEJ62885.1_11881	PMG11_11370
lcl|CDHK01000028.1_cds_CEJ62886.1_11882	PMG11_11371
lcl|CDHK01000028.1_cds_CEJ62887.1_11883	PMG11_11372
lcl|CDHK01000028.1_cds_CEJ62888.1_11884	PMG11_11373
lcl|CDHK01000028.1_cds_CEJ62889.1_11885	PMG11_11374
lcl|CDHK01000028.1_cds_CEJ62890.1_11886	PMG11_11375
lcl|CDHK01000028.1_cds_CEJ62891.1_11887	PMG11_11376
lcl|CDHK01000028.1_cds_CEJ62892.1_11888	PMG11_11377
lcl|CDHK01000028.1_cds_CEJ62893.1_11889	PMG11_11378
lcl|CDHK01000028.1_cds_CEJ62894.1_11890	PMG11_11379
lcl|CDHK01000028.1_cds_CEJ62895.1_11891	PMG11_11380
lcl|CDHK01000028.1_cds_CEJ62896.1_11892	PMG11_11381
lcl|CDHK01000028.1_cds_CEJ62897.1_11893	PMG11_11382
lcl|CDHK01000029.1_cds_CEJ62898.1_11894	PMG11_11383
lcl|CDHK01000029.1_cds_CEJ62899.1_11895	PMG11_11384
lcl|CDHK01000029.1_cds_CEJ62900.1_11896	PMG11_11385
lcl|CDHK01000029.1_cds_CEJ62901.1_11897	PMG11_11386
lcl|CDHK01000029.1_cds_CEJ62902.1_11898	PMG11_11387
lcl|CDHK01000029.1_cds_CEJ62903.1_11899	PMG11_11388
lcl|CDHK01000030.1_cds_CEJ62904.1_11900	PMG11_11389
lcl|CDHK01000030.1_cds_CEJ62905.1_11901	PMG11_11390
lcl|CDHK01000030.1_cds_CEJ62906.1_11902	PMG11_11391
lcl|CDHK01000030.1_cds_CEJ62907.1_11903	PMG11_11392
lcl|CDHK01000030.1_cds_CEJ62908.1_11904	PMG11_11393
lcl|CDHK01000030.1_cds_CEJ62909.1_11905	PMG11_11394
lcl|CDHK01000031.1_cds_CEJ62910.1_11906	PMG11_11395
lcl|CDHK01000031.1_cds_CEJ62911.1_11907	PMG11_11396
lcl|CDHK01000031.1_cds_CEJ62912.1_11908	PMG11_11397
lcl|CDHK01000031.1_cds_CEJ62913.1_11909	PMG11_11398
lcl|CDHK01000031.1_cds_CEJ62914.1_11910	PMG11_11399
lcl|CDHK01000032.1_cds_CEJ62915.1_11911	PMG11_11400
lcl|CDHK01000032.1_cds_CEJ62916.1_11912	PMG11_11401
lcl|CDHK01000032.1_cds_CEJ62917.1_11913	PMG11_11402
lcl|CDHK01000032.1_cds_CEJ62918.1_11914	PMG11_11403
lcl|CDHK01000032.1_cds_CEJ62919.1_11915	PMG11_11404
lcl|CDHK01000032.1_cds_CEJ62920.1_11916	PMG11_11405
lcl|CDHK01000032.1_cds_CEJ62921.1_11917	PMG11_11406
lcl|CDHK01000032.1_cds_CEJ62922.1_11918	PMG11_11407
lcl|CDHK01000033.1_cds_CEJ62923.1_11919	PMG11_11408
lcl|CDHK01000033.1_cds_CEJ62924.1_11920	PMG11_11409
lcl|CDHK01000033.1_cds_CEJ62925.1_11921	PMG11_11410
lcl|CDHK01000034.1_cds_CEJ62926.1_11922	PMG11_11411
lcl|CDHK01000035.1_cds_CEJ62927.1_11923	PMG11_11412
lcl|CDHK01000035.1_cds_CEJ62928.1_11924	PMG11_11413
lcl|CDHK01000035.1_cds_CEJ62929.1_11925	PMG11_11414
lcl|CDHK01000035.1_cds_CEJ62930.1_11926	PMG11_11415
lcl|CDHK01000035.1_cds_CEJ62931.1_11927	PMG11_11416
lcl|CDHK01000035.1_cds_CEJ62932.1_11928	PMG11_11417
lcl|CDHK01000040.1_cds_CEJ62933.1_11929	PMG11_11418
lcl|CDHK01000040.1_cds_CEJ62934.1_11930	PMG11_11419
lcl|CDHK01000040.1_cds_CEJ62935.1_11931	PMG11_11420
lcl|CDHK01000040.1_cds_CEJ62936.1_11932	PMG11_11421
lcl|CDHK01000044.1_cds_CEJ62937.1_11933	PMG11_11422
lcl|CDHK01000048.1_cds_CEJ62938.1_11934	PMG11_11423
lcl|CDHK01000063.1_cds_CEJ62939.1_11935	PMG11_11424
lcl|CDHK01000068.1_cds_CEJ62940.1_11936	PMG11_11425
lcl|CDHK01000073.1_cds_CEJ62941.1_11937	PMG11_11426
lcl|CDHK01000073.1_cds_CEJ62942.1_11938	PMG11_11427
lcl|CDHK01000080.1_cds_CEJ62943.1_11939	PMG11_11428
lcl|CDHK01000081.1_cds_CEJ62944.1_11940	PMG11_11429
lcl|CDHK01000082.1_cds_CEJ62945.1_11941	PMG11_11430
lcl|CDHK01000085.1_cds_CEJ62946.1_11942	PMG11_11431
lcl|CDHK01000086.1_cds_CEJ62947.1_11943	PMG11_11432
